fighter_name,height,weight,reach,stance,date_of_birth,slpm,str_acc,sapm,str_def,takedowns_avg,takedowns_acc,takedowns_def,sub_avg,str_acc_num,takedowns_acc_num,weight_lbs,reach_inches
Tom Aaron,,155 lbs.,,,1978-07-13,0.0,0%,0.0,0%,0.0,0%,0%,0.0,0.0,0.0,155.0,
Papy Abedi,"5' 11""",185 lbs.,,Southpaw,1978-06-30,2.8,55%,3.15,48%,3.47,57%,50%,1.3,55.0,57.0,185.0,
Shamil Abdurakhimov,"6' 3""",235 lbs.,"76""",Orthodox,1981-09-02,2.45,44%,2.45,58%,1.23,24%,47%,0.2,44.0,24.0,235.0,76.0
Danny Abbadi,"5' 11""",155 lbs.,,Orthodox,1983-07-03,3.29,38%,4.41,57%,0.0,0%,77%,0.0,38.0,0.0,155.0,
Hiroyuki Abe,"5' 6""",145 lbs.,,Orthodox,,1.71,36%,3.11,63%,0.0,0%,33%,0.0,36.0,0.0,145.0,
Ricardo Abreu,"5' 11""",185 lbs.,,Orthodox,1984-04-27,3.79,31%,3.98,68%,2.13,42%,100%,0.7,31.0,42.0,185.0,
Daichi Abe,"5' 11""",170 lbs.,"71""",Orthodox,1991-11-27,3.8,33%,4.49,56%,0.33,50%,0%,0.0,33.0,50.0,170.0,71.0
David Abbott,"6' 0""",265 lbs.,,Switch,,1.35,30%,3.55,38%,1.07,33%,66%,0.0,30.0,33.0,265.0,
Klidson Abreu,"6' 0""",205 lbs.,"74""",Orthodox,1992-12-24,2.05,40%,2.9,55%,0.64,20%,80%,0.0,40.0,20.0,205.0,74.0
Daniel Acacio,"5' 8""",180 lbs.,,Orthodox,1977-12-27,3.52,36%,2.85,62%,0.33,20%,81%,0.0,36.0,20.0,180.0,
Scott Adams,"6' 0""",225 lbs.,,Southpaw,,0.0,0%,0.0,0%,0.0,0%,0%,0.0,0.0,0.0,225.0,
Juan Adams,"6' 5""",265 lbs.,"80""",Orthodox,1992-01-16,7.09,55%,4.06,34%,0.91,66%,57%,0.0,55.0,66.0,265.0,80.0
Anthony Adams,"6' 1""",185 lbs.,"76""",Orthodox,1988-01-13,3.17,41%,5.93,44%,0.0,0%,0%,0.0,41.0,0.0,185.0,76.0
Sam Adkins,"6' 3""",225 lbs.,,Orthodox,1965-04-26,0.0,0%,0.0,0%,0.0,0%,0%,0.0,0.0,0.0,225.0,
Israel Adesanya,"6' 4""",185 lbs.,"80""",Switch,1989-07-22,3.95,49%,2.63,61%,0.0,0%,82%,0.3,49.0,0.0,185.0,80.0
Zarrukh Adashev,"5' 5""",125 lbs.,"65""",Southpaw,1992-07-29,1.93,23%,3.35,60%,0.0,0%,0%,0.0,23.0,0.0,125.0,65.0
Marcelo Aguiar,"5' 10""",170 lbs.,,Orthodox,,0.0,0%,0.0,0%,0.0,0%,0%,0.0,0.0,0.0,170.0,
Nick Agallar,"5' 8""",155 lbs.,,Orthodox,1979-01-13,0.69,11%,4.56,42%,0.0,0%,0%,0.0,11.0,0.0,155.0,
Mariya Agapova,"5' 6""",125 lbs.,"68""",Southpaw,1997-04-07,3.7,50%,4.15,47%,1.23,66%,33%,0.6,50.0,66.0,125.0,68.0
Edwin Aguilar,"5' 10""",185 lbs.,,,,0.0,0%,0.0,0%,0.0,0%,0%,0.0,0.0,0.0,185.0,
Fabio Aguiar,"6' 0""",185 lbs.,,,1988-02-10,0.0,0%,0.0,0%,0.0,0%,0%,0.0,0.0,0.0,185.0,
Jessica Aguilar,"5' 3""",115 lbs.,"63""",Orthodox,1982-05-08,4.93,50%,7.19,53%,0.94,25%,50%,0.2,50.0,25.0,115.0,63.0
Kevin Aguilar,"5' 7""",155 lbs.,"73""",Orthodox,1988-09-07,3.69,37%,4.47,53%,0.19,25%,87%,0.0,37.0,25.0,155.0,73.0
Christian Aguilera,"5' 9""",170 lbs.,"72""",Switch,1991-11-25,3.35,41%,4.89,46%,0.0,0%,0%,0.0,41.0,0.0,170.0,72.0
Hitomi Akano,"5' 4""",135 lbs.,,Southpaw,1974-07-27,0.59,45%,2.58,55%,0.0,0%,8%,0.5,45.0,0.0,135.0,
Mike Aina,"5' 9""",155 lbs.,,Orthodox,,2.87,33%,6.33,59%,0.0,0%,71%,0.0,33.0,0.0,155.0,
Rostem Akman,"5' 10""",170 lbs.,"72""",Switch,1991-12-19,1.8,25%,3.97,57%,1.0,40%,87%,0.0,25.0,40.0,170.0,72.0
Omari Akhmedov,"6' 0""",185 lbs.,"73""",Orthodox,1987-10-12,2.95,35%,2.59,57%,2.63,49%,65%,0.3,35.0,49.0,185.0,73.0
Razak Al-Hassan,"6' 2""",205 lbs.,,Orthodox,1982-05-14,3.27,39%,3.14,60%,0.65,14%,57%,0.0,39.0,14.0,205.0,
Yoshihiro Akiyama,"5' 10""",170 lbs.,"75""",Orthodox,1975-07-29,3.1,41%,3.62,57%,2.29,67%,92%,1.0,41.0,67.0,170.0,75.0
Herdem Alacabek,"6' 2""",205 lbs.,"75""",Orthodox,1991-06-07,3.84,65%,6.66,23%,2.06,50%,42%,0.0,65.0,50.0,205.0,75.0
Mostapha Al-Turk,"6' 2""",245 lbs.,"77""",Orthodox,1973-07-14,1.36,19%,3.61,53%,0.0,0%,0%,0.0,19.0,0.0,245.0,77.0
Javi Alanis,"5' 6""",135 lbs.,,,,0.0,0%,0.0,0%,0.0,0%,0%,0.0,0.0,0.0,135.0,
Heili Alateng,"5' 5""",135 lbs.,"66""",Orthodox,1991-12-14,2.87,32%,5.82,57%,2.33,35%,100%,0.0,32.0,35.0,135.0,66.0
Brett Albee,,225 lbs.,,,,0.0,0%,0.0,0%,0.0,0%,0%,0.0,0.0,0.0,225.0,
Amir Albazi,"5' 5""",125 lbs.,"68""",Orthodox,1993-10-27,4.06,40%,3.15,58%,2.28,75%,66%,0.8,40.0,75.0,125.0,68.0
Wes Albritton,"5' 10""",188 lbs.,,Orthodox,,0.0,0%,0.0,0%,0.0,0%,0%,0.0,0.0,0.0,188.0,
John Albert,"5' 8""",135 lbs.,"68""",Orthodox,1986-10-13,3.05,49%,2.82,35%,0.0,0%,50%,6.1,49.0,0.0,135.0,68.0
Aleksandra Albu,"5' 2""",115 lbs.,"63""",Orthodox,1990-07-14,4.83,47%,5.56,38%,2.27,50%,77%,0.4,47.0,50.0,115.0,63.0
Junior Albini,"6' 3""",264 lbs.,"74""",Orthodox,1991-03-15,3.98,51%,6.08,52%,1.54,37%,100%,0.0,51.0,37.0,264.0,74.0
Israel Albuquerque,,185 lbs.,,Orthodox,,0.32,13%,3.34,25%,0.0,0%,0%,0.0,13.0,0.0,185.0,
Juan Alcain,,,,,,0.0,0%,0.0,0%,0.0,0%,0%,0.0,0.0,0.0,,
Ildemar Alcantara,"6' 2""",185 lbs.,"78""",Orthodox,1982-11-18,1.93,38%,2.63,50%,2.0,68%,81%,0.9,38.0,68.0,185.0,78.0
Alfonso Alcarez,"5' 3""",145 lbs.,,,1970-06-10,0.0,0%,0.0,0%,0.0,0%,0%,0.0,0.0,0.0,145.0,
Iuri Alcantara,"5' 9""",135 lbs.,"71""",Southpaw,1980-08-04,2.72,45%,2.79,49%,1.44,62%,60%,0.8,45.0,62.0,135.0,71.0
Gilbert Aldana,"6' 1""",250 lbs.,,Orthodox,1977-08-25,2.91,54%,6.26,26%,2.57,40%,33%,0.0,54.0,40.0,250.0,
Hector Aldana,"5' 11""",170 lbs.,"72""",Orthodox,1988-08-17,3.59,38%,5.08,59%,0.93,100%,0%,0.0,38.0,100.0,170.0,72.0
Irene Aldana,"5' 9""",135 lbs.,"68""",Orthodox,1988-03-26,5.52,38%,5.97,61%,0.23,50%,84%,0.1,38.0,50.0,135.0,68.0
JJ Aldrich,"5' 5""",125 lbs.,"67""",Southpaw,1992-09-29,3.76,41%,4.55,61%,0.8,40%,57%,0.0,41.0,40.0,125.0,67.0
Jose Aldo,"5' 7""",135 lbs.,"70""",Orthodox,1986-09-09,3.45,45%,3.52,61%,0.57,56%,91%,0.1,45.0,56.0,135.0,70.0
Kenneth Alexander,"5' 9""",155 lbs.,,Orthodox,1977-09-25,0.88,19%,2.2,66%,4.71,26%,0%,0.0,19.0,26.0,155.0,
Jim Alers,"5' 9""",145 lbs.,"71""",Orthodox,1986-10-14,2.9,40%,4.38,56%,2.26,41%,80%,0.3,40.0,41.0,145.0,71.0
Houston Alexander,"6' 0""",205 lbs.,"72""",Orthodox,1972-03-22,3.06,54%,3.2,52%,1.19,57%,33%,0.0,54.0,57.0,205.0,72.0
John Alessio,"5' 10""",155 lbs.,"72""",Orthodox,1979-07-05,2.1,39%,2.91,54%,1.85,38%,70%,1.2,39.0,38.0,155.0,72.0
Marcio Alexandre Junior,"6' 0""",185 lbs.,"75""",Southpaw,1989-05-05,1.61,45%,2.89,42%,0.35,20%,66%,0.7,45.0,20.0,185.0,75.0
Olaf Alfonso,"6' 2""",170 lbs.,,Orthodox,1974-08-06,1.65,38%,4.77,53%,0.37,7%,22%,0.7,38.0,7.0,170.0,
Pablo Alfonso,"5' 8""",145 lbs.,,,1983-05-09,0.0,0%,0.0,0%,0.0,0%,0%,0.0,0.0,0.0,145.0,
Levi Alford,,,,,,0.0,0%,0.0,0%,0.0,0%,0%,0.0,0.0,0.0,,
Bill Algeo,"6' 0""",145 lbs.,"73""",Switch,1989-06-09,6.8,56%,5.31,38%,0.67,33%,62%,0.0,56.0,33.0,145.0,73.0
Royce Alger,"5' 10""",199 lbs.,,Orthodox,,0.0,0%,0.0,0%,0.0,0%,0%,0.0,0.0,0.0,199.0,
Amir Aliakbari,"6' 3""",250 lbs.,,,1984-06-10,0.0,0%,0.0,0%,0.0,0%,0%,0.0,0.0,0.0,250.0,
Sultan Aliev,"5' 11""",170 lbs.,"74""",Orthodox,1984-09-17,1.41,45%,2.2,56%,1.76,38%,100%,0.0,45.0,38.0,170.0,74.0
John Allan,"6' 1""",205 lbs.,"75""",Orthodox,1993-02-22,2.95,43%,4.01,52%,1.94,71%,50%,1.2,43.0,71.0,205.0,75.0
Arnold Allen,"5' 8""",145 lbs.,"70""",Southpaw,1994-01-22,3.19,41%,2.0,67%,1.36,52%,76%,0.5,41.0,52.0,145.0,70.0
George Allen,"6' 2""",205 lbs.,,Open Stance,1967-01-13,0.8,38%,3.1,43%,0.0,0%,50%,0.0,38.0,0.0,205.0,
Ben Alloway,"5' 11""",170 lbs.,"76""",Orthodox,1981-02-19,1.28,49%,1.9,59%,0.62,50%,26%,0.0,49.0,50.0,170.0,76.0
Brendan Allen,"6' 2""",185 lbs.,"75""",Orthodox,1995-12-28,3.55,59%,4.57,39%,1.17,37%,50%,2.0,59.0,37.0,185.0,75.0
Ricardo Almeida,"6' 0""",170 lbs.,"74""",Orthodox,1976-11-29,2.02,49%,1.2,61%,3.74,38%,31%,1.2,49.0,38.0,170.0,74.0
Magno Almeida,"6' 0""",155 lbs.,,,1985-06-06,1.67,36%,2.6,41%,0.0,0%,40%,5.0,36.0,0.0,155.0,
Thomas Almeida,"5' 7""",145 lbs.,"70""",Southpaw,1991-07-31,5.39,44%,4.69,64%,0.0,0%,75%,0.0,44.0,0.0,145.0,70.0
Ericka Almeida,"5' 6""",115 lbs.,,Orthodox,1989-03-05,1.07,39%,3.33,43%,0.5,33%,37%,0.0,39.0,33.0,115.0,
Mauricio Alonso,"6' 2""",170 lbs.,,,1980-02-27,5.74,34%,1.91,67%,0.0,0%,0%,0.0,34.0,0.0,170.0,
Estefani Almeida,"5' 4""",125 lbs.,,Orthodox,1988-10-17,3.13,37%,6.07,42%,0.0,0%,0%,0.0,37.0,0.0,125.0,
Sarah Alpar,"5' 4""",135 lbs.,"63""",Southpaw,1991-06-01,2.11,54%,4.76,32%,2.69,28%,50%,0.7,54.0,28.0,135.0,63.0
Rico Altamirano,"5' 10""",170 lbs.,,,,0.0,0%,0.0,0%,0.0,0%,0%,0.0,0.0,0.0,170.0,
Ali AlQaisi,"5' 6""",135 lbs.,"68""",Orthodox,1990-09-23,2.43,42%,1.97,56%,3.5,29%,60%,1.0,42.0,29.0,135.0,68.0
Mike Altman,"5' 10""",185 lbs.,,Orthodox,,1.56,20%,2.08,75%,0.0,0%,0%,0.0,20.0,0.0,185.0,
Sean Alvarez,"6' 0""",235 lbs.,,Orthodox,1971-07-14,0.89,37%,3.25,47%,0.0,0%,0%,0.0,37.0,0.0,235.0,
Jaime Alvarez,"5' 8""",125 lbs.,"69""",Orthodox,1988-03-08,2.73,40%,4.53,56%,1.0,33%,50%,0.0,40.0,33.0,125.0,69.0
Joel Alvarez,"6' 3""",155 lbs.,"77""",Orthodox,1994-03-02,2.84,37%,3.31,53%,0.0,0%,0%,1.6,37.0,0.0,155.0,77.0
Eddie Alvarez,"5' 9""",155 lbs.,"69""",Orthodox,1984-01-11,4.32,41%,4.39,55%,2.92,36%,92%,0.5,41.0,36.0,155.0,69.0
Anthony Alves,,,,,,0.0,0%,0.0,0%,0.0,0%,0%,0.0,0.0,0.0,,
Amilcar Alves,"6' 0""",170 lbs.,,Southpaw,1988-08-08,0.5,46%,2.02,30%,0.0,0%,53%,0.0,46.0,0.0,170.0,
Thiago Alves,"5' 9""",170 lbs.,"70""",Orthodox,1983-10-03,3.73,41%,3.42,62%,0.71,60%,63%,0.3,41.0,60.0,170.0,70.0
Rafael Alves,"5' 8""",145 lbs.,"68""",Orthodox,1990-10-10,2.02,45%,3.66,59%,0.0,0%,100%,1.9,45.0,0.0,145.0,68.0
Warlley Alves,"5' 11""",170 lbs.,"72""",Orthodox,1991-01-04,3.09,47%,3.62,50%,1.48,54%,75%,1.0,47.0,54.0,170.0,72.0
Andre Amado,"6' 0""",154 lbs.,,Orthodox,,2.27,24%,5.91,63%,0.0,0%,20%,0.0,24.0,0.0,154.0,
Maiara Amanajas dos Santos,"5' 5""",115 lbs.,,Southpaw,1987-07-11,5.53,35%,24.47,33%,0.0,0%,100%,0.0,35.0,0.0,115.0,
Adlan Amagov,"6' 2""",170 lbs.,"76""",Orthodox,1986-10-30,3.29,47%,0.82,78%,5.84,56%,100%,0.0,47.0,56.0,170.0,76.0
Sam Alvey,"6' 2""",205 lbs.,"75""",Southpaw,1986-05-06,3.17,44%,3.26,55%,0.08,16%,82%,0.1,44.0,16.0,205.0,75.0
Jimmy Ambriz,"6' 2""",315 lbs.,,Southpaw,1970-01-26,0.83,29%,3.76,40%,3.13,57%,100%,0.8,29.0,57.0,315.0,
Chris Amarante,,185 lbs.,,,,0.0,0%,0.0,0%,0.0,0%,0%,0.0,0.0,0.0,185.0,
JJ Ambrose,"5' 10""",170 lbs.,,Orthodox,,3.16,69%,6.32,33%,0.0,0%,50%,0.0,69.0,0.0,170.0,
Alen Amedovski,"5' 10""",185 lbs.,"74""",Orthodox,1988-04-06,0.52,28%,3.14,37%,0.0,0%,0%,0.0,28.0,0.0,185.0,74.0
Makwan Amirkhani,"5' 10""",145 lbs.,"72""",Southpaw,1988-11-08,1.42,44%,2.63,51%,3.37,37%,57%,1.4,44.0,37.0,145.0,72.0
Bertrand Amoussou,"5' 8""",190 lbs.,,Orthodox,,6.75,39%,2.01,83%,0.0,0%,0%,0.0,39.0,0.0,190.0,
Eryk Anders,"6' 1""",185 lbs.,"75""",Southpaw,1987-04-21,3.23,46%,4.15,51%,1.62,35%,80%,0.1,46.0,35.0,185.0,75.0
Andy Anderson,"5' 6""",240 lbs.,,,1974-07-16,0.0,0%,0.0,0%,0.0,0%,0%,0.0,0.0,0.0,240.0,
Karl Amoussou,"5' 11""",185 lbs.,,Orthodox,1985-11-21,1.47,34%,2.67,54%,0.0,0%,25%,1.0,34.0,0.0,185.0,
Matt Andersen,"6' 2""",230 lbs.,,Southpaw,1971-05-29,0.0,0%,0.0,0%,0.0,0%,0%,0.0,0.0,0.0,230.0,
Lowell Anderson,"5' 6""",160 lbs.,,Orthodox,,0.0,0%,0.0,0%,0.0,0%,0%,0.0,0.0,0.0,160.0,
Derek Anderson,"6' 0""",155 lbs.,,,1990-02-02,3.97,37%,3.08,61%,0.34,14%,60%,0.0,37.0,14.0,155.0,
Corey Anderson,"6' 3""",205 lbs.,"79""",Orthodox,1989-09-22,4.43,46%,2.22,59%,4.89,50%,83%,0.0,46.0,50.0,205.0,79.0
Megan Anderson,"6' 0""",145 lbs.,"72""",Orthodox,1990-02-11,1.76,46%,3.35,37%,0.52,25%,53%,0.5,46.0,25.0,145.0,72.0
Viscardi Andrade,"5' 11""",170 lbs.,"75""",Orthodox,1984-03-08,3.26,42%,2.77,63%,1.93,50%,66%,0.3,42.0,50.0,170.0,75.0
Alex Andrade,"5' 11""",200 lbs.,,Orthodox,1974-05-14,0.2,36%,2.6,53%,0.0,0%,25%,0.8,36.0,0.0,200.0,
Jermaine Andre,"5' 7""",200 lbs.,,Orthodox,,0.0,0%,0.0,0%,0.0,0%,0%,0.0,0.0,0.0,200.0,
Jessica Andrade,"5' 1""",115 lbs.,"62""",Orthodox,1991-09-25,6.38,49%,5.26,53%,3.11,57%,76%,0.4,49.0,57.0,115.0,62.0
Reese Andy,"6' 0""",205 lbs.,,Orthodox,1973-03-31,2.87,50%,3.5,58%,0.67,20%,40%,0.0,50.0,20.0,205.0,
Dylan Andrews,"6' 1""",185 lbs.,"74""",Switch,1979-11-15,2.21,50%,2.72,46%,2.83,50%,57%,0.4,50.0,50.0,185.0,74.0
Julius Anglickas,"6' 3""",205 lbs.,,Orthodox,1991-07-23,4.62,78%,1.86,50%,4.47,50%,60%,1.1,78.0,50.0,205.0,
Collin Anglin,"5' 9""",145 lbs.,"71""",Orthodox,1993-02-20,5.87,55%,3.47,58%,3.0,75%,100%,0.0,55.0,75.0,145.0,71.0
Magomed Ankalaev,"6' 3""",205 lbs.,"75""",Orthodox,1992-06-02,3.41,53%,1.78,65%,1.18,33%,85%,0.0,53.0,33.0,205.0,75.0
Yoji Anjo,"5' 11""",205 lbs.,,Orthodox,1967-03-28,0.0,0%,3.13,25%,0.0,0%,0%,0.0,0.0,0.0,205.0,
Nina Ansaroff,"5' 5""",115 lbs.,"64""",Orthodox,1985-12-03,4.81,47%,3.55,54%,0.29,40%,77%,0.6,47.0,40.0,115.0,64.0
Angelo Antonio,,205 lbs.,,Orthodox,,1.09,50%,7.64,50%,0.0,0%,0%,0.0,50.0,0.0,205.0,
Adam Antolin,"5' 5""",125 lbs.,"63""",Orthodox,1982-02-28,5.73,52%,5.0,69%,0.0,0%,100%,0.0,52.0,0.0,125.0,63.0
Gadzhimurad Antigulov,"5' 11""",205 lbs.,"70""",Orthodox,1987-02-09,2.08,55%,4.21,40%,5.08,36%,0%,1.4,55.0,36.0,205.0,70.0
Azunna Anyanwu,"6' 1""",251 lbs.,,Orthodox,1981-08-05,2.47,42%,2.47,69%,0.65,100%,0%,0.0,42.0,100.0,251.0,
Shinsho Anzai,"5' 7""",170 lbs.,"70""",Orthodox,1985-12-01,3.23,58%,3.75,45%,1.83,16%,75%,0.0,58.0,16.0,170.0,70.0
Josh Appelt,"5' 10""",255 lbs.,,Southpaw,1983-06-19,1.35,40%,11.5,32%,0.0,0%,33%,0.0,40.0,0.0,255.0,
Aori Qileng,"5' 7""",125 lbs.,,,1993-06-25,0.0,0%,0.0,0%,0.0,0%,0%,0.0,0.0,0.0,125.0,
Kenji Arai,"5' 10""",145 lbs.,,Southpaw,1979-10-05,8.79,27%,10.29,39%,0.0,0%,0%,0.0,27.0,0.0,145.0,
Erik Apple,"6' 0""",170 lbs.,,Orthodox,1977-08-26,0.0,0%,0.54,81%,0.0,0%,0%,8.1,0.0,0.0,170.0,
Romie Aram,"5' 10""",170 lbs.,,Orthodox,1977-12-02,1.8,35%,2.83,50%,2.5,62%,83%,0.0,35.0,62.0,170.0,
Shinya Aoki,"5' 11""",154 lbs.,,Southpaw,1983-05-09,0.97,58%,1.25,58%,2.54,41%,60%,4.0,58.0,41.0,154.0,
Igor Araujo,"6' 1""",170 lbs.,"77""",Orthodox,1980-12-06,1.52,42%,2.86,49%,0.86,15%,22%,0.6,42.0,15.0,170.0,77.0
Felipe Arantes,"5' 8""",135 lbs.,"73""",Orthodox,1988-02-09,2.37,45%,2.66,64%,0.93,47%,41%,0.7,45.0,47.0,135.0,73.0
Julio Arce,"5' 7""",145 lbs.,"70""",Southpaw,1989-10-27,4.25,36%,2.87,67%,0.58,30%,93%,0.6,36.0,30.0,145.0,70.0
Viviane Araujo,"5' 4""",125 lbs.,"68""",Orthodox,1986-11-21,4.97,48%,4.84,60%,2.33,64%,94%,0.2,48.0,64.0,125.0,68.0
Art Arciniega,"5' 8""",145 lbs.,,,1981-10-15,1.53,46%,2.73,51%,0.0,0%,50%,1.0,46.0,0.0,145.0,
Tristan Arenal,,155 lbs.,,,,0.0,0%,0.0,0%,0.0,0%,0%,0.0,0.0,0.0,155.0,
Joey Armstrong,,,,,,0.0,0%,0.0,0%,0.0,0%,0%,0.0,0.0,0.0,,
Andrei Arlovski,"6' 3""",240 lbs.,"77""",Orthodox,1979-02-04,3.48,44%,2.83,57%,0.47,36%,78%,0.3,44.0,36.0,240.0,77.0
Akbarh Arreola,"5' 10""",155 lbs.,"71""",Southpaw,1983-01-14,2.32,45%,4.01,56%,1.07,100%,33%,0.4,45.0,100.0,155.0,71.0
Ricardo Arona,"5' 11""",205 lbs.,,Orthodox,1978-07-17,1.66,48%,1.15,57%,2.41,48%,58%,1.2,48.0,48.0,205.0,
Chalid Arrab,"5' 11""",205 lbs.,,Orthodox,1975-05-28,1.56,34%,1.63,56%,3.05,75%,37%,1.0,34.0,75.0,205.0,
Austin Arnett,"6' 0""",145 lbs.,"72""",Orthodox,1991-10-22,4.52,41%,6.38,62%,0.44,18%,57%,0.2,41.0,18.0,145.0,72.0
Matt Arroyo,"5' 10""",170 lbs.,"72""",Orthodox,1982-09-01,1.62,47%,2.01,58%,2.12,36%,100%,5.3,47.0,36.0,170.0,72.0
Antonio Arroyo,"6' 3""",185 lbs.,"73""",Orthodox,1989-07-01,3.08,70%,1.72,44%,1.4,41%,32%,0.3,70.0,41.0,185.0,73.0
Gilles Arsene,"5' 9""",190 lbs.,,Southpaw,,0.06,10%,2.45,32%,0.0,0%,0%,0.0,10.0,0.0,190.0,
Veta Arteaga,"5' 7""",125 lbs.,,,,3.2,36%,1.92,65%,0.0,0%,40%,0.0,36.0,0.0,125.0,
Teddy Ash,"6' 1""",185 lbs.,"73""",Switch,1989-12-27,7.27,61%,6.8,28%,0.0,0%,100%,0.0,61.0,0.0,185.0,73.0
Cesar Arzamendia,"5' 11""",155 lbs.,,Orthodox,1991-01-31,5.37,45%,5.2,56%,7.32,75%,0%,2.4,45.0,75.0,155.0,
Askar Askar,"5' 7""",145 lbs.,"69""",Orthodox,1994-08-19,0.0,0%,0.0,0%,0.0,0%,0%,0.0,0.0,0.0,145.0,69.0
Arman Ashimov,"5' 6""",125 lbs.,,,1992-01-14,0.0,0%,0.0,0%,0.0,0%,0%,0.0,0.0,0.0,125.0,
Askar Askarov,"5' 6""",125 lbs.,"67""",Orthodox,1992-10-09,3.37,55%,2.65,56%,2.75,28%,64%,0.0,55.0,28.0,125.0,67.0
Cyril Asker,"6' 0""",247 lbs.,"74""",Orthodox,1985-12-24,3.35,39%,5.82,35%,4.41,62%,100%,0.9,39.0,62.0,247.0,74.0
Scott Askham,"6' 3""",185 lbs.,"75""",Southpaw,1988-05-20,3.03,46%,3.52,52%,0.44,18%,65%,0.7,46.0,18.0,185.0,75.0
Ben Askren,"5' 11""",170 lbs.,"73""",Orthodox,1984-07-18,3.64,49%,5.66,36%,4.33,55%,0%,0.9,49.0,55.0,170.0,73.0
Ibo Aslan,"6' 3""",205 lbs.,,,1996-04-23,0.0,0%,0.0,0%,0.0,0%,0%,0.0,0.0,0.0,205.0,
Tom Aspinall,"6' 5""",256 lbs.,"78""",Orthodox,1993-04-11,7.43,66%,3.06,65%,3.54,100%,0%,1.8,66.0,100.0,256.0,78.0
Bruno Assis,"6' 2""",185 lbs.,,Orthodox,1992-05-23,1.27,43%,3.2,36%,2.0,50%,66%,1.0,43.0,50.0,185.0,
Junior Assuncao,"5' 9""",145 lbs.,"72""",Orthodox,1981-06-24,3.31,62%,2.06,44%,2.43,24%,66%,0.7,62.0,24.0,145.0,72.0
Raphael Assuncao,"5' 5""",135 lbs.,"66""",Orthodox,1982-07-19,3.26,40%,2.33,68%,1.48,38%,80%,0.3,40.0,38.0,135.0,66.0
Bazigit Atajev,"6' 1""",230 lbs.,,Orthodox,,0.87,41%,3.14,49%,1.0,33%,0%,0.0,41.0,33.0,230.0,
Rich Attonito,"5' 10""",170 lbs.,"72""",Orthodox,1977-06-16,2.28,47%,2.13,59%,0.74,37%,75%,0.0,47.0,37.0,170.0,72.0
Pat Audinwood,"6' 0""",155 lbs.,,Orthodox,1986-04-16,1.17,12%,4.31,41%,0.8,50%,0%,0.0,12.0,50.0,155.0,
Olivier Aubin-Mercier,"5' 9""",155 lbs.,"70""",Southpaw,1989-02-23,2.48,51%,2.97,55%,2.36,33%,70%,0.5,51.0,33.0,155.0,70.0
Jose Augusto,"6' 3""",251 lbs.,,,1992-03-28,0.0,0%,0.0,0%,0.0,0%,0%,0.0,0.0,0.0,251.0,
Marcus Aurelio,"5' 10""",155 lbs.,"74""",Orthodox,1973-08-18,1.42,33%,2.27,59%,1.69,27%,27%,1.3,33.0,27.0,155.0,74.0
David Avellan,"5' 9""",185 lbs.,,Orthodox,,3.33,25%,10.0,57%,0.0,0%,0%,0.0,25.0,0.0,185.0,
Levi Avera,"6' 1""",170 lbs.,,,1982-05-17,0.0,0%,0.0,0%,0.0,0%,0%,0.0,0.0,0.0,170.0,
Blas Avena,"6' 0""",170 lbs.,"74""",Orthodox,1983-06-30,2.34,47%,3.36,43%,2.37,80%,50%,1.8,47.0,80.0,170.0,74.0
Anthony Avila,"5' 7""",145 lbs.,,,1988-12-29,0.0,0%,0.0,0%,0.0,0%,0%,0.0,0.0,0.0,145.0,
Julia Avila,"5' 7""",135 lbs.,"68""",Orthodox,1988-05-11,3.1,41%,2.9,54%,0.49,50%,60%,0.0,41.0,50.0,135.0,68.0
Chris Avila,"5' 10""",145 lbs.,,Orthodox,1993-01-16,2.37,30%,4.17,48%,0.0,0%,46%,0.0,30.0,0.0,145.0,
Saad Awad,"5' 11""",155 lbs.,,,1983-06-07,2.13,26%,1.87,60%,0.5,16%,100%,0.5,26.0,16.0,155.0,
Abu Azaitar,"5' 9""",185 lbs.,"76""",Orthodox,1986-03-10,3.2,37%,1.27,57%,1.0,100%,25%,0.0,37.0,100.0,185.0,76.0
Javy Ayala,"6' 1""",265 lbs.,,,1988-08-20,0.83,25%,5.0,33%,0.0,0%,0%,0.0,25.0,0.0,265.0,
Jessin Ayari,"6' 0""",155 lbs.,"73""",Orthodox,1992-05-31,3.53,37%,3.59,58%,0.0,0%,50%,0.3,37.0,0.0,155.0,73.0
Luiz Azeredo,"5' 9""",154 lbs.,,Orthodox,1976-06-10,2.16,39%,2.76,57%,1.07,50%,45%,0.3,39.0,50.0,154.0,
Ottman Azaitar,"5' 8""",155 lbs.,"71""",Switch,1990-02-20,8.43,57%,1.76,67%,0.0,0%,100%,0.0,57.0,0.0,155.0,71.0
Luciano Azevedo,"6' 3""",161 lbs.,,Orthodox,1981-06-25,0.76,45%,1.97,27%,2.28,11%,0%,0.0,45.0,11.0,161.0,
Hunter Azure,"5' 8""",145 lbs.,"69""",Orthodox,1992-03-02,4.17,52%,1.99,62%,2.52,45%,76%,1.4,52.0,45.0,145.0,69.0
Niklas Backstrom,"6' 1""",145 lbs.,,Orthodox,1989-08-22,1.12,41%,3.65,40%,2.92,80%,72%,2.2,41.0,80.0,145.0,
Izabela Badurek,"5' 5""",115 lbs.,,Orthodox,1991-07-11,3.74,71%,4.9,32%,1.75,12%,100%,0.0,71.0,12.0,115.0,
Miguel Baeza,"6' 2""",170 lbs.,"74""",Orthodox,1992-08-23,4.64,55%,3.89,50%,0.8,40%,100%,1.2,55.0,40.0,170.0,74.0
Ali Bagautinov,"5' 4""",125 lbs.,"65""",Orthodox,1985-06-10,2.85,42%,3.09,52%,2.51,36%,65%,0.3,42.0,36.0,125.0,65.0
Seth Baczynski,"6' 3""",170 lbs.,"75""",Orthodox,1981-10-26,3.08,31%,3.14,51%,0.89,16%,48%,0.8,31.0,16.0,170.0,75.0
Ryan Bader,"6' 2""",205 lbs.,"74""",Orthodox,1983-06-07,2.82,43%,1.39,71%,3.37,44%,80%,0.4,43.0,44.0,205.0,74.0
Mehdi Baghdad,"6' 1""",155 lbs.,,Orthodox,1985-04-13,3.13,30%,4.56,46%,0.0,0%,33%,0.0,30.0,0.0,155.0,
Melsik Baghdasaryan,"5' 9""",145 lbs.,"70""",Southpaw,1992-01-28,6.8,64%,3.8,53%,0.0,0%,75%,0.0,64.0,0.0,145.0,70.0
Siyar Bahadurzada,"5' 11""",170 lbs.,"73""",Orthodox,1984-04-17,2.91,40%,3.23,49%,1.32,61%,62%,0.3,40.0,61.0,170.0,73.0
Ignacio Bahamondes,"6' 3""",170 lbs.,"75""",Orthodox,1997-08-27,8.78,54%,2.66,67%,0.0,0%,100%,0.0,54.0,0.0,170.0,75.0
Stephen Banaszak,"6' 0""",145 lbs.,,,1990-12-07,4.2,47%,1.15,66%,0.0,0%,100%,1.9,47.0,0.0,145.0,
Jordan Bailey,"5' 9""",145 lbs.,,,,1.74,40%,0.29,0%,4.35,100%,0%,4.3,40.0,100.0,145.0,
Bryan Baker,"6' 3""",185 lbs.,,Orthodox,1985-10-13,1.78,52%,2.83,45%,0.44,50%,37%,0.9,52.0,50.0,185.0,
Oluwale Bamgbose,"5' 11""",185 lbs.,"78""",Switch,1987-08-04,2.45,48%,2.7,55%,0.94,33%,37%,0.0,48.0,33.0,185.0,78.0
Shamar Bailey,"5' 9""",155 lbs.,"75""",Southpaw,1982-09-22,1.56,20%,3.91,69%,1.5,33%,37%,0.0,20.0,33.0,155.0,75.0
Scott Baker,"6' 0""",210 lbs.,,,,0.0,0%,0.0,0%,0.0,0%,0%,0.0,0.0,0.0,210.0,
Marcin Bandel,"5' 10""",155 lbs.,,Orthodox,1989-10-10,0.79,50%,5.26,23%,0.0,0%,0%,0.0,50.0,0.0,155.0,
Humberto Bandenay,"5' 11""",145 lbs.,"71""",Southpaw,1994-09-04,2.22,41%,4.79,41%,2.9,46%,62%,0.5,41.0,46.0,145.0,71.0
Tae Hyun Bang,"5' 9""",155 lbs.,"71""",Switch,1983-04-15,2.72,38%,2.07,66%,0.49,33%,57%,0.5,38.0,33.0,155.0,71.0
Maycee Barber,"5' 5""",125 lbs.,"65""",Switch,1998-05-18,5.21,52%,3.0,50%,1.44,40%,80%,0.2,52.0,40.0,125.0,65.0
Yohan Banks,,,,,,0.0,0%,0.0,0%,0.0,0%,0%,0.0,0.0,0.0,,
Junior Barata,"5' 10""",170 lbs.,,Orthodox,1982-01-25,4.03,33%,8.46,34%,0.0,0%,0%,0.0,33.0,0.0,170.0,
Antonio Banuelos,"5' 5""",135 lbs.,"63""",Orthodox,1979-09-23,2.69,33%,3.15,58%,1.62,62%,86%,0.4,33.0,62.0,135.0,63.0
Bryan Barberena,"6' 0""",170 lbs.,"72""",Southpaw,1989-05-03,5.48,48%,4.7,45%,0.23,28%,60%,0.5,48.0,28.0,170.0,72.0
Renan Barao,"5' 6""",145 lbs.,"70""",Orthodox,1987-01-31,3.78,36%,3.9,57%,1.49,41%,91%,0.5,36.0,41.0,145.0,70.0
Edson Barboza,"5' 11""",145 lbs.,"75""",Orthodox,1986-01-21,3.98,43%,4.03,60%,0.44,44%,78%,0.1,43.0,44.0,145.0,75.0
Nick Barnes,"5' 11""",170 lbs.,,,,2.86,29%,8.93,51%,5.36,100%,100%,5.4,29.0,100.0,170.0,
James Barnes,"5' 8""",145 lbs.,,,,0.0,0%,0.0,0%,0.0,0%,0%,0.0,0.0,0.0,145.0,
Raoni Barcelos,"5' 7""",135 lbs.,"67""",Orthodox,1987-05-01,5.59,52%,4.17,67%,2.23,56%,85%,0.7,52.0,56.0,135.0,67.0
Luke Barnatt,"6' 6""",185 lbs.,"77""",Orthodox,1988-04-13,4.43,36%,3.87,59%,0.63,42%,63%,0.4,36.0,42.0,185.0,77.0
Chris Barnhizer,,,,,,0.0,0%,0.0,0%,0.0,0%,0%,0.0,0.0,0.0,,
David Baron,"5' 6""",155 lbs.,,Switch,1973-02-15,1.17,30%,2.1,56%,0.0,0%,14%,0.7,30.0,0.0,155.0,
Phil Baroni,"5' 9""",170 lbs.,"72""",Orthodox,1976-04-16,2.77,45%,3.93,40%,1.46,47%,60%,0.5,45.0,47.0,170.0,72.0
Josh Barnett,"6' 3""",250 lbs.,"78""",Orthodox,1977-11-10,3.2,50%,2.11,57%,1.26,55%,55%,1.4,50.0,55.0,250.0,78.0
Carlos Barreto,"6' 4""",230 lbs.,,Orthodox,,0.0,0%,0.0,0%,0.0,0%,0%,0.0,0.0,0.0,230.0,
Jose Barreto,,185 lbs.,,Southpaw,,0.0,0%,0.0,0%,0.0,0%,0%,0.0,0.0,0.0,185.0,
Dan Barrera,"5' 9""",170 lbs.,,Orthodox,1980-12-23,0.8,70%,1.2,28%,1.0,8%,0%,0.0,70.0,8.0,170.0,
Peter Barrett,"5' 10""",145 lbs.,"73""",Southpaw,1986-08-10,4.18,61%,4.32,42%,1.39,22%,66%,0.0,61.0,22.0,145.0,73.0
David Barrios,"5' 6""",145 lbs.,,,,0.0,0%,0.0,0%,0.0,0%,0%,0.0,0.0,0.0,145.0,
Marc-Andre Barriault,"6' 1""",185 lbs.,"74""",Orthodox,1990-02-18,4.25,46%,4.12,57%,0.55,28%,69%,0.0,46.0,28.0,185.0,74.0
Alexandre Barros,"5' 9""",170 lbs.,,Southpaw,1976-11-19,0.98,40%,4.05,36%,1.84,50%,100%,0.0,40.0,50.0,170.0,
Ricardo Barros,"6' 1""",205 lbs.,,,1976-03-22,0.0,0%,8.22,31%,0.0,0%,100%,0.0,0.0,0.0,205.0,
Francimar Barroso,"6' 1""",205 lbs.,"75""",Orthodox,1980-02-28,2.77,52%,3.07,59%,2.22,24%,83%,0.0,52.0,24.0,205.0,75.0
Dean Barry,,155 lbs.,,,1992-03-07,0.0,0%,0.0,0%,0.0,0%,0%,0.0,0.0,0.0,155.0,
Enrique Barzola,"5' 7""",145 lbs.,"70""",Orthodox,1989-04-28,3.91,41%,2.97,68%,4.2,45%,66%,0.3,41.0,45.0,145.0,70.0
Stephen Bass,"5' 9""",145 lbs.,,Orthodox,1982-11-14,4.87,52%,5.87,55%,0.0,0%,0%,0.0,52.0,0.0,145.0,
Pat Barry,"5' 11""",235 lbs.,"74""",Orthodox,1979-07-07,2.72,52%,3.54,59%,0.0,0%,76%,0.2,52.0,0.0,235.0,74.0
Sean Bassett,,155 lbs.,,,,0.0,0%,0.0,0%,0.0,0%,0%,0.0,0.0,0.0,155.0,
Ryan Bastianelli,"5' 5""",135 lbs.,,,,0.0,0%,0.0,0%,0.0,0%,0%,0.0,0.0,0.0,135.0,
Shayna Baszler,"5' 7""",135 lbs.,,Orthodox,1980-08-08,2.49,30%,6.36,51%,0.67,18%,44%,1.3,30.0,18.0,135.0,
Batgerel Danaa,"5' 7""",135 lbs.,"70""",Orthodox,1989-07-04,5.66,38%,2.61,58%,0.0,0%,57%,0.0,38.0,0.0,135.0,70.0
Michel Batista,"6' 3""",260 lbs.,,Orthodox,1984-04-20,0.0,0%,4.03,40%,6.72,50%,0%,0.0,0.0,50.0,260.0,
Alan Baudot,"6' 3""",243 lbs.,"79""",Orthodox,1988-02-01,1.89,25%,10.11,36%,0.0,0%,0%,0.0,25.0,0.0,243.0,79.0
Mario Bautista,"5' 9""",135 lbs.,"69""",Switch,1993-07-01,5.71,45%,4.78,54%,0.48,33%,70%,0.0,45.0,33.0,135.0,69.0
Chris Beal,"5' 7""",125 lbs.,"69""",Orthodox,1985-08-06,3.45,35%,3.18,61%,1.6,58%,78%,0.2,35.0,58.0,125.0,69.0
Rudy Bears,"5' 11""",170 lbs.,,Southpaw,,1.27,29%,2.53,50%,0.0,0%,0%,0.0,29.0,0.0,170.0,
Salvador Becerra,"5' 9""",155 lbs.,,,,4.57,31%,3.83,58%,0.0,0%,66%,0.0,31.0,0.0,155.0,
Ariel Beck,"5' 6""",125 lbs.,"66""",Southpaw,1990-09-16,4.44,34%,4.31,64%,0.0,0%,0%,0.0,34.0,0.0,125.0,66.0
Jeff Bedard,"5' 6""",145 lbs.,,Orthodox,1970-02-06,0.8,51%,0.0,100%,3.43,66%,100%,2.6,51.0,66.0,145.0,
Eric Bedard,"6' 2""",239 lbs.,,,1984-09-11,6.37,35%,8.54,52%,0.0,0%,0%,0.0,35.0,0.0,239.0,
Lyle Beerbohm,"5' 10""",155 lbs.,,Southpaw,1979-02-05,1.98,55%,1.61,54%,2.1,23%,64%,0.3,55.0,23.0,155.0,
Chase Beebe,"5' 7""",135 lbs.,"67""",Orthodox,1985-03-29,2.17,38%,1.64,69%,2.49,42%,41%,0.9,38.0,42.0,135.0,67.0
Johnny Bedford,"5' 10""",135 lbs.,"71""",Orthodox,1983-01-06,4.53,50%,1.75,63%,1.83,62%,62%,0.0,50.0,62.0,135.0,71.0
Mirsad Bektic,"5' 8""",145 lbs.,"70""",Orthodox,1991-02-16,2.43,41%,1.8,57%,3.98,52%,92%,0.4,41.0,52.0,145.0,70.0
Diana Belbita,"5' 7""",125 lbs.,"68""",Orthodox,1996-06-26,5.81,39%,6.49,52%,1.69,66%,64%,0.0,39.0,66.0,125.0,68.0
Alan Belcher,"6' 2""",185 lbs.,"75""",Orthodox,1984-04-24,2.7,41%,3.1,59%,0.44,26%,55%,0.9,41.0,26.0,185.0,75.0
Danilo Belluardo,"6' 0""",155 lbs.,"74""",Southpaw,1994-07-21,1.52,61%,4.79,41%,3.5,100%,50%,0.0,61.0,100.0,155.0,74.0
Vitor Belfort,"6' 0""",185 lbs.,"74""",Southpaw,1977-04-01,1.59,46%,2.83,50%,1.02,60%,53%,0.6,46.0,60.0,185.0,74.0
Joey Beltran,"6' 1""",185 lbs.,"75""",Orthodox,1981-12-08,4.92,36%,5.27,54%,0.48,18%,75%,0.0,36.0,18.0,185.0,75.0
Marco Beltran,"5' 8""",125 lbs.,"69""",Orthodox,1986-05-18,2.07,37%,1.93,63%,0.7,50%,46%,0.2,37.0,50.0,125.0,69.0
Mike Bencic,"6' 0""",215 lbs.,,Orthodox,,0.0,0%,3.32,53%,0.0,0%,0%,0.0,0.0,0.0,215.0,
Joseph Benavidez,"5' 4""",125 lbs.,"65""",Southpaw,1984-07-31,3.52,34%,2.67,61%,1.41,30%,62%,0.6,34.0,30.0,125.0,65.0
Karla Benitez,"5' 3""",113 lbs.,,,,0.0,0%,2.4,57%,0.0,0%,100%,0.0,0.0,0.0,113.0,
Dave Beneteau,"6' 2""",250 lbs.,,Orthodox,,0.0,0%,0.0,0%,0.0,0%,0%,0.0,0.0,0.0,250.0,
Gabriel Benitez,"5' 8""",155 lbs.,"71""",Southpaw,1988-06-15,4.38,38%,3.26,70%,0.17,50%,56%,1.2,38.0,50.0,155.0,71.0
DeAnna Bennett,"5' 4""",125 lbs.,"68""",Orthodox,1984-11-18,3.13,58%,3.27,58%,0.0,0%,0%,1.0,58.0,0.0,125.0,68.0
Josh Bennett,"6' 4""",259 lbs.,,Orthodox,,2.9,40%,5.8,43%,1.5,100%,100%,0.0,40.0,100.0,259.0,
Charles Bennett,"5' 8""",155 lbs.,,Orthodox,1979-11-23,1.39,39%,1.35,64%,2.02,100%,36%,2.0,39.0,100.0,155.0,
Lance Benoist,"5' 11""",170 lbs.,"72""",Southpaw,1988-08-26,3.68,51%,2.7,56%,1.5,33%,61%,0.0,51.0,33.0,170.0,72.0
Joe Benoit,"5' 9""",170 lbs.,,Orthodox,1982-03-12,0.0,0%,0.0,100%,0.0,0%,0%,0.0,0.0,0.0,170.0,
Pat Benson,"5' 9""",155 lbs.,,,,0.0,0%,0.0,0%,0.0,0%,0%,0.0,0.0,0.0,155.0,
Ryan Benoit,"5' 5""",125 lbs.,"68""",Orthodox,1989-08-25,2.95,41%,3.4,60%,0.33,25%,70%,0.5,41.0,25.0,125.0,68.0
Len Bentley,"5' 9""",155 lbs.,,,1982-11-30,0.0,0%,0.0,0%,0.0,0%,0%,0.0,0.0,0.0,155.0,
Kenneth Bergh,"6' 2""",205 lbs.,"74""",Orthodox,1989-06-26,4.56,75%,1.27,28%,0.0,0%,0%,0.0,75.0,0.0,205.0,74.0
Steve Berger,"5' 11""",170 lbs.,,Orthodox,1973-05-20,1.0,27%,3.26,36%,0.84,40%,16%,1.7,27.0,40.0,170.0,
Bret Bergmark,"5' 9""",170 lbs.,,,1973-11-24,2.78,52%,2.78,37%,4.17,100%,50%,4.2,52.0,100.0,170.0,
Keith Berish,"6' 0""",205 lbs.,,Orthodox,1985-11-14,3.58,36%,4.81,62%,1.76,40%,0%,0.0,36.0,40.0,205.0,
Dennis Bermudez,"5' 6""",155 lbs.,"66""",Orthodox,1986-12-13,4.42,46%,3.07,59%,3.89,40%,82%,1.1,46.0,40.0,155.0,66.0
Dave Berry,,,,,,0.0,0%,0.0,0%,0.0,0%,0%,0.0,0.0,0.0,,
Talita Bernardo,"5' 4""",135 lbs.,"68""",Orthodox,1987-03-04,3.12,42%,4.04,55%,1.62,22%,28%,0.5,42.0,22.0,135.0,68.0
Manny Bermudez,"5' 10""",145 lbs.,"71""",Orthodox,1994-07-16,2.92,61%,2.68,46%,3.06,54%,0%,3.1,61.0,54.0,145.0,71.0
Keith Berry,"6' 1""",185 lbs.,,,1987-10-25,0.27,12%,6.27,28%,0.0,0%,0%,0.0,12.0,0.0,185.0,
Dieusel Berto,"5' 9""",200 lbs.,,,,0.0,0%,0.0,0%,0.0,0%,0%,0.0,0.0,0.0,200.0,
Edson Berto,"5' 6""",155 lbs.,,Orthodox,1983-07-05,1.76,36%,4.62,47%,5.47,40%,0%,2.7,36.0,40.0,155.0,
Allen Berube,"5' 8""",155 lbs.,,Orthodox,1974-08-25,0.92,80%,0.92,33%,6.87,100%,0%,3.4,80.0,100.0,155.0,
Anton Berzin,"6' 2""",205 lbs.,,Orthodox,1989-09-29,4.4,46%,6.8,67%,2.0,28%,0%,1.0,46.0,28.0,205.0,
Khadzhi Bestaev,"6' 6""",185 lbs.,"76""",,1988-07-16,6.15,29%,10.0,43%,0.0,0%,0%,0.0,29.0,0.0,185.0,76.0
Matt Bessette,"5' 10""",145 lbs.,"70""",Orthodox,1984-12-28,4.36,41%,4.45,58%,0.64,28%,61%,0.3,41.0,28.0,145.0,70.0
Scott Bessac,"6' 4""",245 lbs.,,,,0.0,0%,0.0,0%,0.0,0%,0%,0.0,0.0,0.0,245.0,
Fernando Bettega,,170 lbs.,,,1980-03-10,0.0,0%,0.0,0%,0.0,0%,0%,0.0,0.0,0.0,170.0,
Arjan Bhullar,"6' 1""",245 lbs.,"75""",Orthodox,1986-05-13,2.33,56%,3.25,59%,1.73,75%,100%,0.0,56.0,75.0,245.0,75.0
Bibulatov Magomed,"5' 5""",125 lbs.,"65""",Orthodox,1988-08-22,3.6,51%,1.83,52%,2.85,40%,75%,0.0,51.0,40.0,125.0,65.0
KB Bhullar,"6' 4""",185 lbs.,"78""",Switch,1991-10-12,1.18,13%,10.0,37%,0.0,0%,0%,0.0,13.0,0.0,185.0,78.0
David Bielkheden,"5' 10""",155 lbs.,"71""",Orthodox,1979-06-06,1.11,57%,1.64,54%,2.65,63%,14%,0.0,57.0,63.0,155.0,71.0
Jeremiah Billington,"5' 9""",205 lbs.,,Orthodox,1977-11-14,1.6,62%,7.06,35%,0.0,0%,50%,0.0,62.0,0.0,205.0,
Scott Bills,"5' 10""",170 lbs.,,,,0.0,0%,0.0,0%,0.0,0%,0%,0.0,0.0,0.0,170.0,
Anthony Birchak,"5' 8""",135 lbs.,"69""",Orthodox,1986-05-16,4.23,36%,3.06,60%,0.6,16%,73%,0.0,36.0,16.0,135.0,69.0
Chris Birchler,"6' 3""",205 lbs.,,Switch,1987-06-05,9.35,46%,14.83,35%,0.0,0%,0%,0.0,46.0,0.0,205.0,
Simon Biyong,,205 lbs.,,,1991-04-05,0.0,0%,0.0,0%,0.0,0%,0%,0.0,0.0,0.0,205.0,
Amaury Bitetti,"5' 9""",185 lbs.,,Orthodox,,0.0,0%,0.0,0%,0.0,0%,0%,0.0,0.0,0.0,185.0,
Michael Bisping,"6' 1""",185 lbs.,"75""",Orthodox,1979-02-28,4.33,38%,2.71,65%,1.05,43%,63%,0.3,38.0,43.0,185.0,75.0
Jan Blachowicz,"6' 2""",205 lbs.,"78""",Orthodox,1983-02-24,3.59,49%,2.79,53%,1.18,53%,65%,0.2,49.0,53.0,205.0,78.0
Tom Blackledge,,205 lbs.,,Orthodox,,2.91,61%,2.55,46%,0.0,0%,75%,0.0,61.0,0.0,205.0,
Jason Black,"5' 8""",155 lbs.,,Orthodox,1972-07-15,1.06,47%,2.6,45%,0.48,33%,28%,6.2,47.0,33.0,155.0,
Brad Blackburn,"5' 10""",170 lbs.,"73""",Orthodox,1977-05-25,4.55,35%,3.59,65%,0.93,50%,76%,0.7,35.0,50.0,170.0,73.0
Jason Blackford,,,,,,0.0,0%,0.0,0%,0.0,0%,0%,0.0,0.0,0.0,,
Maximo Blanco,"5' 8""",145 lbs.,"71""",Orthodox,1983-10-16,4.11,44%,3.19,66%,1.85,36%,63%,0.3,44.0,36.0,145.0,71.0
Sherrard Blackledge,"5' 11""",155 lbs.,"75""",Orthodox,1993-08-16,3.7,49%,3.13,55%,4.0,33%,42%,0.0,49.0,33.0,155.0,75.0
David Blanco,"5' 7""",145 lbs.,,,,0.0,0%,0.0,0%,0.0,0%,0%,0.0,0.0,0.0,145.0,
Curtis Blaydes,"6' 4""",265 lbs.,"80""",Orthodox,1991-02-18,3.59,53%,1.7,57%,6.64,54%,33%,0.0,53.0,54.0,265.0,80.0
Arlene Blencowe,"5' 5""",145 lbs.,,,1983-04-11,2.31,43%,2.1,43%,0.0,0%,55%,0.6,43.0,0.0,145.0,
Byron Bloodworth,"5' 8""",135 lbs.,,Orthodox,1983-08-16,1.82,28%,5.18,50%,0.0,0%,0%,0.0,28.0,0.0,135.0,
Dashawn Boatwright,"6' 0""",205 lbs.,,Orthodox,1988-02-29,0.0,0%,52.5,12%,0.0,0%,0%,0.0,0.0,0.0,205.0,
Dan Bobish,"6' 2""",345 lbs.,,Southpaw,1970-01-26,2.06,44%,1.74,34%,2.44,42%,0%,1.6,44.0,42.0,345.0,
Kyle Bochniak,"5' 7""",145 lbs.,"70""",Orthodox,1987-02-05,2.63,31%,5.11,58%,1.14,15%,62%,0.0,31.0,15.0,145.0,70.0
Mark Bocek,"5' 8""",155 lbs.,"75""",Orthodox,1981-10-24,2.34,43%,2.32,60%,3.65,36%,31%,1.3,43.0,36.0,155.0,75.0
James Bochnovic,"6' 4""",205 lbs.,"81""",Orthodox,1989-02-13,0.65,26%,3.64,21%,0.0,0%,0%,0.0,26.0,0.0,205.0,81.0
Jeremy Boczulak,,,,,,0.0,0%,0.0,0%,0.0,0%,0%,0.0,0.0,0.0,,
Galore Bofando,"5' 11""",170 lbs.,"72""",Switch,1982-05-22,3.63,45%,3.63,54%,2.37,100%,50%,0.0,45.0,100.0,170.0,72.0
Jay Bogan,,145 lbs.,,,,0.0,0%,0.0,0%,0.0,0%,0%,0.0,0.0,0.0,145.0,
Tim Boetsch,"6' 0""",185 lbs.,"74""",Orthodox,1981-01-28,2.93,50%,2.9,57%,1.45,34%,59%,0.8,50.0,34.0,185.0,74.0
Roman Bogatov,"5' 8""",155 lbs.,"73""",Orthodox,1990-12-15,3.33,42%,4.4,44%,1.0,9%,50%,0.0,42.0,9.0,155.0,73.0
Derek Bohi,"6' 4""",260 lbs.,,,,0.0,0%,0.0,0%,0.0,0%,0%,0.0,0.0,0.0,260.0,
Jerry Bohlander,"5' 11""",199 lbs.,,Orthodox,1974-02-12,0.0,0%,0.0,0%,0.0,0%,0%,0.0,0.0,0.0,199.0,
Kotetsu Boku,"5' 9""",154 lbs.,,Orthodox,1977-05-27,2.47,42%,2.8,53%,0.0,0%,0%,0.0,42.0,0.0,154.0,
Kyle Bolt,"6' 2""",185 lbs.,,,,7.27,52%,7.27,45%,0.0,0%,0%,0.0,52.0,0.0,185.0,
Denys Bondar,"5' 6""",125 lbs.,,Orthodox,1992-06-27,0.0,0%,0.0,0%,0.0,0%,0%,0.0,0.0,0.0,125.0,
Luc Bondole,"6' 2""",205 lbs.,,,,3.35,51%,2.04,62%,0.0,0%,0%,1.8,51.0,0.0,205.0,
Tony Bonello,"6' 2""",185 lbs.,,,,0.62,33%,12.62,10%,0.0,0%,0%,0.0,33.0,0.0,185.0,
Jesse Bongfeldt,"6' 0""",185 lbs.,,Orthodox,1980-08-28,2.91,62%,1.01,50%,1.51,33%,33%,0.0,62.0,33.0,185.0,
Marcos Bonilla,"5' 10""",145 lbs.,,,,0.47,12%,0.47,94%,0.0,0%,0%,0.0,12.0,0.0,145.0,
Rogerio Bontorin,"5' 5""",125 lbs.,"67""",Orthodox,1992-04-25,2.19,50%,3.12,38%,1.9,40%,51%,1.6,50.0,40.0,125.0,67.0
Stephan Bonnar,"6' 4""",205 lbs.,"79""",Orthodox,1977-04-04,2.76,38%,3.01,52%,1.32,40%,60%,1.0,38.0,40.0,205.0,79.0
Ray Borg,"5' 4""",135 lbs.,"63""",Orthodox,1993-08-04,1.52,52%,1.93,48%,3.89,50%,46%,1.0,52.0,50.0,135.0,63.0
Igor Borisov,"6' 0""",235 lbs.,,Orthodox,,0.0,0%,0.0,0%,0.0,0%,0%,0.0,0.0,0.0,235.0,
Tanner Boser,"6' 2""",255 lbs.,"75""",Orthodox,1991-08-02,4.54,55%,2.7,63%,0.0,0%,100%,0.0,55.0,0.0,255.0,75.0
Calen Born,"5' 8""",170 lbs.,"72""",Switch,1988-05-24,0.0,0%,0.0,0%,0.0,0%,0%,0.0,0.0,0.0,170.0,72.0
Steve Bosse,"5' 11""",205 lbs.,"72""",Orthodox,1981-07-29,5.99,52%,5.38,50%,0.92,33%,100%,0.0,52.0,33.0,205.0,72.0
Marcus Bossett,"6' 1""",215 lbs.,,Orthodox,,0.0,0%,0.0,0%,0.0,0%,0%,0.0,0.0,0.0,215.0,
Chris Bostick,,,,,,0.0,0%,0.0,0%,0.0,0%,0%,0.0,0.0,0.0,,
Poliana Botelho,"5' 8""",115 lbs.,"67""",Orthodox,1988-12-15,3.0,56%,3.08,50%,0.89,100%,80%,0.0,56.0,100.0,115.0,67.0
Francois Botha,"6' 2""",260 lbs.,,Orthodox,1968-09-28,0.0,0%,1.05,77%,0.0,0%,0%,0.0,0.0,0.0,260.0,
Rich Bouphanouvong,"5' 7""",170 lbs.,,,,0.0,0%,0.0,0%,0.0,0%,0%,0.0,0.0,0.0,170.0,
Gregory Bouchelaghem,"6' 2""",183 lbs.,,Switch,,0.27,21%,1.53,36%,0.0,0%,50%,0.0,21.0,0.0,183.0,
Roy Boughton,"6' 0""",205 lbs.,,,,0.0,0%,0.0,0%,0.0,0%,0%,0.0,0.0,0.0,205.0,
Mike Bourke,"6' 0""",275 lbs.,,Orthodox,,0.0,0%,0.0,0%,0.0,0%,0%,0.0,0.0,0.0,275.0,
Jess Bouscal,,155 lbs.,,,,0.0,0%,0.0,0%,0.0,0%,0%,0.0,0.0,0.0,155.0,
Tai Bowden,"5' 11""",230 lbs.,,,,0.0,0%,0.0,0%,0.0,0%,0%,0.0,0.0,0.0,230.0,
Melton Bowen,"6' 0""",225 lbs.,,Orthodox,1969-07-16,0.0,0%,0.0,0%,0.0,0%,0%,0.0,0.0,0.0,225.0,
Kyron Bowen,"6' 3""",185 lbs.,"73""",Orthodox,1993-12-22,2.73,57%,2.05,40%,0.0,0%,0%,0.0,57.0,0.0,185.0,73.0
Blake Bowman,"6' 2""",170 lbs.,,,,0.0,0%,0.0,0%,0.0,0%,0%,0.0,0.0,0.0,170.0,
Brian Bowles,"5' 7""",135 lbs.,"70""",Orthodox,1980-06-22,2.36,26%,2.98,64%,1.39,70%,54%,1.4,26.0,70.0,135.0,70.0
Roger Bowling,"5' 9""",155 lbs.,"68""",Orthodox,1982-12-05,3.9,47%,3.86,51%,3.09,43%,27%,0.9,47.0,43.0,155.0,68.0
Ashe Bowman,"5' 9""",155 lbs.,,,1976-11-17,2.43,42%,4.86,57%,0.0,0%,0%,0.0,42.0,0.0,155.0,
Colley  Bradford,"5' 7""",145 lbs.,,,,0.43,25%,1.73,50%,19.42,50%,100%,0.0,25.0,50.0,145.0,
Kyle Bradley,"5' 9""",155 lbs.,"71""",Orthodox,1982-08-19,1.99,40%,3.45,58%,0.65,50%,40%,0.0,40.0,50.0,155.0,71.0
Paul Bradley,"5' 9""",170 lbs.,,Orthodox,1983-06-13,2.26,32%,4.13,56%,1.12,16%,100%,0.0,32.0,16.0,170.0,
Sean Brady,"5' 10""",170 lbs.,"72""",Orthodox,1992-11-23,4.72,55%,3.6,63%,2.69,60%,100%,1.2,55.0,60.0,170.0,72.0
Ebenezer Fontes Braga,"6' 0""",199 lbs.,,Orthodox,1969-04-14,2.42,50%,0.42,71%,0.0,0%,90%,0.6,50.0,0.0,199.0,
Joe Brammer,"5' 8""",155 lbs.,,Orthodox,1983-08-23,2.15,31%,2.8,56%,0.81,50%,50%,0.0,31.0,50.0,155.0,
Ramiz Brahimaj,"5' 10""",170 lbs.,"72""",Orthodox,1992-11-17,3.73,36%,6.14,55%,0.0,0%,100%,0.0,36.0,0.0,170.0,72.0
David Branch,"6' 1""",185 lbs.,"78""",Orthodox,1981-09-26,1.66,39%,1.91,56%,2.55,32%,43%,0.0,39.0,32.0,185.0,78.0
Michael Bravo,,155 lbs.,,,,0.0,0%,0.0,0%,0.0,0%,0%,0.0,0.0,0.0,155.0,
Martin Bravo,"5' 8""",145 lbs.,"71""",Southpaw,1993-09-21,7.66,39%,5.72,51%,2.6,35%,85%,0.0,39.0,35.0,145.0,71.0
Diego Brandao,"5' 7""",145 lbs.,"64""",Orthodox,1987-05-27,2.94,47%,3.38,62%,3.21,68%,80%,0.6,47.0,68.0,145.0,64.0
Tom Breese,"6' 3""",185 lbs.,"73""",Southpaw,1991-09-26,3.34,50%,2.81,60%,0.0,0%,70%,1.1,50.0,0.0,185.0,73.0
Mike Breeden,"5' 10""",155 lbs.,"70""",Orthodox,1989-04-21,4.0,34%,5.87,47%,0.0,0%,77%,0.0,34.0,0.0,155.0,70.0
Chris Brennan,"5' 8""",170 lbs.,,Orthodox,1971-10-12,0.6,40%,0.97,50%,0.0,0%,25%,2.1,40.0,0.0,170.0,
Charlie Brenneman,"5' 10""",155 lbs.,"70""",Orthodox,1981-02-09,1.52,56%,1.55,46%,4.23,42%,72%,0.0,56.0,42.0,155.0,70.0
Robert Breslin,"5' 11""",155 lbs.,,,,2.21,46%,3.5,66%,1.38,100%,50%,0.0,46.0,100.0,155.0,
Marcos Brigagao,"6' 3""",205 lbs.,"76""",Southpaw,1996-04-01,3.07,43%,3.27,25%,0.0,0%,36%,0.0,43.0,0.0,205.0,76.0
Mack Brewer,,205 lbs.,,,,0.0,0%,6.67,36%,0.0,0%,0%,0.0,0.0,0.0,205.0,
Jason Brilz,"5' 11""",205 lbs.,"71""",Orthodox,1975-07-07,2.66,40%,1.78,65%,2.37,25%,25%,1.3,40.0,25.0,205.0,71.0
Marcus Brimage,"5' 4""",135 lbs.,"71""",Southpaw,1985-04-06,3.97,35%,3.64,56%,0.56,100%,80%,0.0,35.0,100.0,135.0,71.0
Aaron Brink,"6' 3""",205 lbs.,,Orthodox,1974-11-12,3.49,42%,5.71,57%,0.0,0%,0%,0.0,42.0,0.0,205.0,
Marcelo Brito,"6' 1""",170 lbs.,,Orthodox,1977-11-27,0.6,20%,3.53,55%,0.0,0%,50%,0.0,20.0,0.0,170.0,
Henry Briones,"5' 8""",135 lbs.,"69""",Orthodox,1980-10-22,3.47,42%,4.68,53%,0.0,0%,52%,0.6,42.0,0.0,135.0,69.0
Drew Brokenshire,,,,,,0.0,0%,0.0,0%,0.0,0%,0%,0.0,0.0,0.0,,
Antwain Britt,"6' 1""",205 lbs.,"77""",,1978-05-09,1.46,39%,2.81,44%,1.56,40%,50%,0.0,39.0,40.0,205.0,77.0
Mike Bronzoulis,"6' 0""",155 lbs.,,,1979-01-05,1.13,34%,2.54,37%,0.0,0%,33%,0.0,34.0,0.0,155.0,
Jonathan Brookins,"6' 0""",145 lbs.,"74""",Southpaw,1985-08-13,2.69,39%,3.63,56%,1.94,17%,80%,0.3,39.0,17.0,145.0,74.0
Will Brooks,"5' 10""",155 lbs.,"72""",Orthodox,1986-10-08,4.26,59%,2.54,56%,2.08,51%,82%,0.3,59.0,51.0,155.0,72.0
Jarred Brooks,"5' 3""",125 lbs.,"62""",Switch,1993-05-02,2.12,46%,1.66,62%,4.54,57%,69%,0.6,46.0,57.0,125.0,62.0
Rob Broughton,"6' 2""",265 lbs.,"74""",Orthodox,1983-03-03,2.83,60%,2.54,51%,0.0,0%,26%,3.2,60.0,0.0,265.0,74.0
Terrell Brown,,185 lbs.,,,1983-04-13,0.0,0%,0.0,0%,0.0,0%,0%,0.0,0.0,0.0,185.0,
Dominic Brown,"5' 11""",190 lbs.,,,1982-06-04,0.0,0%,0.0,0%,0.0,0%,0%,0.0,0.0,0.0,190.0,
Mike Brown,"5' 6""",145 lbs.,"70""",Orthodox,1975-09-08,2.98,44%,2.45,60%,3.23,40%,66%,0.6,44.0,40.0,145.0,70.0
Chris Brown,,170 lbs.,,,,0.0,0%,0.0,0%,0.0,0%,0%,0.0,0.0,0.0,170.0,
Todd Brown,"5' 11""",205 lbs.,,Orthodox,1976-12-13,2.15,45%,3.85,48%,0.0,0%,50%,0.0,45.0,0.0,205.0,
Matt Brown,"6' 0""",170 lbs.,"75""",Orthodox,1981-01-10,3.69,54%,2.67,55%,1.56,44%,63%,1.4,54.0,44.0,170.0,75.0
Frederick Brown,"6' 0""",235 lbs.,,,,0.0,0%,0.0,0%,0.0,0%,0%,0.0,0.0,0.0,235.0,
TJ Brown,"5' 9""",145 lbs.,"72""",Switch,1990-05-22,3.22,42%,2.21,50%,4.92,60%,40%,0.4,42.0,60.0,145.0,72.0
Damien Brown,"5' 10""",155 lbs.,"68""",Orthodox,1984-12-25,3.66,38%,4.86,50%,0.68,27%,53%,0.7,38.0,27.0,155.0,68.0
Randy Brown,"6' 3""",170 lbs.,"78""",Orthodox,1990-07-08,3.67,47%,2.8,53%,1.0,46%,71%,0.6,47.0,46.0,170.0,78.0
Junie Browning,"5' 9""",155 lbs.,,Orthodox,1984-05-12,3.76,48%,1.76,66%,3.53,66%,0%,3.5,48.0,66.0,155.0,
Humberto Brown Morrison,"5' 10""",145 lbs.,,,1984-11-03,1.71,50%,2.19,62%,1.43,25%,0%,0.0,50.0,25.0,145.0,
Travis Browne,"6' 6""",255 lbs.,"79""",Orthodox,1982-07-17,2.93,41%,4.31,42%,1.21,68%,75%,0.2,41.0,68.0,255.0,79.0
Jules Bruchez,"6' 0""",205 lbs.,,Southpaw,1977-08-16,0.69,50%,5.52,46%,0.0,0%,0%,0.0,50.0,0.0,205.0,
Lee Brousseau,"6' 1""",205 lbs.,,,1974-10-04,0.0,0%,0.0,0%,0.0,0%,0%,0.0,0.0,0.0,205.0,
Justin Bruckmann,"5' 9""",170 lbs.,,Orthodox,,0.59,66%,5.91,16%,0.0,0%,33%,0.0,66.0,0.0,170.0,
Cody Brundage,"6' 0""",205 lbs.,"72""",Orthodox,1994-05-16,7.97,82%,6.29,6%,6.29,33%,0%,0.0,82.0,33.0,205.0,72.0
Steve Bruno,"5' 10""",170 lbs.,,Orthodox,1981-11-03,0.96,52%,3.38,36%,1.94,25%,46%,0.4,52.0,25.0,170.0,
Fernando Bruno,"5' 6""",145 lbs.,,,1982-02-24,1.75,39%,1.78,48%,2.02,22%,56%,0.5,39.0,22.0,145.0,
Derek Brunson,"6' 1""",185 lbs.,"77""",Southpaw,1984-01-04,3.46,47%,2.72,53%,3.11,33%,94%,0.5,47.0,33.0,185.0,77.0
Josh Bryant,"5' 10""",185 lbs.,,Orthodox,1980-04-23,1.1,20%,6.1,43%,0.0,0%,0%,0.0,20.0,0.0,185.0,
Justin Buchholz,"6' 0""",155 lbs.,"73""",Orthodox,1983-08-22,2.35,26%,4.14,51%,0.0,0%,33%,0.8,26.0,0.0,155.0,73.0
Dennis Bryant,"6' 0""",205 lbs.,,Orthodox,1985-10-18,10.56,59%,10.56,13%,0.0,0%,0%,0.0,59.0,0.0,205.0,
Zak Bucia,"5' 10""",170 lbs.,,,,0.0,0%,0.0,0%,0.0,0%,0%,0.0,0.0,0.0,170.0,
Courtney Buck,"5' 10""",135 lbs.,,Orthodox,1982-03-19,1.49,28%,3.24,54%,0.0,0%,33%,0.0,28.0,0.0,135.0,
Julia Budd,"5' 7""",145 lbs.,"67""",,1983-07-04,2.42,74%,1.18,47%,3.6,57%,83%,0.0,74.0,57.0,145.0,67.0
Joaquin Buckley,"5' 10""",185 lbs.,"76""",Southpaw,1994-04-27,4.58,36%,5.46,51%,0.6,16%,100%,0.0,36.0,16.0,185.0,76.0
Mike Budnik,"5' 9""",145 lbs.,"68""",Orthodox,1974-08-08,0.65,52%,0.95,53%,0.0,0%,0%,3.4,52.0,0.0,145.0,68.0
Francisco Bueno,"5' 9""",225 lbs.,,Orthodox,,0.0,0%,0.0,0%,0.0,0%,0%,0.0,0.0,0.0,225.0,
Mayra Bueno Silva,"5' 6""",135 lbs.,"66""",Orthodox,1991-08-22,4.06,57%,4.89,47%,0.0,0%,73%,1.6,57.0,0.0,135.0,66.0
Paul Buentello,"6' 2""",245 lbs.,"77""",Orthodox,1974-01-16,3.29,45%,3.83,52%,0.19,33%,39%,0.4,45.0,33.0,245.0,77.0
Modestas Bukauskas,"6' 3""",205 lbs.,"78""",Switch,1994-02-10,3.56,37%,5.7,42%,0.0,0%,100%,0.0,37.0,0.0,205.0,78.0
Lee Kwan Bum,"6' 2""",286 lbs.,,Orthodox,,0.71,14%,0.0,100%,0.0,0%,0%,0.0,14.0,0.0,286.0,
Shawn Bunch,"5' 5""",135 lbs.,,,1983-03-19,0.0,0%,1.55,55%,0.0,0%,50%,0.0,0.0,0.0,135.0,
Josh Bumgarner,"6' 1""",170 lbs.,,,,0.0,0%,0.0,0%,0.0,0%,0%,0.0,0.0,0.0,170.0,
Wuliji Buren,"5' 9""",135 lbs.,"69""",Orthodox,1989-03-01,1.63,42%,2.96,56%,3.38,42%,71%,0.4,42.0,42.0,135.0,69.0
Shane Burgos,"5' 11""",145 lbs.,"75""",Orthodox,1991-03-19,7.31,50%,5.81,60%,0.3,100%,89%,0.1,50.0,100.0,145.0,75.0
Joshua Burkman,"5' 10""",170 lbs.,"72""",Orthodox,1980-04-10,2.69,43%,3.13,51%,2.53,36%,72%,0.3,43.0,36.0,170.0,72.0
Mads Burnell,"5' 8""",145 lbs.,"69""",Orthodox,1994-03-06,1.28,41%,2.71,51%,3.45,47%,22%,0.4,41.0,47.0,145.0,69.0
Mikey Burnett,"5' 6""",170 lbs.,,Orthodox,1974-04-12,0.0,0%,0.0,0%,0.0,0%,0%,0.0,0.0,0.0,170.0,
Josh Burns,"6' 1""",244 lbs.,,,1978-05-15,2.4,48%,5.73,32%,0.0,0%,100%,0.0,48.0,0.0,244.0,
Kevin Burns,"5' 10""",170 lbs.,"74""",Orthodox,1980-03-03,2.74,38%,4.3,52%,0.28,50%,47%,0.8,38.0,50.0,170.0,74.0
Herbert Burns,"5' 9""",145 lbs.,"73""",Orthodox,1988-02-02,1.67,45%,5.02,33%,4.64,83%,75%,2.8,45.0,83.0,145.0,73.0
Gilbert Burns,"5' 10""",170 lbs.,"71""",Orthodox,1986-07-20,3.22,45%,3.04,54%,2.08,35%,50%,0.7,45.0,35.0,170.0,71.0
Derrick Burnsed,,155 lbs.,,,,0.0,0%,0.0,0%,0.0,0%,0%,0.0,0.0,0.0,155.0,
Nah-Shon Burrell,"5' 11""",170 lbs.,,Orthodox,1990-02-05,4.83,47%,3.45,56%,0.0,0%,52%,0.3,47.0,0.0,170.0,
Martin Buschkamp,"5' 9""",145 lbs.,,Orthodox,1991-01-06,0.0,0%,0.0,0%,0.0,0%,0%,0.0,0.0,0.0,145.0,
Bubba Bush,"6' 0""",185 lbs.,,Orthodox,1985-07-24,0.63,55%,7.01,25%,2.82,50%,60%,0.0,55.0,50.0,185.0,
George Bush,"6' 1""",205 lbs.,,,,6.35,64%,2.31,55%,17.31,66%,0%,0.0,64.0,66.0,205.0,
Nick Bustamante,"5' 9""",170 lbs.,,,,0.0,0%,0.0,0%,0.0,0%,0%,0.0,0.0,0.0,170.0,
Murilo Bustamante,"6' 2""",183 lbs.,,Orthodox,1966-07-30,1.33,32%,1.9,60%,2.46,33%,54%,1.2,32.0,33.0,183.0,
Jason Butcher,"6' 3""",185 lbs.,,,1984-10-23,1.82,40%,2.73,25%,13.64,50%,0%,0.0,40.0,50.0,185.0,
Eduardo Bustillos,"5' 8""",135 lbs.,,,1987-06-02,2.61,59%,6.22,35%,0.0,0%,100%,0.0,59.0,0.0,135.0,
Todd Butler,"6' 1""",200 lbs.,,Southpaw,,0.0,0%,0.0,0%,0.0,0%,0%,0.0,0.0,0.0,200.0,
Ian Butler,"5' 8""",155 lbs.,,,,2.09,14%,6.69,36%,0.0,0%,50%,0.0,14.0,0.0,155.0,
Goldman Butler,,,,,,0.0,0%,0.0,0%,0.0,0%,0%,0.0,0.0,0.0,,
Cheyanne Buys,"5' 3""",115 lbs.,"63""",Switch,1995-06-25,4.1,53%,1.67,65%,0.0,0%,60%,0.0,53.0,0.0,115.0,63.0
Raphael Butler,"6' 3""",261 lbs.,,,1984-01-04,4.69,45%,0.94,91%,0.0,0%,100%,14.1,45.0,0.0,261.0,
JP Buys,"5' 5""",125 lbs.,"67""",Orthodox,1996-04-30,2.66,45%,3.05,43%,2.22,50%,33%,2.2,45.0,50.0,125.0,67.0
Dennis Buzukja,"5' 9""",145 lbs.,"71""",Switch,1997-10-01,3.8,46%,6.8,35%,2.0,25%,100%,1.0,46.0,25.0,145.0,71.0
Charles Byrd,"5' 10""",185 lbs.,"73""",Orthodox,1983-10-11,3.43,55%,2.63,55%,2.5,50%,40%,1.5,55.0,50.0,185.0,73.0
Steve Byrnes,"6' 0""",170 lbs.,,Orthodox,,1.2,51%,2.67,27%,3.0,60%,0%,4.0,51.0,60.0,170.0,
Michael Byrnes,"5' 11""",155 lbs.,,,1990-07-17,0.0,0%,0.0,0%,0.0,0%,0%,0.0,0.0,0.0,155.0,
Alvin Cacdac,"5' 6""",125 lbs.,,Orthodox,,1.21,66%,0.61,0%,0.0,0%,0%,0.0,66.0,0.0,125.0,
Yan Cabral,"5' 11""",155 lbs.,"73""",Orthodox,1983-05-13,2.02,47%,1.98,62%,2.89,35%,37%,1.2,47.0,35.0,155.0,73.0
Alex Caceres,"5' 10""",145 lbs.,"73""",Southpaw,1988-06-20,4.1,50%,2.82,65%,0.57,78%,64%,0.8,50.0,78.0,145.0,73.0
Vince Cachero,"5' 6""",145 lbs.,"68""",Orthodox,1989-11-07,3.29,45%,6.51,43%,0.0,0%,18%,0.5,45.0,0.0,145.0,68.0
Priscila Cachoeira,"5' 7""",135 lbs.,"65""",Orthodox,1988-08-19,3.84,37%,7.93,42%,0.0,0%,69%,0.0,37.0,0.0,135.0,65.0
Travis Calanoc,"5' 8""",145 lbs.,,Orthodox,,0.0,0%,0.0,0%,0.0,0%,0%,0.0,0.0,0.0,145.0,
Ricky Calatayud,"5' 9""",125 lbs.,,,1982-10-10,0.0,0%,0.0,0%,0.0,0%,0%,0.0,0.0,0.0,125.0,
Darrion Caldwell,"5' 10""",135 lbs.,,,1987-12-19,0.85,34%,0.57,60%,3.41,66%,100%,0.8,34.0,66.0,135.0,
Joanne Calderwood,"5' 6""",125 lbs.,"65""",Orthodox,1985-12-23,6.59,49%,4.4,53%,1.8,55%,58%,0.5,49.0,55.0,125.0,65.0
Taylor Callens,"5' 10""",155 lbs.,,,1991-05-21,0.0,0%,0.0,0%,0.0,0%,0%,0.0,0.0,0.0,155.0,
Joe Camacho,"5' 9""",155 lbs.,,Orthodox,1972-03-10,0.31,17%,5.0,42%,0.0,0%,0%,0.0,17.0,0.0,155.0,
Cynthia Calvillo,"5' 4""",125 lbs.,"64""",Orthodox,1987-07-13,4.18,41%,3.52,67%,1.85,44%,71%,1.1,41.0,44.0,125.0,64.0
Frank Camacho,"5' 10""",170 lbs.,"73""",Orthodox,1989-05-18,6.67,46%,7.31,52%,1.17,45%,72%,0.0,46.0,45.0,170.0,73.0
Fabricio Camoes,"5' 10""",155 lbs.,"71""",Orthodox,1978-12-23,1.29,33%,1.85,61%,2.34,32%,20%,1.5,33.0,32.0,155.0,71.0
Chris Camozzi,"6' 2""",185 lbs.,"75""",Orthodox,1986-11-20,3.57,44%,2.96,56%,0.27,19%,57%,0.5,44.0,19.0,185.0,75.0
Brian Camozzi,"6' 2""",170 lbs.,"78""",Orthodox,1991-06-24,3.15,26%,6.39,54%,0.0,0%,0%,0.7,26.0,0.0,170.0,78.0
Thomas Campbell,,,,,,0.0,0%,0.0,0%,0.0,0%,0%,0.0,0.0,0.0,,
Mike Campbell,"5' 9""",155 lbs.,,Southpaw,,1.4,26%,1.4,63%,5.26,100%,0%,0.0,26.0,100.0,155.0,
Shane Campbell,"6' 0""",155 lbs.,"71""",Orthodox,1987-01-21,3.99,59%,3.19,55%,1.36,28%,82%,0.0,59.0,28.0,155.0,71.0
John Campetella,"5' 9""",235 lbs.,,Orthodox,,0.0,0%,0.0,0%,0.0,0%,0%,0.0,0.0,0.0,235.0,
Wagner Campos,"5' 6""",145 lbs.,,Southpaw,1981-07-31,1.54,41%,2.53,51%,2.71,100%,0%,0.0,41.0,100.0,145.0,
Derek Campos,"5' 9""",155 lbs.,,,1988-04-01,2.41,23%,10.34,44%,0.0,0%,0%,0.0,23.0,0.0,155.0,
Will Campuzano,"5' 9""",125 lbs.,"70""",Orthodox,1986-05-27,2.43,31%,3.82,57%,0.88,45%,48%,0.2,31.0,45.0,125.0,70.0
Chico Camus,"5' 6""",125 lbs.,"66""",Orthodox,1985-01-26,2.58,41%,2.46,64%,0.77,40%,72%,0.4,41.0,40.0,125.0,66.0
Asbel Cancio,"5' 10""",225 lbs.,,,,0.0,0%,0.0,0%,0.0,0%,0%,0.0,0.0,0.0,225.0,
Aleksa Camur,"6' 1""",205 lbs.,"74""",Orthodox,1995-09-25,3.94,54%,2.49,57%,0.84,33%,20%,0.0,54.0,33.0,205.0,74.0
Carlos Candelario,"5' 8""",125 lbs.,"67""",Southpaw,1991-06-04,3.87,47%,1.67,57%,0.0,0%,46%,0.0,47.0,0.0,125.0,67.0
Ronaldo Candido,"5' 6""",125 lbs.,,Southpaw,1989-04-24,1.67,42%,3.87,52%,8.0,53%,0%,5.0,42.0,53.0,125.0,
Guido Cannetti,"5' 6""",135 lbs.,"68""",Southpaw,1979-12-19,2.85,51%,2.17,50%,2.64,50%,75%,0.3,51.0,50.0,135.0,68.0
Luiz Cane,"6' 2""",185 lbs.,"77""",Southpaw,1981-04-24,4.79,41%,5.0,60%,0.56,28%,100%,0.3,41.0,28.0,185.0,77.0
Cody Canterbury,"5' 8""",155 lbs.,,,,0.0,0%,0.0,0%,0.0,0%,0%,0.0,0.0,0.0,155.0,
Jose Canseco,"6' 4""",240 lbs.,,Orthodox,1964-07-02,0.78,10%,4.68,62%,0.0,0%,0%,0.0,10.0,0.0,240.0,
Jared Cannonier,"5' 11""",185 lbs.,"77""",Switch,1984-03-16,3.7,52%,3.09,64%,0.16,33%,54%,0.0,52.0,33.0,185.0,77.0
Bo Cantrell,"6' 2""",235 lbs.,,Orthodox,1969-02-08,3.16,16%,12.63,0%,0.0,0%,0%,0.0,16.0,0.0,235.0,
Phil Caracappa,"5' 8""",135 lbs.,"70""",Orthodox,1992-06-05,2.93,50%,4.07,29%,1.0,8%,100%,1.0,50.0,8.0,135.0,70.0
Steve Cantwell,"6' 2""",185 lbs.,"75""",Orthodox,1986-12-08,3.63,34%,5.76,55%,0.65,30%,80%,0.7,34.0,30.0,185.0,75.0
Frank Caracci,,,,,,0.0,0%,0.0,0%,0.0,0%,0%,0.0,0.0,0.0,,
Gina Carano,"5' 8""",145 lbs.,,Orthodox,1982-04-16,4.5,47%,2.66,64%,1.24,66%,85%,1.6,47.0,66.0,145.0,
Phil Cardella,"5' 11""",155 lbs.,,,1976-07-09,2.47,50%,2.0,57%,0.0,0%,11%,2.5,50.0,0.0,155.0,
Dos Caras Jr.,"6' 4""",225 lbs.,,Orthodox,1977-05-25,0.77,23%,1.2,59%,0.0,0%,72%,0.0,23.0,0.0,225.0,
Remo Cardarelli,,135 lbs.,,,,2.27,47%,1.47,59%,0.0,0%,100%,0.0,47.0,0.0,135.0,
Bryan Caraway,"5' 8""",135 lbs.,"68""",Orthodox,1984-08-04,2.53,34%,3.61,54%,2.57,25%,80%,0.8,34.0,25.0,135.0,68.0
Edgar Cardenas,,145 lbs.,,,,0.0,0%,0.0,0%,0.0,0%,0%,0.0,0.0,0.0,145.0,
Chris Cariaso,"5' 3""",125 lbs.,"64""",Southpaw,1981-05-27,3.35,43%,2.23,61%,1.11,39%,57%,0.8,43.0,39.0,125.0,64.0
Ronald Carillo,,125 lbs.,,,,0.0,0%,0.0,0%,0.0,0%,0%,0.0,0.0,0.0,125.0,
Rafael Carino,"6' 8""",245 lbs.,,Orthodox,,0.0,0%,0.0,0%,0.0,0%,0%,0.0,0.0,0.0,245.0,
Don Carlo-Clauss,,170 lbs.,,,,1.44,30%,7.68,43%,0.0,0%,66%,0.0,30.0,0.0,170.0,
Antonio Carlos Junior,"6' 2""",185 lbs.,"79""",Orthodox,1990-03-16,1.95,42%,2.14,52%,3.42,39%,53%,0.8,42.0,39.0,185.0,79.0
Spike Carlyle,"5' 8""",145 lbs.,"71""",Switch,1993-05-06,2.55,54%,3.85,30%,3.34,36%,57%,0.5,54.0,36.0,145.0,71.0
Francis Carmont,"6' 3""",205 lbs.,"78""",Orthodox,1981-10-11,2.22,42%,1.64,59%,1.79,36%,73%,0.6,42.0,36.0,205.0,78.0
Liz Carmouche,"5' 6""",125 lbs.,"66""",Orthodox,1984-02-19,2.78,54%,2.51,61%,2.57,51%,65%,0.3,54.0,51.0,125.0,66.0
Ariane Carnelossi,"5' 2""",115 lbs.,"61""",Orthodox,1992-11-17,6.03,38%,7.71,50%,0.0,0%,0%,0.0,38.0,0.0,115.0,61.0
Roan Carneiro,"5' 11""",170 lbs.,"76""",Orthodox,1978-06-02,1.46,46%,1.82,62%,3.05,42%,83%,1.4,46.0,42.0,170.0,76.0
Luana Carolina,"5' 6""",125 lbs.,"69""",Orthodox,1993-06-11,6.29,50%,3.75,47%,0.0,0%,100%,2.4,50.0,0.0,125.0,69.0
Tim Caron,"6' 1""",185 lbs.,,Orthodox,1987-07-24,0.59,50%,6.9,12%,0.0,0%,0%,0.0,50.0,0.0,185.0,
Cody Carrillo,"5' 10""",155 lbs.,,,,0.0,0%,0.0,0%,0.0,0%,0%,0.0,0.0,0.0,155.0,
Gabriel Carrasco,"5' 6""",135 lbs.,,,,4.15,37%,1.53,80%,0.0,0%,100%,0.0,37.0,0.0,135.0,
Cain Carrizosa,"5' 8""",155 lbs.,,Orthodox,1986-07-22,2.72,42%,5.8,51%,0.0,0%,14%,0.0,42.0,0.0,155.0,
Roger Carroll,"5' 10""",170 lbs.,,,,7.62,61%,10.48,43%,0.0,0%,100%,0.0,61.0,0.0,170.0,
Jonny Carson,"5' 10""",155 lbs.,,,,0.0,0%,0.0,0%,0.0,0%,0%,0.0,0.0,0.0,155.0,
Scott Carson,"6' 2""",215 lbs.,,,,0.62,66%,6.22,23%,0.0,0%,0%,0.0,66.0,0.0,215.0,
Shonie Carter,"5' 10""",170 lbs.,,Southpaw,1972-05-03,1.62,36%,2.32,47%,0.75,66%,75%,0.0,36.0,66.0,170.0,
Bruno Carvalho,"5' 8""",154 lbs.,,,1982-06-07,0.6,45%,0.93,53%,0.0,0%,66%,4.0,45.0,0.0,154.0,
Antonio Carvalho,"5' 9""",145 lbs.,"70""",Orthodox,1979-05-30,3.03,29%,3.62,64%,0.0,0%,100%,0.0,29.0,0.0,145.0,70.0
Rafael Carvalho,"6' 3""",185 lbs.,,,1986-07-27,1.94,50%,1.84,54%,2.77,40%,70%,0.0,50.0,40.0,185.0,
Shane Carwin,"6' 2""",265 lbs.,"80""",Orthodox,1975-01-04,4.38,47%,3.53,53%,1.42,33%,42%,0.0,47.0,33.0,265.0,80.0
Johnny Case,"5' 10""",155 lbs.,"72""",Orthodox,1989-06-28,3.95,38%,2.66,61%,1.7,45%,72%,0.2,38.0,45.0,155.0,72.0
Kevin Casey,"5' 11""",185 lbs.,"77""",Southpaw,1981-06-15,2.27,53%,3.76,46%,0.79,22%,27%,0.4,53.0,22.0,185.0,77.0
Cortney Casey,"5' 7""",125 lbs.,"67""",Orthodox,1987-05-05,4.33,38%,4.19,52%,0.28,27%,38%,0.6,38.0,27.0,125.0,67.0
Bendy Casimir,"5' 5""",145 lbs.,,Southpaw,1980-06-10,0.74,27%,3.42,54%,0.0,0%,100%,0.0,27.0,0.0,145.0,
Brandon Cash,"6' 5""",255 lbs.,,Orthodox,,5.42,72%,0.68,33%,10.17,66%,0%,0.0,72.0,66.0,255.0,
Dwayne Cason,"5' 10""",212 lbs.,,Orthodox,,0.0,0%,0.0,0%,0.0,0%,0%,0.0,0.0,0.0,212.0,
Joe Cason,"6' 3""",205 lbs.,,,1988-01-19,4.17,55%,10.83,23%,0.0,0%,0%,0.0,55.0,0.0,205.0,
John Castaneda,"5' 6""",135 lbs.,"71""",Switch,1991-12-18,4.17,49%,5.07,55%,0.86,25%,60%,0.0,49.0,25.0,135.0,71.0
Eric Castile,"5' 8""",145 lbs.,,,,0.0,0%,0.0,0%,0.0,0%,0%,0.0,0.0,0.0,145.0,
Gil Castillo,"5' 9""",170 lbs.,,Southpaw,1965-10-21,0.6,45%,2.22,44%,3.33,45%,50%,0.0,45.0,45.0,170.0,
Raul Castillo,"5' 11""",185 lbs.,,Orthodox,,1.47,48%,3.27,60%,0.0,0%,0%,0.0,48.0,0.0,185.0,
Jenna Castillo,"5' 2""",125 lbs.,,,1982-05-05,3.24,56%,2.01,57%,1.68,100%,100%,0.0,56.0,100.0,125.0,
Tim Catalfo,"5' 11""",235 lbs.,,Orthodox,,0.39,100%,0.77,33%,0.0,0%,0%,0.0,100.0,0.0,235.0,
Danny Castillo,"5' 9""",155 lbs.,"71""",Orthodox,1979-08-25,2.57,42%,1.96,62%,2.95,38%,63%,0.2,42.0,38.0,155.0,71.0
Nick Catone,"6' 0""",185 lbs.,"72""",Southpaw,1981-09-01,2.11,44%,2.32,63%,3.71,44%,83%,0.5,44.0,44.0,185.0,72.0
Luke Caudillo,"5' 7""",155 lbs.,,Orthodox,1980-11-30,1.97,28%,5.07,55%,0.44,20%,85%,0.0,28.0,20.0,155.0,
Gesias Cavalcante,"5' 8""",155 lbs.,"71""",Orthodox,1983-07-06,1.98,35%,3.11,51%,1.25,36%,66%,1.1,35.0,36.0,155.0,71.0
Rafael Cavalcante,"6' 1""",205 lbs.,"74""",Orthodox,1980-04-14,2.71,53%,3.62,49%,0.6,40%,63%,0.1,53.0,40.0,205.0,74.0
Adam Cella,"6' 2""",170 lbs.,,,1985-06-26,1.91,42%,2.61,51%,3.92,75%,50%,1.3,42.0,75.0,170.0,
Henry Cejudo,"5' 4""",135 lbs.,"64""",Orthodox,1987-02-09,3.92,45%,2.77,65%,2.12,33%,93%,0.2,45.0,33.0,135.0,64.0
Yosdenis Cedeno,"5' 8""",155 lbs.,"69""",Orthodox,1985-02-12,1.64,29%,1.6,67%,0.0,0%,31%,0.3,29.0,0.0,155.0,69.0
Magnus Cedenblad,"6' 5""",185 lbs.,"79""",Orthodox,1982-04-10,2.38,51%,3.02,40%,2.87,64%,66%,1.0,51.0,64.0,185.0,79.0
Jared Chaffee,"5' 10""",155 lbs.,,,1984-12-15,0.0,0%,0.0,0%,0.0,0%,0%,0.0,0.0,0.0,155.0,
Luan Chagas,"6' 0""",170 lbs.,"75""",Orthodox,1993-06-17,4.16,47%,3.19,62%,0.32,12%,85%,0.3,47.0,12.0,170.0,75.0
Donald Cerrone,"6' 1""",155 lbs.,"73""",Orthodox,1983-03-29,4.43,46%,4.46,53%,1.19,33%,73%,1.2,46.0,33.0,155.0,73.0
Ansar Chalangov,"5' 9""",170 lbs.,,Orthodox,1979-10-30,0.68,66%,1.69,54%,0.0,0%,0%,7.6,66.0,0.0,170.0,
Donnie Chappell,"5' 11""",178 lbs.,,Southpaw,,0.0,0%,0.0,0%,0.0,0%,0%,0.0,0.0,0.0,178.0,
Alex Chambers,"5' 3""",115 lbs.,"63""",Southpaw,1978-10-25,2.97,54%,5.1,50%,2.31,41%,53%,1.0,54.0,41.0,115.0,63.0
Joe Charles,"6' 1""",260 lbs.,,Southpaw,,0.0,0%,0.0,0%,0.0,0%,0%,0.0,0.0,0.0,260.0,
Michael Chandler,"5' 8""",155 lbs.,"71""",Orthodox,1986-04-24,4.29,49%,3.76,52%,2.37,41%,80%,1.4,49.0,41.0,155.0,71.0
Dan Charles,"6' 2""",228 lbs.,,,1985-09-24,2.82,45%,3.51,44%,0.0,0%,31%,0.0,45.0,0.0,228.0,
Emilio Chavez,"5' 9""",145 lbs.,,,,2.73,48%,1.53,54%,3.0,50%,0%,0.0,48.0,50.0,145.0,
Ernest Chavez,"5' 8""",145 lbs.,"70""",Orthodox,1983-06-27,2.79,40%,3.89,59%,0.89,33%,50%,0.0,40.0,33.0,145.0,70.0
Danny Chavez,"5' 8""",145 lbs.,"67""",Orthodox,1987-03-14,2.93,39%,4.17,53%,2.5,100%,84%,0.0,39.0,100.0,145.0,67.0
Gabriel Checco,"6' 1""",185 lbs.,,Switch,1986-04-03,0.0,0%,0.0,0%,0.0,0%,0%,0.0,0.0,0.0,185.0,
Fabio Cherant,"6' 1""",205 lbs.,,Southpaw,1994-11-25,1.21,31%,7.59,33%,0.0,0%,0%,0.0,31.0,0.0,205.0,
Ion Cherdivara,,205 lbs.,,,,0.0,0%,0.0,0%,0.0,0%,0%,0.0,0.0,0.0,205.0,
Albert Cheng,"5' 11""",170 lbs.,,Orthodox,1985-02-07,1.0,41%,2.6,71%,0.0,0%,0%,0.0,41.0,0.0,170.0,
Mark Cherico,"5' 7""",145 lbs.,"69""",Orthodox,1986-05-12,3.69,34%,7.37,56%,5.03,50%,0%,0.0,34.0,50.0,145.0,69.0
Macy Chiasson,"5' 11""",135 lbs.,"72""",Orthodox,1991-07-27,4.16,49%,2.17,46%,0.98,21%,64%,0.5,49.0,21.0,135.0,72.0
Giga Chikadze,"6' 0""",145 lbs.,"74""",Orthodox,1988-08-25,3.45,43%,2.65,60%,0.38,33%,68%,0.0,43.0,33.0,145.0,74.0
Michael Chiesa,"6' 1""",170 lbs.,"75""",Southpaw,1987-12-07,1.89,40%,1.71,54%,3.6,52%,68%,0.9,40.0,52.0,170.0,75.0
Khamzat Chimaev,"6' 2""",170 lbs.,"75""",Orthodox,1994-05-01,9.03,72%,0.1,66%,4.67,75%,0%,3.1,72.0,75.0,170.0,75.0
Mu Bae Choi,"6' 2""",230 lbs.,,Orthodox,1970-06-27,1.55,49%,3.65,44%,3.12,75%,60%,1.0,49.0,75.0,230.0,
Dooho Choi,"5' 10""",145 lbs.,"70""",Orthodox,1991-04-10,5.32,51%,6.38,53%,0.41,20%,50%,0.0,51.0,20.0,145.0,70.0
Hong Man Choi,"7' 2""",330 lbs.,,Orthodox,1980-10-30,1.32,26%,1.46,36%,0.71,100%,84%,0.0,26.0,100.0,330.0,
Sako Chivitchian,"5' 11""",155 lbs.,,,1984-03-11,2.4,27%,4.8,46%,0.0,0%,100%,0.0,27.0,0.0,155.0,
SeungWoo Choi,"6' 0""",145 lbs.,"74""",Orthodox,1992-11-03,3.17,41%,2.45,46%,1.03,57%,66%,0.0,41.0,57.0,145.0,74.0
John Cholish,"5' 11""",155 lbs.,"74""",Orthodox,1983-12-17,2.65,49%,2.29,73%,1.82,31%,78%,0.4,49.0,31.0,155.0,74.0
Joachim Christensen,"6' 3""",205 lbs.,"76""",Orthodox,1978-11-07,3.78,41%,3.29,46%,0.0,0%,0%,0.0,41.0,0.0,205.0,76.0
Will Chope,"6' 4""",145 lbs.,,Switch,1990-09-08,4.43,27%,9.93,46%,0.0,0%,0%,0.0,27.0,0.0,145.0,
Anthony Christodoulou,"5' 9""",155 lbs.,,Orthodox,1987-07-30,2.19,26%,5.9,45%,0.0,0%,40%,0.0,26.0,0.0,155.0,
Ryo Chonan,"5' 9""",170 lbs.,"70""",Orthodox,1976-10-08,2.57,43%,2.25,60%,0.61,41%,39%,0.3,43.0,41.0,170.0,70.0
Dan Christison,"6' 8""",265 lbs.,,Orthodox,1972-04-26,4.23,51%,3.88,54%,0.0,0%,37%,1.1,51.0,0.0,265.0,
Katlyn Chookagian,"5' 9""",125 lbs.,"68""",Orthodox,1988-12-28,4.22,34%,4.23,63%,0.27,15%,51%,0.5,34.0,15.0,125.0,68.0
Murad Chunkaiev,"5' 11""",185 lbs.,,Orthodox,,0.85,16%,3.41,66%,8.53,100%,0%,0.0,16.0,100.0,185.0,
Mike Ciesnolevicz,"6' 0""",235 lbs.,,Orthodox,1979-10-28,0.51,50%,4.62,57%,0.0,0%,20%,5.1,50.0,0.0,235.0,
Steven Ciaccio,"6' 0""",170 lbs.,,,,0.0,0%,0.0,0%,0.0,0%,0%,0.0,0.0,0.0,170.0,
Nikolajus Cilkinas,,,,Orthodox,,0.0,0%,5.88,16%,0.0,0%,0%,0.0,0.0,0.0,,
Cameron Church,"5' 11""",155 lbs.,"72""",Orthodox,1990-09-27,4.0,40%,4.93,50%,0.0,0%,60%,1.0,40.0,0.0,155.0,72.0
Branko Cikatic,"6' 1""",215 lbs.,,Orthodox,1954-10-03,0.0,0%,0.0,0%,0.0,0%,0%,0.0,0.0,0.0,215.0,
Hannah Cifers,"5' 1""",115 lbs.,"62""",Orthodox,1992-06-26,4.99,44%,5.39,52%,0.26,100%,64%,0.3,44.0,100.0,115.0,62.0
Misha Cirkunov,"6' 3""",205 lbs.,"77""",Orthodox,1987-02-27,4.18,51%,3.22,60%,4.28,57%,71%,2.3,51.0,57.0,205.0,77.0
Johnny Cisneros,"5' 11""",170 lbs.,,,1980-02-05,0.0,0%,0.0,0%,0.0,0%,0%,0.0,0.0,0.0,170.0,
Dominic Clark,"5' 10""",155 lbs.,,,1985-08-01,0.0,0%,0.0,0%,0.0,0%,0%,0.0,0.0,0.0,155.0,
Logan Clark,"6' 2""",185 lbs.,,Orthodox,1985-02-16,2.2,54%,1.49,53%,0.31,100%,30%,2.1,54.0,100.0,185.0,
Mychal Clark,"6' 3""",224 lbs.,,Orthodox,,5.8,56%,2.9,59%,0.0,0%,0%,0.0,56.0,0.0,224.0,
Laverne Clark,"5' 11""",170 lbs.,,Orthodox,1973-12-02,0.0,0%,0.0,0%,0.0,0%,0%,0.0,0.0,0.0,170.0,
Devin Clark,"6' 0""",205 lbs.,"75""",Orthodox,1990-04-12,3.33,57%,2.43,48%,2.7,36%,76%,0.1,57.0,36.0,205.0,75.0
Jessica-Rose Clark,"5' 5""",125 lbs.,"64""",Orthodox,1987-11-28,4.68,51%,3.98,60%,1.01,55%,73%,0.4,51.0,55.0,125.0,64.0
Heather Clark,"5' 6""",115 lbs.,"64""",Orthodox,1980-09-19,3.69,49%,5.62,50%,0.33,4%,80%,0.3,49.0,4.0,115.0,64.0
John Clarke,,170 lbs.,,,1977-08-15,0.0,0%,0.0,0%,0.0,0%,0%,0.0,0.0,0.0,170.0,
Rich Clementi,"5' 9""",155 lbs.,"72""",Southpaw,1976-03-31,1.43,37%,2.29,60%,1.72,42%,25%,1.1,37.0,42.0,155.0,72.0
Chris Clements,"5' 10""",170 lbs.,"70""",Orthodox,1976-02-09,3.2,49%,2.37,44%,0.0,0%,32%,0.3,49.0,0.0,170.0,70.0
Mitch Clarke,"5' 10""",155 lbs.,"73""",Orthodox,1985-11-24,2.35,34%,3.27,47%,0.64,15%,50%,0.4,34.0,15.0,155.0,73.0
RJ Clifford,,160 lbs.,,,,0.0,0%,0.0,0%,0.0,0%,0%,0.0,0.0,0.0,160.0,
Brian Cobb,"5' 11""",155 lbs.,,Orthodox,,0.0,0%,3.68,55%,5.81,50%,0%,0.0,0.0,50.0,155.0,
Josh Clopton,"5' 6""",145 lbs.,,Orthodox,1981-07-11,1.6,64%,2.87,50%,2.0,66%,75%,0.0,64.0,66.0,145.0,
Darryl Cobb,"5' 9""",185 lbs.,,,1980-08-04,0.0,0%,0.0,0%,0.0,0%,0%,0.0,0.0,0.0,185.0,
Dave Cochran,"5' 6""",155 lbs.,,,1973-05-10,0.0,0%,0.0,0%,0.0,0%,0%,0.0,0.0,0.0,155.0,
Dakota Cochrane,"5' 8""",155 lbs.,,,1986-05-01,2.66,75%,2.66,30%,4.43,33%,0%,0.0,75.0,33.0,155.0,
Marc Cofer,,185 lbs.,,,1972-03-03,0.0,0%,0.0,0%,0.0,0%,0%,0.0,0.0,0.0,185.0,
Marloes Coenen,"5' 9""",145 lbs.,"67""",,1981-03-31,2.15,51%,1.9,67%,0.82,30%,41%,2.5,51.0,30.0,145.0,67.0
John Cofer,"5' 9""",155 lbs.,,Southpaw,1984-04-29,2.73,41%,3.43,62%,1.22,50%,64%,0.0,41.0,50.0,155.0,
Felipe Colares,"5' 8""",135 lbs.,"69""",Orthodox,1994-03-31,1.13,42%,3.0,32%,2.0,25%,34%,1.0,42.0,25.0,135.0,69.0
Chris Coggins,,,,,,0.0,0%,0.0,0%,0.0,0%,0%,0.0,0.0,0.0,,
Wayne Cole,"6' 1""",205 lbs.,,Orthodox,,0.57,20%,8.33,27%,4.31,25%,0%,4.3,20.0,25.0,205.0,
Devin Cole,"6' 4""",240 lbs.,,Orthodox,1976-10-01,3.5,55%,2.14,48%,2.18,42%,66%,0.0,55.0,42.0,240.0,
Ivan Cole,"5' 9""",135 lbs.,,,1990-11-30,2.68,36%,4.69,46%,0.0,0%,0%,0.0,36.0,0.0,135.0,
Coltin Cole,,185 lbs.,,,1989-04-24,0.0,0%,0.0,0%,0.0,0%,0%,0.0,0.0,0.0,185.0,
Cortez Coleman,"6' 1""",185 lbs.,,,1982-01-28,0.0,0%,0.0,0%,0.0,0%,0%,0.0,0.0,0.0,185.0,
Mark Coleman,"6' 1""",205 lbs.,"75""",Orthodox,1964-12-20,1.88,52%,2.62,40%,3.89,40%,50%,0.8,52.0,40.0,205.0,75.0
Clay Collard,"5' 11""",145 lbs.,"73""",Orthodox,1993-03-10,4.22,32%,5.0,50%,2.81,39%,71%,0.5,32.0,39.0,145.0,73.0
Jamie Colleen,"5' 3""",115 lbs.,"65""",Orthodox,1985-11-02,3.11,61%,5.66,33%,0.52,33%,50%,1.6,61.0,33.0,115.0,65.0
Jake Collier,"6' 3""",230 lbs.,"78""",Orthodox,1988-10-25,4.92,41%,4.09,53%,0.57,23%,67%,0.4,41.0,23.0,230.0,78.0
Christian Colombo,"6' 5""",265 lbs.,,Orthodox,1980-07-01,2.76,44%,4.02,42%,0.0,0%,33%,0.0,44.0,0.0,265.0,
Wes Combs,"6' 2""",205 lbs.,,Orthodox,1973-06-18,2.14,48%,4.73,45%,0.0,0%,0%,0.0,48.0,0.0,205.0,
Carlos Condit,"6' 2""",170 lbs.,"75""",Orthodox,1984-04-26,3.63,39%,2.49,56%,0.62,54%,39%,1.0,39.0,54.0,170.0,75.0
Montserrat Conejo,"5' 0""",115 lbs.,"61""",Southpaw,1993-02-03,1.0,36%,2.07,52%,4.0,80%,0%,2.0,36.0,80.0,115.0,61.0
Chris Condo,"6' 0""",335 lbs.,,Orthodox,,0.0,0%,0.0,0%,0.0,0%,0%,0.0,0.0,0.0,335.0,
Tristan Connelly,"5' 10""",170 lbs.,"68""",Orthodox,1985-12-12,4.27,51%,2.13,57%,0.0,0%,60%,1.0,51.0,0.0,170.0,68.0
Jeremiah Constant,"6' 1""",240 lbs.,,Orthodox,1974-07-19,1.5,75%,3.25,43%,0.0,0%,0%,7.5,75.0,0.0,240.0,
Marcos Conrado Jr.,"6' 2""",220 lbs.,,Orthodox,1982-03-14,1.6,34%,9.69,35%,1.84,14%,0%,0.0,34.0,14.0,220.0,
Jonathan Contrestano,,155 lbs.,,,,0.0,0%,0.0,0%,0.0,0%,0%,0.0,0.0,0.0,155.0,
TJ Cook,,205 lbs.,,,1982-09-08,2.3,47%,3.18,54%,1.01,50%,0%,0.0,47.0,50.0,205.0,
Mike Cook,"6' 1""",205 lbs.,,Orthodox,,1.72,49%,2.4,46%,1.03,33%,55%,2.1,49.0,33.0,205.0,
Dewey Cooper,,205 lbs.,,,,0.0,0%,0.0,0%,0.0,0%,0%,0.0,0.0,0.0,205.0,
Bob Cook,"5' 9""",170 lbs.,,Orthodox,,0.0,0%,0.0,0%,0.0,0%,0%,0.0,0.0,0.0,170.0,
Brett Cooper,"6' 0""",170 lbs.,,Orthodox,1987-07-02,0.0,0%,0.0,0%,0.0,0%,0%,0.0,0.0,0.0,170.0,
Chad Cook,"6' 2""",205 lbs.,,,1979-11-07,0.0,0%,0.0,0%,0.0,0%,0%,0.0,0.0,0.0,205.0,
Bill Cooper,,155 lbs.,,,1984-05-05,0.0,0%,0.0,0%,0.0,0%,0%,0.0,0.0,0.0,155.0,
Bobby Cooper,"6' 1""",155 lbs.,,,,2.87,25%,3.4,59%,0.0,0%,40%,1.0,25.0,0.0,155.0,
Michael Cora,"6' 1""",170 lbs.,"77""",Southpaw,1989-08-24,0.8,28%,0.13,66%,0.0,0%,25%,0.0,28.0,0.0,170.0,77.0
Amanda Cooper,"5' 3""",115 lbs.,"64""",Switch,1991-10-22,3.55,44%,3.2,51%,1.53,38%,28%,1.8,44.0,38.0,115.0,64.0
Kit Cope,"6' 0""",170 lbs.,,Orthodox,1977-03-17,1.18,52%,2.12,35%,0.0,0%,50%,3.5,52.0,0.0,170.0,
Josh Copeland,"6' 1""",265 lbs.,,Orthodox,1982-10-20,1.03,31%,3.01,55%,0.0,0%,57%,0.0,31.0,0.0,265.0,
Akira Corassani,"5' 8""",145 lbs.,"68""",Orthodox,1982-08-27,3.25,45%,4.91,50%,0.7,28%,86%,0.0,45.0,28.0,145.0,68.0
Chris Cope,"6' 0""",170 lbs.,"72""",Orthodox,1983-03-05,3.96,26%,4.82,50%,0.0,0%,80%,0.0,26.0,0.0,170.0,72.0
Muhsin Corbbrey,"5' 10""",155 lbs.,,Orthodox,1978-05-18,2.02,34%,5.41,53%,0.0,0%,80%,0.4,34.0,0.0,155.0,
Daniel Cormier,"5' 11""",235 lbs.,"72""",Orthodox,1979-03-20,4.25,52%,2.92,54%,1.83,44%,80%,0.4,52.0,44.0,235.0,72.0
Clint Coronel,,155 lbs.,,,,4.93,32%,5.6,66%,0.0,0%,66%,0.0,32.0,0.0,155.0,
Wesley Correira,"6' 3""",260 lbs.,,Orthodox,1978-11-11,2.6,36%,8.8,40%,0.0,0%,90%,0.0,36.0,0.0,260.0,
Henry Corrales,"5' 9""",145 lbs.,,,,4.12,41%,5.84,55%,0.0,0%,69%,0.0,41.0,0.0,145.0,
Bethe Correia,"5' 5""",135 lbs.,"64""",Orthodox,1983-06-22,4.39,44%,4.56,58%,0.44,20%,84%,0.0,44.0,20.0,135.0,64.0
Chad Corvin,"6' 5""",255 lbs.,,,,0.0,0%,0.0,0%,0.0,0%,0%,0.0,0.0,0.0,255.0,
Louis Cosce,"5' 9""",170 lbs.,"71""",Orthodox,1995-08-27,8.22,48%,9.3,48%,1.07,11%,0%,0.0,48.0,11.0,170.0,71.0
Tracy Cortez,"5' 5""",135 lbs.,"65""",Orthodox,1993-12-10,3.67,53%,1.98,62%,3.0,42%,85%,0.0,53.0,42.0,135.0,65.0
Orion Cosce,"5' 11""",170 lbs.,"71""",Switch,1994-07-15,4.56,62%,1.97,56%,1.02,100%,70%,0.0,62.0,100.0,170.0,71.0
Guilherme Costa,,155 lbs.,,,,0.0,0%,0.0,0%,0.0,0%,0%,0.0,0.0,0.0,155.0,
Jadson Costa,"5' 7""",155 lbs.,,Orthodox,,0.2,50%,3.05,50%,0.0,0%,0%,0.0,50.0,0.0,155.0,
Miguel Cosio,"6' 4""",205 lbs.,,,,0.0,0%,0.0,0%,0.0,0%,0%,0.0,0.0,0.0,205.0,
Randy Costa,"5' 9""",135 lbs.,"73""",Switch,1994-07-06,7.88,47%,5.26,58%,0.0,0%,100%,0.0,47.0,0.0,135.0,73.0
Paulo Costa,"6' 1""",185 lbs.,"72""",Orthodox,1991-04-21,7.03,57%,6.7,50%,0.0,0%,80%,0.0,57.0,0.0,185.0,72.0
Oscar Cota,"6' 0""",230 lbs.,"72""",Orthodox,1984-10-15,0.33,41%,2.47,41%,0.0,0%,60%,1.0,41.0,0.0,230.0,72.0
Patrick Cote,"5' 11""",170 lbs.,"75""",Orthodox,1980-02-29,2.81,48%,3.21,48%,0.68,20%,43%,0.2,48.0,20.0,170.0,75.0
JC Cottrell,"5' 9""",155 lbs.,,Orthodox,1989-11-04,0.79,25%,2.75,45%,0.79,100%,50%,0.0,25.0,100.0,155.0,
Rashad Coulter,"5' 11""",205 lbs.,"76""",Orthodox,1981-11-27,4.82,56%,6.68,50%,0.0,0%,62%,0.0,56.0,0.0,205.0,76.0
JR Coughran,"5' 6""",145 lbs.,,Orthodox,1994-05-17,12.29,57%,6.8,45%,0.0,0%,75%,0.0,57.0,0.0,145.0,
Dave Courchaine,"5' 8""",170 lbs.,,,,0.0,0%,0.0,0%,0.0,0%,0%,0.0,0.0,0.0,170.0,
Kim Couture,"5' 8""",135 lbs.,,Orthodox,1975-12-18,12.12,80%,2.31,69%,0.0,0%,0%,0.0,80.0,0.0,135.0,
Ryan Couture,"5' 10""",155 lbs.,"73""",Orthodox,1982-08-27,3.54,45%,2.87,54%,1.55,29%,46%,1.3,45.0,29.0,155.0,73.0
Nikk Covert,"5' 8""",185 lbs.,,,1969-08-04,0.0,0%,0.0,0%,0.0,0%,0%,0.0,0.0,0.0,185.0,
Colby Covington,"5' 11""",170 lbs.,"72""",Orthodox,1988-02-22,4.12,38%,2.86,55%,4.61,50%,75%,0.1,38.0,50.0,170.0,72.0
Jeff Cox,"5' 10""",155 lbs.,,Orthodox,1968-08-02,0.56,25%,1.69,33%,4.23,50%,80%,0.0,25.0,50.0,155.0,
Nathan Coy,"5' 10""",170 lbs.,"69""",Southpaw,1978-07-24,3.88,52%,2.4,61%,3.17,47%,50%,0.0,52.0,47.0,170.0,69.0
Andrew Craig,"6' 1""",170 lbs.,"76""",Orthodox,1986-01-15,2.39,40%,3.01,50%,0.53,37%,72%,0.0,40.0,37.0,170.0,76.0
Paul Craig,"6' 3""",205 lbs.,"76""",Orthodox,1987-11-27,2.4,49%,2.43,49%,2.11,26%,55%,1.5,49.0,26.0,205.0,76.0
Dan Cramer,"6' 2""",170 lbs.,,Orthodox,1985-10-31,0.97,30%,2.1,31%,0.0,0%,66%,0.5,30.0,0.0,170.0,
Alberto Crane,"5' 5""",155 lbs.,,Orthodox,1976-07-14,0.43,25%,2.61,57%,0.0,0%,50%,4.0,25.0,0.0,155.0,
Alexander Crispim,,145 lbs.,,,,0.0,0%,0.0,0%,0.0,0%,0%,0.0,0.0,0.0,145.0,
Paul Creighton,"5' 6""",155 lbs.,,Southpaw,1970-06-04,0.72,75%,4.65,30%,5.37,37%,0%,0.0,75.0,37.0,155.0,
Tim Credeur,"6' 3""",185 lbs.,"75""",Orthodox,1977-07-09,3.59,30%,3.13,57%,0.41,100%,50%,3.3,30.0,100.0,185.0,75.0
Alex Crispin,,155 lbs.,,,,0.0,0%,0.0,0%,0.0,0%,0%,0.0,0.0,0.0,155.0,
Randy Couture,"6' 1""",205 lbs.,"75""",Orthodox,1963-06-22,2.85,57%,1.53,59%,2.78,46%,58%,0.5,57.0,46.0,205.0,75.0
Kevin Croom,"5' 11""",155 lbs.,"73""",Orthodox,1987-07-15,1.35,36%,3.22,31%,0.97,6%,50%,1.0,36.0,6.0,155.0,73.0
Ken Cross,"6' 0""",155 lbs.,"72""",Southpaw,1994-10-04,2.2,57%,1.4,55%,1.0,12%,66%,0.0,57.0,12.0,155.0,72.0
Jeff Crotty,,155 lbs.,,,,0.93,35%,3.33,54%,5.0,38%,0%,1.0,35.0,38.0,155.0,
Richard Crunkilton,"5' 7""",155 lbs.,,Orthodox,1979-11-25,1.72,41%,1.45,58%,4.08,61%,65%,1.3,41.0,61.0,155.0,
Marcio Cruz,"6' 4""",232 lbs.,,Orthodox,1978-04-24,2.92,46%,1.51,68%,0.53,7%,37%,1.6,46.0,7.0,232.0,
Jimmy Crute,"6' 2""",205 lbs.,"74""",Orthodox,1996-03-04,4.36,57%,2.31,54%,4.33,75%,60%,2.4,57.0,75.0,205.0,74.0
Dominick Cruz,"5' 8""",135 lbs.,"68""",Orthodox,1985-03-09,3.65,32%,2.42,72%,2.99,46%,83%,0.1,32.0,46.0,135.0,68.0
Aalon Cruz,"6' 0""",145 lbs.,"78""",Switch,1989-09-20,7.58,39%,8.88,58%,0.0,0%,0%,0.0,39.0,0.0,145.0,78.0
Jay Cucciniello,"5' 7""",155 lbs.,,Orthodox,1986-07-23,0.93,21%,4.73,36%,0.0,0%,71%,0.0,21.0,0.0,155.0,
Chris Culley,,145 lbs.,,,1986-03-25,0.0,0%,0.0,0%,0.0,0%,0%,0.0,0.0,0.0,145.0,
Abel Cullum,"5' 7""",139 lbs.,,Orthodox,1987-04-21,1.82,40%,1.23,46%,4.01,52%,0%,2.8,40.0,52.0,139.0,
Everett Cummings,,205 lbs.,,,,0.43,60%,4.34,45%,0.0,0%,0%,2.2,60.0,0.0,205.0,
Luke Cummo,"6' 0""",170 lbs.,"74""",Orthodox,1980-04-27,1.74,43%,1.5,59%,0.89,55%,42%,1.4,43.0,55.0,170.0,74.0
Alton Cunningham,"6' 2""",205 lbs.,"77""",Orthodox,1993-06-24,3.33,75%,4.94,20%,1.67,10%,100%,0.0,75.0,10.0,205.0,77.0
Allen Crowder,"6' 3""",245 lbs.,"76""",Orthodox,1989-11-08,2.95,51%,2.95,56%,1.85,33%,100%,1.2,51.0,33.0,245.0,76.0
Josh Culibao,"5' 10""",155 lbs.,"73""",Orthodox,1994-05-24,2.52,38%,4.3,48%,0.0,0%,100%,0.0,38.0,0.0,155.0,73.0
Patrick Cummins,"6' 2""",205 lbs.,"76""",Orthodox,1980-11-16,4.26,50%,3.35,55%,4.49,41%,28%,0.1,50.0,41.0,205.0,76.0
Larry Cureton,"6' 2""",240 lbs.,,Orthodox,,0.0,0%,0.0,0%,0.0,0%,0%,0.0,0.0,0.0,240.0,
Kailin Curran,"5' 4""",115 lbs.,"65""",Orthodox,1991-04-11,3.89,43%,4.75,53%,2.0,57%,61%,0.6,43.0,57.0,115.0,65.0
Jeff Curran,"5' 6""",135 lbs.,"69""",Orthodox,1977-09-02,1.54,31%,2.48,60%,0.35,12%,35%,1.2,31.0,12.0,135.0,69.0
Chris Curtis,"5' 10""",170 lbs.,,Orthodox,1987-07-15,7.23,70%,5.34,60%,0.0,0%,0%,0.0,70.0,0.0,170.0,
Pat Curran,"5' 9""",145 lbs.,,,1987-08-31,4.7,58%,4.4,63%,2.5,62%,66%,0.0,58.0,62.0,145.0,
Daron Cruickshank,"5' 8""",155 lbs.,"72""",Switch,1985-06-11,2.88,38%,2.98,57%,2.04,41%,60%,0.2,38.0,41.0,155.0,72.0
Ion Cutelaba,"6' 1""",205 lbs.,"75""",Southpaw,1993-12-14,5.1,39%,3.37,48%,2.41,71%,80%,0.0,39.0,71.0,205.0,75.0
Marcos da Matta,"5' 4""",145 lbs.,,,1973-03-18,0.0,0%,0.0,0%,0.0,0%,0%,0.0,0.0,0.0,145.0,
Gleidson Cutis,"5' 9""",155 lbs.,,Orthodox,1989-02-07,2.99,52%,8.28,59%,0.0,0%,0%,0.0,52.0,0.0,155.0,
Henrique da Silva,"6' 3""",205 lbs.,"76""",Orthodox,1989-09-01,3.89,60%,5.28,40%,0.25,14%,22%,0.2,60.0,14.0,205.0,76.0
Sarah D'alelio,"5' 7""",145 lbs.,,,1980-12-13,2.4,33%,0.0,100%,0.0,0%,100%,0.0,33.0,0.0,145.0,
Alex Da Silva,"5' 8""",155 lbs.,"73""",Orthodox,1996-02-04,2.07,46%,2.65,55%,2.75,43%,77%,0.4,46.0,43.0,155.0,73.0
Zak Cummings,"6' 0""",185 lbs.,"75""",Southpaw,1984-08-02,2.58,32%,2.83,55%,0.68,28%,65%,0.7,32.0,28.0,185.0,75.0
Henrique Da Silva Lopes,"6' 3""",240 lbs.,,,1985-03-08,0.0,0%,0.0,0%,0.0,0%,0%,0.0,0.0,0.0,240.0,
Nicolas Dalby,"5' 11""",170 lbs.,"74""",Orthodox,1984-11-16,3.2,37%,3.57,55%,1.45,33%,63%,0.0,37.0,33.0,170.0,74.0
Paul Daley,"5' 9""",170 lbs.,"76""",Orthodox,1983-02-21,3.14,47%,2.37,60%,0.91,40%,64%,0.0,47.0,40.0,170.0,76.0
Dave Dalgliesh,"6' 2""",205 lbs.,,Orthodox,1978-04-05,0.0,0%,1.85,50%,0.0,0%,0%,0.0,0.0,0.0,205.0,
Richard Dalton,"6' 1""",205 lbs.,,Orthodox,,1.2,69%,3.27,25%,1.0,11%,0%,0.0,69.0,11.0,205.0,
Marko Damiani,"6' 0""",170 lbs.,,,,0.0,0%,0.0,0%,0.0,0%,0%,0.0,0.0,0.0,170.0,
Aisling Daly,"5' 2""",115 lbs.,"64""",Orthodox,1987-12-24,2.92,52%,1.4,55%,2.15,41%,33%,0.9,52.0,41.0,115.0,64.0
Carina Damm,"5' 4""",135 lbs.,,,,0.0,0%,0.0,0%,0.0,0%,0%,0.0,0.0,0.0,135.0,
Rodrigo Damm,"5' 7""",155 lbs.,"71""",Orthodox,1980-02-03,3.5,36%,5.61,57%,0.44,16%,80%,0.3,36.0,16.0,155.0,71.0
Cindy Dandois,"5' 7""",135 lbs.,,Orthodox,1984-10-26,3.13,32%,3.4,58%,5.0,55%,0%,0.0,32.0,55.0,135.0,
Marques Daniels,,155 lbs.,,,,0.0,0%,0.0,0%,0.0,0%,0%,0.0,0.0,0.0,155.0,
Jarjis Danho,"6' 3""",265 lbs.,"74""",Orthodox,1983-10-15,3.39,48%,5.77,47%,0.57,20%,100%,0.0,48.0,20.0,265.0,74.0
Alexandre Dantas,"6' 2""",238 lbs.,,Orthodox,1979-03-01,0.21,25%,1.87,60%,0.0,0%,0%,3.1,25.0,0.0,238.0,
Raymond Daniels,"6' 2""",185 lbs.,,Southpaw,,0.0,0%,2.61,38%,0.0,0%,33%,3.0,0.0,0.0,185.0,
Mac Danzig,"5' 8""",155 lbs.,"70""",Orthodox,1980-01-02,3.39,48%,3.44,57%,1.2,37%,46%,0.6,48.0,37.0,155.0,70.0
Eduardo Dantas,"5' 10""",135 lbs.,,,1989-02-03,3.33,60%,3.0,60%,4.0,23%,100%,0.0,60.0,23.0,135.0,
Karen Darabedyan,"5' 7""",155 lbs.,"68""",Orthodox,1986-12-18,3.43,51%,2.62,67%,2.14,75%,0%,0.0,51.0,75.0,155.0,68.0
Beneil Dariush,"5' 10""",155 lbs.,"72""",Southpaw,1989-05-06,4.0,49%,2.72,59%,2.03,32%,81%,1.0,49.0,32.0,155.0,72.0
Sean Daugherty,"6' 0""",175 lbs.,,,1975-12-04,0.0,0%,0.0,0%,0.0,0%,0%,0.0,0.0,0.0,175.0,
Kyle Daukaus,"6' 3""",185 lbs.,"76""",Southpaw,1993-02-27,3.69,59%,2.16,42%,2.33,41%,94%,1.7,59.0,41.0,185.0,76.0
Chris Daukaus,"6' 3""",250 lbs.,"76""",Orthodox,1989-09-25,11.78,61%,3.22,65%,0.0,0%,100%,0.0,61.0,0.0,250.0,76.0
Brian Davidson,"5' 6""",145 lbs.,,,,0.0,0%,0.0,0%,0.0,0%,0%,0.0,0.0,0.0,145.0,
Rick Davis,"5' 9""",155 lbs.,,Orthodox,,3.09,50%,6.19,64%,0.0,0%,0%,0.0,50.0,0.0,155.0,
Marcus Davis,"5' 10""",170 lbs.,"70""",Southpaw,1973-08-24,2.72,39%,2.79,65%,1.6,48%,47%,1.4,39.0,48.0,170.0,70.0
LC Davis,"5' 8""",135 lbs.,"69""",Southpaw,1980-10-28,2.04,30%,2.1,59%,2.27,46%,66%,0.2,30.0,46.0,135.0,69.0
Phil Davis,"6' 2""",205 lbs.,"79""",Orthodox,1984-09-25,2.85,34%,1.33,72%,2.99,38%,72%,0.6,34.0,38.0,205.0,79.0
Mike Davis,"6' 0""",145 lbs.,"72""",Orthodox,1992-10-07,6.24,53%,6.76,57%,1.39,33%,69%,0.0,53.0,33.0,145.0,72.0
Lemont Davis,"5' 8""",170 lbs.,,Orthodox,,0.87,54%,1.27,55%,1.0,50%,0%,1.0,54.0,50.0,170.0,
Justin Davis,"5' 11""",205 lbs.,,,1983-04-01,0.0,0%,0.0,0%,0.0,0%,0%,0.0,0.0,0.0,205.0,
Alexis Davis,"5' 6""",135 lbs.,"68""",Orthodox,1984-10-04,4.18,47%,4.18,55%,0.94,40%,34%,0.8,47.0,40.0,135.0,68.0
Danny Davis,"6' 2""",170 lbs.,,,1982-07-28,0.0,0%,0.0,0%,0.0,0%,0%,0.0,0.0,0.0,170.0,
Hakeem Dawodu,"5' 8""",145 lbs.,"73""",Orthodox,1991-07-02,5.15,47%,2.31,63%,0.0,0%,85%,0.0,47.0,0.0,145.0,73.0
Brandon Davis,"5' 10""",135 lbs.,"72""",Orthodox,1990-05-08,4.65,35%,4.33,60%,0.71,45%,56%,0.1,35.0,45.0,135.0,72.0
Grant Dawson,"5' 10""",145 lbs.,"72""",Switch,1994-02-20,3.4,48%,2.1,51%,3.44,34%,40%,1.6,48.0,34.0,145.0,72.0
Jason Day,"6' 0""",185 lbs.,"72""",Orthodox,1981-05-19,3.61,54%,3.46,47%,1.13,100%,0%,0.0,54.0,100.0,185.0,72.0
Martin Day,"5' 10""",145 lbs.,"73""",Orthodox,1988-11-10,3.97,45%,3.79,53%,0.72,60%,65%,0.5,45.0,60.0,145.0,73.0
Angel De Anda,"5' 9""",225 lbs.,,Orthodox,1985-05-28,5.68,46%,6.32,47%,0.0,0%,0%,0.0,46.0,0.0,225.0,
Yorgan De Castro,"6' 0""",250 lbs.,"74""",Orthodox,1986-12-19,2.61,44%,3.9,55%,0.0,0%,75%,0.0,44.0,0.0,250.0,74.0
Geraldo de Freitas,"5' 7""",135 lbs.,"72""",Orthodox,1991-09-30,3.67,52%,2.62,50%,3.0,45%,59%,0.0,52.0,45.0,135.0,72.0
Philip De Fries,"6' 5""",250 lbs.,"79""",Orthodox,1986-04-21,2.3,47%,3.0,37%,3.29,42%,100%,0.6,47.0,42.0,250.0,79.0
Chris de la Rocha,"6' 3""",250 lbs.,"80""",Orthodox,1979-05-15,4.08,45%,6.37,43%,2.02,30%,33%,1.0,45.0,30.0,250.0,80.0
Montana De La Rosa,"5' 7""",125 lbs.,"68""",Orthodox,1995-02-14,2.85,36%,3.39,45%,2.14,28%,57%,1.2,36.0,28.0,125.0,68.0
Mark De La Rosa,"5' 6""",135 lbs.,"65""",Orthodox,1994-08-31,3.13,35%,5.0,48%,0.54,13%,40%,0.2,35.0,13.0,135.0,65.0
Rodrigo de Lima,"5' 7""",155 lbs.,,Orthodox,1991-03-12,1.29,33%,5.5,32%,2.66,36%,0%,1.3,33.0,36.0,155.0,
Mike de la Torre,"5' 11""",145 lbs.,"71""",Orthodox,1986-09-22,3.21,39%,4.75,51%,0.36,16%,83%,0.0,39.0,16.0,145.0,71.0
Edilberto de Oliveira,"6' 0""",170 lbs.,,Orthodox,1982-11-22,4.12,32%,6.79,61%,0.0,0%,0%,0.0,32.0,0.0,170.0,
Maria De Oliveira Neta,"5' 5""",115 lbs.,,Orthodox,1996-12-12,2.62,42%,11.48,23%,0.0,0%,0%,0.0,42.0,0.0,115.0,
Jorge de Oliveira,"5' 8""",155 lbs.,,Orthodox,1980-01-22,1.26,31%,4.84,48%,0.0,0%,22%,0.0,31.0,0.0,155.0,
Isabela de Padua,"5' 3""",125 lbs.,"64""",Orthodox,1991-09-04,1.0,35%,2.07,50%,2.0,66%,0%,1.0,35.0,66.0,125.0,64.0
Germaine de Randamie,"5' 9""",135 lbs.,"71""",Orthodox,1984-04-24,2.72,46%,2.14,65%,0.0,0%,69%,0.4,46.0,0.0,135.0,71.0
Gloria de Paula,"5' 5""",115 lbs.,"67""",Orthodox,1995-06-10,3.33,54%,1.2,70%,0.0,0%,71%,1.0,54.0,0.0,115.0,67.0
Tom DeBlass,"6' 0""",185 lbs.,,Orthodox,1982-05-14,1.5,35%,4.43,37%,1.0,50%,28%,0.5,35.0,50.0,185.0,
Crezio de Souza,,170 lbs.,,Orthodox,,0.0,0%,0.0,0%,0.0,0%,0%,0.0,0.0,0.0,170.0,
Issac DeJesus,,145 lbs.,,,,0.0,0%,0.0,0%,0.0,0%,0%,0.0,0.0,0.0,145.0,
Johil de Oliveira,"5' 6""",170 lbs.,,Orthodox,,0.51,34%,0.73,58%,1.1,50%,44%,0.6,34.0,50.0,170.0,
Rafael  Del Real,"5' 11""",225 lbs.,,,,5.58,40%,0.0,0%,20.93,100%,100%,0.0,40.0,100.0,225.0,
Humberto DeLeon,,135 lbs.,,,1989-11-12,0.0,0%,0.0,0%,0.0,0%,0%,0.0,0.0,0.0,135.0,
Israel Delgado,"5' 10""",155 lbs.,,,,0.0,0%,0.0,0%,0.0,0%,0%,0.0,0.0,0.0,155.0,
Rolando Delgado,"6' 3""",155 lbs.,"77""",Orthodox,1981-11-22,1.56,40%,1.83,62%,1.17,22%,0%,3.5,40.0,22.0,155.0,77.0
Ante Delija,"6' 4""",245 lbs.,,Orthodox,1990-08-07,0.0,0%,0.0,0%,0.0,0%,0%,0.0,0.0,0.0,245.0,
Jon Delos Reyes,"5' 6""",125 lbs.,"67""",Orthodox,1987-08-19,2.99,38%,4.14,51%,3.2,83%,55%,1.9,38.0,83.0,125.0,67.0
Roland Delorme,"5' 9""",135 lbs.,"71""",Orthodox,1983-12-18,2.28,44%,4.32,40%,2.51,34%,42%,1.6,44.0,34.0,135.0,71.0
Jason DeLucia,"5' 11""",190 lbs.,,Southpaw,1969-07-24,0.0,0%,0.0,0%,0.0,0%,0%,0.0,0.0,0.0,190.0,
Vanessa Demopoulos,"5' 2""",115 lbs.,"59""",Orthodox,1988-09-22,1.6,41%,3.13,50%,0.0,0%,0%,2.0,41.0,0.0,115.0,59.0
Nick Denis,"5' 7""",135 lbs.,,Orthodox,1983-10-11,6.54,53%,5.42,36%,2.8,100%,80%,0.0,53.0,100.0,135.0,
Justin DeMoney,,170 lbs.,,,1985-07-01,0.0,0%,0.0,0%,0.0,0%,0%,0.0,0.0,0.0,170.0,
Chris Dempsey,"5' 10""",185 lbs.,"72""",Orthodox,1987-09-08,2.25,32%,2.82,65%,2.64,23%,16%,0.0,32.0,23.0,185.0,72.0
Thomas Denny,"5' 10""",170 lbs.,,Orthodox,1971-04-19,2.36,45%,4.69,40%,1.48,17%,42%,1.5,45.0,17.0,170.0,
Robert Densley,"5' 9""",155 lbs.,,,,1.81,47%,0.4,60%,0.0,0%,50%,0.0,47.0,0.0,155.0,
Shane del Rosario,"6' 4""",250 lbs.,,Southpaw,1983-09-23,3.93,60%,2.97,54%,1.2,40%,16%,2.4,60.0,40.0,250.0,
Jason Dent,"5' 10""",155 lbs.,"71""",Orthodox,1980-06-12,2.01,39%,3.7,62%,0.0,0%,26%,1.4,39.0,0.0,155.0,71.0
Tony DeSouza,"6' 0""",170 lbs.,"70""",Southpaw,1974-07-26,1.12,52%,1.57,41%,2.25,42%,40%,1.5,52.0,42.0,170.0,70.0
Booker DeRousse,"6' 2""",205 lbs.,,,1981-03-23,0.0,0%,0.0,0%,0.0,0%,0%,0.0,0.0,0.0,205.0,
Mackenzie Dern,"5' 4""",115 lbs.,"63""",Orthodox,1993-03-24,3.74,38%,3.81,61%,0.28,5%,0%,2.2,38.0,5.0,115.0,63.0
Cory Devela,"5' 0""",185 lbs.,,Orthodox,,4.07,41%,4.0,47%,1.07,12%,62%,0.0,41.0,12.0,185.0,
Alessio Di Chirico,"6' 0""",185 lbs.,"74""",Orthodox,1989-12-12,3.3,41%,3.24,62%,1.62,45%,83%,0.0,41.0,45.0,185.0,74.0
John Devine,,,,,,1.52,18%,2.28,57%,0.0,0%,0%,0.0,18.0,0.0,,
Micol Di Segni,"5' 3""",115 lbs.,"60""",Orthodox,1987-12-29,7.47,40%,5.87,33%,0.0,0%,37%,0.0,40.0,0.0,115.0,60.0
Cyrille Diabate,"6' 6""",205 lbs.,"81""",Southpaw,1973-10-06,4.06,71%,1.78,60%,1.17,83%,53%,0.2,71.0,83.0,205.0,81.0
Edwin DeWees,"6' 1""",185 lbs.,,Orthodox,1982-08-07,1.53,33%,6.19,39%,2.18,66%,0%,3.3,33.0,66.0,185.0,
Tyler Diamond,"5' 7""",145 lbs.,"69""",Orthodox,1991-03-18,3.4,47%,2.53,44%,3.0,75%,70%,0.0,47.0,75.0,145.0,69.0
Thomas Diagne,"6' 1""",154 lbs.,,,1983-09-03,4.53,48%,4.53,63%,2.0,100%,66%,0.0,48.0,100.0,154.0,
Eldo Xavier Dias,"5' 11""",180 lbs.,,,1964-07-16,0.0,0%,0.0,0%,0.0,0%,0%,0.0,0.0,0.0,180.0,
Rafael Dias,"5' 9""",145 lbs.,,Orthodox,1979-10-20,1.13,27%,2.19,60%,3.17,47%,100%,1.2,27.0,47.0,145.0,
Marc Diakiese,"5' 10""",155 lbs.,"73""",Orthodox,1993-03-16,3.08,39%,2.79,54%,2.16,36%,62%,0.0,39.0,36.0,155.0,73.0
Hacran Dias,"5' 8""",155 lbs.,"69""",Orthodox,1984-06-16,2.08,41%,3.31,55%,2.5,39%,76%,0.5,41.0,39.0,155.0,69.0
Nick Diaz,"6' 1""",185 lbs.,"76""",Southpaw,1983-08-02,5.43,42%,3.56,61%,1.32,33%,60%,1.0,42.0,33.0,185.0,76.0
Nate Diaz,"6' 0""",170 lbs.,"76""",Southpaw,1985-04-16,4.62,45%,3.78,53%,1.19,30%,42%,1.4,45.0,30.0,170.0,76.0
Adrian Diaz,"5' 10""",145 lbs.,,Southpaw,1988-04-26,0.48,42%,3.84,51%,2.4,50%,0%,0.0,42.0,50.0,145.0,
Mark Dickman,"5' 9""",145 lbs.,,,1984-07-19,0.0,0%,0.0,0%,0.0,0%,0%,0.0,0.0,0.0,145.0,
Michael Diaz,,260 lbs.,,,,0.0,0%,0.0,0%,0.0,0%,0%,0.0,0.0,0.0,260.0,
Josh Diekmann,"5' 4""",246 lbs.,,,1976-10-09,0.28,5%,8.17,25%,0.0,0%,0%,0.0,5.0,0.0,246.0,
Kyle Dietz,"5' 8""",135 lbs.,,Orthodox,1986-04-29,1.82,45%,2.08,62%,0.0,0%,0%,0.0,45.0,0.0,135.0,
Ryan Diaz,,145 lbs.,,,,0.0,0%,0.0,0%,0.0,0%,0%,0.0,0.0,0.0,145.0,
Seth Dikun,"5' 10""",135 lbs.,"69""",Orthodox,1980-08-05,1.45,26%,2.18,55%,0.0,0%,45%,0.9,26.0,0.0,135.0,69.0
TJ Dillashaw,"5' 6""",125 lbs.,"67""",Orthodox,1986-02-07,5.37,41%,3.03,65%,1.68,37%,86%,1.0,41.0,37.0,125.0,67.0
Matt Dixon,"5' 10""",170 lbs.,"75""",Switch,1995-10-09,1.97,43%,4.56,37%,3.06,30%,0%,0.0,43.0,30.0,170.0,75.0
Rodolfo Marques Diniz,"5' 6""",135 lbs.,,,1984-01-23,1.08,32%,2.36,33%,0.0,0%,50%,1.8,32.0,0.0,135.0,
Ralph Dillon,"6' 2""",205 lbs.,,Orthodox,,0.34,14%,0.69,60%,0.0,0%,0%,0.0,14.0,0.0,205.0,
Drew Dimanlig,,185 lbs.,,,,3.7,73%,3.17,20%,0.0,0%,0%,0.0,73.0,0.0,185.0,
Rico DiSciullo,"5' 8""",135 lbs.,,Orthodox,1986-10-12,1.71,33%,4.41,56%,0.0,0%,0%,0.0,33.0,0.0,135.0,
Helio Dipp,"6' 5""",185 lbs.,,Orthodox,,0.6,25%,1.8,62%,0.0,0%,50%,0.0,25.0,0.0,185.0,
John Dixson,"6' 0""",275 lbs.,,Orthodox,,0.0,0%,0.0,0%,0.0,0%,0%,0.0,0.0,0.0,275.0,
Anthony Do,"5' 4""",125 lbs.,,,,0.0,0%,0.0,0%,0.0,0%,0%,0.0,0.0,0.0,125.0,
Russell Doane,"5' 7""",135 lbs.,"70""",Orthodox,1986-08-13,1.75,40%,1.68,53%,2.11,45%,52%,0.8,40.0,45.0,135.0,70.0
David Dodd,"6' 2""",200 lbs.,,Orthodox,1973-09-22,0.0,0%,0.0,0%,0.0,0%,0%,0.0,0.0,0.0,200.0,
Drew Dober,"5' 8""",155 lbs.,"70""",Southpaw,1988-10-19,4.33,40%,3.87,54%,0.8,17%,55%,0.1,40.0,17.0,155.0,70.0
Shana Dobson,"5' 6""",125 lbs.,"69""",Orthodox,1989-03-30,3.34,37%,5.2,50%,0.84,50%,14%,0.0,37.0,50.0,125.0,69.0
Joe Doerksen,"6' 0""",185 lbs.,"75""",Orthodox,1977-10-09,1.43,42%,2.79,50%,2.02,33%,33%,2.3,42.0,33.0,185.0,75.0
Mike Dolce,"5' 11""",185 lbs.,,,1976-04-15,0.0,0%,0.0,0%,0.0,0%,0%,0.0,0.0,0.0,185.0,
John Dodson,"5' 3""",135 lbs.,"66""",Orthodox,1984-09-26,3.2,40%,3.58,61%,0.71,28%,82%,0.0,40.0,28.0,135.0,66.0
Cameron Dollar,"5' 11""",155 lbs.,,Orthodox,1987-05-12,5.04,38%,2.94,61%,0.0,0%,0%,0.0,38.0,0.0,155.0,
OJ Dominguez,,,,,,0.0,0%,0.0,0%,0.0,0%,0%,0.0,0.0,0.0,,
John Donaldson,"5' 8""",145 lbs.,,,1992-07-09,1.21,23%,4.22,51%,0.0,0%,0%,0.0,23.0,0.0,145.0,
CB Dollaway,"6' 2""",185 lbs.,"76""",Orthodox,1983-08-10,2.65,47%,2.58,54%,3.55,54%,62%,1.2,47.0,54.0,185.0,76.0
Dennis Dombrow,,145 lbs.,,,1986-03-17,0.0,0%,0.0,0%,0.0,0%,0%,0.0,0.0,0.0,145.0,
Cody Donovan,"6' 3""",205 lbs.,"74""",Orthodox,1981-02-20,5.61,59%,5.44,45%,1.67,28%,0%,1.7,59.0,28.0,205.0,74.0
Houston Dorr,"6' 1""",210 lbs.,,Orthodox,,0.0,0%,0.0,0%,0.0,0%,0%,0.0,0.0,0.0,210.0,
Roman Dolidze,"6' 2""",205 lbs.,"76""",Orthodox,1988-07-15,2.98,51%,1.75,61%,1.75,50%,33%,2.2,51.0,50.0,205.0,76.0
Geronimo dos Santos,"6' 3""",264 lbs.,,Orthodox,1980-08-17,1.09,33%,8.73,41%,0.0,0%,33%,0.0,33.0,0.0,264.0,
Anderson Dos Santos,"5' 5""",135 lbs.,"70""",Orthodox,1985-07-24,2.66,28%,4.8,55%,1.3,18%,66%,0.9,28.0,18.0,135.0,70.0
Antonio Dos Santos,"5' 10""",185 lbs.,,Orthodox,1988-07-21,5.4,51%,3.94,43%,0.0,0%,100%,0.0,51.0,0.0,185.0,
Oleksandr Doskalchuk,"5' 6""",125 lbs.,,Southpaw,1990-03-13,0.0,0%,0.0,0%,0.0,0%,0%,0.0,0.0,0.0,125.0,
Tiago dos Santos e Silva,"5' 9""",145 lbs.,"70""",Orthodox,1987-04-12,3.69,35%,4.23,59%,0.63,11%,33%,0.3,35.0,11.0,145.0,70.0
Junior Dos Santos,"6' 4""",238 lbs.,"77""",Orthodox,1984-01-30,4.49,47%,3.33,56%,0.3,50%,81%,0.1,47.0,50.0,238.0,77.0
Rafael Dos Anjos,"5' 8""",155 lbs.,"70""",Southpaw,1984-10-26,3.49,46%,3.22,61%,1.93,37%,58%,0.6,46.0,37.0,155.0,70.0
David Douglas,"5' 11""",155 lbs.,,,1981-08-16,0.0,0%,0.0,0%,0.0,0%,0%,0.0,0.0,0.0,155.0,
Jordan Dowdy,,170 lbs.,,,,2.11,44%,2.63,50%,0.0,0%,0%,0.0,44.0,0.0,170.0,
Damion Douglas,,170 lbs.,,,,0.0,0%,0.0,0%,0.0,0%,0%,0.0,0.0,0.0,170.0,
Derek Downey,"6' 1""",185 lbs.,,Orthodox,1980-04-27,0.32,100%,3.36,12%,2.4,16%,0%,0.0,100.0,16.0,185.0,
John Dowdy,,,,,,0.0,0%,0.0,0%,0.0,0%,0%,0.0,0.0,0.0,,
John Doyle,"5' 11""",205 lbs.,,Orthodox,1976-11-21,3.5,44%,10.51,27%,0.0,0%,0%,0.0,44.0,0.0,205.0,
Kyle Driscoll,"5' 11""",145 lbs.,"74""",Orthodox,1994-09-23,2.73,32%,2.6,58%,2.0,18%,0%,0.0,32.0,18.0,145.0,74.0
Edson Drago,"6' 4""",220 lbs.,,Orthodox,1977-08-29,1.16,40%,2.39,36%,0.0,0%,55%,0.0,40.0,0.0,220.0,
Danny Downes,"6' 0""",155 lbs.,"72""",Orthodox,1986-04-08,1.66,34%,3.53,37%,0.0,0%,37%,0.5,34.0,0.0,155.0,72.0
Chris Drumm,"5' 8""",145 lbs.,,,,0.0,0%,0.0,0%,0.0,0%,0%,0.0,0.0,0.0,145.0,
Hugo Duarte,"6' 0""",240 lbs.,,Orthodox,1968-08-09,0.0,0%,0.0,0%,0.0,0%,0%,0.0,0.0,0.0,240.0,
Tomasz Drwal,"6' 1""",205 lbs.,"76""",Orthodox,1982-01-22,3.29,38%,2.26,57%,3.55,60%,82%,0.4,38.0,60.0,205.0,76.0
Robert Drysdale,"6' 3""",205 lbs.,,Orthodox,1981-10-05,0.0,0%,0.0,0%,7.32,100%,0%,21.9,0.0,100.0,205.0,
Dricus Du Plessis,"6' 1""",185 lbs.,"76""",Switch,1994-01-14,7.72,44%,4.16,67%,0.0,0%,0%,0.0,44.0,0.0,185.0,76.0
Joe Duarte,,155 lbs.,,,1977-01-25,2.27,38%,4.0,53%,3.0,50%,69%,1.0,38.0,50.0,155.0,
Antonio Duarte,"5' 7""",135 lbs.,,,,4.55,40%,4.18,57%,0.0,0%,60%,0.0,40.0,0.0,135.0,
Norma Dumont,"5' 7""",135 lbs.,"67""",Orthodox,1990-10-01,5.35,55%,2.65,72%,2.43,42%,100%,0.0,55.0,42.0,135.0,67.0
Jessamyn Duke,"5' 11""",135 lbs.,"73""",Orthodox,1986-06-24,4.83,53%,4.43,57%,1.27,36%,50%,1.9,53.0,36.0,135.0,73.0
Adin Duenas,"5' 6""",145 lbs.,,,1988-07-02,0.0,0%,0.0,0%,0.0,0%,0%,0.0,0.0,0.0,145.0,
Joe Duffy,"5' 10""",155 lbs.,"73""",Orthodox,1988-02-18,2.68,34%,3.78,54%,0.96,66%,64%,0.7,34.0,66.0,155.0,73.0
Milana Dudieva,"5' 3""",135 lbs.,,Orthodox,1989-08-04,0.87,31%,3.43,58%,2.34,45%,0%,0.0,31.0,45.0,135.0,
Todd Duffee,"6' 3""",260 lbs.,"78""",Orthodox,1985-12-06,5.93,37%,2.87,56%,0.72,25%,90%,0.0,37.0,25.0,260.0,78.0
Alexis Dufresne,"5' 9""",135 lbs.,,Orthodox,1990-08-31,1.33,27%,3.33,60%,1.5,50%,50%,0.0,27.0,50.0,135.0,
Kelly Dullanty,"5' 8""",155 lbs.,,Orthodox,1977-11-04,0.0,0%,0.67,75%,0.0,0%,66%,0.0,0.0,0.0,155.0,
Alex Dunworth,"5' 8""",155 lbs.,,,,1.94,31%,8.71,35%,0.0,0%,50%,0.0,31.0,0.0,155.0,
Cody Durden,"5' 7""",125 lbs.,"67""",Southpaw,1991-03-29,3.11,48%,3.93,41%,3.28,26%,50%,0.8,48.0,26.0,125.0,67.0
Luiz Dutra,"5' 11""",170 lbs.,,Orthodox,1982-05-06,3.92,50%,4.8,41%,0.0,0%,100%,0.0,50.0,0.0,170.0,
Reuben Duran,"5' 7""",135 lbs.,"71""",Orthodox,1983-07-02,3.19,49%,2.61,50%,0.98,23%,25%,0.7,49.0,23.0,135.0,71.0
Rilley Dutro,"5' 8""",125 lbs.,,Orthodox,1987-09-03,4.74,54%,5.95,33%,0.0,0%,83%,0.0,54.0,0.0,125.0,
Tom Duquesnoy,"5' 7""",135 lbs.,"68""",Orthodox,1993-06-21,3.83,45%,5.3,62%,0.42,25%,46%,0.0,45.0,25.0,135.0,68.0
Evan Dunham,"5' 10""",155 lbs.,"70""",Southpaw,1981-12-18,5.33,39%,3.54,61%,1.82,33%,79%,1.0,39.0,33.0,155.0,70.0
Bill Duvall,"6' 2""",185 lbs.,,Southpaw,,0.0,0%,2.4,40%,0.0,0%,0%,0.0,0.0,0.0,185.0,
David Dvorak,"5' 5""",125 lbs.,"68""",Orthodox,1992-06-05,4.5,48%,3.17,63%,0.0,0%,75%,0.0,48.0,0.0,125.0,68.0
Matt Dwyer,"6' 4""",170 lbs.,"76""",Orthodox,1989-12-17,2.57,34%,3.24,54%,0.44,10%,60%,0.0,34.0,10.0,170.0,76.0
Merab Dvalishvili,"5' 6""",135 lbs.,"68""",Orthodox,1991-01-10,3.91,39%,2.08,61%,7.71,43%,80%,0.3,39.0,43.0,135.0,68.0
Ben Earwood,"5' 8""",170 lbs.,,Orthodox,,0.5,55%,0.2,33%,3.0,100%,0%,0.0,55.0,100.0,170.0,
Rolando Dy,"5' 8""",145 lbs.,"69""",Orthodox,1990-08-11,3.04,37%,4.47,52%,0.3,20%,68%,0.0,37.0,20.0,145.0,69.0
Cody East,"6' 3""",245 lbs.,,Orthodox,1988-06-29,4.15,43%,7.32,40%,3.97,100%,16%,0.0,43.0,100.0,245.0,
Mike Easton,"5' 6""",135 lbs.,"70""",Southpaw,1984-01-25,3.51,37%,4.28,61%,0.75,22%,66%,0.0,37.0,22.0,135.0,70.0
Marvin Eastman,"5' 9""",185 lbs.,"73""",Orthodox,1971-06-08,2.21,35%,3.92,42%,1.38,33%,81%,0.0,35.0,33.0,185.0,73.0
Vincent Eazelle,"5' 11""",155 lbs.,,,1980-12-07,0.0,0%,0.0,0%,0.0,0%,0%,0.0,0.0,0.0,155.0,
Maurice Eazel,"5' 7""",135 lbs.,,,,0.0,0%,0.0,0%,0.0,0%,0%,0.0,0.0,0.0,135.0,
Brian Ebersole,"6' 0""",170 lbs.,"73""",Southpaw,1980-11-27,2.32,49%,2.14,56%,1.7,23%,61%,0.1,49.0,23.0,170.0,73.0
Ross Ebanez,"5' 9""",154 lbs.,,Southpaw,1975-05-18,0.74,50%,0.74,62%,3.7,100%,0%,0.0,50.0,100.0,154.0,
Mark Eddiva,"5' 8""",145 lbs.,"68""",Orthodox,1986-02-16,3.37,45%,2.98,54%,1.45,22%,63%,0.0,45.0,22.0,145.0,68.0
Johnny Eduardo,"5' 7""",135 lbs.,"71""",Orthodox,1978-08-03,2.89,38%,3.34,63%,0.0,0%,62%,0.5,38.0,0.0,135.0,71.0
Abdul-Kerim Edilov,"6' 2""",205 lbs.,,Orthodox,1991-11-25,10.22,61%,0.13,92%,3.98,100%,0%,2.0,61.0,100.0,205.0,
Frankie Edgar,"5' 6""",135 lbs.,"68""",Orthodox,1981-10-16,3.7,39%,2.71,66%,2.28,31%,65%,0.3,39.0,31.0,135.0,68.0
Adli Edwards,,145 lbs.,,,1989-08-28,0.0,0%,0.0,0%,0.0,0%,0%,0.0,0.0,0.0,145.0,
Stephanie Egger,"5' 6""",135 lbs.,"68""",Orthodox,1988-08-12,0.67,31%,1.33,52%,1.0,16%,40%,0.0,31.0,16.0,135.0,68.0
Tom Egan,"5' 11""",170 lbs.,,Orthodox,,0.0,0%,3.91,50%,0.0,0%,28%,0.0,0.0,0.0,170.0,
Joselyne Edwards,"5' 8""",135 lbs.,"70""",Orthodox,1995-09-29,4.2,53%,3.83,46%,0.5,16%,37%,0.5,53.0,16.0,135.0,70.0
Te Edwards,"5' 8""",155 lbs.,"72""",Orthodox,1990-09-11,1.5,41%,4.15,44%,0.72,100%,44%,0.0,41.0,100.0,155.0,72.0
Justin Edwards,"5' 10""",155 lbs.,"70""",Orthodox,1983-01-26,2.68,42%,3.32,51%,2.14,26%,27%,1.0,42.0,26.0,155.0,70.0
Leon Edwards,"6' 2""",170 lbs.,"74""",Southpaw,1991-08-25,2.56,47%,2.03,55%,1.35,30%,70%,0.4,47.0,30.0,170.0,74.0
Yves Edwards,"5' 9""",155 lbs.,"73""",Southpaw,1976-09-30,2.91,42%,2.34,66%,0.76,53%,69%,0.7,42.0,53.0,155.0,73.0
John Elam,,,,,,0.0,0%,0.0,0%,0.0,0%,0%,0.0,0.0,0.0,,
Jon Olav Einemo,"6' 6""",253 lbs.,,Orthodox,1975-12-10,2.15,52%,3.05,52%,1.73,55%,43%,0.0,52.0,55.0,253.0,
John Paul Elias,"6' 4""",205 lbs.,,,,0.0,0%,0.0,0%,0.0,0%,0%,0.0,0.0,0.0,205.0,
Per Eklund,"5' 10""",155 lbs.,"72""",Orthodox,,2.07,61%,2.38,67%,2.07,11%,50%,3.6,61.0,11.0,155.0,72.0
Saul Elizondo,"5' 7""",135 lbs.,,,1985-07-17,2.07,30%,4.93,48%,2.0,100%,66%,1.0,30.0,100.0,135.0,
Justin Eilers,"6' 1""",235 lbs.,,Orthodox,1978-06-28,2.86,43%,5.66,49%,0.82,25%,50%,0.0,43.0,25.0,235.0,
Jake Ellenberger,"5' 9""",170 lbs.,"71""",Orthodox,1985-03-28,2.47,39%,2.83,60%,2.04,47%,86%,0.4,39.0,47.0,170.0,71.0
Darren Elkins,"5' 10""",145 lbs.,"71""",Orthodox,1984-05-16,3.5,38%,3.08,52%,2.7,33%,58%,1.2,38.0,33.0,145.0,71.0
Joe Ellenberger,"5' 9""",155 lbs.,"72""",Orthodox,1985-03-28,1.62,47%,3.45,48%,3.17,40%,0%,1.1,47.0,40.0,155.0,72.0
Eddy Ellis,"5' 9""",170 lbs.,,Orthodox,,3.4,69%,1.53,68%,4.0,66%,50%,2.0,69.0,66.0,170.0,
Cameron Else,"5' 9""",135 lbs.,"71""",Switch,1987-04-27,1.92,36%,5.58,58%,0.0,0%,0%,0.0,36.0,0.0,135.0,71.0
Lisa Ellis,"5' 4""",115 lbs.,,,1982-11-15,1.68,48%,2.32,57%,4.19,63%,50%,0.6,48.0,63.0,115.0,
Anna Elmose,"5' 3""",115 lbs.,,Orthodox,1984-10-06,3.68,49%,4.64,56%,0.0,0%,33%,0.0,49.0,0.0,115.0,
Tim Elliott,"5' 7""",125 lbs.,"66""",Southpaw,1986-12-24,3.35,45%,2.49,59%,4.01,49%,58%,1.1,45.0,49.0,125.0,66.0
Aaron Ely,"5' 8""",135 lbs.,,,1989-03-18,0.82,15%,0.66,69%,2.47,100%,50%,4.9,15.0,100.0,135.0,
Sovannahry Em,"5' 4""",135 lbs.,,,1992-06-26,0.0,0%,0.0,0%,0.0,0%,0%,0.0,0.0,0.0,135.0,
Aleksander Emelianenko,"6' 6""",255 lbs.,,Orthodox,1981-08-02,2.75,41%,1.7,65%,2.32,72%,66%,0.9,41.0,72.0,255.0,
Rob Emerson,"5' 9""",155 lbs.,"70""",Orthodox,1981-07-30,2.5,30%,2.83,64%,2.02,52%,65%,0.4,30.0,52.0,155.0,70.0
Ramazan Emeev,"5' 10""",170 lbs.,"76""",Southpaw,1987-05-23,2.5,45%,1.98,66%,2.33,29%,66%,0.5,45.0,29.0,170.0,76.0
Josh Emmett,"5' 6""",145 lbs.,"70""",Orthodox,1985-03-04,4.32,39%,4.02,63%,1.43,47%,50%,0.1,39.0,47.0,145.0,70.0
Jamall Emmers,"5' 10""",145 lbs.,"74""",Orthodox,1989-07-24,5.75,52%,4.65,54%,2.9,53%,100%,0.0,52.0,53.0,145.0,74.0
Fedor Emelianenko,"6' 0""",230 lbs.,"74""",Orthodox,1976-09-28,3.18,51%,1.0,63%,2.0,63%,82%,1.9,51.0,63.0,230.0,74.0
Kevin Engel,"6' 2""",170 lbs.,,,,0.0,0%,0.0,0%,0.0,0%,0%,0.0,0.0,0.0,170.0,
Marius Enache,"5' 11""",155 lbs.,,,1975-10-16,1.71,34%,0.66,84%,3.94,100%,0%,3.9,34.0,100.0,155.0,
Oliver Enkamp,"6' 0""",170 lbs.,"77""",Switch,1991-08-10,2.38,36%,3.55,37%,0.87,16%,0%,0.0,36.0,16.0,170.0,77.0
Alex Enlund,"5' 10""",145 lbs.,,Orthodox,1987-05-27,0.0,0%,0.0,0%,0.0,0%,0%,0.0,0.0,0.0,145.0,
Ian Entwistle,"5' 5""",135 lbs.,,Orthodox,1986-11-19,0.11,7%,7.36,31%,0.0,0%,0%,12.1,7.0,0.0,135.0,
Kenny Ento,"6' 2""",192 lbs.,,,,8.41,79%,0.0,100%,5.49,100%,0%,11.0,79.0,100.0,192.0,
Won Jin Eoh,"5' 7""",160 lbs.,,Orthodox,,3.74,44%,3.58,46%,0.0,0%,50%,0.0,44.0,0.0,160.0,
Andy Enz,"6' 3""",185 lbs.,"78""",Orthodox,1991-08-15,3.51,23%,5.32,57%,0.0,0%,58%,0.0,23.0,0.0,185.0,78.0
Josh Epps,,130 lbs.,,,1986-08-23,0.0,0%,0.0,0%,0.0,0%,0%,0.0,0.0,0.0,130.0,
Tom Erikson,"6' 3""",280 lbs.,,Orthodox,,0.94,47%,1.87,25%,4.68,60%,100%,6.2,47.0,60.0,280.0,
Konstantin Erokhin,"5' 11""",230 lbs.,,Orthodox,1983-01-31,1.07,36%,1.83,47%,0.0,0%,70%,0.0,36.0,0.0,230.0,
Julian Erosa,"6' 1""",145 lbs.,"74""",Southpaw,1989-07-31,5.07,47%,5.72,50%,1.32,54%,58%,0.9,47.0,54.0,145.0,74.0
Nick Ertl,"5' 9""",155 lbs.,,,,1.34,69%,1.59,41%,1.88,50%,0%,0.0,69.0,50.0,155.0,
Chel Erwin-Davis,"6' 0""",170 lbs.,,,,4.06,54%,1.13,61%,4.25,100%,50%,1.4,54.0,100.0,170.0,
Bobby Escalante,,130 lbs.,,,,0.0,0%,0.0,0%,0.0,0%,0%,0.0,0.0,0.0,130.0,
Eric Esch,"5' 11""",350 lbs.,,Orthodox,1968-08-03,3.07,71%,1.74,43%,0.0,0%,0%,2.0,71.0,0.0,350.0,
Pro Escobedo,,205 lbs.,,,,0.0,0%,0.0,0%,0.0,0%,0%,0.0,0.0,0.0,205.0,
Cole Escovedo,"5' 7""",135 lbs.,"72""",Orthodox,1981-08-30,1.77,43%,4.32,49%,0.43,33%,13%,0.0,43.0,33.0,135.0,72.0
Evan Esguerra,,145 lbs.,,,,0.0,0%,0.0,0%,0.0,0%,0%,0.0,0.0,0.0,145.0,
Efrain Escudero,"5' 9""",155 lbs.,"71""",Orthodox,1986-01-15,2.92,44%,2.3,63%,1.31,40%,66%,0.8,44.0,40.0,155.0,71.0
Carla Esparza,"5' 1""",115 lbs.,"63""",Orthodox,1987-10-10,2.29,42%,2.85,53%,3.44,35%,48%,0.3,42.0,35.0,115.0,63.0
Juan Espino,"6' 3""",250 lbs.,"80""",,1980-10-09,4.32,80%,0.54,42%,14.19,77%,0%,6.1,80.0,77.0,250.0,80.0
Jodie Esquibel,"5' 1""",115 lbs.,"64""",Orthodox,1986-05-07,4.1,31%,7.37,52%,0.75,21%,83%,0.0,31.0,21.0,115.0,64.0
Jordan Espinosa,"5' 6""",125 lbs.,"69""",Orthodox,1989-11-08,4.22,52%,2.94,57%,0.75,28%,70%,0.2,52.0,28.0,125.0,69.0
Fred Ettish,"6' 0""",180 lbs.,,Southpaw,,0.0,0%,0.0,0%,0.0,0%,0%,0.0,0.0,0.0,180.0,
Terry Etim,"6' 1""",155 lbs.,"73""",Orthodox,1986-01-11,2.16,35%,2.53,67%,0.43,30%,39%,1.4,35.0,30.0,155.0,73.0
Scott Ettling,,135 lbs.,,,,0.0,0%,0.54,83%,8.04,100%,0%,0.0,0.0,100.0,135.0,
Sijara Eubanks,"5' 4""",135 lbs.,"67""",Orthodox,1985-04-27,4.52,43%,3.69,57%,1.88,46%,65%,0.4,43.0,46.0,135.0,67.0
Billy Evangelista,"5' 8""",155 lbs.,"68""",Orthodox,1980-10-07,4.51,40%,3.96,61%,1.6,19%,61%,0.2,40.0,19.0,155.0,68.0
Rashad Evans,"6' 0""",205 lbs.,"75""",Orthodox,1979-09-25,2.14,37%,2.42,63%,2.98,44%,73%,0.0,37.0,44.0,205.0,75.0
Doug Evans,"5' 9""",155 lbs.,,Orthodox,1980-10-10,1.79,35%,2.55,55%,3.19,83%,69%,0.6,35.0,83.0,155.0,
Ashlee Evans-Smith,"5' 8""",135 lbs.,"67""",Orthodox,1987-07-09,4.54,34%,4.69,55%,1.1,23%,66%,0.0,34.0,23.0,135.0,67.0
Dan Evensen,"6' 3""",250 lbs.,,Orthodox,1974-06-01,0.27,10%,3.86,38%,0.0,0%,0%,4.0,10.0,0.0,250.0,
Tonya Evinger,"5' 7""",135 lbs.,"70""",Orthodox,1981-06-04,1.16,42%,4.02,38%,0.93,30%,33%,0.9,42.0,30.0,135.0,70.0
Andre Ewell,"5' 8""",135 lbs.,"75""",Southpaw,1988-01-21,4.42,41%,4.25,52%,0.29,66%,70%,0.1,41.0,66.0,135.0,75.0
Movsar Evloev,"5' 7""",145 lbs.,"72""",Orthodox,1994-02-11,4.7,44%,2.83,64%,2.75,37%,70%,0.0,44.0,37.0,145.0,72.0
Neal Ewing,,185 lbs.,,,1985-09-30,2.27,60%,1.93,48%,5.0,62%,0%,0.0,60.0,62.0,185.0,
Edward Faaloloto,,155 lbs.,"70""",,1984-07-15,2.28,32%,6.25,44%,1.01,25%,33%,0.0,32.0,25.0,155.0,70.0
Jessica Eye,"5' 6""",125 lbs.,"66""",Orthodox,1986-07-27,3.76,37%,4.01,55%,0.45,40%,57%,0.5,37.0,40.0,125.0,66.0
Wagnney Fabiano,"5' 6""",145 lbs.,"69""",Southpaw,1975-07-14,1.19,38%,0.66,70%,3.44,64%,100%,0.4,38.0,64.0,145.0,69.0
Melinda Fabian,"5' 6""",125 lbs.,"66""",,1987-06-25,4.03,41%,4.0,62%,0.0,0%,100%,0.0,41.0,0.0,125.0,66.0
Urijah Faber,"5' 6""",135 lbs.,"67""",Orthodox,1979-05-14,2.65,40%,2.59,64%,1.54,30%,58%,0.8,40.0,30.0,135.0,67.0
Ron Faircloth,"5' 9""",205 lbs.,,Orthodox,1979-08-16,0.39,40%,8.9,42%,0.0,0%,0%,0.0,40.0,0.0,205.0,
Jason Fairn,"6' 1""",230 lbs.,,,,0.0,0%,0.0,0%,0.0,0%,0%,0.0,0.0,0.0,230.0,
Bartosz Fabinski,"6' 0""",170 lbs.,"75""",Orthodox,1986-04-26,2.2,69%,1.35,53%,7.08,69%,80%,0.0,69.0,69.0,170.0,75.0
Rinat Fakhretdinov,"6' 0""",185 lbs.,,,1991-09-28,0.0,0%,0.0,0%,0.0,0%,0%,0.0,0.0,0.0,185.0,
Zarah Fairn,"5' 8""",145 lbs.,"72""",Orthodox,1986-12-12,1.98,45%,6.61,39%,0.0,0%,50%,0.0,45.0,0.0,145.0,72.0
Maiquel Falcao,"5' 11""",185 lbs.,,Orthodox,1981-03-08,1.67,55%,0.53,86%,1.0,100%,71%,3.0,55.0,100.0,185.0,
Brodie Farber,"6' 1""",170 lbs.,,Orthodox,1980-07-05,1.69,45%,2.17,53%,0.9,50%,20%,0.9,45.0,50.0,170.0,
Joao Paulo Faria,"5' 9""",155 lbs.,,,,6.69,64%,2.09,85%,1.25,50%,0%,1.2,64.0,50.0,155.0,
Chance Farrar,"5' 9""",145 lbs.,,Southpaw,1975-09-11,0.81,22%,2.21,67%,3.02,100%,0%,0.0,22.0,100.0,145.0,
Rico Farrington,"6' 4""",170 lbs.,"79""",Southpaw,1989-06-19,6.33,41%,7.2,51%,0.0,0%,20%,0.0,41.0,0.0,170.0,79.0
Kalindra Faria,"5' 7""",125 lbs.,,Switch,1986-07-23,2.23,56%,1.44,45%,1.31,66%,20%,0.7,56.0,66.0,125.0,
Kelly Faszholz,"5' 8""",135 lbs.,,Orthodox,1985-04-09,4.01,48%,3.61,52%,0.0,0%,44%,0.0,48.0,0.0,135.0,
Rodney Faverus,"6' 0""",215 lbs.,,Southpaw,,2.3,53%,1.6,54%,4.5,100%,25%,0.0,53.0,100.0,215.0,
Carlos Felipe,"6' 0""",245 lbs.,"75""",Orthodox,1995-01-12,4.42,45%,4.6,47%,0.0,0%,70%,0.0,45.0,0.0,245.0,75.0
Paul Felder,"5' 11""",155 lbs.,"70""",Orthodox,1984-04-25,3.7,44%,3.44,48%,0.29,28%,64%,0.2,44.0,28.0,155.0,70.0
Kevin Ferguson,"6' 2""",235 lbs.,"77""",Orthodox,1974-02-08,2.3,50%,3.41,38%,3.1,72%,36%,1.2,50.0,72.0,235.0,77.0
JP Felty,,170 lbs.,,,1979-04-28,0.0,0%,0.0,0%,0.0,0%,0%,0.0,0.0,0.0,170.0,
Josh Ferguson,"5' 5""",125 lbs.,,Orthodox,1988-05-13,2.13,43%,4.18,32%,0.59,11%,54%,0.0,43.0,11.0,125.0,
Rhadi Ferguson,"5' 7""",205 lbs.,,,,0.0,0%,0.0,0%,0.0,0%,0%,0.0,0.0,0.0,205.0,
Tony Ferguson,"5' 11""",155 lbs.,"76""",Orthodox,1984-02-12,5.46,45%,3.94,59%,0.45,42%,70%,1.1,45.0,42.0,155.0,76.0
CJ Fernandes,"6' 2""",170 lbs.,,,1977-11-13,0.0,0%,0.0,0%,0.0,0%,0%,0.0,0.0,0.0,170.0,
Bibiano Fernandes,"5' 7""",139 lbs.,,Orthodox,1980-03-30,2.91,40%,2.02,72%,3.97,53%,77%,0.6,40.0,53.0,139.0,
Alexandre Ferreira,"5' 7""",205 lbs.,,Orthodox,1979-04-25,2.57,60%,8.14,42%,0.0,0%,0%,0.0,60.0,0.0,205.0,
Cezar Ferreira,"6' 1""",185 lbs.,"78""",Southpaw,1985-02-15,1.9,42%,2.44,53%,2.69,53%,84%,0.5,42.0,53.0,185.0,78.0
Diego Ferreira,"5' 9""",155 lbs.,"74""",Orthodox,1985-01-18,4.85,37%,3.26,58%,0.89,26%,68%,0.9,37.0,26.0,155.0,74.0
Timo Feucht,"6' 3""",205 lbs.,"79""",Orthodox,1996-01-18,0.0,0%,0.0,0%,0.0,0%,0%,0.0,0.0,0.0,205.0,79.0
Scott Ferrozzo,"5' 11""",323 lbs.,,Orthodox,1965-04-26,0.0,0%,0.0,0%,0.0,0%,0%,0.0,0.0,0.0,323.0,
Drew Fickett,"5' 10""",155 lbs.,"70""",Orthodox,1979-12-14,2.33,41%,2.29,57%,1.3,35%,30%,2.2,41.0,35.0,155.0,70.0
Scott Fiedler,"6' 4""",235 lbs.,,Orthodox,,0.0,0%,0.0,0%,0.0,0%,0%,0.0,0.0,0.0,235.0,
Ron Fields,"6' 2""",200 lbs.,,Orthodox,1974-11-18,0.33,33%,2.64,11%,0.0,0%,0%,0.0,33.0,0.0,200.0,
Deiveson Figueiredo,"5' 5""",125 lbs.,"68""",Orthodox,1987-12-18,3.38,56%,3.35,50%,1.57,50%,61%,2.4,56.0,50.0,125.0,68.0
Francisco Figueiredo,"5' 6""",135 lbs.,"69""",Southpaw,1989-10-23,1.93,54%,2.07,76%,4.0,66%,100%,0.0,54.0,66.0,135.0,69.0
Edwin Figueroa,"5' 7""",135 lbs.,"69""",Orthodox,1984-07-31,2.57,39%,3.06,51%,0.2,100%,37%,0.6,39.0,100.0,135.0,69.0
Anthony Figueroa,"5' 4""",135 lbs.,,Orthodox,,2.37,48%,3.77,49%,0.0,0%,58%,0.0,48.0,0.0,135.0,
Paulo Filho,"5' 8""",185 lbs.,,Southpaw,1978-05-24,1.86,48%,1.67,66%,2.4,32%,42%,1.6,48.0,32.0,185.0,
Andre Fili,"5' 11""",145 lbs.,"74""",Orthodox,1990-06-25,3.73,36%,3.9,52%,2.5,49%,64%,0.2,36.0,49.0,145.0,74.0
Brady Fink,"6' 0""",183 lbs.,,Orthodox,,1.69,41%,1.69,61%,3.63,25%,0%,3.6,41.0,25.0,183.0,
Jan Finney,"5' 8""",135 lbs.,,Orthodox,,2.16,28%,8.75,42%,0.77,11%,25%,0.0,28.0,11.0,135.0,
Jesse Finney,"6' 0""",170 lbs.,,,1974-07-11,0.0,0%,0.0,0%,0.0,0%,0%,0.0,0.0,0.0,170.0,
Mirko Filipovic,"6' 2""",230 lbs.,"73""",Southpaw,1974-09-10,2.11,50%,1.89,63%,0.19,40%,78%,0.3,50.0,40.0,230.0,73.0
Luigi Fioravanti,"5' 8""",170 lbs.,"70""",Orthodox,1981-01-22,2.23,42%,2.21,69%,3.76,63%,67%,0.9,42.0,63.0,170.0,70.0
Manon Fiorot,"5' 7""",125 lbs.,,Orthodox,1990-02-17,5.8,53%,1.86,79%,1.64,100%,100%,0.0,53.0,100.0,125.0,
Luiz Firmino,"5' 6""",154 lbs.,,Orthodox,1982-03-18,1.23,50%,1.22,51%,3.86,45%,20%,0.9,50.0,45.0,154.0,
Spencer Fisher,"5' 7""",155 lbs.,"68""",Southpaw,1976-05-09,3.17,43%,3.03,64%,0.67,30%,60%,0.8,43.0,30.0,155.0,68.0
Chris Fishgold,"5' 8""",145 lbs.,"68""",Orthodox,1992-06-06,2.01,32%,2.7,46%,2.59,46%,44%,1.3,32.0,46.0,145.0,68.0
Bryanna Fissori,"5' 4""",145 lbs.,,,,1.4,46%,1.2,57%,2.0,25%,50%,0.0,46.0,25.0,145.0,
Isi Fitikefu,"5' 10""",205 lbs.,,,,0.0,0%,0.0,0%,0.0,0%,0%,0.0,0.0,0.0,205.0,
Jimmy Flick,"5' 7""",125 lbs.,"68""",Orthodox,1990-09-07,1.99,58%,2.3,50%,1.81,50%,0%,7.2,58.0,50.0,125.0,68.0
Alejandro Flores,"5' 10""",145 lbs.,"73""",Orthodox,1991-08-06,3.66,40%,2.02,54%,0.0,0%,0%,0.0,40.0,0.0,145.0,73.0
Colin Fletcher,"6' 2""",155 lbs.,,Orthodox,1983-01-08,3.1,34%,2.97,62%,0.0,0%,27%,0.0,34.0,0.0,155.0,
Ty Flores,"6' 3""",205 lbs.,"73""",Switch,1993-12-22,2.0,37%,7.8,25%,1.0,9%,0%,0.0,37.0,9.0,205.0,73.0
Rafael Fiziev,"5' 8""",155 lbs.,"71""",Switch,1993-03-05,4.67,57%,4.17,55%,0.84,50%,100%,0.0,57.0,50.0,155.0,71.0
Luke Flores,"6' 0""",155 lbs.,"73""",Southpaw,1988-03-17,1.56,44%,1.88,60%,0.0,0%,40%,1.2,44.0,0.0,155.0,73.0
Jon Fitch,"6' 0""",170 lbs.,"74""",Orthodox,1978-02-24,2.61,50%,1.65,54%,3.6,51%,56%,0.8,50.0,51.0,170.0,74.0
Cody Floyd,,,,,1988-07-18,0.0,0%,0.0,0%,0.0,0%,0%,0.0,0.0,0.0,,
Mal Foki,"5' 7""",220 lbs.,,Orthodox,,2.86,14%,14.29,54%,0.0,0%,0%,0.0,14.0,0.0,220.0,
Bobby Flynn,,170 lbs.,,,,0.38,25%,0.77,0%,0.0,0%,0%,0.0,25.0,0.0,170.0,
Kenny Florian,"5' 10""",145 lbs.,"74""",Southpaw,1976-05-26,2.41,40%,1.85,63%,2.22,33%,60%,1.3,40.0,33.0,145.0,74.0
Caros Fodor,"5' 9""",155 lbs.,"74""",Orthodox,1984-01-07,2.76,54%,2.83,54%,2.1,25%,50%,0.0,54.0,25.0,155.0,74.0
Matt Foki,"5' 7""",220 lbs.,,Orthodox,,0.0,0%,3.37,56%,0.0,0%,0%,0.0,0.0,0.0,220.0,
AJ Fonseca,"5' 4""",145 lbs.,,,,0.0,0%,0.0,0%,0.0,0%,0%,0.0,0.0,0.0,145.0,
Rob Font,"5' 8""",135 lbs.,"71""",Orthodox,1987-06-25,5.21,42%,3.83,62%,1.2,36%,48%,0.8,42.0,36.0,135.0,71.0
Jesse Forbes,"6' 2""",185 lbs.,"75""",Southpaw,1984-10-24,2.11,24%,4.06,53%,1.79,75%,66%,1.2,24.0,75.0,185.0,75.0
Claudionor Fontinelle,"5' 5""",185 lbs.,,Orthodox,,2.62,42%,10.25,28%,0.0,0%,0%,0.0,42.0,0.0,185.0,
Sterling Ford,"5' 10""",155 lbs.,,,1986-03-12,0.0,0%,0.0,0%,0.0,0%,0%,0.0,0.0,0.0,155.0,
Codale Ford,"5' 9""",170 lbs.,,,1979-05-13,0.0,0%,0.0,0%,0.0,0%,0%,0.0,0.0,0.0,170.0,
Marcel Fortuna,"6' 1""",205 lbs.,"74""",Orthodox,1985-10-22,3.83,46%,4.52,64%,0.45,8%,75%,0.5,46.0,8.0,205.0,74.0
Jussier Formiga,"5' 5""",125 lbs.,"67""",Orthodox,1985-04-14,1.42,39%,2.34,64%,1.82,35%,87%,0.6,39.0,35.0,125.0,67.0
Renee Forte,"5' 7""",155 lbs.,"71""",Orthodox,1987-03-27,2.08,32%,2.12,63%,2.32,58%,66%,0.0,32.0,58.0,155.0,71.0
Brian Foster,"5' 9""",170 lbs.,"71""",Orthodox,1984-04-03,3.3,39%,1.63,65%,3.67,60%,37%,1.8,39.0,60.0,170.0,71.0
Francisco France,"6' 0""",205 lbs.,,,1983-01-21,0.54,33%,3.51,27%,0.0,0%,0%,6.1,33.0,0.0,205.0,
John Franchi,"5' 6""",145 lbs.,"67""",Orthodox,1982-07-16,1.83,48%,2.59,48%,2.68,80%,40%,0.3,48.0,80.0,145.0,67.0
Brandon Foxworth,"5' 11""",145 lbs.,,Orthodox,1979-04-28,1.33,32%,4.59,50%,0.0,0%,0%,0.0,32.0,0.0,145.0,
Mason Fowler,"5' 11""",170 lbs.,,,,0.0,0%,0.0,0%,0.0,0%,0%,0.0,0.0,0.0,170.0,
Hermes Franca,"5' 6""",155 lbs.,"71""",Orthodox,1974-08-26,1.78,39%,2.85,55%,1.53,36%,37%,2.4,39.0,36.0,155.0,71.0
Glaico Franca Moreira,"6' 0""",155 lbs.,"77""",Orthodox,1991-02-28,2.35,42%,3.46,47%,2.68,42%,76%,0.3,42.0,42.0,155.0,77.0
Xavier Foupa-Pokam,"6' 1""",185 lbs.,,Open Stance,1982-07-03,1.47,43%,2.5,49%,0.0,0%,16%,0.0,43.0,0.0,185.0,
Rich Franklin,"6' 1""",185 lbs.,"76""",Southpaw,1974-10-05,4.1,44%,2.07,62%,1.31,66%,63%,0.7,44.0,66.0,185.0,76.0
Zane Frazier,"6' 5""",250 lbs.,,Orthodox,,0.0,0%,0.0,0%,0.0,0%,0%,0.0,0.0,0.0,250.0,
Zoila Frausto,"5' 4""",135 lbs.,,Orthodox,,0.77,31%,1.64,53%,0.0,0%,57%,0.0,31.0,0.0,135.0,
Justin Frazier,"6' 0""",265 lbs.,"75""",Southpaw,1989-06-15,1.11,66%,6.11,4%,0.0,0%,0%,0.0,66.0,0.0,265.0,75.0
Gary Frazier,"6' 0""",245 lbs.,,Orthodox,,1.5,39%,2.77,46%,0.0,0%,100%,0.0,39.0,0.0,245.0,
Stephanie Frausto,"5' 2""",115 lbs.,"61""",Orthodox,1990-09-20,1.43,21%,3.57,60%,0.0,0%,0%,0.0,21.0,0.0,115.0,61.0
Ian Freeman,"5' 11""",225 lbs.,,Orthodox,1966-11-10,2.54,48%,3.11,44%,1.44,40%,80%,0.7,48.0,40.0,225.0,
Jason Freeman,"6' 2""",225 lbs.,,,1976-09-02,0.0,0%,0.0,0%,0.0,0%,0%,0.0,0.0,0.0,225.0,
Willamy Freire,"5' 8""",155 lbs.,,,1987-07-28,1.53,37%,0.93,62%,0.5,100%,73%,0.0,37.0,100.0,155.0,
Patricio Freire,"5' 5""",145 lbs.,"65""",,1987-07-07,2.84,41%,4.43,60%,0.6,18%,94%,0.6,41.0,18.0,145.0,65.0
Patricky Freire,"5' 7""",155 lbs.,"71""",,1986-06-01,3.06,44%,3.34,69%,1.26,33%,100%,0.0,44.0,33.0,155.0,71.0
Jeremy  Freitag,"6' 1""",205 lbs.,,,,0.0,0%,8.37,19%,0.0,0%,33%,1.9,0.0,0.0,205.0,
Rafael Freitas,,205 lbs.,,Orthodox,,2.0,29%,8.0,51%,11.25,50%,0%,0.0,29.0,50.0,205.0,
Clay French,"5' 7""",161 lbs.,,Southpaw,1980-10-07,1.52,50%,1.27,16%,0.0,0%,100%,0.0,50.0,0.0,161.0,
Donavon Frelow,"5' 7""",135 lbs.,,Orthodox,1985-01-20,2.4,27%,3.2,52%,1.0,100%,26%,0.0,27.0,100.0,135.0,
Mike French,"5' 10""",145 lbs.,,,1975-05-29,0.23,23%,2.17,42%,0.0,0%,22%,1.0,23.0,0.0,145.0,
Matt Frevola,"5' 9""",155 lbs.,"71""",Orthodox,1990-06-11,2.73,37%,3.44,58%,2.59,37%,40%,1.1,37.0,37.0,155.0,71.0
Jinh Yu Frey,"5' 3""",115 lbs.,"65""",Southpaw,1985-05-20,1.79,40%,3.35,44%,1.06,42%,83%,0.7,40.0,42.0,115.0,65.0
Artem Frolov,"5' 10""",185 lbs.,,,1991-09-07,0.0,0%,0.0,0%,0.0,0%,0%,0.0,0.0,0.0,185.0,
Sarah Frota,"5' 6""",125 lbs.,"69""",Southpaw,1987-04-14,4.52,52%,2.57,55%,0.0,0%,53%,0.0,52.0,0.0,125.0,69.0
Don Frye,"6' 1""",219 lbs.,,Orthodox,1965-11-23,2.87,64%,3.57,37%,0.91,57%,45%,0.7,64.0,57.0,219.0,
Katsuhisa Fujii,"6' 0""",205 lbs.,,Orthodox,1972-08-15,4.0,50%,4.43,64%,2.14,25%,50%,2.1,50.0,25.0,205.0,
Tony Fryklund,"6' 0""",185 lbs.,,Orthodox,1971-03-26,3.49,39%,6.5,43%,0.0,0%,66%,0.5,39.0,0.0,185.0,
Jesse Fujarczyk,"6' 4""",225 lbs.,,Southpaw,1983-01-28,1.03,33%,4.91,38%,0.0,0%,25%,0.0,33.0,0.0,225.0,
Keisuke Fujiwara,"5' 6""",139 lbs.,,Switch,,0.73,44%,1.2,47%,0.0,0%,23%,2.5,44.0,0.0,139.0,
Megumi Fujii,"5' 3""",113 lbs.,,,1974-04-26,2.4,42%,0.0,100%,0.0,0%,0%,12.0,42.0,0.0,113.0,
Kazuyuki Fujita,"6' 0""",235 lbs.,,Orthodox,1970-10-16,1.05,49%,1.99,52%,2.78,36%,85%,0.6,49.0,36.0,235.0,
Riki Fukuda,"6' 0""",185 lbs.,"73""",Southpaw,1981-01-06,4.24,43%,3.71,64%,2.17,43%,70%,0.0,43.0,43.0,185.0,73.0
Masio Fullen,"5' 10""",145 lbs.,"70""",Orthodox,1986-10-06,2.46,32%,3.5,54%,0.47,33%,69%,0.0,32.0,33.0,145.0,70.0
Sam Fulton,,,,,,0.0,0%,0.0,0%,0.0,0%,0%,0.0,0.0,0.0,,
Masakatsu Funaki,"6' 0""",185 lbs.,,Southpaw,1969-03-13,1.82,68%,2.92,35%,0.0,0%,0%,5.5,68.0,0.0,185.0,
Travis Fulton,"6' 0""",240 lbs.,,Orthodox,1977-05-29,0.0,0%,0.0,0%,0.0,0%,0%,0.0,0.0,0.0,240.0,
Ricardo Funch,"5' 10""",170 lbs.,"74""",Southpaw,1980-08-14,2.61,65%,3.57,40%,1.24,18%,60%,0.0,65.0,18.0,170.0,74.0
Katsuaki Furuki,"6' 0""",168 lbs.,,,1980-11-10,0.27,10%,2.67,39%,0.0,0%,0%,3.0,10.0,0.0,168.0,
Gustavo Gabriel,"5' 6""",125 lbs.,,Orthodox,1994-04-01,4.06,65%,4.26,46%,0.0,0%,50%,0.0,65.0,0.0,125.0,
James Gabert,,178 lbs.,,,,0.0,0%,0.0,0%,0.0,0%,0%,0.0,0.0,0.0,178.0,
Justin Gaethje,"5' 11""",155 lbs.,"70""",Orthodox,1988-11-14,7.46,59%,7.99,55%,0.0,0%,69%,0.0,59.0,0.0,155.0,70.0
Alavutdin Gadjiev,"6' 2""",185 lbs.,,Orthodox,1982-06-23,0.99,27%,0.99,57%,0.0,0%,50%,0.0,27.0,0.0,185.0,
Claudia Gadelha,"5' 4""",115 lbs.,"63""",Orthodox,1988-12-07,3.31,41%,4.57,57%,3.03,42%,58%,0.7,41.0,42.0,115.0,63.0
Sheila Gaff,"5' 5""",135 lbs.,,Orthodox,1989-12-29,1.6,50%,2.89,28%,0.0,0%,20%,0.0,50.0,0.0,135.0,
Muin Gafurov,"5' 7""",135 lbs.,,,1996-05-17,0.0,0%,0.0,0%,0.0,0%,0%,0.0,0.0,0.0,135.0,
Mitch Gagnon,"5' 5""",135 lbs.,"65""",Southpaw,1984-10-10,2.76,46%,2.21,61%,1.16,25%,65%,1.9,46.0,25.0,135.0,65.0
Brandon Gaines,"6' 3""",185 lbs.,,,,0.0,0%,0.0,0%,0.0,0%,0%,0.0,0.0,0.0,185.0,
Travis Galbraith,"6' 0""",170 lbs.,,Orthodox,1981-05-18,2.21,40%,3.45,48%,1.33,25%,0%,1.3,40.0,25.0,170.0,
Mickey Gall,"6' 2""",170 lbs.,"74""",Switch,1992-01-22,2.55,46%,3.65,42%,1.15,26%,40%,2.1,46.0,26.0,170.0,74.0
Dave Galera,"5' 11""",135 lbs.,,Orthodox,1978-01-12,1.67,69%,0.53,33%,0.0,0%,14%,2.0,69.0,0.0,135.0,
Daniel Gallemore,"6' 5""",265 lbs.,,,,3.1,41%,6.0,52%,0.0,0%,0%,0.0,41.0,0.0,265.0,
Tom Gallicchio,"5' 10""",170 lbs.,,Southpaw,1986-09-23,3.53,26%,7.07,43%,1.0,11%,0%,0.0,26.0,11.0,170.0,
Turrell Galloway,"5' 3""",145 lbs.,,,,0.0,0%,0.0,0%,0.0,0%,0%,0.0,0.0,0.0,145.0,
Zelg Galesic,"6' 2""",185 lbs.,,Orthodox,1979-02-16,4.86,62%,0.61,66%,1.3,100%,20%,1.3,62.0,100.0,185.0,
Eric Galvan,,155 lbs.,,,,0.0,0%,0.0,0%,0.0,0%,0%,0.0,0.0,0.0,155.0,
Lucas Gamaza,,170 lbs.,,,,7.57,31%,6.99,45%,0.0,0%,0%,0.0,31.0,0.0,170.0,
Marcos Galvao,"5' 7""",135 lbs.,,Orthodox,1981-06-23,1.97,32%,3.86,61%,2.27,28%,88%,1.1,32.0,28.0,135.0,
Andre Galvao,"5' 7""",168 lbs.,,Orthodox,1982-09-29,2.34,52%,1.56,58%,2.02,27%,0%,2.8,52.0,27.0,168.0,
Joey Gambino,"5' 7""",145 lbs.,,Orthodox,1988-10-26,2.47,35%,2.53,51%,0.0,0%,42%,0.8,35.0,0.0,145.0,
Mateusz Gamrot,"5' 10""",155 lbs.,"70""",Southpaw,1990-12-11,3.47,41%,2.47,56%,5.0,31%,100%,0.0,41.0,31.0,155.0,70.0
Shamil Gamzatov,"6' 2""",205 lbs.,"76""",Orthodox,1990-08-09,4.27,46%,2.13,58%,0.0,0%,50%,0.0,46.0,0.0,205.0,76.0
Manvel Gamburyan,"5' 5""",135 lbs.,"67""",Orthodox,1981-05-08,2.13,41%,2.83,55%,3.26,34%,69%,0.7,41.0,34.0,135.0,67.0
Ariel Gandulla,"5' 11""",205 lbs.,,Orthodox,1968-05-07,1.95,23%,2.07,72%,1.88,66%,0%,0.0,23.0,66.0,205.0,
Eduardo Garagorri,"5' 9""",145 lbs.,"70""",Orthodox,1989-05-28,3.42,51%,2.36,58%,0.48,100%,61%,0.0,51.0,100.0,145.0,70.0
Sean Gannon,"6' 3""",265 lbs.,,Southpaw,,0.0,0%,6.38,28%,0.0,0%,50%,0.0,0.0,0.0,265.0,
Ciryl Gane,"6' 4""",245 lbs.,"81""",Orthodox,1990-04-12,5.04,55%,1.85,69%,1.13,26%,100%,0.5,55.0,26.0,245.0,81.0
Cody Garbrandt,"5' 8""",135 lbs.,"65""",Orthodox,1991-07-07,3.35,37%,3.33,65%,0.84,33%,100%,0.0,37.0,33.0,135.0,65.0
Leonard Garcia,"5' 10""",145 lbs.,"68""",Orthodox,1979-07-14,2.77,24%,4.79,52%,0.3,26%,42%,0.5,24.0,26.0,145.0,68.0
Alejandro Garcia,"5' 7""",145 lbs.,,,,1.22,62%,1.14,65%,8.55,87%,66%,0.0,62.0,87.0,145.0,
Edgar Garcia,"5' 10""",170 lbs.,"71""",Orthodox,1984-02-22,3.16,29%,4.23,60%,2.21,57%,50%,0.6,29.0,57.0,170.0,71.0
Nick Garcia,"5' 4""",125 lbs.,,,,0.67,25%,3.03,50%,0.0,0%,83%,5.1,25.0,0.0,125.0,
Alex Garcia,"5' 9""",170 lbs.,"72""",Orthodox,1987-07-14,1.81,31%,3.03,59%,3.72,52%,66%,0.1,31.0,52.0,170.0,72.0
Steve Garcia,"6' 0""",155 lbs.,"75""",Southpaw,1992-05-22,4.31,55%,2.52,36%,0.61,25%,100%,0.6,55.0,25.0,155.0,75.0
Elias Garcia,"5' 5""",125 lbs.,"67""",Southpaw,1992-09-13,1.59,27%,5.05,50%,0.68,14%,33%,1.4,27.0,14.0,125.0,67.0
Rafa Garcia,"5' 7""",155 lbs.,"70""",Orthodox,1994-08-05,3.47,23%,6.6,54%,0.0,0%,100%,0.0,23.0,0.0,155.0,70.0
Rulon Gardner,"6' 3""",265 lbs.,,Orthodox,1971-08-16,2.05,25%,1.45,60%,0.75,100%,100%,0.0,25.0,100.0,265.0,
David Gardner,"5' 11""",155 lbs.,,Orthodox,1977-05-17,0.17,100%,0.34,0%,0.0,0%,66%,0.0,100.0,0.0,155.0,
Pablo Garza,"6' 1""",145 lbs.,"73""",Orthodox,1983-09-16,3.37,44%,2.7,50%,0.94,25%,15%,1.3,44.0,25.0,145.0,73.0
Brian Gassaway,"6' 1""",170 lbs.,,Orthodox,1972-08-07,0.34,26%,3.65,44%,0.0,0%,42%,0.0,26.0,0.0,170.0,
Azamat Gashimov,"5' 6""",125 lbs.,,Orthodox,1990-04-07,1.24,21%,4.75,53%,1.69,25%,0%,0.0,21.0,25.0,125.0,
Willie Gates,"5' 8""",125 lbs.,"72""",Orthodox,1987-01-21,1.8,38%,4.28,38%,0.0,0%,67%,0.4,38.0,0.0,125.0,72.0
Kelvin Gastelum,"5' 9""",185 lbs.,"71""",Southpaw,1991-10-24,3.64,43%,2.92,59%,1.22,39%,64%,0.1,43.0,39.0,185.0,71.0
Louis Gaudinot,"5' 3""",125 lbs.,"63""",Orthodox,1984-08-28,2.34,37%,6.42,48%,0.57,40%,31%,1.1,37.0,40.0,125.0,63.0
Melissa Gatto,"5' 5""",135 lbs.,,Orthodox,1996-02-05,0.0,0%,0.0,0%,0.0,0%,0%,0.0,0.0,0.0,135.0,
Charlene Gellner,"5' 2""",125 lbs.,,,,2.01,42%,3.24,43%,0.0,0%,0%,1.7,42.0,0.0,125.0,
Chad George,"5' 6""",135 lbs.,"68""",Southpaw,1982-04-30,1.26,50%,1.11,65%,3.08,46%,0%,1.3,50.0,46.0,135.0,68.0
Paul Georgieff,"6' 2""",170 lbs.,,Orthodox,1982-09-22,2.55,40%,2.34,35%,0.0,0%,0%,0.0,40.0,0.0,170.0,
Brian Geraghty,"5' 7""",155 lbs.,,Orthodox,1980-11-04,0.47,25%,9.77,36%,0.0,0%,50%,0.0,25.0,0.0,155.0,
Derek Getzel,"6' 0""",155 lbs.,,,,0.0,0%,0.0,0%,0.0,0%,0%,0.0,0.0,0.0,155.0,
Karine Gevorgyan,"5' 4""",125 lbs.,"63""",,1989-03-09,1.2,20%,1.8,76%,0.0,0%,0%,0.0,20.0,0.0,125.0,63.0
Christos Giagos,"5' 10""",155 lbs.,"71""",Orthodox,1990-01-23,2.88,41%,2.59,51%,3.11,39%,50%,0.3,41.0,39.0,155.0,71.0
Darrel Gholar,"5' 8""",194 lbs.,,Orthodox,,0.0,0%,0.0,0%,0.0,0%,0%,0.0,0.0,0.0,194.0,
Joe Giannetti,"6' 0""",155 lbs.,"74""",Southpaw,1995-07-05,1.93,38%,2.8,40%,1.0,16%,0%,0.0,38.0,16.0,155.0,74.0
Tiki Ghosn,"5' 10""",170 lbs.,,Orthodox,1977-02-09,2.78,46%,2.94,58%,0.41,50%,61%,0.0,46.0,50.0,170.0,
Nick Gibbons,"5' 10""",155 lbs.,,,,0.0,0%,0.0,0%,0.0,0%,0%,0.0,0.0,0.0,155.0,
James Giboo,"5' 11""",170 lbs.,,Orthodox,1978-01-06,1.2,27%,7.08,39%,0.0,0%,0%,0.0,27.0,0.0,170.0,
Lance Gibson,"5' 9""",185 lbs.,,Orthodox,1970-11-20,1.21,75%,6.44,20%,0.0,0%,0%,0.0,75.0,0.0,185.0,
Lee Gibson,"5' 7""",155 lbs.,,,,0.0,0%,0.0,0%,0.0,0%,0%,0.0,0.0,0.0,155.0,
Chase Gibson,"5' 10""",155 lbs.,"72""",Orthodox,1990-02-07,3.13,54%,6.4,52%,0.0,0%,0%,0.0,54.0,0.0,155.0,72.0
Cody Gibson,"5' 10""",135 lbs.,"71""",Orthodox,1987-09-11,2.47,31%,2.54,63%,1.85,38%,58%,0.4,31.0,38.0,135.0,71.0
Kenny Giddens,"5' 11""",155 lbs.,,,,0.0,0%,0.0,0%,0.0,0%,0%,0.0,0.0,0.0,155.0,
Thomas Gifford,"6' 1""",155 lbs.,"75""",Orthodox,1992-07-26,3.97,37%,6.45,37%,0.5,33%,33%,0.0,37.0,33.0,155.0,75.0
Kultar Gill,"6' 0""",154 lbs.,,Orthodox,1979-03-24,1.14,50%,0.4,41%,1.71,66%,38%,0.0,50.0,66.0,154.0,
Trevin Giles,"6' 0""",185 lbs.,"74""",Orthodox,1992-08-06,3.26,56%,1.88,62%,1.37,80%,79%,0.3,56.0,80.0,185.0,74.0
Joey Gilbert,"5' 11""",155 lbs.,,Orthodox,1976-06-05,0.61,42%,4.44,31%,0.0,0%,0%,0.0,42.0,0.0,155.0,
Gregor Gillespie,"5' 7""",155 lbs.,"71""",Orthodox,1986-11-13,3.58,49%,2.14,60%,7.02,47%,0%,0.9,49.0,47.0,155.0,71.0
Jesse Gillespie,,185 lbs.,,,,0.0,0%,0.0,0%,0.0,0%,0%,0.0,0.0,0.0,185.0,
Jason Gilliam,"6' 0""",170 lbs.,,Orthodox,,0.79,33%,3.14,42%,0.0,0%,0%,0.0,33.0,0.0,170.0,
Krishaun Gilmore,,,,,,0.0,0%,0.0,0%,0.0,0%,0%,0.0,0.0,0.0,,
Alex Gilpin,"5' 7""",145 lbs.,,Orthodox,1992-03-26,6.8,54%,12.29,42%,2.17,25%,0%,2.2,54.0,25.0,145.0,
Bob Gilstrap,"6' 3""",200 lbs.,,Orthodox,,0.0,0%,0.0,0%,0.0,0%,0%,0.0,0.0,0.0,200.0,
Demetrius Gioulacos,"5' 11""",185 lbs.,,,,0.0,0%,0.0,0%,0.0,0%,0%,0.0,0.0,0.0,185.0,
Billy Giovanella,"5' 8""",125 lbs.,,,1985-08-20,1.27,40%,2.02,52%,0.87,12%,100%,1.7,40.0,12.0,125.0,
He-Man Gipson,,,,,,0.0,0%,0.0,0%,0.0,0%,0%,0.0,0.0,0.0,,
Israel Giron,"5' 8""",155 lbs.,,,1974-01-16,0.0,0%,0.0,0%,0.0,0%,0%,0.0,0.0,0.0,155.0,
Jason Glaza,"6' 0""",230 lbs.,,,,4.34,54%,0.43,40%,4.34,100%,0%,4.3,54.0,100.0,230.0,
Joseph Gigliotti,"5' 11""",185 lbs.,,Orthodox,1993-08-13,1.04,39%,2.92,45%,1.56,100%,50%,0.8,39.0,100.0,185.0,
Brandon Girtz,"5' 7""",155 lbs.,,,1985-03-06,2.5,60%,1.92,47%,5.76,100%,100%,0.0,60.0,100.0,155.0,
Mike Glenn,,205 lbs.,,,1977-10-09,0.0,0%,0.0,0%,0.0,0%,0%,0.0,0.0,0.0,205.0,
Rick Glenn,"6' 0""",145 lbs.,"70""",Southpaw,1989-04-12,4.31,42%,4.29,53%,0.67,13%,66%,0.3,42.0,13.0,145.0,70.0
Clint Godfrey,"5' 6""",135 lbs.,,Southpaw,1982-10-21,0.57,31%,0.96,65%,0.85,25%,50%,0.0,31.0,25.0,135.0,
Mark Godbeer,"6' 4""",240 lbs.,"77""",Orthodox,1983-11-22,3.97,53%,3.3,54%,0.0,0%,28%,0.0,53.0,0.0,240.0,77.0
Jason Godsey,"6' 2""",230 lbs.,,Orthodox,,0.0,0%,0.0,0%,0.0,0%,0%,0.0,0.0,0.0,230.0,
Jonny Goh,"5' 11""",155 lbs.,,,,0.0,0%,0.0,0%,0.0,0%,0%,0.0,0.0,0.0,155.0,
Hannah Goldy,"5' 4""",125 lbs.,"61""",Orthodox,1992-05-18,6.53,46%,3.9,55%,0.0,0%,66%,0.0,46.0,0.0,125.0,61.0
Allan Goes,"6' 0""",205 lbs.,,Orthodox,1971-04-20,0.64,52%,1.35,41%,1.75,40%,0%,2.6,52.0,40.0,205.0,
Marcelo Golm,"6' 3""",249 lbs.,"75""",Orthodox,1992-09-15,4.27,58%,4.3,45%,0.45,50%,87%,0.5,58.0,50.0,249.0,75.0
Alan Gomez,,155 lbs.,,,,0.0,0%,0.0,0%,0.0,0%,0%,0.0,0.0,0.0,155.0,
Sergio Gomez,"5' 6""",155 lbs.,,Orthodox,1982-04-29,1.5,42%,1.16,56%,2.57,66%,31%,0.0,42.0,66.0,155.0,
Frank Gomez,"5' 10""",135 lbs.,"67""",Orthodox,1986-03-31,1.52,48%,0.79,66%,1.14,60%,70%,0.8,48.0,60.0,135.0,67.0
David Gomez,,155 lbs.,,,1983-08-08,0.0,0%,0.0,0%,0.0,0%,0%,0.0,0.0,0.0,155.0,
Ulysses Gomez,"5' 6""",125 lbs.,,Orthodox,1983-05-25,2.72,25%,3.57,68%,0.0,0%,0%,0.0,25.0,0.0,125.0,
Edson Gomez,"5' 8""",170 lbs.,"69""",Switch,1991-02-23,2.66,32%,8.78,45%,0.0,0%,0%,0.0,32.0,0.0,170.0,69.0
Joey Gomez,"5' 10""",155 lbs.,"71""",Orthodox,1989-08-29,3.73,49%,3.33,50%,2.0,28%,0%,0.0,49.0,28.0,155.0,71.0
Luis Gomez,"5' 7""",145 lbs.,"68""",Orthodox,1995-01-28,1.57,33%,4.03,55%,4.48,50%,33%,0.0,33.0,50.0,145.0,68.0
Silvana Gomez Juarez,"5' 3""",125 lbs.,,Orthodox,1984-06-12,0.0,0%,0.0,0%,0.0,0%,0%,0.0,0.0,0.0,125.0,
Akihiro Gono,"5' 7""",170 lbs.,"68""",Switch,1974-10-07,2.18,48%,2.67,63%,1.01,84%,46%,0.5,48.0,84.0,170.0,68.0
Takanori Gomi,"5' 7""",155 lbs.,"70""",Southpaw,1978-09-22,3.81,41%,3.52,60%,1.23,65%,63%,0.8,41.0,65.0,155.0,70.0
Gabriel Gonzaga,"6' 2""",242 lbs.,"76""",Orthodox,1979-05-18,2.12,45%,2.94,57%,2.8,39%,66%,1.1,45.0,39.0,242.0,76.0
Nick Gonzalez,"5' 6""",155 lbs.,,Orthodox,1981-03-03,0.59,20%,2.35,33%,0.0,0%,50%,0.0,20.0,0.0,155.0,
Justin Gonzales,"5' 9""",145 lbs.,"72""",Orthodox,1991-04-28,6.67,80%,0.87,43%,14.0,73%,100%,0.0,80.0,73.0,145.0,72.0
Fabian Gonzalez,"5' 10""",135 lbs.,,,,3.9,48%,4.39,51%,0.0,0%,66%,0.0,48.0,0.0,135.0,
Fernando Gonzalez,"5' 9""",170 lbs.,"68""",Southpaw,1983-09-15,4.47,47%,4.03,65%,0.86,33%,43%,1.4,47.0,33.0,170.0,68.0
Lewis Gonzalez,"5' 10""",170 lbs.,,Orthodox,1987-09-19,1.4,37%,1.87,41%,2.0,33%,62%,0.0,37.0,33.0,170.0,
Jorge Gonzalez,"6' 2""",205 lbs.,"76""",Orthodox,1984-02-29,0.0,0%,0.0,0%,0.0,0%,0%,0.0,0.0,0.0,205.0,76.0
Jason Gonzalez,"6' 2""",155 lbs.,"74""",Southpaw,1990-02-28,3.06,39%,3.13,58%,0.0,0%,30%,1.0,39.0,0.0,155.0,74.0
Kier Gooch,,155 lbs.,,,1986-04-21,0.0,0%,0.0,0%,0.0,0%,0%,0.0,0.0,0.0,155.0,
Pearl Gonzalez,"5' 4""",115 lbs.,,Orthodox,1986-08-12,2.23,37%,4.07,57%,1.04,11%,0%,0.5,37.0,11.0,115.0,
Mikey Gonzalez,"5' 11""",155 lbs.,"74""",Orthodox,1985-08-13,0.91,16%,14.55,11%,0.0,0%,0%,0.0,16.0,0.0,155.0,74.0
Jared Gooden,"6' 0""",170 lbs.,"77""",Orthodox,1993-12-05,6.67,47%,11.2,49%,1.0,100%,100%,0.0,47.0,100.0,170.0,77.0
Lyman Good,"6' 0""",170 lbs.,"74""",Orthodox,1985-05-26,5.34,48%,4.01,63%,0.27,100%,75%,0.0,48.0,100.0,170.0,74.0
Jordan Goodwin,,155 lbs.,,,,0.0,0%,0.0,0%,0.0,0%,0%,0.0,0.0,0.0,155.0,
Gary Goodridge,"6' 3""",249 lbs.,,Orthodox,1966-01-17,1.84,56%,2.14,48%,0.4,100%,53%,0.8,56.0,100.0,249.0,
Tebaris Gordon,"6' 1""",265 lbs.,,Orthodox,1988-07-19,3.53,16%,49.41,22%,0.0,0%,0%,0.0,16.0,0.0,265.0,
Gerard Gordeau,"6' 5""",216 lbs.,,Orthodox,1959-03-30,0.0,0%,0.0,0%,0.0,0%,0%,0.0,0.0,0.0,216.0,
Eddie Gordon,"6' 0""",185 lbs.,"76""",Orthodox,1983-07-22,2.03,32%,2.57,60%,1.93,83%,63%,0.0,32.0,83.0,185.0,76.0
Alex Gorgees,"6' 2""",155 lbs.,"74""",Switch,1995-08-11,0.67,32%,2.27,38%,0.0,0%,54%,0.0,32.0,0.0,155.0,74.0
Malcolm Gordon,"5' 7""",125 lbs.,"71""",Switch,1990-05-19,0.55,13%,3.87,54%,0.0,0%,0%,0.0,13.0,0.0,125.0,71.0
Jared Gordon,"5' 9""",145 lbs.,"68""",Orthodox,1988-09-06,5.54,56%,3.22,60%,2.81,39%,55%,0.0,56.0,39.0,145.0,68.0
Tim Gorman,"5' 5""",135 lbs.,,Southpaw,1983-04-29,2.73,31%,5.57,46%,1.0,9%,33%,0.0,31.0,9.0,135.0,
Thibault Gouti,"5' 10""",155 lbs.,"72""",Orthodox,1987-02-27,3.68,34%,5.64,50%,1.23,80%,83%,0.3,34.0,80.0,155.0,72.0
Jonathan Goulet,"6' 0""",170 lbs.,"73""",Orthodox,1979-07-13,1.61,41%,2.01,46%,4.17,70%,45%,0.6,41.0,70.0,170.0,73.0
Chase Gormley,"6' 3""",265 lbs.,,Orthodox,,3.6,42%,6.03,44%,3.12,42%,0%,1.0,42.0,42.0,265.0,
Todd Gouwenberg,"6' 1""",205 lbs.,,Orthodox,1974-09-25,0.52,23%,2.93,42%,1.57,33%,50%,0.0,23.0,33.0,205.0,
Wilson Gouveia,"6' 1""",185 lbs.,"76""",Orthodox,1978-10-03,3.02,39%,4.06,56%,0.9,66%,57%,2.2,39.0,66.0,185.0,76.0
Justin Governale,,145 lbs.,,,,0.0,0%,0.0,0%,0.0,0%,0%,0.0,0.0,0.0,145.0,
Crosley Gracie,"5' 9""",190 lbs.,,Orthodox,1979-07-18,1.69,37%,1.54,60%,3.46,85%,50%,0.6,37.0,85.0,190.0,
Daniel Gracie,"6' 2""",225 lbs.,,Orthodox,,1.9,38%,1.33,59%,0.36,100%,80%,2.1,38.0,100.0,225.0,
Hugo Govea,,,,,,0.0,0%,0.0,0%,0.0,0%,0%,0.0,0.0,0.0,,
Renzo Gracie,"5' 10""",185 lbs.,,Orthodox,1967-03-11,1.71,41%,1.67,55%,1.13,20%,40%,0.8,41.0,20.0,185.0,
Damian Grabowski,"6' 1""",241 lbs.,"75""",Orthodox,1980-05-12,4.0,36%,7.65,51%,0.0,0%,0%,0.0,36.0,0.0,241.0,75.0
Ralph Gracie,"5' 9""",183 lbs.,,Orthodox,,0.86,37%,1.72,31%,0.0,0%,25%,4.0,37.0,0.0,183.0,
Royce Gracie,"6' 1""",175 lbs.,,Southpaw,1966-12-12,0.88,41%,1.13,37%,0.0,0%,66%,0.8,41.0,0.0,175.0,
Rickson Gracie,"5' 10""",185 lbs.,,Switch,1958-11-20,0.0,0%,0.0,0%,0.0,0%,0%,0.0,0.0,0.0,185.0,
Ralek Gracie,"6' 2""",210 lbs.,,Orthodox,1985-10-04,1.61,46%,1.05,55%,2.5,75%,0%,1.7,46.0,75.0,210.0,
Ryan Gracie,"5' 9""",200 lbs.,,Orthodox,1974-08-14,0.82,61%,0.5,40%,2.83,75%,25%,0.9,61.0,75.0,200.0,
Royler Gracie,"5' 8""",150 lbs.,,Southpaw,1965-12-06,0.0,0%,0.0,0%,0.0,0%,0%,0.0,0.0,0.0,150.0,
Rodrigo Gracie,"6' 0""",183 lbs.,,Orthodox,1975-04-11,1.34,51%,0.86,46%,1.49,50%,75%,0.4,51.0,50.0,183.0,
Cesar Gracie,"5' 10""",181 lbs.,,Orthodox,,0.0,0%,17.14,50%,0.0,0%,0%,0.0,0.0,0.0,181.0,
Rolles Gracie,"6' 4""",242 lbs.,,Orthodox,1978-07-14,2.3,32%,3.38,55%,2.3,10%,0%,0.0,32.0,10.0,242.0,
Roger Gracie,"6' 4""",185 lbs.,"79""",Orthodox,1981-09-26,1.78,35%,1.79,61%,1.87,53%,60%,1.9,35.0,53.0,185.0,79.0
Igor Gracie,"5' 11""",170 lbs.,,,1980-02-04,1.86,60%,0.99,50%,3.72,50%,0%,3.7,60.0,50.0,170.0,
Kron Gracie,"5' 9""",145 lbs.,"70""",Southpaw,1988-07-11,5.15,41%,8.13,53%,0.88,25%,0%,0.9,41.0,25.0,145.0,70.0
Steven Graham,"6' 1""",290 lbs.,,Orthodox,,0.0,0%,0.0,0%,0.0,0%,0%,0.0,0.0,0.0,290.0,
Miranda Granger,"5' 7""",125 lbs.,"68""",Orthodox,1992-04-13,2.91,48%,2.64,59%,0.0,0%,40%,0.0,48.0,0.0,125.0,68.0
Scott Graham,"6' 4""",185 lbs.,,Orthodox,,0.91,42%,2.27,28%,0.0,0%,0%,0.0,42.0,0.0,185.0,
Neiman Gracie,"6' 0""",170 lbs.,,,,0.77,100%,0.38,75%,5.77,100%,0%,5.8,100.0,100.0,170.0,
Davey Grant,"5' 8""",135 lbs.,"69""",Orthodox,1985-12-18,3.93,47%,2.47,63%,2.3,45%,66%,0.2,47.0,45.0,135.0,69.0
TJ Grant,"5' 10""",155 lbs.,"72""",Orthodox,1984-02-26,3.95,54%,3.21,56%,1.63,43%,36%,0.6,54.0,43.0,155.0,72.0
Tony Gravely,"5' 5""",135 lbs.,"69""",Orthodox,1991-09-28,3.69,55%,3.16,42%,5.6,51%,50%,0.8,55.0,51.0,135.0,69.0
Alexa Grasso,"5' 5""",125 lbs.,"66""",Orthodox,1993-08-09,4.96,43%,3.61,64%,0.28,40%,60%,0.6,43.0,40.0,125.0,66.0
Shelton Graves,"6' 2""",255 lbs.,"76""",Southpaw,1985-10-23,2.19,69%,0.81,33%,4.86,57%,0%,0.0,69.0,57.0,255.0,76.0
Michael Graves,"5' 10""",170 lbs.,"71""",Orthodox,1991-01-08,1.25,54%,1.47,58%,4.8,52%,66%,0.4,54.0,52.0,170.0,71.0
Kevin Gray,"5' 4""",125 lbs.,"67""",Orthodox,1985-05-03,3.45,62%,4.48,66%,0.0,0%,0%,0.0,62.0,0.0,125.0,67.0
Dwight Grant,"6' 1""",170 lbs.,"76""",Switch,1984-09-14,3.39,37%,2.16,69%,0.34,100%,78%,0.0,37.0,100.0,170.0,76.0
James Gray,"5' 9""",135 lbs.,,Orthodox,1987-10-25,2.61,50%,18.26,44%,0.0,0%,0%,0.0,50.0,0.0,135.0,
Sam Greco,"6' 2""",205 lbs.,,Orthodox,1967-05-03,2.4,75%,1.33,53%,0.0,0%,25%,1.0,75.0,0.0,205.0,
Max Griffin,"5' 11""",170 lbs.,"76""",Orthodox,1985-11-29,4.14,48%,3.94,56%,1.7,51%,66%,0.5,48.0,51.0,170.0,76.0
Tyson Griffin,"5' 6""",145 lbs.,"68""",Orthodox,1984-04-20,3.71,41%,2.3,65%,1.87,46%,59%,0.9,41.0,46.0,145.0,68.0
Gabe Green,"5' 10""",170 lbs.,"73""",Switch,1993-05-02,6.57,46%,7.23,49%,1.0,100%,57%,0.5,46.0,100.0,170.0,73.0
Bobby Green,"5' 10""",155 lbs.,"71""",Orthodox,1986-09-09,5.17,51%,3.32,63%,1.56,41%,72%,0.3,51.0,41.0,155.0,71.0
Matt Grice,"5' 8""",145 lbs.,"70""",Orthodox,1981-07-29,4.09,53%,2.69,56%,2.19,37%,82%,0.5,53.0,37.0,145.0,70.0
Maurice Greene,"6' 7""",258 lbs.,"80""",Orthodox,1986-07-05,4.12,44%,4.37,45%,0.0,0%,28%,0.6,44.0,0.0,258.0,80.0
Desmond Green,"5' 10""",155 lbs.,"73""",Southpaw,1989-10-11,3.7,46%,2.51,69%,1.62,50%,75%,0.0,46.0,50.0,155.0,73.0
Forrest Griffin,"6' 3""",205 lbs.,"77""",Orthodox,1979-03-16,4.38,36%,2.81,61%,1.05,48%,57%,0.7,36.0,48.0,205.0,77.0
Rodrigo Gripp de Sousa,"5' 11""",205 lbs.,,Orthodox,,0.48,23%,4.81,52%,0.0,0%,0%,9.6,23.0,0.0,205.0,
Chuck Grigsby,"6' 6""",205 lbs.,,Orthodox,,0.71,16%,3.29,46%,0.0,0%,66%,0.0,16.0,0.0,205.0,
Jordan Griffin,"5' 10""",145 lbs.,"73""",Southpaw,1990-02-28,2.6,46%,3.18,48%,0.78,23%,42%,1.8,46.0,23.0,145.0,73.0
Chad Griggs,"6' 1""",205 lbs.,"73""",Orthodox,1978-05-15,2.67,50%,2.22,46%,1.51,66%,41%,0.0,50.0,66.0,205.0,73.0
Maxim Grishin,"6' 3""",220 lbs.,"78""",Orthodox,1984-05-02,2.95,44%,2.33,56%,0.38,33%,66%,0.0,44.0,33.0,220.0,78.0
Josh Grispi,"5' 11""",145 lbs.,"74""",Orthodox,1988-10-14,1.44,41%,3.71,50%,1.97,36%,16%,2.2,41.0,36.0,145.0,74.0
Garrett Gross,"5' 9""",155 lbs.,,Orthodox,1988-08-08,2.39,45%,1.67,46%,0.0,0%,52%,0.0,45.0,0.0,155.0,
Kendall Grove,"6' 6""",185 lbs.,"79""",Orthodox,1982-11-12,2.31,41%,2.4,54%,0.49,45%,56%,1.7,41.0,45.0,185.0,79.0
Neil Grove,"6' 6""",265 lbs.,,Orthodox,1971-01-18,0.0,0%,0.0,0%,0.0,0%,100%,14.3,0.0,0.0,265.0,
Wang Guan,"5' 9""",145 lbs.,"71""",Orthodox,1986-03-14,4.73,43%,3.27,60%,0.0,0%,0%,0.0,43.0,0.0,145.0,71.0
Chris Gruetzemacher,"5' 8""",155 lbs.,"68""",Orthodox,1986-06-16,7.02,57%,5.54,55%,0.0,0%,62%,0.0,57.0,0.0,155.0,68.0
Vik Grujic,"5' 11""",170 lbs.,"73""",Orthodox,1977-02-06,2.24,48%,3.39,41%,1.18,33%,26%,0.4,48.0,33.0,170.0,73.0
Mike Grundy,"5' 7""",145 lbs.,"72""",Orthodox,1987-01-03,2.15,43%,4.09,58%,4.25,38%,100%,0.6,43.0,38.0,145.0,72.0
Nandor Guelmino,"6' 3""",230 lbs.,,,1975-12-20,3.62,56%,3.16,33%,0.0,0%,42%,0.0,56.0,0.0,230.0,
Fabricio Guerreiro,"5' 10""",145 lbs.,,,1990-07-24,1.87,31%,2.2,67%,2.0,50%,0%,0.0,31.0,50.0,145.0,
Brad Gumm,"5' 11""",170 lbs.,,Orthodox,,0.0,0%,0.0,0%,0.0,0%,0%,0.0,0.0,0.0,170.0,
Leonardo Guimaraes,"6' 0""",185 lbs.,,Orthodox,1982-04-15,2.35,56%,2.99,44%,0.0,0%,52%,1.0,56.0,0.0,185.0,
Jason Guida,"5' 10""",214 lbs.,,,1977-08-04,1.87,40%,3.33,52%,1.0,14%,50%,1.0,40.0,14.0,214.0,
Shannon Gugerty,"5' 10""",155 lbs.,"71""",Orthodox,1981-12-30,1.25,39%,1.88,58%,2.13,27%,50%,3.4,39.0,27.0,155.0,71.0
Clay Guida,"5' 7""",155 lbs.,"70""",Orthodox,1981-12-08,2.44,34%,2.57,63%,3.36,38%,68%,0.7,34.0,38.0,155.0,70.0
Melvin Guillard,"5' 9""",155 lbs.,"71""",Orthodox,1983-03-30,2.96,40%,1.85,66%,1.3,63%,61%,0.2,40.0,63.0,155.0,71.0
Marcelo Guimaraes,"6' 0""",185 lbs.,"73""",Orthodox,1983-06-25,4.67,51%,4.41,62%,1.99,13%,0%,0.0,51.0,13.0,185.0,73.0
Chris Guillen,"6' 0""",240 lbs.,,Orthodox,1972-12-09,0.82,27%,1.91,36%,0.0,0%,0%,0.0,27.0,0.0,240.0,
Fabio Gurgel,"6' 0""",205 lbs.,,Orthodox,,0.0,0%,0.0,0%,0.0,0%,0%,0.0,0.0,0.0,205.0,
John Gunther,"5' 9""",155 lbs.,"72""",Orthodox,1985-11-24,1.65,37%,3.72,46%,7.08,42%,0%,0.0,37.0,42.0,155.0,72.0
Jorge Gurgel,"5' 7""",155 lbs.,"69""",Orthodox,1977-01-25,3.37,32%,3.62,62%,0.81,23%,60%,0.5,32.0,23.0,155.0,69.0
John Gunderson,"5' 9""",155 lbs.,"69""",Orthodox,1979-01-05,1.04,27%,1.71,58%,1.67,33%,11%,2.0,27.0,33.0,155.0,69.0
Andre Gusmao,"6' 0""",205 lbs.,,Orthodox,1977-05-19,2.79,43%,3.28,60%,0.0,0%,60%,0.0,43.0,0.0,205.0,
Alexander Gustafsson,"6' 5""",205 lbs.,"79""",Orthodox,1987-01-15,4.02,40%,3.42,51%,1.54,39%,83%,0.4,40.0,39.0,205.0,79.0
Justin Guthrie,"6' 1""",170 lbs.,,,1981-01-19,0.16,33%,3.74,14%,2.44,25%,0%,4.9,33.0,25.0,170.0,
Horacio Gutierrez,"5' 10""",145 lbs.,,,1990-09-15,0.86,26%,2.91,46%,0.0,0%,50%,0.0,26.0,0.0,145.0,
Chris Gutierrez,"5' 9""",145 lbs.,"67""",Orthodox,1991-04-22,4.3,57%,2.45,59%,0.57,60%,73%,0.2,57.0,60.0,145.0,67.0
Tim Hague,"6' 4""",260 lbs.,"76""",Orthodox,1983-05-09,2.79,47%,4.14,46%,1.72,33%,85%,0.9,47.0,33.0,260.0,76.0
Steve Hadsel,"5' 8""",170 lbs.,,,,0.0,0%,0.0,0%,0.0,0%,0%,0.0,0.0,0.0,170.0,
Keith Hackney,"5' 11""",200 lbs.,,Sideways,,0.0,0%,0.0,0%,0.0,0%,0%,0.0,0.0,0.0,200.0,
Chelsea Hackett,"5' 4""",125 lbs.,"66""",Switch,1998-08-16,2.58,51%,4.85,46%,0.0,0%,57%,0.0,51.0,0.0,125.0,66.0
Mike Guymon,"6' 0""",170 lbs.,"74""",Orthodox,1974-09-17,2.75,65%,0.79,66%,1.87,37%,54%,1.2,65.0,37.0,170.0,74.0
Damir Hadzovic,"5' 9""",155 lbs.,"70""",Orthodox,1986-08-08,2.99,46%,2.99,66%,0.68,60%,39%,0.2,46.0,60.0,155.0,70.0
Yazan Hajeh,"5' 9""",145 lbs.,,Orthodox,1992-09-04,1.54,25%,17.44,44%,0.0,0%,100%,0.0,25.0,0.0,145.0,
Kevin Haley,"6' 2""",205 lbs.,,,,0.87,59%,0.87,64%,3.0,100%,0%,2.0,59.0,100.0,205.0,
Stoney Hale,"6' 0""",,,,1979-10-18,0.0,0%,0.0,0%,0.0,0%,0%,0.0,0.0,0.0,,
Ryan Hall,"5' 10""",145 lbs.,"70""",Southpaw,1985-02-22,2.32,43%,0.96,75%,0.31,16%,0%,0.9,43.0,16.0,145.0,70.0
Tony Halme,"6' 3""",300 lbs.,,Orthodox,1963-01-06,0.0,0%,0.0,0%,0.0,0%,0%,0.0,0.0,0.0,300.0,
Mark Hall,"6' 0""",190 lbs.,,Orthodox,,0.0,0%,0.0,0%,0.0,0%,0%,0.0,0.0,0.0,190.0,
Dennis Hallman,"5' 9""",155 lbs.,"72""",Orthodox,1975-12-02,1.12,44%,1.96,43%,1.79,30%,25%,2.1,44.0,30.0,155.0,72.0
Uriah Hall,"6' 0""",185 lbs.,"79""",Orthodox,1984-07-31,3.34,51%,3.54,53%,0.67,38%,69%,0.2,51.0,38.0,185.0,79.0
Piotr Hallmann,"5' 9""",155 lbs.,"71""",Orthodox,1987-08-25,3.98,45%,3.17,58%,2.55,44%,70%,0.4,45.0,44.0,155.0,71.0
Frank Hamaker,,,,,,0.0,0%,0.0,0%,0.0,0%,0%,0.0,0.0,0.0,,
Kazuhiro Hamanaka,"6' 0""",185 lbs.,,Southpaw,1978-10-24,1.7,37%,0.91,60%,0.0,0%,50%,0.0,37.0,0.0,185.0,
Brandon Halsey,"6' 0""",185 lbs.,,,1986-09-16,1.74,47%,0.87,65%,4.98,53%,100%,1.2,47.0,53.0,185.0,
Seo Hee Ham,"5' 2""",115 lbs.,"62""",Southpaw,1987-03-08,4.2,39%,5.15,61%,0.0,0%,66%,0.2,39.0,0.0,115.0,62.0
John Halverson,"5' 9""",155 lbs.,,Southpaw,1972-09-08,2.94,43%,5.29,47%,0.0,0%,66%,2.0,43.0,0.0,155.0,
Jeremy Hamilton,,185 lbs.,,,1984-11-14,0.0,0%,0.0,0%,0.0,0%,0%,0.0,0.0,0.0,185.0,
Anthony Hamilton,"6' 5""",260 lbs.,"76""",Orthodox,1980-04-14,3.91,65%,3.02,45%,2.62,42%,78%,0.0,65.0,42.0,260.0,76.0
Matt Hamill,"6' 1""",205 lbs.,"76""",Orthodox,1976-10-05,3.69,42%,3.8,61%,3.0,34%,91%,0.0,42.0,34.0,205.0,76.0
CJ Hamilton,"5' 7""",125 lbs.,"68""",Switch,1986-10-07,2.47,31%,3.93,58%,0.0,0%,62%,0.0,31.0,0.0,125.0,68.0
James Hammortree,"6' 3""",185 lbs.,,Orthodox,1983-11-29,1.93,30%,4.13,44%,2.0,50%,100%,1.0,30.0,50.0,185.0,
Jared Hamman,"6' 3""",185 lbs.,"75""",Orthodox,1982-03-07,5.15,42%,3.93,55%,1.57,46%,30%,0.0,42.0,46.0,185.0,75.0
Joachim Hansen,"5' 7""",150 lbs.,,Southpaw,1979-05-26,2.01,43%,2.04,58%,2.21,58%,34%,1.9,43.0,58.0,150.0,
Nasrat Haqparast,"5' 10""",155 lbs.,"72""",Southpaw,1995-08-22,5.81,47%,3.23,74%,0.18,16%,84%,0.0,47.0,16.0,155.0,72.0
Dean Hancock,,155 lbs.,,,,7.97,63%,1.94,67%,1.71,33%,75%,1.7,63.0,33.0,155.0,
Kay Hansen,"5' 2""",115 lbs.,"63""",Orthodox,1999-08-14,3.57,59%,3.03,54%,2.19,25%,100%,1.6,59.0,25.0,115.0,63.0
Janay Harding,,135 lbs.,,,,0.0,0%,0.0,0%,0.0,0%,0%,0.0,0.0,0.0,135.0,
Scott Harper,"6' 0""",185 lbs.,,Orthodox,1972-04-14,1.3,54%,4.98,47%,3.25,100%,0%,0.0,54.0,100.0,185.0,
Baru Harn,,265 lbs.,,,,0.0,0%,0.0,0%,0.0,0%,0%,0.0,0.0,0.0,265.0,
Antoni Hardonk,"6' 4""",245 lbs.,"78""",Orthodox,1976-02-05,3.4,61%,3.07,46%,0.0,0%,40%,0.9,61.0,0.0,245.0,78.0
Dan Hardy,"6' 0""",170 lbs.,"74""",Orthodox,1982-05-17,2.46,35%,3.44,51%,0.73,35%,35%,0.4,35.0,35.0,170.0,74.0
Greg Hardy,"6' 5""",265 lbs.,"80""",Orthodox,1988-07-28,4.83,50%,3.12,56%,0.21,33%,80%,0.0,50.0,33.0,265.0,80.0
Gerry Harris,"6' 8""",270 lbs.,,Orthodox,,0.0,0%,0.0,0%,0.0,0%,0%,0.0,0.0,0.0,270.0,
Phil Harris,"5' 4""",125 lbs.,"65""",Orthodox,1983-09-04,2.34,26%,3.16,68%,1.76,21%,60%,0.0,26.0,21.0,125.0,65.0
Dhafir Harris,,257 lbs.,,,1977-08-04,0.0,0%,0.0,0%,0.0,0%,0%,0.0,0.0,0.0,257.0,
Collin Hart,"6' 1""",185 lbs.,,Orthodox,1989-10-12,6.33,44%,7.53,51%,2.0,16%,50%,0.0,44.0,16.0,185.0,
Carlston Harris,"6' 0""",170 lbs.,,,1987-07-09,0.0,0%,0.0,0%,0.0,0%,0%,0.0,0.0,0.0,170.0,
Dale Hartt,"5' 10""",155 lbs.,"69""",Orthodox,1979-04-04,1.14,35%,1.55,66%,1.22,100%,25%,2.5,35.0,100.0,155.0,69.0
Trevor Harris,"5' 6""",145 lbs.,,,,1.73,50%,0.43,75%,0.0,0%,50%,6.5,50.0,0.0,145.0,
Walt Harris,"6' 5""",250 lbs.,"77""",Southpaw,1983-06-10,2.95,38%,3.43,54%,0.3,28%,72%,0.1,38.0,28.0,250.0,77.0
Gerald Harris,"5' 11""",185 lbs.,"77""",Southpaw,1979-11-19,1.41,29%,1.58,62%,2.96,54%,72%,0.0,29.0,54.0,185.0,77.0
Luke Hartwig,,,,,,0.0,0%,0.0,0%,0.0,0%,0%,0.0,0.0,0.0,,
Hidehiko Hasegawa,"5' 9""",170 lbs.,,,1978-07-13,0.0,0%,0.0,0%,0.0,0%,0%,0.0,0.0,0.0,170.0,
Justin Haskins,"5' 10""",170 lbs.,,Orthodox,1979-08-30,1.51,33%,2.65,54%,1.62,40%,52%,0.8,33.0,40.0,170.0,
Clay Harvison,"6' 1""",170 lbs.,"74""",Orthodox,1980-09-25,3.29,48%,3.91,58%,0.66,100%,68%,1.3,48.0,100.0,170.0,74.0
Daiki Hata,"5' 6""",139 lbs.,,Orthodox,1982-08-24,1.44,39%,1.42,55%,0.67,100%,35%,0.7,39.0,100.0,139.0,
Chris Haseman,"5' 11""",205 lbs.,,Orthodox,1969-06-02,0.93,70%,4.67,28%,0.0,0%,40%,2.0,70.0,0.0,205.0,
Tomohiko Hashimoto,"6' 0""",250 lbs.,,Orthodox,,0.0,0%,11.67,30%,0.0,0%,0%,0.0,0.0,0.0,250.0,
Takayo Hashi,"5' 4""",135 lbs.,,Orthodox,1977-10-02,2.84,26%,6.56,61%,0.0,0%,0%,0.0,26.0,0.0,135.0,
Hayder Hassan,"5' 10""",170 lbs.,,,1982-10-20,2.11,46%,3.16,48%,0.0,0%,25%,0.0,46.0,0.0,170.0,
Del Hawkins,"5' 5""",135 lbs.,,Orthodox,,1.15,27%,2.01,46%,0.0,0%,0%,0.0,27.0,0.0,135.0,
John Hathaway,"6' 1""",170 lbs.,"75""",Orthodox,1987-07-23,3.4,40%,1.8,62%,2.61,43%,60%,0.9,40.0,43.0,170.0,75.0
Justin Hawes,"5' 11""",205 lbs.,,,1979-01-13,0.0,0%,3.41,37%,0.0,0%,0%,0.0,0.0,0.0,205.0,
Chris Hawk,"6' 1""",205 lbs.,,,,0.0,0%,0.0,0%,0.0,0%,0%,0.0,0.0,0.0,205.0,
Ryan Hayes,,,,,,0.0,0%,0.0,0%,0.0,0%,0%,0.0,0.0,0.0,,
Phil Hawes,"6' 0""",185 lbs.,"77""",Orthodox,1989-01-08,2.84,52%,4.18,47%,3.13,35%,0%,0.0,52.0,35.0,185.0,77.0
Mike Hayes,"6' 4""",230 lbs.,,Orthodox,,4.87,55%,1.47,77%,0.0,0%,75%,4.0,55.0,0.0,230.0,
Tommy Hayden,"5' 9""",145 lbs.,,Southpaw,1986-03-11,1.48,27%,2.05,55%,3.42,33%,66%,0.0,27.0,33.0,145.0,
Gerric Hayes,"5' 10""",,,,,0.0,0%,0.0,0%,0.0,0%,0%,0.0,0.0,0.0,,
Josh Haynes,"5' 9""",170 lbs.,,Orthodox,1977-07-30,1.25,22%,4.03,52%,0.94,18%,42%,0.0,22.0,18.0,170.0,
Dustin Hazelett,"6' 1""",170 lbs.,"76""",Orthodox,1986-04-29,2.24,40%,3.51,46%,0.55,50%,25%,4.1,40.0,50.0,170.0,76.0
James Head,"6' 1""",170 lbs.,"73""",Orthodox,1984-02-09,2.75,48%,3.11,49%,0.41,100%,66%,0.8,48.0,100.0,170.0,73.0
Pat Healy,"6' 0""",155 lbs.,"72""",Orthodox,1983-07-20,2.57,36%,2.57,50%,3.08,37%,55%,1.1,36.0,37.0,155.0,72.0
Ryan Healy,"6' 1""",155 lbs.,,Orthodox,1983-07-20,1.67,35%,3.0,38%,3.0,50%,40%,1.0,35.0,50.0,155.0,
Spencer Hearns,"5' 11""",185 lbs.,,,,0.0,0%,0.0,0%,0.0,0%,0%,0.0,0.0,0.0,185.0,
David Heath,"5' 11""",205 lbs.,"72""",Orthodox,1976-02-10,1.48,30%,5.16,49%,0.33,50%,57%,1.0,30.0,50.0,205.0,72.0
Marcin Held,"5' 9""",155 lbs.,"71""",Orthodox,1992-01-18,1.41,34%,2.02,47%,2.46,46%,37%,1.3,34.0,46.0,155.0,71.0
Delson Heleno,"5' 11""",185 lbs.,,Orthodox,1977-11-16,0.69,75%,4.83,19%,0.0,0%,0%,0.0,75.0,0.0,185.0,
Chris Heatherly,"5' 9""",155 lbs.,,Orthodox,1987-11-24,1.08,45%,2.67,52%,3.39,50%,100%,0.7,45.0,50.0,155.0,
Nick Hein,"5' 6""",155 lbs.,"66""",Southpaw,1984-04-24,2.65,35%,3.61,59%,0.86,33%,83%,0.0,35.0,33.0,155.0,66.0
Ian Heinisch,"5' 11""",185 lbs.,"72""",Orthodox,1988-08-05,3.28,50%,2.79,58%,1.13,18%,60%,0.8,50.0,18.0,185.0,72.0
Jake Hecht,"6' 0""",170 lbs.,"73""",Orthodox,1984-02-09,3.26,47%,2.76,56%,2.04,37%,40%,0.0,47.0,37.0,170.0,73.0
Elisha Helsper,"5' 6""",135 lbs.,,Orthodox,1983-02-06,0.0,0%,0.0,0%,0.0,0%,0%,0.0,0.0,0.0,135.0,
Josh Hendricks,"6' 2""",235 lbs.,,Southpaw,1976-08-28,0.98,20%,11.8,29%,0.0,0%,0%,0.0,20.0,0.0,235.0,
Ron Henderson,"5' 10""",125 lbs.,,,,2.53,25%,3.6,48%,1.0,20%,0%,0.0,25.0,20.0,125.0,
Benson Henderson,"5' 9""",170 lbs.,"70""",Southpaw,1983-11-16,2.93,45%,1.79,63%,2.4,45%,63%,0.8,45.0,45.0,170.0,70.0
Johny Hendricks,"5' 9""",185 lbs.,"69""",Southpaw,1983-09-12,3.49,45%,3.99,53%,3.83,46%,63%,0.3,45.0,46.0,185.0,69.0
Dan Henderson,"5' 11""",185 lbs.,"74""",Orthodox,1970-08-24,2.44,47%,2.7,51%,1.52,52%,57%,0.3,47.0,52.0,185.0,74.0
Matt Helm,,155 lbs.,,,,0.0,0%,0.0,0%,0.0,0%,0%,0.0,0.0,0.0,155.0,
Diego Henrique da Silva,"6' 2""",185 lbs.,,Orthodox,1986-08-22,2.53,57%,3.27,30%,0.0,0%,63%,0.0,57.0,0.0,185.0,
Luis Henrique,"6' 2""",243 lbs.,"74""",Orthodox,1993-08-21,1.81,43%,2.22,47%,3.09,36%,50%,1.0,43.0,36.0,243.0,74.0
Danny Henry,"6' 0""",145 lbs.,"73""",Orthodox,1988-07-17,5.2,51%,4.16,45%,0.74,33%,50%,2.2,51.0,33.0,145.0,73.0
TJ Hepburn,"5' 7""",155 lbs.,,,,0.73,37%,0.13,81%,2.0,40%,60%,0.0,37.0,40.0,155.0,
Jai Herbert,"6' 1""",155 lbs.,"77""",Orthodox,1988-05-13,1.83,30%,2.61,48%,0.0,0%,33%,0.0,30.0,0.0,155.0,77.0
Ed Herman,"6' 1""",205 lbs.,"77""",Orthodox,1980-10-02,3.32,49%,3.35,43%,2.21,48%,60%,1.2,49.0,48.0,205.0,77.0
Dave Herman,"6' 4""",242 lbs.,"77""",Orthodox,1984-10-03,4.98,60%,3.78,48%,1.49,100%,58%,0.0,60.0,100.0,242.0,77.0
Noe Hernandez,,,,Orthodox,,0.0,0%,0.0,0%,0.0,0%,0%,0.0,0.0,0.0,,
Jack Hermansson,"6' 1""",185 lbs.,"77""",Orthodox,1988-06-10,5.03,44%,3.46,54%,1.96,34%,75%,0.7,44.0,34.0,185.0,77.0
Cory Hendricks,"6' 3""",205 lbs.,,,1988-05-10,3.13,39%,4.07,42%,0.0,0%,100%,0.0,39.0,0.0,205.0,
Joe Hernandez,,,,,,0.0,0%,0.0,0%,0.0,0%,0%,0.0,0.0,0.0,,
Alexander Hernandez,"5' 9""",155 lbs.,"72""",Orthodox,1992-10-01,3.57,35%,3.81,59%,1.6,38%,62%,0.0,35.0,38.0,155.0,72.0
Anthony Hernandez,"6' 0""",185 lbs.,"75""",Orthodox,1993-10-18,4.92,55%,5.09,47%,3.76,66%,70%,1.9,55.0,66.0,185.0,75.0
Nohelin Hernandez,"5' 10""",135 lbs.,"71""",Orthodox,1994-03-01,1.32,34%,2.63,52%,0.71,50%,37%,0.0,34.0,50.0,135.0,71.0
Paul Herrera,"5' 10""",185 lbs.,,Orthodox,,0.0,0%,0.0,0%,0.0,0%,0%,0.0,0.0,0.0,185.0,
Chris Herrera,"5' 10""",185 lbs.,,,,2.04,37%,3.35,48%,1.8,100%,100%,0.0,37.0,100.0,185.0,
Alvaro Herrera Mendoza,"6' 0""",155 lbs.,"74""",Orthodox,1990-05-14,1.89,38%,3.4,55%,0.0,0%,33%,1.1,38.0,0.0,155.0,74.0
Geane Herrera,"5' 5""",125 lbs.,"66""",Orthodox,1990-05-27,1.51,31%,5.07,52%,0.83,37%,38%,0.6,31.0,37.0,125.0,66.0
Ramiro Hernandez,"5' 9""",135 lbs.,,Orthodox,1986-07-22,2.72,28%,5.51,64%,0.0,0%,0%,0.0,28.0,0.0,135.0,
Felice Herrig,"5' 4""",115 lbs.,"65""",Orthodox,1984-09-18,3.63,36%,4.84,49%,1.18,30%,72%,0.9,36.0,30.0,115.0,65.0
Jon Hess,"6' 7""",295 lbs.,,,,0.0,0%,0.0,0%,0.0,0%,0%,0.0,0.0,0.0,295.0,
Heath Herring,"6' 4""",250 lbs.,"78""",Orthodox,1978-03-02,2.37,50%,1.77,54%,1.22,50%,32%,0.7,50.0,50.0,250.0,78.0
Clint Hester,"6' 2""",205 lbs.,"77""",Orthodox,1986-11-21,3.36,42%,3.44,56%,1.02,35%,60%,0.0,42.0,35.0,205.0,77.0
Brandon Hester,"6' 1""",205 lbs.,,,,3.53,53%,0.4,68%,4.0,80%,0%,0.0,53.0,80.0,205.0,
Conor Heun,"5' 10""",155 lbs.,,Orthodox,1979-02-11,2.92,36%,3.66,54%,2.45,31%,33%,0.3,36.0,31.0,155.0,
Marcus Hicks,"5' 6""",155 lbs.,"64""",Southpaw,1975-11-25,1.42,43%,3.06,61%,2.7,53%,25%,4.0,43.0,53.0,155.0,64.0
Jimy Hettes,"5' 9""",145 lbs.,"71""",Southpaw,1987-06-09,3.47,57%,3.5,57%,5.2,44%,61%,1.4,57.0,44.0,145.0,71.0
Lee Higgins,,155 lbs.,,,1980-07-14,1.02,26%,3.68,40%,0.0,0%,0%,0.0,26.0,0.0,155.0,
Jay Hieron,"6' 0""",170 lbs.,"75""",Orthodox,1976-07-29,1.66,32%,1.89,61%,4.05,60%,66%,1.0,32.0,60.0,170.0,75.0
Jason High,"5' 8""",155 lbs.,"73""",Southpaw,1981-10-12,1.28,42%,1.56,48%,2.36,63%,37%,2.8,42.0,63.0,155.0,73.0
Richie Hightower,"5' 8""",170 lbs.,,Orthodox,1974-11-26,4.62,35%,6.92,21%,3.46,100%,100%,0.0,35.0,100.0,170.0,
Isaiah Hill,"5' 10""",155 lbs.,,,,4.84,50%,0.97,80%,0.0,0%,66%,14.5,50.0,0.0,155.0,
Alex Higley,"5' 10""",145 lbs.,,,,0.29,100%,1.74,60%,0.0,0%,0%,0.0,100.0,0.0,145.0,
Jamahal Hill,"6' 4""",205 lbs.,"79""",Southpaw,1991-05-19,7.9,52%,3.15,49%,0.0,0%,53%,0.0,52.0,0.0,205.0,79.0
Kailan Hill,"6' 1""",185 lbs.,"77""",Southpaw,1994-12-01,2.6,53%,4.8,37%,3.0,42%,0%,0.0,53.0,42.0,185.0,77.0
Angela Hill,"5' 3""",115 lbs.,"64""",Orthodox,1985-01-12,5.66,50%,4.98,64%,0.45,36%,76%,0.1,50.0,36.0,115.0,64.0
Branden Lee Hinkle,"6' 3""",235 lbs.,,Orthodox,1973-07-29,2.61,69%,3.91,26%,4.34,57%,66%,4.3,69.0,57.0,235.0,
Hatsu Hioki,"5' 11""",145 lbs.,"73""",Orthodox,1983-07-18,2.42,42%,2.12,65%,2.55,56%,54%,0.6,42.0,56.0,145.0,73.0
Tyler Hill,"6' 3""",170 lbs.,,Switch,1991-08-10,3.64,39%,5.33,47%,0.0,0%,0%,0.0,39.0,0.0,170.0,
Kuniyoshi Hironaka,"5' 10""",168 lbs.,"70""",Orthodox,1976-06-17,1.98,40%,3.01,54%,1.91,30%,25%,0.6,40.0,30.0,168.0,70.0
Mizuto Hirota,"5' 7""",155 lbs.,"67""",Orthodox,1981-05-05,3.36,40%,3.5,54%,1.36,50%,58%,0.1,40.0,50.0,155.0,67.0
Alan Hiro,"5' 5""",135 lbs.,,Orthodox,1986-04-04,0.0,0%,0.0,0%,0.0,0%,0%,0.0,0.0,0.0,135.0,
Corey Hill,"6' 4""",155 lbs.,"80""",Orthodox,1978-10-03,3.57,46%,1.61,70%,3.02,80%,100%,0.0,46.0,80.0,155.0,80.0
Matt Hobar,"5' 10""",135 lbs.,"70""",Southpaw,1987-01-07,3.23,42%,4.27,52%,3.66,44%,50%,0.0,42.0,44.0,135.0,70.0
Kwan Ho Kwak,"5' 5""",135 lbs.,,Switch,1989-06-18,3.29,41%,3.45,47%,0.78,100%,26%,0.0,41.0,100.0,135.0,
Yuji Hisamatsu,"5' 10""",185 lbs.,,,1971-09-18,0.0,0%,0.0,0%,0.0,0%,0%,0.0,0.0,0.0,185.0,
Sam Hoger,"6' 2""",205 lbs.,,Orthodox,1980-06-28,1.07,25%,2.25,57%,1.12,38%,29%,1.3,25.0,38.0,205.0,
Bobby Hoffman,"6' 2""",245 lbs.,,Orthodox,1968-10-28,2.02,70%,1.32,19%,1.17,50%,0%,1.2,70.0,50.0,245.0,
Kevin Holland,"6' 3""",185 lbs.,"81""",Orthodox,1992-11-05,4.14,56%,2.58,56%,1.08,45%,51%,0.7,56.0,45.0,185.0,81.0
Andrew Holbrook,"5' 11""",155 lbs.,"70""",Southpaw,1986-02-06,2.2,49%,3.0,54%,0.85,18%,10%,2.1,49.0,18.0,155.0,70.0
Sean Holden,"5' 10""",170 lbs.,,,1984-09-17,2.4,59%,0.6,59%,5.0,83%,0%,2.0,59.0,83.0,170.0,
Chris Holdsworth,"5' 11""",135 lbs.,,,1987-10-24,1.85,29%,1.94,58%,3.38,62%,100%,2.0,29.0,62.0,135.0,
Roger Hollett,"5' 11""",205 lbs.,,Orthodox,1978-10-08,1.83,47%,6.47,34%,1.0,28%,30%,0.0,47.0,28.0,205.0,
Jeremie Holloway,"6' 0""",170 lbs.,,,1984-09-29,0.81,50%,0.51,79%,0.0,0%,0%,0.0,50.0,0.0,170.0,
Gabrielle Holloway,"5' 3""",145 lbs.,,,1990-04-15,0.7,42%,3.07,34%,3.0,35%,16%,1.0,42.0,35.0,145.0,
Max Holloway,"5' 11""",145 lbs.,"69""",Orthodox,1991-12-04,7.26,46%,4.58,60%,0.21,71%,84%,0.3,46.0,71.0,145.0,69.0
Holly Holm,"5' 8""",135 lbs.,"69""",Southpaw,1981-10-17,3.16,38%,2.8,57%,0.81,30%,76%,0.1,38.0,30.0,135.0,69.0
Rex Holman,"6' 3""",205 lbs.,,Southpaw,,2.75,34%,7.25,40%,0.0,0%,100%,0.0,34.0,0.0,205.0,
Kurt Holobaugh,"5' 11""",155 lbs.,"70""",Orthodox,1986-09-08,4.51,42%,4.28,46%,0.97,36%,45%,0.7,42.0,36.0,155.0,70.0
Paddy Holohan,"5' 10""",125 lbs.,"69""",Orthodox,1988-05-03,2.13,46%,2.81,46%,2.88,47%,71%,1.3,46.0,47.0,125.0,69.0
Ben Holscher,"5' 11""",155 lbs.,,,,0.0,0%,0.0,0%,0.0,0%,0%,0.0,0.0,0.0,155.0,
Mark Holst,"6' 0""",155 lbs.,,Orthodox,1985-08-14,0.25,19%,1.67,47%,0.76,100%,60%,2.3,19.0,100.0,155.0,
Scott Holtzman,"5' 9""",155 lbs.,"69""",Orthodox,1983-09-30,4.44,49%,3.47,54%,2.16,58%,66%,0.2,49.0,58.0,155.0,69.0
Sabah Homasi,"6' 0""",170 lbs.,"72""",Orthodox,1988-10-19,4.98,48%,6.91,47%,2.8,50%,66%,0.0,48.0,50.0,170.0,72.0
Barb Honchak,"5' 4""",125 lbs.,"65""",Orthodox,1979-08-30,4.04,30%,4.67,66%,0.0,0%,0%,1.3,30.0,0.0,125.0,65.0
Mark Hominick,"5' 8""",145 lbs.,"68""",Orthodox,1982-07-22,4.08,42%,4.18,69%,0.25,66%,71%,0.9,42.0,66.0,145.0,68.0
Chris Honeycutt,"5' 10""",170 lbs.,"73""",,1988-07-25,2.99,44%,1.41,66%,3.4,45%,75%,0.0,44.0,45.0,170.0,73.0
Satoshi Honma,"6' 1""",205 lbs.,,Orthodox,1968-05-19,0.0,0%,0.0,0%,0.0,0%,0%,0.0,0.0,0.0,205.0,
David Hood,"6' 0""",200 lbs.,,,,0.0,0%,0.0,0%,0.0,0%,0%,0.0,0.0,0.0,200.0,
Lorenzo Hood,"6' 3""",265 lbs.,,,,0.0,0%,0.0,0%,0.0,0%,0%,0.0,0.0,0.0,265.0,
Chase Hooper,"6' 1""",145 lbs.,"74""",Southpaw,1999-09-13,4.43,45%,3.95,38%,0.32,7%,66%,2.2,45.0,7.0,145.0,74.0
Dan Hooker,"6' 0""",155 lbs.,"75""",Switch,1990-02-13,4.95,48%,4.92,51%,0.72,34%,79%,0.3,48.0,34.0,155.0,75.0
Moti Horenstein,"6' 4""",230 lbs.,,Orthodox,,0.0,0%,0.0,0%,0.0,0%,0%,0.0,0.0,0.0,230.0,
Yoshinori Horie,"5' 8""",145 lbs.,"70""",Orthodox,1995-05-10,2.76,49%,5.65,48%,0.0,0%,0%,0.0,49.0,0.0,145.0,70.0
Kyoji Horiguchi,"5' 5""",125 lbs.,"66""",Orthodox,1990-10-12,3.6,45%,2.45,62%,2.0,44%,55%,0.0,45.0,44.0,125.0,66.0
Matt Horning,"5' 4""",125 lbs.,,,,0.0,0%,0.0,0%,0.0,0%,0%,0.0,0.0,0.0,125.0,
Chris Horodecki,"5' 9""",155 lbs.,"69""",Orthodox,1987-09-24,4.59,41%,3.16,65%,1.52,55%,37%,0.9,41.0,55.0,155.0,69.0
Jeremy Horn,"6' 1""",185 lbs.,"74""",Orthodox,1975-08-25,1.19,39%,1.99,55%,1.83,38%,29%,1.1,39.0,38.0,185.0,74.0
Jamey-Lyn Horth,"5' 7""",125 lbs.,,,1990-03-30,0.0,0%,0.0,0%,0.0,0%,0%,0.0,0.0,0.0,125.0,
Matt Horwich,"6' 1""",185 lbs.,,Orthodox,1978-10-02,1.11,62%,2.16,38%,0.33,9%,28%,2.7,62.0,9.0,185.0,
John Hosman,"5' 10""",135 lbs.,,Southpaw,1980-11-13,1.11,38%,1.52,45%,0.0,0%,46%,0.0,38.0,0.0,135.0,
Saeed Hosseini,,,,,,0.0,0%,0.0,0%,0.0,0%,0%,0.0,0.0,0.0,,
Jeff Hougland,"5' 7""",135 lbs.,"68""",Orthodox,1978-08-02,1.86,48%,3.46,47%,0.86,18%,0%,1.1,48.0,18.0,135.0,68.0
Trey Houston,"5' 11""",185 lbs.,,,,0.0,0%,0.0,0%,0.0,0%,0%,0.0,0.0,0.0,185.0,
Jamie Houston,,185 lbs.,,,,0.0,0%,0.0,0%,0.0,0%,0%,0.0,0.0,0.0,185.0,
Darrell Horcher,"5' 10""",155 lbs.,"70""",Southpaw,1987-07-28,2.05,44%,4.21,39%,0.35,50%,47%,0.7,44.0,50.0,155.0,70.0
Brian Houston,"6' 2""",185 lbs.,,Orthodox,1981-04-26,1.9,35%,3.67,53%,0.95,100%,87%,0.0,35.0,100.0,185.0,
John Howard,"5' 7""",170 lbs.,"72""",Orthodox,1983-03-01,2.15,50%,3.08,51%,2.7,49%,53%,0.4,50.0,49.0,170.0,72.0
Carlos Huachin,"5' 4""",135 lbs.,"67""",Southpaw,1996-06-04,2.1,21%,4.8,50%,0.0,0%,66%,0.0,21.0,0.0,135.0,67.0
Harold Howard,"6' 2""",240 lbs.,,Orthodox,,0.0,0%,0.0,0%,0.0,0%,0%,0.0,0.0,0.0,240.0,
Shane Howell,"5' 8""",125 lbs.,,Orthodox,1983-11-28,1.27,32%,2.55,42%,0.0,0%,20%,0.0,32.0,0.0,125.0,
Brady Huang,"5' 9""",135 lbs.,"69""",Orthodox,1992-12-16,4.62,37%,10.77,30%,0.0,0%,0%,0.0,37.0,0.0,135.0,69.0
Alex Huddleston,"6' 7""",254 lbs.,,,1986-08-11,2.47,42%,2.59,67%,0.0,0%,0%,0.9,42.0,0.0,254.0,
Collin Huckbody,"6' 3""",185 lbs.,"76""",Orthodox,1994-09-29,2.05,60%,2.73,42%,10.23,100%,0%,20.4,60.0,100.0,185.0,76.0
Austin Hubbard,"5' 10""",155 lbs.,"71""",Orthodox,1991-12-22,3.45,48%,2.58,58%,0.76,60%,53%,0.0,48.0,60.0,155.0,71.0
Jeff Hughes,"6' 2""",250 lbs.,"77""",Orthodox,1988-05-17,3.95,51%,3.67,60%,0.71,50%,45%,0.0,51.0,50.0,250.0,77.0
Mark Hughes,"5' 9""",205 lbs.,,Southpaw,1973-10-13,0.9,47%,0.4,42%,3.0,50%,0%,4.5,47.0,50.0,205.0,
Matt Hughes,"5' 9""",170 lbs.,"73""",Switch,1973-10-13,2.14,53%,1.36,53%,2.95,50%,35%,1.2,53.0,50.0,170.0,73.0
Roger Huerta,"5' 9""",155 lbs.,"70""",Orthodox,1983-05-20,3.64,36%,2.33,56%,2.13,46%,52%,0.5,36.0,46.0,155.0,70.0
Casey Huffman,"6' 3""",185 lbs.,,,,0.0,0%,0.0,0%,0.0,0%,0%,0.0,0.0,0.0,185.0,
Sam Hughes,"5' 5""",115 lbs.,"64""",Orthodox,1992-06-28,4.0,37%,10.4,49%,0.0,0%,0%,0.0,37.0,0.0,115.0,64.0
Bryan Humes,,265 lbs.,,,,0.0,0%,0.0,0%,0.0,0%,0%,0.0,0.0,0.0,265.0,
Abongo Humphrey,"5' 11""",205 lbs.,,Orthodox,,1.45,40%,3.83,46%,1.41,37%,33%,3.8,40.0,37.0,205.0,
Harry Hunsucker,"6' 2""",241 lbs.,"75""",Orthodox,1989-01-03,4.33,51%,8.44,41%,0.0,0%,0%,0.0,51.0,0.0,241.0,75.0
Adam Hunter,"6' 1""",185 lbs.,,Orthodox,1983-10-16,0.0,0%,0.0,0%,0.0,0%,0%,0.0,0.0,0.0,185.0,
Mark Hunt,"5' 10""",265 lbs.,"72""",Orthodox,1974-03-23,2.81,43%,2.9,51%,0.51,55%,64%,0.2,43.0,55.0,265.0,72.0
Alex Hunter,"5' 9""",226 lbs.,,Orthodox,,0.0,0%,0.0,0%,0.0,0%,0%,0.0,0.0,0.0,226.0,
Joe Hurley,"5' 8""",155 lbs.,,,1978-06-24,1.12,45%,3.35,56%,0.0,0%,20%,0.0,45.0,0.0,155.0,
Khadis Ibragimov,"6' 3""",205 lbs.,"78""",Orthodox,1995-05-21,3.55,49%,4.26,47%,0.97,30%,80%,0.3,49.0,30.0,205.0,78.0
Al Iaquinta,"5' 10""",155 lbs.,"70""",Orthodox,1987-04-30,4.06,40%,4.44,61%,0.64,18%,74%,0.2,40.0,18.0,155.0,70.0
David Hulett,"5' 10""",170 lbs.,,,1980-09-07,0.0,0%,0.0,0%,0.0,0%,0%,0.0,0.0,0.0,170.0,
Valeri Ignatov,"5' 9""",170 lbs.,,Orthodox,,0.0,0%,0.0,0%,0.0,0%,0%,0.0,0.0,0.0,170.0,
Minoki Ichihara,"5' 7""",178 lbs.,,Orthodox,,0.0,0%,0.0,0%,0.0,0%,0%,0.0,0.0,0.0,178.0,
Sergey Ignatov,"5' 9""",210 lbs.,,Orthodox,,0.35,50%,3.25,42%,0.0,0%,0%,0.0,50.0,0.0,210.0,
Dan Ige,"5' 7""",145 lbs.,"71""",Orthodox,1991-08-06,3.95,46%,3.36,58%,1.68,27%,59%,0.5,46.0,27.0,145.0,71.0
Fabiano Iha,"5' 8""",155 lbs.,,Orthodox,1970-07-28,1.73,47%,2.49,42%,2.88,40%,50%,2.9,47.0,40.0,155.0,
Seichi Ikemoto,"5' 11""",168 lbs.,,Orthodox,1975-08-24,2.59,32%,3.74,57%,1.23,26%,60%,0.0,32.0,26.0,168.0,
Mikhail Iloukhine,"5' 9""",205 lbs.,,Orthodox,1966-11-21,0.16,20%,2.95,26%,0.0,0%,0%,7.0,20.0,0.0,205.0,
Zelim Imadaev,"6' 0""",170 lbs.,"76""",Orthodox,1995-01-25,2.91,36%,4.35,43%,0.38,50%,60%,0.0,36.0,50.0,170.0,76.0
Yusuke Imamura,"5' 8""",220 lbs.,,Orthodox,,0.18,50%,1.83,52%,2.75,50%,0%,0.0,50.0,50.0,220.0,
Masakazu Imanari,"5' 4""",139 lbs.,,Southpaw,1976-02-10,0.55,30%,1.74,57%,0.0,0%,0%,2.1,30.0,0.0,139.0,
Nassourdine Imavov,"6' 3""",185 lbs.,"75""",Orthodox,1995-03-01,4.17,61%,2.03,59%,0.5,12%,60%,2.0,61.0,12.0,185.0,75.0
Solomon Hutcherson,"5' 11""",185 lbs.,,Southpaw,1972-08-31,2.59,39%,2.59,64%,3.53,100%,0%,0.0,39.0,100.0,185.0,
Brad Imes,"6' 7""",265 lbs.,,Orthodox,1977-03-13,2.73,31%,4.24,49%,1.72,71%,0%,1.0,31.0,71.0,265.0,
Chris Inman,,,,,,0.0,0%,0.0,0%,0.0,0%,0%,0.0,0.0,0.0,,
Chris Indich,"5' 10""",170 lbs.,,,1987-04-22,1.31,30%,4.32,43%,0.75,50%,50%,1.5,30.0,50.0,170.0,
Guto Inocente,"6' 3""",205 lbs.,,Orthodox,1986-05-29,4.13,66%,2.92,54%,0.67,33%,66%,0.7,66.0,33.0,205.0,
Enson Inoue,"5' 10""",210 lbs.,,Orthodox,1967-04-15,1.7,63%,1.88,30%,0.0,0%,33%,0.0,63.0,0.0,210.0,
Egan Inoue,"5' 9""",190 lbs.,,Southpaw,1965-07-04,1.66,36%,3.31,57%,0.0,0%,0%,0.0,36.0,0.0,190.0,
Katsuya Inoue,"5' 9""",168 lbs.,,Southpaw,1979-08-10,3.41,24%,12.89,51%,0.0,0%,66%,0.0,24.0,0.0,168.0,
Takeshi Inoue,"5' 8""",145 lbs.,,,1980-03-18,2.54,44%,3.32,61%,0.0,0%,47%,0.0,44.0,0.0,145.0,
Naoki Inoue,"5' 9""",125 lbs.,"71""",Orthodox,1997-06-14,3.67,35%,3.37,60%,0.0,0%,60%,2.5,35.0,0.0,125.0,71.0
Inoue Mizuki,"5' 3""",125 lbs.,"65""",Orthodox,1994-08-19,5.0,50%,6.87,48%,0.0,0%,66%,0.0,50.0,0.0,125.0,65.0
Jorge Interiano,"6' 1""",205 lbs.,,,,0.0,0%,0.0,0%,0.0,0%,0%,0.0,0.0,0.0,205.0,
Jason Ireland,"5' 9""",161 lbs.,,Southpaw,1979-12-30,1.2,25%,2.07,51%,3.59,75%,0%,1.2,25.0,75.0,161.0,
Eric Irvin,"5' 8""",155 lbs.,,,1986-01-10,3.27,42%,4.47,36%,4.0,30%,33%,0.0,42.0,30.0,155.0,
James Irvin,"6' 2""",205 lbs.,"75""",Orthodox,1978-09-12,2.03,48%,3.86,35%,0.0,0%,36%,0.5,48.0,0.0,205.0,75.0
Mitsuhiro Ishida,"5' 6""",154 lbs.,,Southpaw,1978-12-29,1.46,41%,1.13,61%,4.76,53%,33%,0.7,41.0,53.0,154.0,
Teruto Ishihara,"5' 7""",135 lbs.,"69""",Southpaw,1991-07-23,3.26,44%,3.63,53%,0.5,16%,30%,0.0,44.0,16.0,135.0,69.0
Yuki Ishikawa,"5' 11""",205 lbs.,,Orthodox,,1.07,28%,8.57,11%,0.0,0%,50%,0.0,28.0,0.0,205.0,
Eiji Ishikawa,"5' 10""",170 lbs.,,,1979-10-12,1.2,29%,4.07,60%,1.0,9%,0%,0.0,29.0,9.0,170.0,
Satoshi Ishii,"5' 11""",240 lbs.,,Orthodox,1986-12-19,1.41,36%,1.58,63%,3.47,52%,100%,1.6,36.0,52.0,240.0,
Damir Ismagulov,"5' 9""",155 lbs.,"70""",Orthodox,1991-02-03,3.76,43%,1.87,69%,1.67,31%,100%,0.0,43.0,31.0,155.0,70.0
Tokimitsu Ishizawa,"6' 0""",185 lbs.,,Orthodox,1968-08-05,1.34,30%,2.99,59%,2.74,18%,0%,0.0,30.0,18.0,185.0,
Wallid Ismail,"5' 7""",205 lbs.,,Orthodox,1968-02-23,0.92,31%,0.83,44%,1.85,28%,0%,0.5,31.0,28.0,205.0,
Leandro Issa,"5' 7""",135 lbs.,"69""",Orthodox,1983-09-19,2.08,37%,3.17,58%,2.38,22%,50%,1.2,37.0,22.0,135.0,69.0
Tatsuya Iwasaki,"5' 9""",205 lbs.,,Orthodox,,0.79,100%,8.68,38%,0.0,0%,0%,0.0,100.0,0.0,205.0,
Tomomi Iwama,"5' 3""",155 lbs.,,Orthodox,,1.0,20%,3.0,70%,0.0,0%,0%,0.0,20.0,0.0,155.0,
Anthony Ivy,"6' 2""",185 lbs.,"74""",Orthodox,1990-01-23,2.5,42%,4.57,51%,4.69,20%,100%,0.0,42.0,20.0,185.0,74.0
Blagoy Ivanov,"5' 11""",250 lbs.,"73""",Southpaw,1986-10-09,3.32,40%,4.15,54%,1.06,54%,75%,0.2,40.0,54.0,250.0,73.0
Yoislandy Izquierdo,"5' 11""",155 lbs.,,Southpaw,1984-01-09,2.93,52%,1.4,26%,0.0,0%,50%,0.0,52.0,0.0,155.0,
Hiroshi Izumi,,205 lbs.,,Orthodox,1982-06-22,1.95,37%,2.65,66%,3.35,70%,100%,0.5,37.0,70.0,205.0,
Yves Jabouin,"5' 7""",135 lbs.,"68""",Orthodox,1979-05-30,3.06,41%,2.93,62%,1.94,60%,82%,0.1,41.0,60.0,135.0,68.0
Kevin Jackson,"5' 10""",199 lbs.,,Switch,,0.0,0%,0.0,0%,0.0,0%,0%,0.0,0.0,0.0,199.0,
Eugene Jackson,"5' 8""",185 lbs.,,Orthodox,1966-09-23,2.19,33%,3.44,32%,1.91,71%,16%,2.3,33.0,71.0,185.0,
Jeremy Jackson,"5' 10""",170 lbs.,,Orthodox,1982-09-19,0.71,27%,2.03,25%,1.52,40%,58%,0.0,27.0,40.0,170.0,
Kenyon Jackson,"6' 0""",185 lbs.,,,,0.0,0%,0.0,0%,0.0,0%,0%,0.0,0.0,0.0,185.0,
Quinton Jackson,"6' 1""",205 lbs.,"73""",Orthodox,1978-06-20,3.25,54%,2.51,55%,1.52,56%,73%,0.1,54.0,56.0,205.0,73.0
Mike Jackson,"6' 2""",170 lbs.,,Orthodox,1985-03-22,4.25,58%,1.33,75%,0.95,100%,88%,0.0,58.0,100.0,170.0,
Jason Jackson,"6' 1""",170 lbs.,"78""",Orthodox,1990-10-30,2.24,48%,1.31,56%,0.0,0%,0%,0.0,48.0,0.0,170.0,78.0
Damon Jackson,"5' 11""",145 lbs.,"71""",Switch,1988-08-08,2.46,35%,3.63,45%,1.14,20%,35%,2.7,35.0,20.0,145.0,71.0
Eric Jacob,,155 lbs.,,,,0.0,0%,0.0,0%,0.0,0%,0%,0.0,0.0,0.0,155.0,
Montel Jackson,"5' 10""",135 lbs.,"75""",Southpaw,1992-04-24,3.77,55%,1.5,56%,4.15,77%,66%,0.2,55.0,77.0,135.0,75.0
Dustin Jacoby,"6' 3""",205 lbs.,"76""",Orthodox,1988-04-04,3.68,46%,2.94,61%,0.22,100%,70%,0.0,46.0,100.0,205.0,76.0
Justin James,"5' 10""",155 lbs.,,Orthodox,1976-11-08,1.34,36%,2.68,50%,0.0,0%,50%,1.6,36.0,0.0,155.0,
Nate James,"6' 0""",185 lbs.,,,1978-05-29,1.33,42%,2.67,28%,0.0,0%,44%,0.0,42.0,0.0,185.0,
Ryan Janes,"6' 3""",185 lbs.,"76""",Orthodox,1981-08-22,7.69,48%,5.53,59%,0.35,100%,58%,0.0,48.0,100.0,185.0,76.0
Virna Jandiroba,"5' 3""",115 lbs.,"64""",Orthodox,1988-05-30,2.39,46%,3.08,54%,3.16,53%,73%,2.0,46.0,53.0,115.0,64.0
Josh Janousek,"5' 11""",185 lbs.,,Orthodox,1980-09-25,0.0,0%,0.0,0%,0.0,0%,0%,0.0,0.0,0.0,185.0,
Jaime Jara,"6' 1""",205 lbs.,,Southpaw,1969-08-02,2.2,60%,1.47,56%,0.0,0%,25%,0.0,60.0,0.0,205.0,
Dave Jansen,"5' 9""",155 lbs.,"73""",Orthodox,1979-08-21,2.94,33%,3.67,58%,2.79,28%,38%,0.9,33.0,28.0,155.0,73.0
Gigo Jara,"5' 9""",145 lbs.,,,,2.26,57%,2.71,51%,0.0,0%,66%,0.0,57.0,0.0,145.0,
Keith Jardine,"6' 2""",185 lbs.,"76""",Orthodox,1975-10-31,3.25,36%,2.98,59%,1.18,45%,62%,0.7,36.0,45.0,185.0,76.0
Josh Jarvis,,,,,,0.0,0%,0.0,0%,0.0,0%,0%,0.0,0.0,0.0,,
Brock Jardine,"5' 11""",170 lbs.,,Orthodox,1985-07-10,1.06,30%,3.34,56%,0.0,0%,14%,0.8,30.0,0.0,170.0,
Justin Jaynes,"5' 7""",155 lbs.,"68""",Orthodox,1989-08-10,3.58,42%,6.49,58%,0.0,0%,33%,0.6,42.0,0.0,155.0,68.0
Louis Jauregui,"5' 7""",170 lbs.,,,,0.0,0%,0.0,0%,0.0,0%,0%,0.0,0.0,0.0,170.0,
Rony Jason,"5' 7""",145 lbs.,"73""",Orthodox,1984-03-21,2.04,44%,3.14,53%,0.59,30%,36%,0.8,44.0,30.0,145.0,73.0
Joanna Jedrzejczyk,"5' 6""",115 lbs.,"65""",Orthodox,1987-08-18,6.3,48%,3.08,64%,0.28,62%,81%,0.1,48.0,62.0,115.0,65.0
Aaron Jeffery,"6' 2""",185 lbs.,"74""",Orthodox,1992-11-14,6.21,84%,4.14,39%,0.0,0%,75%,0.0,84.0,0.0,185.0,74.0
Trent Jenkins,"6' 2""",185 lbs.,,,,0.0,0%,0.0,0%,0.0,0%,0%,0.0,0.0,0.0,185.0,
Bubba Jenkins,"5' 7""",145 lbs.,,,1988-02-05,2.41,37%,1.58,67%,7.23,68%,100%,0.0,37.0,68.0,145.0,
Adrienna Jenkins,"5' 8""",145 lbs.,,,1981-07-22,0.0,0%,0.0,0%,0.0,0%,0%,0.0,0.0,0.0,145.0,
Steve Jennum,"5' 10""",215 lbs.,,Orthodox,,0.0,0%,0.0,0%,0.0,0%,0%,0.0,0.0,0.0,215.0,
Ryan Jensen,"6' 1""",185 lbs.,"76""",Orthodox,1977-09-20,2.84,39%,2.99,59%,1.55,50%,31%,1.9,39.0,50.0,185.0,76.0
Kyle Jensen,"5' 9""",170 lbs.,,Orthodox,1979-07-20,0.0,0%,0.92,60%,6.92,100%,0%,6.9,0.0,100.0,170.0,
Maciej Jewtuszko,"6' 0""",155 lbs.,,Southpaw,1981-01-31,2.29,45%,1.39,66%,0.0,0%,42%,0.9,45.0,0.0,155.0,
Chan-Mi Jeon,"5' 5""",115 lbs.,,Orthodox,1997-08-28,6.23,31%,7.77,55%,0.0,0%,0%,0.0,31.0,0.0,115.0,
Ronald Jhun,"5' 11""",170 lbs.,,Orthodox,1970-09-21,1.45,57%,3.01,50%,1.81,100%,100%,0.0,57.0,100.0,170.0,
Gilbert Jimenez,,155 lbs.,,,,0.0,0%,0.0,0%,0.0,0%,0%,0.0,0.0,0.0,155.0,
Art Jimmerson,"6' 1""",196 lbs.,,Orthodox,1963-08-04,0.0,0%,0.0,0%,0.0,0%,0%,0.0,0.0,0.0,196.0,
Carls John De Tomas,"5' 5""",125 lbs.,"71""",Southpaw,1996-08-28,1.74,37%,3.93,44%,1.37,33%,66%,0.0,37.0,33.0,125.0,71.0
Sung Bin Jo,"6' 0""",145 lbs.,"72""",Orthodox,1992-07-17,1.4,33%,2.67,51%,1.0,33%,83%,1.0,33.0,33.0,145.0,72.0
Phil Johns,"5' 2""",170 lbs.,,Southpaw,1968-10-22,1.2,66%,1.8,50%,0.0,0%,50%,0.0,66.0,0.0,170.0,
Brett Johns,"5' 7""",135 lbs.,"71""",Orthodox,1992-02-21,2.86,49%,3.84,53%,4.92,49%,58%,1.0,49.0,49.0,135.0,71.0
Miles Johns,"5' 7""",135 lbs.,"66""",Orthodox,1994-03-30,3.33,48%,2.42,68%,1.21,30%,87%,0.0,48.0,30.0,135.0,66.0
Travis Johnson,,205 lbs.,,,,0.0,0%,0.0,0%,0.0,0%,0%,0.0,0.0,0.0,205.0,
Devin Johnson,,,,,,0.0,0%,0.0,0%,0.0,0%,0%,0.0,0.0,0.0,,
Tony Johnson,"6' 1""",265 lbs.,,,,2.0,53%,4.73,31%,2.0,22%,0%,0.0,53.0,22.0,265.0,
DaMarques Johnson,"6' 1""",170 lbs.,"75""",Orthodox,1982-06-28,2.11,37%,3.75,51%,1.18,55%,19%,0.7,37.0,55.0,170.0,75.0
Ricky Johnson,"5' 8""",145 lbs.,,Orthodox,,1.83,25%,6.3,36%,0.0,0%,0%,0.0,25.0,0.0,145.0,
Lavar Johnson,"6' 4""",240 lbs.,"82""",Orthodox,1977-06-11,5.39,55%,2.54,55%,0.61,66%,54%,0.6,55.0,66.0,240.0,82.0
Ryan Jimmo,"6' 1""",205 lbs.,"73""",Orthodox,1981-11-27,3.12,66%,2.77,46%,0.45,28%,87%,0.0,66.0,28.0,205.0,73.0
Kajan Johnson,"5' 11""",155 lbs.,"75""",Orthodox,1984-04-21,2.47,42%,1.59,64%,1.54,37%,62%,0.2,42.0,37.0,155.0,75.0
Deshaun Johnson,,167 lbs.,,,,2.27,41%,6.67,43%,0.0,0%,0%,0.0,41.0,0.0,167.0,
Demetrious Johnson,"5' 3""",125 lbs.,"66""",Orthodox,1986-08-13,3.43,54%,1.66,67%,3.35,56%,65%,0.5,54.0,56.0,125.0,66.0
Michael Johnson,"5' 10""",155 lbs.,"73""",Southpaw,1986-06-04,4.21,38%,3.82,58%,0.49,45%,77%,0.1,38.0,45.0,155.0,73.0
Dashon Johnson,"5' 7""",145 lbs.,,Orthodox,1988-01-25,1.01,69%,3.83,35%,0.85,33%,63%,0.8,69.0,33.0,145.0,
Timothy Johnson,"6' 3""",265 lbs.,"77""",Southpaw,1985-03-13,3.43,45%,3.08,44%,1.09,24%,69%,0.0,45.0,24.0,265.0,77.0
Jordan Johnson,"6' 2""",205 lbs.,"79""",Orthodox,1988-11-18,3.45,47%,2.64,53%,3.25,42%,100%,1.2,47.0,42.0,205.0,79.0
Taylor Johnson,"6' 0""",185 lbs.,"74""",Switch,1990-11-09,5.09,60%,1.13,33%,8.49,100%,100%,0.0,60.0,100.0,185.0,74.0
Anthony Johnson,"6' 2""",205 lbs.,"78""",Orthodox,1984-03-06,3.25,47%,1.83,60%,2.43,57%,77%,0.6,47.0,57.0,205.0,78.0
Jose Johnson,"6' 0""",135 lbs.,"72""",Orthodox,1995-05-25,1.0,46%,1.87,51%,0.0,0%,29%,0.0,46.0,0.0,135.0,72.0
Chad Johnson,"6' 2""",230 lbs.,"80""",Orthodox,1986-07-22,5.92,68%,7.8,40%,0.0,0%,0%,0.0,68.0,0.0,230.0,80.0
Brian Johnston,"6' 3""",230 lbs.,,Orthodox,,0.0,0%,0.0,0%,0.0,0%,0%,0.0,0.0,0.0,230.0,
Daniel Jolly,"6' 1""",205 lbs.,"75""",Orthodox,1984-09-03,1.32,46%,3.39,44%,2.83,33%,50%,0.0,46.0,33.0,205.0,75.0
Liana Jojua,"5' 4""",125 lbs.,"62""",Orthodox,1995-03-22,2.53,39%,4.86,48%,1.49,66%,50%,2.2,39.0,66.0,125.0,62.0
Paul Jones,"5' 9""",199 lbs.,,Orthodox,1963-06-16,0.0,0%,0.0,0%,0.0,0%,0%,0.0,0.0,0.0,199.0,
Nathan Jones,"6' 11""",345 lbs.,,Orthodox,1970-08-21,0.0,0%,0.0,0%,0.0,0%,0%,0.0,0.0,0.0,345.0,
Marcus Jones,"6' 6""",265 lbs.,,Orthodox,1973-08-15,1.94,52%,2.71,58%,8.71,75%,0%,2.9,52.0,75.0,265.0,
Tito Jones,"5' 8""",145 lbs.,,Southpaw,1981-07-31,0.0,0%,0.0,0%,0.0,0%,0%,0.0,0.0,0.0,145.0,
Carlton Jones,"6' 1""",225 lbs.,,Orthodox,,2.32,41%,3.58,56%,4.02,50%,57%,2.7,41.0,50.0,225.0,
Jesse Jones,"5' 9""",170 lbs.,,,,0.0,0%,0.0,0%,0.0,0%,0%,0.0,0.0,0.0,170.0,
Jon Jones,"6' 4""",205 lbs.,"84""",Orthodox,1987-07-19,4.3,57%,2.22,64%,1.85,44%,95%,0.4,57.0,44.0,205.0,84.0
Roy Jones,,205 lbs.,,,1983-10-26,0.0,0%,0.0,0%,0.0,0%,0%,0.0,0.0,0.0,205.0,
Justin Jones,"5' 11""",185 lbs.,,Orthodox,1987-09-06,1.7,36%,3.17,45%,1.0,15%,46%,0.5,36.0,15.0,185.0,
Ben Jones,,185 lbs.,,,,0.0,0%,0.0,0%,0.0,0%,0%,0.0,0.0,0.0,185.0,
Victor Jones,,145 lbs.,,,,0.0,0%,0.0,0%,0.0,0%,0%,0.0,0.0,0.0,145.0,
Chris Jones,"5' 9""",149 lbs.,,,1981-11-16,0.0,0%,0.0,0%,0.0,0%,0%,0.0,0.0,0.0,149.0,
Roshaun Jones,"5' 8""",135 lbs.,,,,0.0,0%,0.0,0%,0.0,0%,0%,0.0,0.0,0.0,135.0,
Antonio Jones,"5' 11""",185 lbs.,,Orthodox,1985-04-12,7.5,55%,30.0,42%,0.0,0%,0%,0.0,55.0,0.0,185.0,
Jamelle Jones,"6' 0""",205 lbs.,"75""",Orthodox,1988-01-31,1.78,80%,3.11,65%,0.0,0%,0%,0.0,80.0,0.0,205.0,75.0
Trevin Jones,"5' 7""",140 lbs.,"70""",Southpaw,1990-08-04,3.84,61%,6.81,35%,1.17,20%,0%,0.0,61.0,20.0,140.0,70.0
Mason Jones,"5' 10""",155 lbs.,,Orthodox,1995-04-26,7.8,37%,7.2,47%,1.0,25%,66%,0.0,37.0,25.0,155.0,
Jocelyn Jones-Lybarger,"5' 7""",115 lbs.,"64""",Orthodox,1985-10-04,2.96,31%,4.83,56%,0.34,25%,81%,0.0,31.0,25.0,115.0,64.0
Joe Jordan,"5' 6""",155 lbs.,,Orthodox,1978-07-27,1.85,25%,4.27,59%,0.0,0%,66%,0.0,25.0,0.0,155.0,
Kevin Jordan,"6' 3""",245 lbs.,,Orthodox,1970-12-31,2.0,40%,1.91,55%,0.0,0%,77%,0.6,40.0,0.0,245.0,
Shawn Jordan,"6' 0""",260 lbs.,"75""",Southpaw,1984-10-21,2.87,50%,3.3,47%,1.97,38%,76%,0.1,50.0,38.0,260.0,75.0
Ivan Jorge,"5' 9""",155 lbs.,"73""",Orthodox,1980-11-07,3.41,49%,2.91,59%,1.56,16%,75%,0.6,49.0,16.0,155.0,73.0
Gareth Joseph,,205 lbs.,,,,0.0,0%,0.0,0%,0.0,0%,0%,0.0,0.0,0.0,205.0,
Scott Jorgensen,"5' 5""",135 lbs.,"66""",Orthodox,1982-09-17,3.37,40%,3.41,65%,2.61,45%,59%,0.7,40.0,45.0,135.0,66.0
Dwight Joseph,"5' 6""",135 lbs.,,Switch,1989-08-16,2.6,52%,2.87,55%,1.0,20%,20%,1.0,52.0,20.0,135.0,
Jeff Joslin,"6' 0""",170 lbs.,,Orthodox,1975-04-30,2.17,39%,1.57,65%,0.5,33%,64%,0.5,39.0,33.0,170.0,
Krzysztof Jotko,"6' 1""",185 lbs.,"77""",Southpaw,1989-08-19,2.98,45%,1.9,58%,1.27,35%,87%,0.1,45.0,35.0,185.0,77.0
Alan Jouban,"6' 0""",170 lbs.,"73""",Southpaw,1981-11-25,5.67,50%,3.77,60%,0.51,44%,58%,0.3,50.0,44.0,170.0,73.0
Charles Jourdain,"5' 9""",145 lbs.,"69""",Switch,1995-11-27,4.79,45%,4.11,61%,0.0,0%,47%,0.7,45.0,0.0,145.0,69.0
Mike Joy,"5' 6""",155 lbs.,,Southpaw,1985-07-18,0.57,33%,1.71,47%,0.78,33%,0%,2.3,33.0,33.0,155.0,
Dustin Joynson,"6' 6""",244 lbs.,"78""",Orthodox,1985-10-14,3.28,53%,5.63,47%,0.0,0%,0%,0.0,53.0,0.0,244.0,78.0
Tony Juarez,,155 lbs.,,,,0.89,25%,10.34,38%,4.43,100%,66%,0.0,25.0,100.0,155.0,
Jesse Juarez,"6' 1""",170 lbs.,,Orthodox,1981-05-08,1.71,48%,2.87,52%,2.69,33%,50%,0.0,48.0,33.0,170.0,
Steve Judson,"5' 11""",230 lbs.,,Orthodox,,0.0,0%,0.0,0%,0.0,0%,0%,0.0,0.0,0.0,230.0,
Bu-Kyung Jung,"5' 7""",154 lbs.,,Orthodox,1978-05-26,0.63,36%,1.85,56%,1.1,75%,0%,1.5,36.0,75.0,154.0,
Luke Jumeau,"5' 11""",170 lbs.,"72""",Orthodox,1988-02-12,2.93,43%,3.17,58%,0.25,100%,86%,0.0,43.0,100.0,170.0,72.0
Young Sam Jung,"5' 8""",139 lbs.,,Orthodox,1985-10-27,0.53,9%,2.79,63%,0.0,0%,0%,2.0,9.0,0.0,139.0,
Chan Sung Jung,"5' 7""",145 lbs.,"72""",Orthodox,1987-03-17,4.15,41%,4.01,56%,0.62,41%,75%,0.5,41.0,41.0,145.0,72.0
Da-Un Jung,"6' 4""",205 lbs.,"78""",Orthodox,1993-12-07,5.06,43%,5.38,55%,0.0,0%,83%,0.5,43.0,0.0,205.0,78.0
Scott Junk,"6' 1""",265 lbs.,,Orthodox,1978-12-17,5.13,60%,1.81,45%,0.0,0%,0%,0.0,60.0,0.0,265.0,
Myles Jury,"5' 10""",145 lbs.,"73""",Orthodox,1988-10-31,2.94,42%,2.16,66%,2.16,55%,50%,0.3,42.0,55.0,145.0,73.0
Cristiane Justino,"5' 8""",145 lbs.,"68""",Orthodox,1985-07-09,7.28,52%,2.25,64%,0.66,55%,94%,0.4,52.0,55.0,145.0,68.0
Oron Kahlon,"5' 8""",145 lbs.,,,1981-01-03,0.0,0%,0.0,0%,0.0,0%,0%,0.0,0.0,0.0,145.0,
Patrick Kaase,"5' 9""",185 lbs.,,,,4.4,67%,0.53,50%,0.0,0%,50%,0.0,67.0,0.0,185.0,
Emily Kagan,"5' 3""",115 lbs.,,,1981-07-14,2.6,36%,5.29,38%,1.86,14%,50%,0.0,36.0,14.0,115.0,
Sirwan Kakai,"5' 5""",135 lbs.,,Orthodox,1989-10-03,3.57,41%,4.63,62%,4.0,42%,83%,0.0,41.0,42.0,135.0,
Bryson Kamaka,"5' 11""",170 lbs.,,Orthodox,,9.47,60%,12.63,0%,0.0,0%,100%,0.0,60.0,0.0,170.0,
Geza Kalman,"6' 1""",200 lbs.,,,,0.0,0%,0.0,0%,0.0,0%,0%,0.0,0.0,0.0,200.0,
Kai Kamaka,"5' 7""",145 lbs.,"69""",Orthodox,1995-01-05,6.58,60%,6.74,49%,3.68,75%,37%,0.6,60.0,75.0,145.0,69.0
Martin Kampmann,"6' 0""",170 lbs.,"72""",Orthodox,1982-04-17,3.22,42%,3.28,62%,1.86,41%,78%,2.0,42.0,41.0,170.0,72.0
Masanori Kanehara,"5' 7""",135 lbs.,"67""",Orthodox,1982-11-19,1.88,49%,1.63,62%,1.44,50%,63%,0.9,49.0,50.0,135.0,67.0
Hiromitsu Kanehara,"5' 10""",200 lbs.,,Orthodox,1970-10-05,0.76,22%,4.39,40%,0.0,0%,40%,0.4,22.0,0.0,200.0,
Ken Kaneko,"6' 0""",161 lbs.,,Orthodox,,0.0,0%,0.94,42%,0.0,0%,0%,3.5,0.0,0.0,161.0,
Kyung Ho Kang,"5' 9""",135 lbs.,"73""",Orthodox,1987-09-09,2.52,44%,2.43,58%,2.53,59%,71%,1.1,44.0,59.0,135.0,73.0
Bharat Kandare,"5' 7""",135 lbs.,"72""",Orthodox,1987-06-20,0.7,10%,1.88,72%,0.0,0%,0%,0.0,10.0,0.0,135.0,72.0
Denis Kang,"5' 11""",185 lbs.,"77""",Orthodox,1977-09-17,2.27,35%,1.65,67%,2.51,65%,38%,1.2,35.0,65.0,185.0,77.0
Manel Kape,"5' 5""",125 lbs.,"68""",Southpaw,1993-11-14,3.67,45%,4.3,48%,1.0,28%,80%,0.0,45.0,28.0,125.0,68.0
David Kaplan,"5' 7""",155 lbs.,,Orthodox,1979-11-16,2.88,46%,4.32,67%,4.88,43%,0%,0.7,46.0,43.0,155.0,
Yusuke Kasuya,"5' 7""",155 lbs.,,Southpaw,1989-11-16,2.17,44%,4.34,48%,1.36,33%,0%,0.0,44.0,33.0,155.0,
Georgi Karakhanyan,"5' 8""",145 lbs.,,,1985-05-29,4.49,39%,5.0,54%,1.41,50%,33%,1.9,39.0,50.0,145.0,
Tetsuji Kato,,155 lbs.,,Orthodox,,1.2,29%,2.1,70%,2.0,57%,80%,0.5,29.0,57.0,155.0,
Impa Kasanganay,"5' 11""",185 lbs.,"75""",Orthodox,1994-01-17,5.36,49%,3.52,60%,1.44,83%,63%,0.0,49.0,83.0,185.0,75.0
Kai Kara-France,"5' 4""",125 lbs.,"69""",Orthodox,1993-03-26,5.02,39%,3.84,66%,0.53,23%,86%,0.0,39.0,23.0,125.0,69.0
Alex Karalexis,"5' 8""",155 lbs.,"66""",Orthodox,1977-09-20,2.57,42%,2.39,54%,2.7,45%,86%,0.9,42.0,45.0,155.0,66.0
Nadia Kassem,"5' 5""",125 lbs.,"66""",Southpaw,1995-11-15,3.13,41%,4.48,48%,0.46,33%,40%,2.8,41.0,33.0,125.0,66.0
Brad Katona,"5' 6""",135 lbs.,"64""",Orthodox,1991-12-19,3.33,51%,2.98,57%,1.25,22%,47%,0.0,51.0,22.0,135.0,64.0
Hisaki Kato,"6' 0""",185 lbs.,,,1982-09-17,2.8,48%,1.72,68%,1.62,100%,0%,0.0,48.0,100.0,185.0,
Calvin Kattar,"5' 11""",145 lbs.,"72""",Orthodox,1988-03-26,5.07,42%,8.16,50%,0.37,30%,89%,0.0,42.0,30.0,145.0,72.0
Canaan Kawaihae,"6' 0""",145 lbs.,,Southpaw,1997-08-26,2.33,72%,5.4,34%,0.0,0%,100%,0.0,72.0,0.0,145.0,
Sarah Kaufman,"5' 5""",135 lbs.,"66""",Orthodox,1985-09-20,6.65,46%,4.0,62%,0.38,57%,81%,0.0,46.0,57.0,135.0,66.0
Ryo Kawamura,"5' 11""",205 lbs.,,Orthodox,1981-06-29,0.6,16%,3.93,39%,0.0,0%,6%,0.0,16.0,0.0,205.0,
Yusuke Kawaguchi,"6' 0""",255 lbs.,,,1980-08-14,2.87,47%,3.93,50%,0.0,0%,72%,0.0,47.0,0.0,255.0,
Tatsuya Kawajiri,"5' 7""",145 lbs.,"69""",Orthodox,1978-05-08,2.04,44%,2.01,50%,3.63,48%,63%,1.1,44.0,48.0,145.0,69.0
Doug Kay,,,,,,0.0,0%,0.0,0%,0.0,0%,0%,0.0,0.0,0.0,,
Ryan Keenan,"5' 10""",170 lbs.,,,1985-06-15,0.0,0%,0.0,0%,0.0,0%,0%,0.0,0.0,0.0,170.0,
Julie Kedzie,"5' 5""",135 lbs.,,Orthodox,1981-03-18,2.9,36%,3.18,46%,1.14,23%,78%,0.0,36.0,23.0,135.0,
CJ Keith,"6' 0""",155 lbs.,,Orthodox,1986-08-09,0.86,50%,1.82,50%,0.0,0%,62%,0.0,50.0,0.0,155.0,
Brian Kelleher,"5' 6""",145 lbs.,"66""",Switch,1986-08-19,3.92,39%,5.47,53%,1.0,25%,59%,0.7,39.0,25.0,145.0,66.0
Mayana Kellem,"5' 5""",135 lbs.,,Orthodox,1981-07-07,1.94,22%,2.9,62%,0.0,0%,0%,0.0,22.0,0.0,135.0,
Chris Kelades,"5' 7""",125 lbs.,"68""",Orthodox,1981-02-21,2.4,43%,2.64,48%,1.04,18%,53%,0.3,43.0,18.0,125.0,68.0
John Kelly,"5' 9""",170 lbs.,,,1978-08-02,0.0,0%,0.0,0%,0.0,0%,0%,0.0,0.0,0.0,170.0,
Waylon Kennell,"6' 0""",185 lbs.,,,,0.0,0%,0.0,0%,0.0,0%,0%,0.0,0.0,0.0,185.0,
Jeremy Kennedy,"5' 11""",145 lbs.,"71""",Orthodox,1992-09-16,2.22,46%,2.58,47%,5.73,52%,66%,0.0,46.0,52.0,145.0,71.0
Tony Kelley,"5' 9""",135 lbs.,"70""",Switch,1987-01-21,4.57,47%,4.77,43%,0.0,0%,50%,2.0,47.0,0.0,135.0,70.0
Daniel Kelly,"6' 0""",185 lbs.,"70""",Southpaw,1977-10-31,3.62,38%,4.64,61%,1.86,34%,78%,0.3,38.0,34.0,185.0,70.0
Paul Kelly,"5' 9""",155 lbs.,"70""",Orthodox,1984-09-12,3.22,37%,2.61,59%,1.34,60%,30%,1.5,37.0,60.0,155.0,70.0
Steve Kennedy,"5' 11""",170 lbs.,,Orthodox,1983-03-07,2.28,35%,5.52,45%,2.51,33%,0%,0.0,35.0,33.0,170.0,
Tim Kennedy,"5' 11""",185 lbs.,"74""",Orthodox,1979-09-01,2.78,47%,1.84,62%,2.58,35%,70%,0.7,47.0,35.0,185.0,74.0
Aurelijus Kerpe,,,,Orthodox,,1.26,16%,8.21,31%,0.0,0%,0%,0.0,16.0,0.0,,
Ron Keslar,,185 lbs.,,,,0.0,0%,2.05,60%,0.0,0%,100%,7.7,0.0,0.0,185.0,
Casey Kenney,"5' 7""",140 lbs.,"68""",Southpaw,1991-03-20,4.81,42%,4.3,59%,1.1,39%,59%,0.5,42.0,39.0,140.0,68.0
Will Kerr,"5' 10""",155 lbs.,"69""",Orthodox,1982-10-21,1.91,42%,6.22,33%,0.0,0%,0%,14.3,42.0,0.0,155.0,69.0
Sergey Khandozhko,"6' 1""",170 lbs.,"74""",Orthodox,1992-05-19,2.83,42%,1.7,60%,0.5,16%,64%,0.0,42.0,16.0,170.0,74.0
Rustam Khabilov,"5' 8""",155 lbs.,"73""",Orthodox,1986-11-04,1.98,34%,2.16,65%,3.95,41%,61%,0.1,34.0,41.0,155.0,73.0
Adam Khaliev,"6' 0""",170 lbs.,,Orthodox,1984-04-16,0.0,0%,0.0,0%,0.0,0%,0%,0.0,0.0,0.0,170.0,
Mark Kerr,"6' 3""",266 lbs.,,Switch,1968-12-21,0.28,41%,0.89,28%,2.92,77%,0%,0.4,41.0,77.0,266.0,
Sergei Kharitonov,"6' 0""",245 lbs.,,Orthodox,1980-08-18,3.9,44%,3.03,54%,1.16,53%,70%,1.0,44.0,53.0,245.0,
Alfred Khashakyan,"5' 8""",135 lbs.,"70""",Orthodox,1988-07-17,6.14,42%,6.38,40%,3.54,25%,0%,0.0,42.0,25.0,135.0,70.0
Akira Kikuchi,"5' 8""",155 lbs.,,Orthodox,1978-07-23,3.67,56%,0.4,14%,2.0,40%,100%,0.0,56.0,40.0,155.0,
Sanae Kikuta,"5' 9""",200 lbs.,,Orthodox,1971-09-10,0.7,45%,0.9,52%,1.6,63%,25%,1.8,45.0,63.0,200.0,
Aliaskhab Khizriev,"5' 9""",185 lbs.,"74""",Southpaw,1990-08-24,6.0,83%,3.6,66%,18.0,50%,0%,18.0,83.0,50.0,185.0,74.0
Katsunori Kikuno,"5' 8""",145 lbs.,"66""",Orthodox,1981-10-31,2.64,40%,2.47,61%,1.88,75%,76%,0.8,40.0,75.0,145.0,66.0
Jacob Kilburn,"5' 9""",145 lbs.,"72""",Orthodox,1995-06-28,2.56,33%,6.78,35%,0.51,5%,20%,0.5,33.0,5.0,145.0,72.0
Pannie Kianzad,"5' 7""",135 lbs.,"66""",Orthodox,1991-12-08,5.14,49%,3.62,57%,0.22,14%,83%,0.2,49.0,14.0,135.0,66.0
Jin Oh Kim,"5' 9""",205 lbs.,,Orthodox,,5.06,25%,8.43,50%,0.0,0%,66%,0.0,25.0,0.0,205.0,
Dae Won Kim,"5' 11""",180 lbs.,,Orthodox,,1.75,32%,2.51,36%,3.43,42%,0%,0.0,32.0,42.0,180.0,
Jong Man Kim,"5' 7""",139 lbs.,,Orthodox,1978-03-03,1.33,21%,3.0,60%,0.0,0%,0%,0.0,21.0,0.0,139.0,
Jong Won Kim,"5' 7""",139 lbs.,,Orthodox,,0.84,15%,3.28,63%,2.81,100%,0%,0.0,15.0,100.0,139.0,
Jong Wang Kim,"6' 1""",240 lbs.,,,,0.0,0%,0.0,0%,0.0,0%,0%,0.0,0.0,0.0,240.0,
Dong Hyun Kim,"6' 2""",170 lbs.,"76""",Southpaw,1981-11-17,2.12,49%,1.89,58%,2.93,43%,71%,0.6,49.0,43.0,170.0,76.0
Min Soo Kim,"6' 1""",255 lbs.,,Southpaw,1975-01-22,0.87,100%,3.48,20%,0.0,0%,0%,0.0,100.0,0.0,255.0,
Ji Yeon Kim,"5' 7""",125 lbs.,"72""",Orthodox,1989-10-18,4.5,34%,4.94,57%,0.0,0%,42%,0.0,34.0,0.0,125.0,72.0
Jeremy Kimball,"6' 0""",205 lbs.,"72""",Switch,1991-01-03,2.81,46%,3.84,49%,1.41,20%,50%,0.0,46.0,20.0,205.0,72.0
Dustin Kimura,"5' 7""",135 lbs.,"71""",Orthodox,1989-05-21,1.33,21%,3.82,51%,0.93,37%,50%,2.2,21.0,37.0,135.0,71.0
Mike King,"6' 3""",185 lbs.,,,1983-08-04,4.44,58%,1.29,72%,1.75,25%,40%,3.5,58.0,25.0,185.0,
Taiei Kin,"5' 11""",185 lbs.,,Orthodox,1970-07-08,2.71,60%,1.33,52%,0.0,0%,55%,0.0,60.0,0.0,185.0,
Rob Kimmons,"5' 10""",185 lbs.,"73""",Orthodox,1981-01-30,1.86,48%,4.79,38%,2.08,46%,25%,2.4,48.0,46.0,185.0,73.0
Kamuela Kirk,"5' 10""",145 lbs.,"75""",Switch,1994-04-13,5.31,57%,12.25,21%,2.89,40%,100%,0.0,57.0,40.0,145.0,75.0
Kyle Kingsbury,"6' 4""",205 lbs.,"79""",Orthodox,1982-03-22,2.97,40%,3.81,51%,2.64,41%,52%,0.0,40.0,41.0,205.0,79.0
Yurij Kiseliov,"5' 8""",185 lbs.,,Orthodox,,4.88,87%,0.0,0%,0.0,0%,50%,0.0,87.0,0.0,185.0,
Justine Kish,"5' 5""",125 lbs.,"64""",Orthodox,1988-04-13,4.65,48%,4.62,59%,1.01,35%,55%,0.2,48.0,35.0,125.0,64.0
Ludovit Klein,"5' 7""",155 lbs.,"72""",Southpaw,1995-02-22,7.11,69%,3.16,42%,0.0,0%,0%,0.0,69.0,0.0,155.0,72.0
Koji Kitao,"6' 7""",350 lbs.,,Southpaw,1963-10-12,0.0,0%,0.0,0%,0.0,0%,0%,0.0,0.0,0.0,350.0,
Satoru Kitaoka,"5' 6""",154 lbs.,,,1980-02-04,0.68,33%,2.15,45%,0.62,10%,27%,2.1,33.0,10.0,154.0,
Seth Kleinbeck,"6' 2""",185 lbs.,,,1973-07-25,2.55,33%,2.42,40%,0.98,25%,90%,0.0,33.0,25.0,185.0,
Michael Knaap,"6' 2""",220 lbs.,,Orthodox,1984-02-27,0.0,0%,0.0,0%,0.0,0%,0%,0.0,0.0,0.0,220.0,
Stefan Klever,,185 lbs.,,Orthodox,,0.82,50%,3.84,58%,0.0,0%,0%,0.0,50.0,0.0,185.0,
Drakkar Klose,"5' 9""",155 lbs.,"70""",Orthodox,1988-03-09,3.89,53%,3.64,53%,1.56,30%,68%,0.0,53.0,30.0,155.0,70.0
Kevin Knabjian,"5' 10""",170 lbs.,,Orthodox,1984-07-05,0.0,0%,15.56,22%,0.0,0%,100%,0.0,0.0,0.0,170.0,
Isao Kobayashi,"5' 8""",145 lbs.,,,1988-10-28,1.01,33%,1.66,45%,2.17,100%,100%,0.0,33.0,100.0,145.0,
Kelly Kobold,"5' 6""",135 lbs.,,Orthodox,1983-02-25,2.33,21%,4.11,59%,1.67,11%,0%,0.0,21.0,11.0,135.0,
William Knight,"5' 10""",205 lbs.,"73""",Orthodox,1988-04-03,4.69,76%,2.88,33%,3.76,66%,63%,0.5,76.0,66.0,205.0,73.0
Jason Knight,"5' 10""",145 lbs.,"71""",Orthodox,1992-07-14,2.95,33%,3.02,51%,1.31,31%,47%,1.7,33.0,31.0,145.0,71.0
Sokun Koh,"6' 1""",205 lbs.,,,,0.0,0%,0.0,0%,0.0,0%,0%,0.0,0.0,0.0,205.0,
Shingo Kohara,"5' 6""",135 lbs.,,,,0.0,0%,0.0,0%,0.0,0%,0%,0.0,0.0,0.0,135.0,
Erik Koch,"5' 10""",170 lbs.,"71""",Southpaw,1988-10-04,2.33,42%,2.82,47%,1.02,42%,81%,1.0,42.0,42.0,170.0,71.0
Brad Kohler,"5' 9""",220 lbs.,,Orthodox,1964-05-26,0.0,0%,0.0,0%,0.0,0%,0%,0.0,0.0,0.0,220.0,
John Kolosci,"5' 11""",185 lbs.,,Orthodox,1974-11-26,0.21,20%,0.85,50%,0.0,0%,0%,0.0,20.0,0.0,185.0,
Tsuyoshi Kohsaka,"5' 11""",225 lbs.,,Orthodox,1970-03-06,1.88,38%,4.41,54%,1.32,20%,33%,0.4,38.0,20.0,225.0,
Charlie Kohler,"5' 9""",155 lbs.,,Orthodox,1976-07-16,0.81,33%,4.31,46%,0.0,0%,0%,4.0,33.0,0.0,155.0,
Syuri Kondo,"5' 4""",115 lbs.,"66""",Orthodox,1989-02-08,5.4,44%,7.22,58%,0.0,0%,83%,0.3,44.0,0.0,115.0,66.0
Yuki Kondo,"5' 11""",183 lbs.,,Southpaw,1975-07-17,1.14,42%,2.57,51%,0.76,41%,37%,0.5,42.0,41.0,183.0,
Andrei Kopylov,"6' 2""",265 lbs.,,Orthodox,1965-07-16,0.33,66%,4.31,40%,0.0,0%,0%,0.0,66.0,0.0,265.0,
Cheick Kongo,"6' 4""",240 lbs.,"82""",Orthodox,1975-05-17,3.33,56%,1.28,54%,2.3,56%,52%,0.2,56.0,56.0,240.0,82.0
Roman Kopylov,"6' 0""",185 lbs.,"75""",Southpaw,1991-05-04,2.64,38%,3.07,63%,0.0,0%,66%,0.0,38.0,0.0,185.0,75.0
Andrey Koreshkov,"6' 0""",170 lbs.,,,1990-08-23,2.84,39%,1.92,63%,4.8,53%,0%,0.0,39.0,53.0,170.0,
Matt Kovacs,"6' 0""",244 lbs.,,Orthodox,,1.47,22%,4.87,44%,1.0,25%,0%,0.0,22.0,25.0,244.0,
Ilya Kotau,,170 lbs.,,,,3.94,40%,4.38,44%,6.57,100%,100%,6.6,40.0,100.0,170.0,
Marcus Kowal,,135 lbs.,,,,0.0,0%,0.0,0%,0.0,0%,0%,0.0,0.0,0.0,135.0,
Naoyuki Kotani,"5' 8""",155 lbs.,"66""",Southpaw,1981-12-08,1.02,31%,2.89,50%,0.83,16%,46%,0.8,31.0,16.0,155.0,66.0
Iouri Kotchkine,"6' 2""",235 lbs.,,Orthodox,,0.67,38%,4.92,15%,0.0,0%,25%,0.0,38.0,0.0,235.0,
Josh Koscheck,"5' 10""",170 lbs.,"73""",Orthodox,1977-11-30,1.79,36%,2.27,63%,2.46,48%,64%,0.4,36.0,48.0,170.0,73.0
Karolina Kowalkiewicz,"5' 3""",115 lbs.,"64""",Orthodox,1985-10-15,5.27,39%,5.65,56%,0.1,12%,75%,0.1,39.0,12.0,115.0,64.0
Steve Kozola,,155 lbs.,,,,3.9,39%,4.36,50%,2.34,100%,100%,0.0,39.0,100.0,155.0,
Derrick Krantz,"5' 10""",170 lbs.,"72""",Orthodox,1988-01-13,2.07,37%,4.03,50%,3.18,50%,0%,0.8,37.0,50.0,170.0,72.0
Jorgen Kruth,"6' 2""",205 lbs.,,,1974-05-08,0.0,0%,0.0,0%,0.0,0%,0%,0.0,0.0,0.0,205.0,
James Krause,"6' 2""",170 lbs.,"73""",Orthodox,1986-06-04,4.79,49%,4.11,61%,0.96,18%,59%,0.9,49.0,18.0,170.0,73.0
Rene Kronvold,"5' 8""",170 lbs.,,Orthodox,,0.82,100%,2.47,60%,0.0,0%,66%,4.1,100.0,0.0,170.0,
Pascal Krauss,"6' 1""",170 lbs.,,Orthodox,1987-04-19,5.45,47%,3.88,59%,1.53,50%,60%,0.9,47.0,50.0,170.0,
Nikita Krylov,"6' 3""",205 lbs.,"77""",Orthodox,1992-03-07,4.33,56%,2.52,43%,1.34,33%,55%,1.3,56.0,33.0,205.0,77.0
Mariusz Ksiazkiewicz,"6' 3""",185 lbs.,"75""",Southpaw,1989-10-04,0.93,45%,3.4,39%,4.0,100%,0%,2.0,45.0,100.0,185.0,75.0
Junya Kudo,,135 lbs.,,Orthodox,,1.85,71%,4.44,33%,0.0,0%,0%,0.0,71.0,0.0,135.0,
Anton Kuivanen,"5' 8""",155 lbs.,"72""",Orthodox,1984-05-01,2.27,38%,1.63,67%,1.2,100%,71%,0.4,38.0,100.0,155.0,72.0
Aleksei Kunchenko,"5' 8""",170 lbs.,"70""",Orthodox,1984-05-02,3.67,44%,2.83,63%,0.25,33%,80%,0.0,44.0,33.0,170.0,70.0
John Kuhner,,170 lbs.,,,1982-10-12,0.0,0%,0.0,0%,0.0,0%,0%,0.0,0.0,0.0,170.0,
Maiju Kujala,,135 lbs.,,,,2.5,40%,5.5,36%,0.0,0%,50%,0.0,40.0,0.0,135.0,
Michael Kuiper,"6' 0""",185 lbs.,"73""",Orthodox,1989-06-07,3.28,54%,3.62,54%,2.3,55%,79%,0.0,54.0,55.0,185.0,73.0
Keigo Kunihara,"6' 0""",235 lbs.,,Orthodox,,0.17,10%,1.99,57%,4.97,40%,100%,2.5,10.0,40.0,235.0,
Kiichi Kunimoto,"5' 10""",170 lbs.,"71""",Orthodox,1981-05-01,1.87,44%,3.92,41%,1.59,20%,28%,0.3,44.0,20.0,170.0,71.0
Leo Kuntz,"5' 10""",155 lbs.,,Orthodox,1983-10-03,1.68,32%,3.8,45%,1.99,25%,33%,0.7,32.0,25.0,155.0,
Yana Kunitskaya,"5' 6""",135 lbs.,"68""",Orthodox,1989-11-11,4.22,57%,2.62,51%,1.62,53%,50%,0.2,57.0,53.0,135.0,68.0
Korey Kuppe,"6' 5""",170 lbs.,"77""",Switch,1989-01-23,0.73,73%,1.33,31%,0.0,0%,69%,1.0,73.0,0.0,170.0,77.0
Tsuyoshi Kurihara,"5' 10""",185 lbs.,,Orthodox,1973-07-13,0.0,0%,12.0,50%,0.0,0%,0%,0.0,0.0,0.0,185.0,
Ramazan Kuramagomedov,"6' 1""",170 lbs.,"73""",Orthodox,1996-08-23,11.67,67%,9.13,54%,1.0,14%,0%,0.0,67.0,14.0,170.0,73.0
Eldari Kurtanidze,"5' 6""",235 lbs.,,Orthodox,1972-04-16,0.47,20%,3.72,60%,0.0,0%,0%,0.0,20.0,0.0,235.0,
Kyle Kurtz,,170 lbs.,,,,1.31,36%,2.95,52%,1.23,20%,0%,2.5,36.0,20.0,170.0,
Guram Kutateladze,"5' 11""",155 lbs.,"72""",Orthodox,1992-01-08,2.47,43%,3.47,58%,0.0,0%,68%,0.0,43.0,0.0,155.0,72.0
Kaleo Kwan,"5' 7""",155 lbs.,,,1970-08-01,0.0,0%,0.0,0%,0.0,0%,0%,0.0,0.0,0.0,155.0,
Lina Kvokov,"5' 9""",135 lbs.,,Orthodox,,2.31,30%,12.12,19%,0.0,0%,0%,0.0,30.0,0.0,135.0,
Jarrod Kwitty,"5' 8""",185 lbs.,,,,0.53,50%,4.4,32%,8.0,50%,0%,2.0,50.0,50.0,185.0,
Mike Kyle,"6' 4""",205 lbs.,"77""",Orthodox,1980-03-31,3.93,51%,3.35,49%,1.33,62%,50%,0.8,51.0,62.0,205.0,77.0
Achmed Labasanov,"6' 3""",215 lbs.,,Orthodox,1978-04-24,0.75,39%,1.1,46%,3.0,100%,0%,0.8,39.0,100.0,215.0,
Josh LaBerge,"5' 10""",145 lbs.,,,,2.53,36%,5.33,44%,0.0,0%,71%,0.0,36.0,0.0,145.0,
Jeremiah Labiano,"5' 10""",135 lbs.,,,,0.0,0%,0.0,0%,0.0,0%,0%,0.0,0.0,0.0,135.0,
Kemran Lachinov,,170 lbs.,,,,0.0,0%,0.0,0%,0.0,0%,0%,0.0,0.0,0.0,170.0,
Ryan LaFlare,"6' 1""",170 lbs.,"74""",Southpaw,1983-10-01,2.89,40%,1.86,63%,2.13,44%,58%,0.2,40.0,44.0,170.0,74.0
Aspen Ladd,"5' 6""",135 lbs.,"66""",Orthodox,1995-03-01,5.22,55%,4.84,46%,2.45,75%,66%,1.2,55.0,75.0,135.0,66.0
Noad Lahat,"5' 9""",145 lbs.,"69""",Orthodox,1984-06-08,2.79,46%,1.47,63%,2.37,26%,16%,2.4,46.0,26.0,145.0,69.0
Ben Lagman,"6' 2""",185 lbs.,,,1986-09-04,0.0,0%,0.0,0%,0.0,0%,0%,0.0,0.0,0.0,185.0,
Tim Lajcik,"6' 1""",225 lbs.,,Orthodox,1965-06-21,0.0,0%,0.0,0%,0.0,0%,0%,0.0,0.0,0.0,225.0,
Tina Lahdemaki,"5' 2""",115 lbs.,,Orthodox,1988-05-28,1.93,20%,4.67,57%,0.0,0%,16%,0.0,20.0,0.0,115.0,
Todd Lally,"5' 7""",145 lbs.,,Orthodox,,0.0,0%,0.0,0%,0.0,0%,0%,0.0,0.0,0.0,145.0,
Sean Lally,"6' 0""",170 lbs.,,Orthodox,1990-11-04,5.34,39%,7.23,30%,0.0,0%,0%,0.0,39.0,0.0,170.0,
Jason Lambert,"6' 3""",185 lbs.,"75""",Orthodox,1975-06-03,3.21,58%,1.84,50%,1.35,36%,28%,2.4,58.0,36.0,185.0,75.0
Aaron Lanfranco,,155 lbs.,,,1986-08-26,0.0,0%,0.0,0%,0.0,0%,0%,0.0,0.0,0.0,155.0,
Austen Lane,"6' 6""",245 lbs.,,Orthodox,1987-11-09,5.26,35%,6.32,60%,0.0,0%,0%,0.0,35.0,0.0,245.0,
Ricardo Lamas,"5' 8""",145 lbs.,"71""",Orthodox,1982-05-21,3.13,47%,2.87,57%,1.84,33%,46%,0.9,47.0,33.0,145.0,71.0
Jose Landi-Jons,"5' 11""",170 lbs.,,Orthodox,1973-09-09,0.99,40%,0.77,43%,2.2,80%,40%,2.2,40.0,80.0,170.0,
Nate Landwehr,"5' 9""",145 lbs.,"72""",Orthodox,1988-06-06,7.02,50%,7.67,51%,0.0,0%,85%,0.0,50.0,0.0,145.0,72.0
Jeremy Lang,"5' 11""",205 lbs.,,Southpaw,1975-05-11,1.13,50%,1.41,42%,4.22,60%,0%,4.2,50.0,60.0,205.0,
Lionel Lanham,,205 lbs.,,,1980-08-31,0.0,0%,0.0,0%,0.0,0%,0%,0.0,0.0,0.0,205.0,
Anthony Lapsley,"5' 9""",170 lbs.,,Southpaw,1980-02-13,0.53,34%,0.58,66%,0.0,0%,20%,0.0,34.0,0.0,170.0,
Chad Laprise,"5' 10""",170 lbs.,"71""",Orthodox,1986-07-23,4.78,42%,3.59,65%,1.05,54%,78%,0.0,42.0,54.0,170.0,71.0
Taylor Lapilus,"5' 6""",135 lbs.,"73""",Southpaw,1992-04-08,3.77,45%,2.0,61%,0.58,40%,81%,0.6,45.0,40.0,135.0,73.0
Icho Larenas,"6' 3""",235 lbs.,,Orthodox,1980-03-12,0.17,15%,2.5,28%,0.0,0%,14%,0.0,15.0,0.0,235.0,
TJ Laramie,"5' 6""",145 lbs.,"66""",Orthodox,1997-10-15,2.73,51%,3.24,26%,2.56,50%,0%,0.0,51.0,50.0,145.0,66.0
Lina Lansberg,"5' 7""",135 lbs.,"65""",Orthodox,1982-03-13,2.76,57%,3.7,44%,0.71,33%,50%,0.1,57.0,33.0,135.0,65.0
Jeremy Larsen,"5' 10""",145 lbs.,"70""",Orthodox,1984-05-18,4.87,48%,5.75,57%,2.49,33%,0%,0.0,48.0,33.0,145.0,70.0
Ryan Larson,,170 lbs.,,,1980-12-30,0.0,0%,0.0,0%,0.0,0%,0%,0.0,0.0,0.0,170.0,
Bobby Lashley,"6' 3""",255 lbs.,"78""",Orthodox,1976-07-16,3.1,63%,0.76,63%,11.47,70%,0%,0.0,63.0,70.0,255.0,78.0
Sione Latu,"6' 0""",215 lbs.,,,,0.0,0%,0.0,0%,0.0,0%,0%,0.0,0.0,0.0,215.0,
Brock Larson,"5' 11""",170 lbs.,"71""",Southpaw,1977-08-23,1.39,46%,1.5,55%,2.67,34%,43%,2.0,46.0,34.0,170.0,71.0
Ilir Latifi,"5' 10""",205 lbs.,"73""",Orthodox,1983-07-28,2.01,40%,2.84,56%,2.02,32%,100%,0.4,40.0,32.0,205.0,73.0
Jenel Lausa,"5' 5""",125 lbs.,"68""",Orthodox,1988-08-01,1.44,42%,3.53,53%,0.55,66%,51%,0.8,42.0,66.0,125.0,68.0
Joe Lauzon,"5' 10""",155 lbs.,"71""",Orthodox,1984-05-22,2.84,39%,5.39,54%,2.39,45%,54%,2.0,39.0,45.0,155.0,71.0
Chatt Lavender,"5' 8""",170 lbs.,,,1976-05-24,0.0,0%,0.0,0%,0.0,0%,0%,0.0,0.0,0.0,170.0,
Dan Lauzon,"5' 10""",155 lbs.,,Orthodox,1988-03-30,1.34,25%,4.09,61%,1.63,33%,80%,2.7,25.0,33.0,155.0,
Muhammed Lawal,"6' 0""",205 lbs.,"78""",Southpaw,1981-01-11,3.79,52%,1.61,66%,5.96,75%,87%,0.0,52.0,75.0,205.0,78.0
Tom Lawlor,"6' 0""",205 lbs.,"74""",Southpaw,1983-05-15,2.5,42%,2.41,60%,2.46,32%,57%,1.4,42.0,32.0,205.0,74.0
Justin Lawrence,"5' 8""",145 lbs.,"67""",Orthodox,1990-05-15,3.84,35%,2.83,67%,0.72,28%,73%,0.0,35.0,28.0,145.0,67.0
Lance Lawrence,"6' 1""",145 lbs.,"74""",Orthodox,1993-06-26,5.87,50%,9.8,24%,1.0,100%,50%,0.0,50.0,100.0,145.0,74.0
Robbie Lawler,"5' 11""",170 lbs.,"74""",Southpaw,1982-03-20,3.5,45%,4.16,60%,0.68,64%,64%,0.0,45.0,64.0,170.0,74.0
Lorenz Larkin,"5' 11""",170 lbs.,"72""",Orthodox,1986-09-03,3.53,46%,2.74,63%,0.27,42%,79%,0.1,46.0,42.0,170.0,72.0
Ronnie Lawrence,"5' 8""",135 lbs.,"68""",Switch,1992-06-13,3.8,58%,1.09,61%,10.86,76%,100%,0.5,58.0,76.0,135.0,68.0
Eric Lawson,"6' 0""",185 lbs.,,Orthodox,,1.58,57%,1.97,44%,8.88,42%,0%,3.0,57.0,42.0,185.0,
Valmir Lazaro,"6' 0""",155 lbs.,"73""",Orthodox,1985-08-15,4.87,37%,4.09,61%,1.33,40%,96%,0.0,37.0,40.0,155.0,73.0
Mounir Lazzez,"6' 1""",170 lbs.,"76""",Orthodox,1987-11-16,5.69,55%,4.78,45%,3.41,100%,60%,0.0,55.0,100.0,170.0,76.0
Cung Le,"5' 9""",185 lbs.,"70""",Southpaw,1972-05-25,4.36,48%,2.98,66%,1.37,71%,88%,0.3,48.0,71.0,185.0,70.0
Thanh Le,"5' 9""",145 lbs.,"74""",Orthodox,1985-08-28,1.97,40%,1.82,70%,0.0,0%,100%,0.0,40.0,0.0,145.0,74.0
Jordan Leavitt,"5' 9""",155 lbs.,"71""",Southpaw,1995-06-02,1.08,55%,0.43,75%,6.5,66%,0%,3.2,55.0,66.0,155.0,71.0
Jerome LeBanner,"6' 3""",265 lbs.,,Southpaw,1972-12-26,0.92,35%,1.03,37%,0.0,0%,50%,0.0,35.0,0.0,265.0,
Mickael Lebout,"5' 11""",155 lbs.,"73""",Orthodox,1987-08-16,2.6,34%,2.98,54%,0.0,0%,60%,0.0,34.0,0.0,155.0,73.0
Stephen Ledbetter,"5' 9""",145 lbs.,,Orthodox,1982-06-30,1.2,38%,1.6,57%,5.0,45%,100%,0.0,38.0,45.0,145.0,
Chris Leben,"5' 11""",185 lbs.,"73""",Southpaw,1980-07-21,2.87,42%,2.87,52%,1.14,41%,53%,0.8,42.0,41.0,185.0,73.0
James Lee,"5' 11""",205 lbs.,,Southpaw,1973-09-22,1.4,42%,3.72,27%,13.95,50%,0%,7.0,42.0,50.0,205.0,
Justin Ledet,"6' 4""",205 lbs.,"80""",Orthodox,1988-09-28,3.35,39%,4.82,49%,0.23,50%,42%,0.2,39.0,50.0,205.0,80.0
David Lee,"5' 10""",155 lbs.,,Orthodox,,1.49,50%,3.31,42%,0.0,0%,50%,0.0,50.0,0.0,155.0,
Eun Soo Lee,"6' 1""",215 lbs.,,Orthodox,1982-03-07,0.0,0%,3.05,60%,0.0,0%,50%,0.0,0.0,0.0,215.0,
Jackie Lee,,,,,,0.0,0%,0.0,0%,0.0,0%,0%,0.0,0.0,0.0,,
Tae Hyun Lee,"6' 6""",295 lbs.,,Orthodox,1975-01-17,1.37,31%,3.89,54%,5.15,100%,0%,0.0,31.0,100.0,295.0,
Tommy Lee,"5' 7""",145 lbs.,,Orthodox,1977-01-20,0.0,0%,0.3,75%,4.57,33%,0%,0.0,0.0,33.0,145.0,
Matt Lee,"5' 11""",155 lbs.,,Orthodox,,0.0,0%,9.68,21%,0.0,0%,0%,0.0,0.0,0.0,155.0,
Imani Lee,,,,Orthodox,,0.0,0%,0.94,33%,0.0,0%,0%,0.0,0.0,0.0,,
Vaughan Lee,"5' 6""",125 lbs.,"66""",Orthodox,1982-10-15,3.47,47%,2.07,70%,0.81,33%,72%,1.0,47.0,33.0,125.0,66.0
Rocky Lee,"5' 9""",145 lbs.,,Orthodox,1987-04-08,2.47,51%,5.33,44%,1.0,10%,33%,0.0,51.0,10.0,145.0,
Andrea Lee,"5' 6""",125 lbs.,"69""",Orthodox,1989-02-11,5.58,49%,3.83,65%,1.67,45%,57%,0.5,49.0,45.0,125.0,69.0
Kevin Lee,"5' 9""",170 lbs.,"77""",Orthodox,1992-09-04,3.9,42%,3.23,51%,3.21,43%,75%,0.8,42.0,43.0,170.0,77.0
Ricky Legere Jr.,"5' 8""",170 lbs.,,,,1.07,41%,1.53,60%,5.0,41%,0%,0.0,41.0,41.0,170.0,
Sherron Leggett,"5' 8""",155 lbs.,,Southpaw,1978-10-27,2.86,51%,2.08,47%,5.19,80%,33%,0.0,51.0,80.0,155.0,
Cheyden Leialoha,"5' 8""",135 lbs.,"73""",Orthodox,1994-03-15,1.87,28%,3.2,53%,2.0,33%,71%,0.0,28.0,33.0,135.0,73.0
Stefan Leko,"6' 2""",215 lbs.,,Orthodox,1974-06-03,2.4,43%,6.17,68%,0.0,0%,0%,0.0,43.0,0.0,215.0,
Thales Leites,"6' 1""",185 lbs.,"78""",Orthodox,1981-09-06,2.13,40%,2.99,52%,2.1,27%,30%,1.1,40.0,27.0,185.0,78.0
Giacomo Lemos,"6' 3""",247 lbs.,"75""",Orthodox,1989-06-23,0.0,0%,0.0,0%,0.0,0%,0%,0.0,0.0,0.0,247.0,75.0
Christophe Leninger,"6' 0""",200 lbs.,,Southpaw,,0.0,0%,0.0,0%,0.0,0%,0%,0.0,0.0,0.0,200.0,
Jean Francois Lenogue,"6' 0""",185 lbs.,,Orthodox,1972-11-29,1.13,34%,0.27,60%,0.0,0%,33%,0.0,34.0,0.0,185.0,
Gabe Lemley,"5' 8""",155 lbs.,,Orthodox,,0.82,35%,6.03,45%,0.0,0%,0%,0.0,35.0,0.0,155.0,
Amanda Lemos,"5' 4""",115 lbs.,"65""",Southpaw,1987-05-22,6.21,64%,5.39,45%,1.98,100%,100%,0.5,64.0,100.0,115.0,65.0
Jesse Lennox,"5' 9""",170 lbs.,"72""",Orthodox,1982-03-10,2.69,32%,3.2,64%,1.22,66%,63%,0.3,32.0,66.0,170.0,72.0
Alberta Cerra Leon,"5' 8""",238 lbs.,,,,0.0,0%,0.0,0%,0.0,0%,0%,0.0,0.0,0.0,238.0,
Nik Lentz,"5' 8""",145 lbs.,"68""",Orthodox,1984-08-13,3.44,47%,3.25,50%,3.3,32%,43%,1.2,47.0,32.0,145.0,68.0
Anthony Leone,"5' 6""",135 lbs.,,Orthodox,1987-05-27,1.94,53%,2.52,56%,1.72,18%,0%,0.0,53.0,18.0,135.0,
Chad Leonhardt,"6' 0""",170 lbs.,,,1980-02-19,0.0,0%,0.0,0%,0.0,0%,0%,0.0,0.0,0.0,170.0,
Victoria Leonardo,"5' 5""",125 lbs.,"64""",Orthodox,1990-02-16,3.4,37%,4.15,47%,2.39,37%,0%,0.0,37.0,37.0,125.0,64.0
Michael Lerma,,,,,,0.0,0%,6.47,45%,0.0,0%,0%,0.0,0.0,0.0,,
Kimo Leopoldo,"6' 3""",235 lbs.,,Orthodox,1968-01-05,0.76,83%,2.12,30%,4.55,100%,0%,2.3,83.0,100.0,235.0,
Lukasz Les,,170 lbs.,,,1981-11-05,0.0,0%,0.0,0%,0.0,0%,0%,0.0,0.0,0.0,170.0,
Frank Lester,"5' 11""",170 lbs.,,Orthodox,1984-06-10,2.18,36%,3.82,53%,0.0,0%,0%,0.0,36.0,0.0,170.0,
Brock Lesnar,"6' 3""",265 lbs.,"81""",Orthodox,1977-07-12,3.53,72%,2.11,50%,3.9,55%,60%,0.5,72.0,55.0,265.0,81.0
Justin Levens,"5' 11""",185 lbs.,,Orthodox,1980-04-18,1.24,47%,3.15,37%,1.69,50%,33%,5.1,47.0,50.0,185.0,
Valerie Letourneau,"5' 7""",115 lbs.,"68""",Orthodox,1983-04-29,4.51,37%,5.4,58%,0.77,45%,66%,0.3,37.0,45.0,115.0,68.0
Leah Letson,"5' 7""",145 lbs.,"71""",,1992-08-21,4.87,40%,3.8,63%,0.0,0%,100%,0.0,40.0,0.0,145.0,71.0
Marcus LeVesseur,"5' 9""",155 lbs.,"70""",Southpaw,1982-07-17,2.55,64%,3.7,37%,3.89,36%,83%,0.6,64.0,36.0,155.0,70.0
David Levicki,"6' 5""",275 lbs.,,,,0.0,0%,0.0,0%,0.0,0%,0%,0.0,0.0,0.0,275.0,
Kyle Levinton,,,,,,0.0,0%,0.0,0%,0.0,0%,0%,0.0,0.0,0.0,,
Natan Levy,"5' 9""",155 lbs.,"71""",Southpaw,1991-09-30,1.65,60%,0.82,57%,2.75,100%,100%,2.8,60.0,100.0,155.0,71.0
John Lewis,"6' 0""",155 lbs.,,Southpaw,,0.0,0%,4.0,66%,0.0,0%,0%,0.0,0.0,0.0,155.0,
Chi Lewis-Parry,"6' 9""",243 lbs.,,,1983-08-10,0.0,0%,0.0,0%,0.0,0%,0%,0.0,0.0,0.0,243.0,
Derrick Lewis,"6' 3""",260 lbs.,"79""",Orthodox,1985-02-07,2.59,50%,2.16,44%,0.52,26%,54%,0.0,50.0,26.0,260.0,79.0
Bevon Lewis,"6' 3""",185 lbs.,"79""",Orthodox,1991-05-05,3.73,43%,2.67,54%,0.0,0%,66%,0.0,43.0,0.0,185.0,79.0
Li Jingliang,"6' 0""",170 lbs.,"71""",Orthodox,1988-03-20,4.52,42%,3.65,59%,1.28,39%,59%,0.0,42.0,39.0,170.0,71.0
Sam Liera,,,,,,0.82,60%,7.36,51%,0.0,0%,66%,0.0,60.0,0.0,,
Zach Light,"5' 8""",170 lbs.,,Orthodox,1974-02-06,0.81,33%,1.9,48%,1.36,100%,0%,0.0,33.0,100.0,170.0,
Chuck Liddell,"6' 2""",205 lbs.,"76""",Orthodox,1969-12-17,2.97,35%,2.71,56%,0.44,75%,81%,0.0,35.0,75.0,205.0,76.0
Scott Lighty,"6' 2""",205 lbs.,,,1978-10-15,2.91,21%,4.24,49%,0.0,0%,0%,0.0,21.0,0.0,205.0,
Chris Liguori,"5' 9""",185 lbs.,,Orthodox,,0.29,33%,1.44,0%,0.0,0%,50%,0.0,33.0,0.0,185.0,
Jae Suk Lim,"5' 9""",170 lbs.,,Orthodox,1979-11-09,2.43,50%,4.05,37%,12.16,100%,100%,0.0,50.0,100.0,170.0,
Hyun Gyu Lim,"6' 3""",170 lbs.,"77""",Orthodox,1985-01-16,4.45,41%,5.07,51%,0.23,100%,73%,0.2,41.0,100.0,170.0,77.0
Juliana Lima,"5' 5""",115 lbs.,"65""",Orthodox,1982-03-15,1.94,44%,2.11,55%,1.72,31%,70%,0.0,44.0,31.0,115.0,65.0
Douglas Lima,"6' 1""",170 lbs.,,,1988-01-05,1.92,36%,2.84,60%,0.6,100%,46%,0.0,36.0,100.0,170.0,
Dhiego Lima,"6' 2""",170 lbs.,"75""",Orthodox,1989-01-31,3.14,38%,3.93,59%,1.38,42%,73%,0.7,38.0,42.0,170.0,75.0
Mabelly Lima,"5' 2""",135 lbs.,,Orthodox,1994-01-25,3.07,63%,5.67,44%,0.0,0%,100%,0.0,63.0,0.0,135.0,
Jess Liaudin,"5' 9""",170 lbs.,"72""",Orthodox,,2.46,51%,2.76,41%,3.28,53%,30%,1.6,51.0,53.0,170.0,72.0
Miguel Linares,,,,,,6.51,50%,8.84,36%,0.0,0%,0%,0.0,50.0,0.0,,
Jake Lindsey,"5' 11""",155 lbs.,,Switch,1986-06-21,3.44,52%,4.01,46%,0.65,33%,50%,0.0,52.0,33.0,155.0,
Matt Lindland,"6' 0""",185 lbs.,"74""",Southpaw,1970-05-17,2.62,50%,1.56,52%,3.01,48%,60%,1.3,50.0,48.0,185.0,74.0
John Lineker,"5' 3""",135 lbs.,"67""",Orthodox,1990-06-12,5.36,40%,4.27,56%,0.56,58%,67%,0.6,40.0,58.0,135.0,67.0
Philipe Lins,"6' 2""",240 lbs.,"78""",Orthodox,1985-08-17,2.66,40%,3.68,49%,0.0,0%,0%,0.0,40.0,0.0,240.0,78.0
Lucio Linhares,"6' 2""",185 lbs.,,Orthodox,1973-12-08,0.99,22%,3.47,34%,1.86,50%,50%,1.9,22.0,50.0,185.0,
Donnie Liles,"5' 9""",170 lbs.,,Orthodox,,2.25,41%,1.75,65%,2.5,28%,0%,1.2,41.0,28.0,170.0,
Ariane Lipski,"5' 6""",125 lbs.,"67""",Orthodox,1994-01-26,3.03,32%,4.45,48%,0.27,25%,45%,0.5,32.0,25.0,125.0,67.0
Wesley Little,"6' 4""",205 lbs.,,,,0.0,0%,0.0,0%,0.0,0%,0%,0.0,0.0,0.0,205.0,
Abner Lloveras,"5' 11""",155 lbs.,,,1982-09-04,6.27,49%,6.87,43%,2.0,20%,0%,0.0,49.0,20.0,155.0,
Brian Lo-A-Njoe,"5' 7""",155 lbs.,,Orthodox,,3.87,42%,0.0,0%,0.0,0%,66%,0.0,42.0,0.0,155.0,
Dean Lister,"6' 1""",185 lbs.,"75""",Orthodox,1976-02-13,1.26,35%,1.89,61%,1.58,15%,50%,1.1,35.0,15.0,185.0,75.0
John Lober,"5' 11""",199 lbs.,,Orthodox,1968-02-26,0.0,0%,0.0,0%,0.0,0%,0%,0.0,0.0,0.0,199.0,
Artem Lobov,"5' 9""",145 lbs.,"65""",Southpaw,1986-08-11,3.52,41%,4.82,50%,0.39,25%,52%,0.0,41.0,25.0,145.0,65.0
Dylan Lockard,"5' 9""",145 lbs.,"72""",Orthodox,1992-05-19,1.31,53%,3.31,52%,2.31,40%,28%,1.2,53.0,40.0,145.0,72.0
Sean Loeffler,"6' 3""",185 lbs.,,Orthodox,1982-05-23,0.0,0%,0.0,0%,0.0,0%,0%,0.0,0.0,0.0,185.0,
Michael Lombardo,"6' 0""",170 lbs.,"72""",Orthodox,1990-04-03,1.47,62%,2.63,31%,2.5,21%,60%,0.0,62.0,21.0,170.0,72.0
David Loiseau,"6' 0""",185 lbs.,"76""",Orthodox,1979-12-17,1.59,44%,3.64,43%,0.43,42%,36%,0.1,44.0,42.0,185.0,76.0
Christian Lohsen,"6' 2""",155 lbs.,"77""",Southpaw,1995-01-24,5.27,49%,6.93,44%,0.0,0%,0%,2.0,49.0,0.0,155.0,77.0
Hector Lombard,"5' 9""",185 lbs.,"71""",Southpaw,1978-02-02,3.02,46%,3.35,53%,1.69,48%,77%,0.5,46.0,48.0,185.0,71.0
Austin Lingo,"5' 10""",145 lbs.,"70""",Orthodox,1994-07-10,3.57,44%,3.17,62%,1.0,66%,76%,0.0,44.0,66.0,145.0,70.0
Rocky Long,,145 lbs.,,,1978-02-18,0.0,0%,0.0,0%,0.0,0%,0%,0.0,0.0,0.0,145.0,
Thomas Longacre,"5' 9""",145 lbs.,,Orthodox,,0.0,0%,0.0,0%,0.0,0%,0%,0.0,0.0,0.0,145.0,
Loma Lookboonmee,"5' 1""",115 lbs.,"61""",Orthodox,1996-01-18,5.16,55%,3.09,59%,0.67,25%,72%,0.0,55.0,25.0,115.0,61.0
Lucas Lopes,"6' 2""",185 lbs.,,,1979-10-05,0.0,0%,0.0,0%,0.0,0%,0%,0.0,0.0,0.0,185.0,
Ivan Lopez,"5' 6""",135 lbs.,,Southpaw,,0.9,26%,2.24,65%,0.0,0%,30%,0.0,26.0,0.0,135.0,
Dileno Lopes,"5' 5""",135 lbs.,,,1984-09-26,2.37,36%,3.33,53%,2.5,31%,100%,1.5,36.0,31.0,135.0,
Federico Lopez,"5' 4""",139 lbs.,,Orthodox,,1.78,23%,5.35,30%,0.0,0%,0%,0.0,23.0,0.0,139.0,
Steve Lopez,"5' 11""",155 lbs.,,Orthodox,1984-07-30,1.39,24%,2.69,62%,0.0,0%,37%,0.0,24.0,0.0,155.0,
Jorge Lopez,"5' 10""",170 lbs.,,Orthodox,1988-11-21,2.47,59%,2.57,50%,3.5,41%,81%,0.0,59.0,41.0,170.0,
Christopher Lopez,"5' 10""",170 lbs.,,,1986-01-30,0.0,0%,0.0,0%,0.0,0%,0%,0.0,0.0,0.0,170.0,
Gustavo Lopez,"5' 5""",135 lbs.,"67""",Orthodox,1989-06-27,2.24,41%,4.65,51%,1.07,50%,27%,0.5,41.0,50.0,135.0,67.0
Matthew Lopez,"5' 7""",135 lbs.,"69""",Southpaw,1987-01-21,3.13,50%,3.73,55%,3.32,60%,71%,1.3,50.0,60.0,135.0,69.0
Nate Loughran,"6' 2""",185 lbs.,,Orthodox,1980-07-28,1.81,40%,4.11,59%,0.0,0%,0%,2.1,40.0,0.0,185.0,
Brendan Loughnane,"5' 10""",145 lbs.,"70""",Switch,1989-12-05,6.23,63%,6.7,53%,1.5,30%,92%,0.0,63.0,30.0,145.0,70.0
Benito Lopez,"5' 10""",135 lbs.,"73""",Switch,1994-04-06,4.49,44%,4.8,58%,0.0,0%,78%,0.3,44.0,0.0,135.0,73.0
Rashard Lovelace,,155 lbs.,,,,0.0,0%,0.0,0%,0.0,0%,0%,0.0,0.0,0.0,155.0,
Ian Loveland,"5' 8""",145 lbs.,,Orthodox,1983-09-07,2.71,40%,2.36,64%,1.0,37%,69%,0.3,40.0,37.0,145.0,
Waylon Lowe,"5' 7""",145 lbs.,,Southpaw,1980-10-31,1.88,55%,2.4,53%,4.47,55%,83%,0.3,55.0,55.0,145.0,
Jakob Lovstad,"6' 3""",205 lbs.,,Orthodox,,0.0,0%,9.43,35%,0.0,0%,0%,0.0,0.0,0.0,205.0,
Brandon Lowe,,155 lbs.,,,,0.0,0%,0.0,0%,0.0,0%,0%,0.0,0.0,0.0,155.0,
Matt Lucas,"6' 1""",205 lbs.,,,,1.27,48%,3.93,40%,1.0,10%,0%,0.0,48.0,10.0,205.0,
Robert Lucarelli,"6' 2""",245 lbs.,,,,0.0,0%,0.0,0%,0.0,0%,0%,0.0,0.0,0.0,245.0,
Cleber Luciano,"5' 6""",155 lbs.,,,,0.0,0%,0.0,0%,0.0,0%,0%,0.0,0.0,0.0,155.0,
Joe Lowry,"5' 11""",155 lbs.,"73""",Orthodox,1989-12-12,3.97,34%,4.25,63%,0.0,0%,0%,0.0,34.0,0.0,155.0,73.0
Duane Ludwig,"5' 10""",170 lbs.,"70""",Orthodox,1978-08-04,4.62,44%,3.05,57%,0.43,25%,59%,0.1,44.0,25.0,170.0,70.0
Alexandru Lungu,"6' 0""",385 lbs.,,Orthodox,1974-09-03,3.61,66%,7.22,40%,0.0,0%,0%,0.0,66.0,0.0,385.0,
Thaddeus Luster,"6' 3""",210 lbs.,,,,0.0,0%,0.0,0%,0.0,0%,0%,0.0,0.0,0.0,210.0,
Dalcha Lungiambula,"5' 8""",185 lbs.,"76""",Orthodox,1987-07-31,1.85,50%,2.27,43%,2.07,50%,75%,0.0,50.0,50.0,185.0,76.0
Mike Lullo,"5' 8""",145 lbs.,,Orthodox,1979-07-24,2.48,36%,4.84,40%,1.18,11%,0%,0.6,36.0,11.0,145.0,
Travis Lutter,"5' 11""",185 lbs.,"75""",Orthodox,1973-05-12,0.41,32%,2.42,42%,1.95,24%,30%,0.7,32.0,24.0,185.0,75.0
Tucker Lutz,"5' 8""",155 lbs.,"72""",Orthodox,1994-07-12,4.33,49%,2.8,47%,2.0,57%,81%,0.5,49.0,57.0,155.0,72.0
Vicente Luque,"5' 11""",170 lbs.,"75""",Orthodox,1991-11-27,5.72,53%,5.82,52%,0.68,50%,64%,0.8,53.0,50.0,170.0,75.0
Lv Zhenhong,"5' 8""",145 lbs.,"67""",Switch,1993-06-25,0.0,0%,0.0,0%,0.0,0%,0%,0.0,0.0,0.0,145.0,67.0
Stevie Lynch,"5' 10""",170 lbs.,,Orthodox,,2.47,25%,7.06,41%,0.0,0%,0%,0.0,25.0,0.0,170.0,
Adam Lynn,"5' 10""",155 lbs.,,Orthodox,,1.47,63%,6.95,10%,0.0,0%,50%,0.0,63.0,0.0,155.0,
Chris Lytle,"5' 11""",170 lbs.,"68""",Orthodox,1974-08-18,3.76,45%,3.03,58%,0.7,55%,55%,2.4,45.0,55.0,170.0,68.0
Dong Hyun Ma,"5' 11""",155 lbs.,"70""",Orthodox,1988-09-09,2.84,41%,4.1,54%,1.27,53%,33%,0.0,41.0,53.0,155.0,70.0
William Macario,"5' 11""",170 lbs.,"75""",Orthodox,1991-07-01,4.92,54%,3.96,65%,1.85,45%,78%,0.0,54.0,45.0,170.0,75.0
Jason MacDonald,"6' 3""",185 lbs.,"80""",Orthodox,1975-06-03,1.55,52%,2.7,46%,1.43,16%,35%,2.0,52.0,16.0,185.0,80.0
Rob MacDonald,"6' 3""",205 lbs.,"78""",Orthodox,1978-09-05,1.8,50%,2.04,46%,7.19,80%,80%,5.4,50.0,80.0,205.0,78.0
Rory MacDonald,"6' 0""",170 lbs.,"76""",Orthodox,1989-07-22,3.75,42%,2.8,62%,1.77,47%,88%,0.4,42.0,47.0,170.0,76.0
Ryan MacDonald,"5' 11""",135 lbs.,"71""",Switch,1993-03-18,2.28,29%,6.49,45%,0.0,0%,0%,0.0,29.0,0.0,135.0,71.0
Veronica Macedo,"5' 4""",125 lbs.,"64""",Southpaw,1995-10-30,3.13,39%,5.06,43%,0.57,18%,46%,0.6,39.0,18.0,125.0,64.0
Clayton MacFarlane,,170 lbs.,,,,1.33,52%,1.82,55%,1.05,33%,37%,0.0,52.0,33.0,170.0,
War Machine,"5' 11""",170 lbs.,,Orthodox,1981-11-30,2.32,60%,3.17,43%,1.16,50%,40%,0.0,60.0,50.0,170.0,
Anthony Macias,"5' 9""",185 lbs.,,Switch,,0.0,0%,0.0,0%,0.0,0%,0%,0.0,0.0,0.0,185.0,
Lyoto Machida,"6' 1""",185 lbs.,"74""",Southpaw,1978-05-30,2.59,53%,1.57,61%,1.21,65%,75%,0.4,53.0,65.0,185.0,74.0
Ryan Madigan,"6' 0""",170 lbs.,,Orthodox,,0.0,0%,3.35,47%,0.0,0%,0%,0.0,0.0,0.0,170.0,
Pauline Macias,"5' 4""",115 lbs.,"64""",Southpaw,1988-06-27,0.8,29%,4.6,42%,2.0,18%,0%,0.0,29.0,18.0,115.0,64.0
Don Madge,"6' 0""",155 lbs.,"72""",Southpaw,1990-11-12,2.08,52%,0.74,67%,2.22,25%,80%,0.7,52.0,25.0,155.0,72.0
Ilima Macfarlane,"5' 4""",125 lbs.,,,,4.13,43%,2.93,65%,0.0,0%,50%,1.0,43.0,0.0,125.0,
Mark Madsen,"5' 8""",155 lbs.,"72""",Orthodox,1984-09-23,2.28,42%,2.53,46%,8.33,64%,0%,0.0,42.0,64.0,155.0,72.0
Jon Madsen,"6' 0""",240 lbs.,"72""",Orthodox,1980-02-12,2.46,41%,1.18,81%,1.32,71%,70%,0.0,41.0,71.0,240.0,72.0
Yoshiro Maeda,"5' 7""",139 lbs.,"68""",Southpaw,1981-10-31,2.36,33%,2.55,63%,2.93,51%,50%,0.7,33.0,51.0,139.0,68.0
Vinicius Magalhaes,,145 lbs.,,,1971-07-30,0.0,0%,0.0,0%,0.0,0%,0%,0.0,0.0,0.0,145.0,
Vinny Magalhaes,"6' 3""",205 lbs.,"75""",Orthodox,1984-07-02,2.14,24%,3.97,68%,1.55,44%,66%,0.8,24.0,44.0,205.0,75.0
Bernardo Magalhaes,"5' 9""",155 lbs.,,Orthodox,1981-04-08,1.8,27%,3.37,68%,0.0,0%,0%,0.5,27.0,0.0,155.0,
Eric Magana,,,,,,0.0,0%,0.0,0%,0.0,0%,0%,0.0,0.0,0.0,,
Caio Magalhaes,"6' 1""",185 lbs.,"73""",Orthodox,1987-12-14,2.27,40%,2.78,56%,1.05,15%,58%,1.6,40.0,15.0,185.0,73.0
Brandon Magana,,170 lbs.,,Orthodox,,0.0,0%,0.0,0%,0.0,0%,0%,0.0,0.0,0.0,170.0,
Reza Madadi,"5' 11""",155 lbs.,"73""",Orthodox,1978-06-20,2.51,46%,3.31,66%,3.17,33%,89%,0.5,46.0,33.0,155.0,73.0
Angela Magana,"5' 1""",115 lbs.,"65""",Orthodox,1983-08-02,1.53,28%,4.92,42%,0.4,25%,28%,0.4,28.0,25.0,115.0,65.0
Neil Magny,"6' 3""",170 lbs.,"80""",Orthodox,1987-08-03,3.67,47%,2.05,56%,2.46,45%,57%,0.3,47.0,45.0,170.0,80.0
Rashid Magomedov,"5' 9""",155 lbs.,"70""",Orthodox,1984-11-29,4.4,49%,3.05,54%,0.67,57%,89%,0.2,49.0,57.0,155.0,70.0
Ruslan Magomedov,"6' 3""",242 lbs.,"78""",Orthodox,1986-11-26,4.02,47%,1.47,66%,0.33,100%,88%,0.0,47.0,100.0,242.0,78.0
Ibragim Magomedov,"6' 0""",250 lbs.,,Orthodox,,0.26,4%,3.86,42%,0.0,0%,0%,0.0,4.0,0.0,250.0,
John Maguire,"5' 9""",155 lbs.,"69""",Southpaw,1983-05-19,1.41,41%,2.44,65%,2.8,46%,77%,1.1,41.0,46.0,155.0,69.0
Zabit Magomedsharipov,"6' 1""",145 lbs.,"73""",Orthodox,1991-03-01,4.89,48%,3.0,64%,5.22,56%,77%,0.8,48.0,56.0,145.0,73.0
Lolohea Mahe,,,,,,1.71,29%,6.92,40%,2.44,40%,0%,0.0,29.0,40.0,,
Leonardo Mafra,"5' 10""",155 lbs.,"70""",Orthodox,1989-04-25,4.55,48%,4.38,43%,2.12,83%,69%,0.4,48.0,83.0,155.0,70.0
Michelle Maher,,145 lbs.,,,,0.0,0%,0.0,0%,0.0,0%,0%,0.0,0.0,0.0,145.0,
Bill Mahood,"6' 3""",200 lbs.,,Orthodox,1967-02-01,1.54,85%,3.59,17%,0.0,0%,0%,3.9,85.0,0.0,200.0,
Levan Makashvili,"5' 8""",145 lbs.,"68""",Orthodox,1989-01-07,2.87,54%,2.07,61%,3.67,42%,85%,0.0,54.0,42.0,145.0,68.0
Jennifer Maia,"5' 4""",125 lbs.,"64""",Orthodox,1988-10-06,3.34,39%,3.52,52%,0.34,50%,56%,0.2,39.0,50.0,125.0,64.0
Klayton Mai,"5' 9""",125 lbs.,,,1986-11-30,1.53,42%,1.02,63%,3.83,100%,0%,7.7,42.0,100.0,125.0,
John Makdessi,"5' 8""",155 lbs.,"68""",Orthodox,1985-05-03,5.36,51%,3.76,70%,0.0,0%,88%,0.0,51.0,0.0,155.0,68.0
Demian Maia,"6' 1""",170 lbs.,"72""",Southpaw,1977-11-06,1.82,43%,2.03,63%,2.55,26%,61%,1.0,43.0,26.0,170.0,72.0
Aliev Makhmud,"5' 6""",195 lbs.,,Southpaw,1970-02-13,1.12,30%,2.24,36%,2.1,50%,0%,0.0,30.0,50.0,195.0,
Islam Makhachev,"5' 10""",155 lbs.,"70""",Southpaw,1991-10-27,2.0,56%,0.77,70%,3.46,68%,93%,1.0,56.0,68.0,155.0,70.0
Marvin Maldonado,"5' 6""",135 lbs.,,,,0.87,56%,3.47,43%,0.0,0%,20%,0.0,56.0,0.0,135.0,
Zach Makovsky,"5' 4""",125 lbs.,"64""",Southpaw,1983-04-19,1.94,43%,2.24,62%,3.71,30%,56%,0.3,43.0,30.0,125.0,64.0
Jeremy Malaterre,"5' 11""",155 lbs.,,,,0.0,0%,0.0,0%,0.0,0%,0%,0.0,0.0,0.0,155.0,
Fabio Maldonado,"6' 1""",205 lbs.,"75""",Orthodox,1980-03-17,5.29,58%,4.31,53%,0.44,57%,61%,0.6,58.0,57.0,205.0,75.0
Nazareno Malegarie,"5' 8""",155 lbs.,,,1986-05-16,3.87,34%,3.27,69%,1.0,33%,0%,0.0,34.0,33.0,155.0,
Carl Malenko,"5' 11""",200 lbs.,,Orthodox,,0.0,0%,0.0,0%,0.0,0%,0%,0.0,0.0,0.0,200.0,
Bea Malecki,"5' 9""",135 lbs.,"74""",Orthodox,1991-08-23,6.78,46%,6.14,62%,0.0,0%,78%,1.4,46.0,0.0,135.0,74.0
Jacob Malkoun,"5' 9""",185 lbs.,"73""",Orthodox,1995-08-26,0.0,0%,23.33,36%,0.0,0%,0%,0.0,0.0,0.0,185.0,73.0
Nate Maness,"5' 10""",135 lbs.,"72""",Orthodox,1991-06-27,2.4,45%,4.63,45%,1.33,66%,88%,0.7,45.0,66.0,135.0,72.0
Michael Mangan,,155 lbs.,,,,1.94,33%,4.52,46%,19.35,50%,100%,0.0,33.0,50.0,155.0,
Mike Malott,"6' 0""",145 lbs.,,,,4.53,36%,4.53,51%,2.0,33%,0%,0.0,36.0,33.0,145.0,
Troy Mandaloniz,"5' 9""",170 lbs.,,Orthodox,1980-02-01,3.52,56%,4.71,63%,3.1,66%,57%,0.0,56.0,66.0,170.0,
Jon Manley,"6' 1""",170 lbs.,,Orthodox,1986-07-07,1.13,20%,4.33,45%,1.0,7%,20%,0.0,20.0,7.0,170.0,
Melchor Manibusan,"5' 5""",154 lbs.,,Southpaw,1976-12-27,1.58,54%,5.79,15%,0.0,0%,0%,0.0,54.0,0.0,154.0,
Gary Mangat,"5' 7""",135 lbs.,,,,0.0,0%,0.0,0%,0.0,0%,0%,0.0,0.0,0.0,135.0,
Melvin Manhoef,"5' 9""",185 lbs.,,Orthodox,1976-05-11,3.52,48%,2.64,51%,0.33,25%,78%,0.0,48.0,25.0,185.0,
Chris Manuel,"5' 9""",135 lbs.,,Orthodox,1987-07-21,2.53,40%,2.67,66%,1.0,20%,100%,0.0,40.0,20.0,135.0,
Steve Mann,"6' 1""",170 lbs.,,,,3.18,70%,0.66,57%,1.64,100%,60%,0.0,70.0,100.0,170.0,
Cristiano Marcello,"5' 9""",155 lbs.,"72""",Orthodox,1977-12-03,2.56,33%,3.61,58%,0.44,11%,20%,0.9,33.0,11.0,155.0,72.0
Jimi Manuwa,"6' 1""",205 lbs.,"79""",Orthodox,1980-02-18,3.43,54%,3.97,49%,0.53,18%,70%,0.4,54.0,18.0,205.0,79.0
Jose Maria,"5' 5""",125 lbs.,,Orthodox,1982-01-04,3.2,53%,3.98,52%,2.32,27%,33%,2.3,53.0,27.0,125.0,
Enrique Marin,"5' 10""",170 lbs.,,,1986-09-02,1.43,33%,3.0,50%,2.5,38%,60%,1.0,33.0,38.0,170.0,
Marcos Mariano,"6' 1""",155 lbs.,"76""",Switch,1986-10-12,0.25,27%,2.11,43%,0.0,0%,28%,0.0,27.0,0.0,155.0,76.0
Ronny Markes,"6' 1""",185 lbs.,"75""",Orthodox,1988-04-21,2.17,53%,2.43,45%,3.13,40%,100%,0.5,53.0,40.0,185.0,75.0
Rory Markham,"6' 0""",170 lbs.,"71""",Orthodox,1982-03-25,1.98,21%,10.27,45%,0.0,0%,0%,0.0,21.0,0.0,170.0,71.0
Christina Marks,"5' 7""",125 lbs.,"69""",Orthodox,1985-11-08,5.0,58%,3.0,64%,7.5,100%,0%,0.0,58.0,100.0,125.0,69.0
Randa Markos,"5' 4""",115 lbs.,"63""",Orthodox,1985-08-10,2.85,41%,3.2,59%,1.23,28%,57%,0.2,41.0,28.0,115.0,63.0
Nate Marquardt,"6' 0""",185 lbs.,"74""",Orthodox,1979-04-20,2.71,49%,2.32,55%,1.87,51%,70%,0.8,49.0,51.0,185.0,74.0
Danilo Marques,"6' 6""",205 lbs.,"77""",Orthodox,1985-12-26,1.81,88%,1.41,50%,4.83,34%,0%,1.2,88.0,34.0,205.0,77.0
Carmelo Marrero,"6' 0""",205 lbs.,"73""",Orthodox,1981-01-26,0.84,34%,2.04,54%,3.21,36%,36%,0.9,34.0,36.0,205.0,73.0
Julian Marquez,"6' 2""",185 lbs.,"72""",Orthodox,1990-05-08,3.5,40%,2.98,52%,0.0,0%,53%,3.4,40.0,0.0,185.0,72.0
Cesar Marscucci,,,,,,0.0,0%,0.0,0%,0.0,0%,0%,0.0,0.0,0.0,,
CJ Marsh,,,,,,0.0,0%,0.0,0%,0.0,0%,0%,0.0,0.0,0.0,,
John Marsh,"6' 0""",265 lbs.,,Orthodox,1970-09-15,0.83,42%,2.23,40%,0.43,100%,54%,0.4,42.0,100.0,265.0,
Eliot Marshall,"6' 2""",205 lbs.,"77""",Orthodox,1980-07-07,1.93,27%,2.39,67%,0.47,33%,79%,0.9,27.0,33.0,205.0,77.0
David Marshall,"6' 2""",170 lbs.,,,1984-08-24,0.0,0%,0.0,0%,0.0,0%,0%,0.0,0.0,0.0,170.0,
Jack Marshman,"6' 0""",185 lbs.,"73""",Orthodox,1989-12-19,2.74,25%,4.19,56%,0.0,0%,20%,0.0,25.0,0.0,185.0,73.0
Doug Marshall,"5' 10""",205 lbs.,,Orthodox,1975-09-09,6.99,46%,4.02,60%,0.0,0%,66%,2.4,46.0,0.0,205.0,
Terry Martin,"5' 8""",185 lbs.,"71""",Orthodox,1980-10-10,2.82,43%,3.13,54%,3.1,42%,92%,0.0,43.0,42.0,185.0,71.0
Eric Martin,,,,,,0.0,0%,0.0,0%,0.0,0%,0%,0.0,0.0,0.0,,
Dave Martin,"6' 0""",205 lbs.,,,,0.0,0%,0.0,0%,0.0,0%,0%,0.0,0.0,0.0,205.0,
Justin Martin,"6' 0""",185 lbs.,,,,0.0,0%,0.0,0%,0.0,0%,0%,0.0,0.0,0.0,185.0,
Joe Martin,"5' 9""",170 lbs.,,,,0.73,40%,2.4,45%,0.0,0%,16%,0.0,40.0,0.0,170.0,
Michal Martinek,"6' 2""",230 lbs.,,Southpaw,1990-04-19,2.45,53%,4.29,51%,0.0,0%,0%,0.0,53.0,0.0,230.0,
Mallory Martin,"5' 4""",115 lbs.,"63""",Orthodox,1994-01-29,3.99,59%,5.53,58%,3.37,63%,25%,0.5,59.0,63.0,115.0,63.0
Rainy Martinez,"6' 0""",199 lbs.,,Orthodox,,0.0,0%,0.0,0%,0.0,0%,0%,0.0,0.0,0.0,199.0,
Anthony Rocco Martin,"6' 0""",170 lbs.,"73""",Orthodox,1989-12-11,2.68,37%,2.59,58%,0.71,27%,68%,1.0,37.0,27.0,170.0,73.0
Danny Martinez,"5' 6""",125 lbs.,"67""",Orthodox,1985-06-14,2.73,28%,3.77,63%,3.0,45%,36%,0.0,28.0,45.0,125.0,67.0
Henry Martinez,"5' 7""",155 lbs.,"69""",Southpaw,1983-08-07,2.79,25%,4.01,60%,0.0,0%,80%,0.0,25.0,0.0,155.0,69.0
Alonzo Martinez,"5' 10""",155 lbs.,,,1984-04-22,3.07,27%,7.33,52%,0.0,0%,0%,0.0,27.0,0.0,155.0,
Jonathan Martinez,"5' 8""",135 lbs.,"70""",Southpaw,1994-04-20,4.27,46%,3.81,58%,0.48,37%,63%,0.0,46.0,37.0,135.0,70.0
Andrew Martinez,"5' 9""",215 lbs.,,,,3.4,31%,2.3,47%,1.5,50%,0%,0.0,31.0,50.0,215.0,
Victor Martinez,"5' 10""",155 lbs.,,,1991-07-17,0.0,0%,0.0,0%,0.0,0%,0%,0.0,0.0,0.0,155.0,
Roque Martinez,"5' 10""",250 lbs.,"72""",Orthodox,1986-03-04,2.67,51%,4.68,59%,0.62,50%,16%,0.0,51.0,50.0,250.0,72.0
Mana Martinez,"5' 10""",135 lbs.,"70""",Orthodox,1996-03-25,2.11,62%,1.27,50%,0.0,0%,0%,6.3,62.0,0.0,135.0,70.0
Poppies Martinez,"5' 9""",145 lbs.,,,1983-08-19,2.88,50%,2.16,51%,1.54,33%,50%,9.2,50.0,33.0,145.0,
Wagner da Conceicao Martins,"6' 7""",390 lbs.,,Orthodox,1978-05-19,1.91,37%,5.43,42%,2.2,100%,100%,0.0,37.0,100.0,390.0,
Adriano Martins,"5' 10""",155 lbs.,"72""",Southpaw,1982-12-16,1.8,38%,2.14,65%,0.83,80%,81%,0.4,38.0,80.0,155.0,72.0
Lucas Martins,"6' 0""",145 lbs.,"72""",Southpaw,1988-11-11,2.87,35%,4.14,60%,0.0,0%,76%,0.5,35.0,0.0,145.0,72.0
Jameel Massouh,"5' 10""",145 lbs.,"72""",Orthodox,1984-09-12,1.91,54%,2.62,55%,0.67,15%,50%,0.7,54.0,15.0,145.0,72.0
Mike Massenzio,"6' 2""",185 lbs.,"73""",Southpaw,1982-11-01,2.08,45%,3.59,54%,2.74,24%,50%,1.4,45.0,24.0,185.0,73.0
Shoji Maruyama,"5' 7""",139 lbs.,,Orthodox,1983-04-24,1.4,63%,0.27,55%,0.0,0%,54%,0.0,63.0,0.0,139.0,
Max Martyniouk,,155 lbs.,,,,0.0,0%,0.0,0%,0.0,0%,0%,0.0,0.0,0.0,155.0,
Bristol Marunde,"6' 1""",170 lbs.,"75""",Orthodox,1982-04-20,1.42,21%,4.4,47%,1.6,33%,14%,0.0,21.0,33.0,170.0,75.0
Jorge Masvidal,"5' 11""",170 lbs.,"74""",Orthodox,1984-11-12,4.2,47%,3.0,65%,1.57,59%,77%,0.4,47.0,59.0,170.0,74.0
Tiffany Masters,"5' 3""",115 lbs.,"65""",Orthodox,1994-07-31,3.53,62%,2.58,50%,3.06,60%,0%,0.0,62.0,60.0,115.0,65.0
Tateki Matsuda,"5' 7""",125 lbs.,,Orthodox,1986-02-27,3.2,34%,3.43,69%,0.0,0%,16%,0.0,34.0,0.0,125.0,
Naoki Matsushita,"5' 6""",155 lbs.,,Orthodox,,3.3,32%,2.2,63%,1.5,100%,0%,0.0,32.0,100.0,155.0,
AJ Matthews,"5' 11""",185 lbs.,,,,5.11,52%,4.96,51%,0.0,0%,100%,0.0,52.0,0.0,185.0,
Koichiro Matsumoto,"5' 7""",145 lbs.,,,1986-03-07,1.9,26%,3.5,31%,0.0,0%,0%,0.0,26.0,0.0,145.0,
Daijiro Matsui,"5' 9""",200 lbs.,,Orthodox,1972-12-05,0.84,45%,1.69,55%,1.83,30%,43%,0.4,45.0,30.0,200.0,
Jake Matthews,"5' 11""",170 lbs.,"73""",Orthodox,1994-08-19,3.03,44%,2.16,61%,1.93,41%,66%,0.6,44.0,41.0,170.0,73.0
Claudio Mattos,,185 lbs.,,Orthodox,,0.0,0%,3.53,0%,0.0,0%,0%,0.0,0.0,0.0,185.0,
Francesco Maturi,,,,,,0.0,0%,0.0,0%,0.0,0%,0%,0.0,0.0,0.0,,
John Matua,"6' 2""",400 lbs.,,Orthodox,,0.0,0%,0.0,0%,0.0,0%,0%,0.0,0.0,0.0,400.0,
Miranda Maverick,"5' 3""",125 lbs.,"65""",Southpaw,1997-07-01,9.8,51%,6.0,62%,0.0,0%,0%,0.0,51.0,0.0,125.0,65.0
Nick Maximov,"6' 0""",220 lbs.,"76""",Southpaw,1997-12-23,2.47,58%,0.33,58%,2.0,40%,0%,0.0,58.0,40.0,220.0,76.0
Vladimir Matyushenko,"6' 0""",205 lbs.,"74""",Orthodox,1971-01-04,1.9,44%,1.62,59%,3.25,46%,70%,0.1,44.0,46.0,205.0,74.0
Elaina Maxwell,"5' 8""",145 lbs.,,Orthodox,1978-12-16,2.07,60%,2.4,53%,0.0,0%,50%,1.0,60.0,0.0,145.0,
Jeremy May,"6' 1""",185 lbs.,,,1986-10-23,0.0,0%,0.0,0%,0.0,0%,0%,0.0,0.0,0.0,185.0,
Al Matavao,"5' 8""",205 lbs.,"67""",Orthodox,1994-02-23,7.84,46%,6.7,58%,0.0,0%,0%,0.0,46.0,0.0,205.0,67.0
Jack May,"6' 8""",255 lbs.,,Switch,1981-04-14,1.52,38%,3.29,33%,0.91,33%,20%,0.0,38.0,33.0,255.0,
Don'Tale Mayes,"6' 6""",260 lbs.,"81""",Orthodox,1992-01-16,4.13,45%,4.46,43%,0.23,20%,59%,0.0,45.0,20.0,260.0,81.0
Brooke Mayo,"5' 7""",125 lbs.,,,,1.92,34%,3.2,63%,3.2,60%,0%,2.1,34.0,60.0,125.0,
Gina Mazany,"5' 6""",125 lbs.,"68""",Southpaw,1988-08-19,3.45,47%,3.07,51%,4.41,63%,33%,0.3,47.0,63.0,125.0,68.0
Gray Maynard,"5' 9""",155 lbs.,"70""",Orthodox,1979-05-09,1.92,32%,2.64,66%,2.91,47%,81%,0.7,32.0,47.0,155.0,70.0
Scott McAfee,"5' 8""",155 lbs.,,Orthodox,1983-08-23,0.0,0%,1.33,50%,0.0,0%,0%,0.0,0.0,0.0,155.0,
Sabina Mazo,"5' 7""",135 lbs.,"70""",Orthodox,1997-03-25,6.56,44%,3.91,60%,0.81,80%,66%,0.2,44.0,80.0,135.0,70.0
Michael McBride,"6' 1""",155 lbs.,,Orthodox,1986-03-09,4.08,48%,5.85,40%,1.85,42%,30%,1.2,48.0,42.0,155.0,
Bobby McAndrews,,,,Orthodox,,2.56,83%,1.03,50%,0.0,0%,33%,7.7,83.0,0.0,,
Ian McCall,"5' 5""",125 lbs.,"64""",Orthodox,1984-05-07,3.59,39%,3.25,67%,2.08,30%,88%,0.0,39.0,30.0,125.0,64.0
Molly McCann,"5' 4""",125 lbs.,"62""",Orthodox,1990-05-04,5.15,50%,4.28,65%,1.64,29%,28%,0.7,50.0,29.0,125.0,62.0
Charles McCarthy,"5' 10""",185 lbs.,"71""",Orthodox,1980-08-06,0.18,12%,4.03,56%,2.67,60%,0%,2.7,12.0,60.0,185.0,71.0
Sean McCorkle,"6' 7""",265 lbs.,"81""",Orthodox,1976-07-17,0.85,44%,2.48,52%,2.12,40%,33%,4.2,44.0,40.0,265.0,81.0
Kris McCray,"6' 0""",170 lbs.,"76""",Orthodox,1981-09-24,2.69,45%,2.57,54%,2.88,55%,38%,0.0,45.0,55.0,170.0,76.0
Tamdan McCrory,"6' 4""",185 lbs.,"76""",Switch,1986-11-05,2.07,49%,1.6,46%,2.28,50%,33%,2.5,49.0,50.0,185.0,76.0
Justin McCully,"6' 1""",225 lbs.,"73""",Orthodox,1976-02-18,1.58,37%,2.02,46%,1.28,44%,43%,0.0,37.0,44.0,225.0,73.0
Michael McDonald,"5' 9""",135 lbs.,"70""",Orthodox,1991-01-15,2.69,42%,2.76,57%,1.09,66%,52%,1.4,42.0,66.0,135.0,70.0
Rob McCullough,"5' 9""",155 lbs.,"69""",Orthodox,1977-05-26,2.47,36%,2.84,59%,0.46,100%,68%,0.0,36.0,100.0,155.0,69.0
Robert McDaniel,"6' 3""",185 lbs.,"75""",Southpaw,1983-05-03,1.64,44%,1.98,56%,0.93,50%,50%,1.4,44.0,50.0,185.0,75.0
Scott McDonald,,,,,,0.0,0%,0.0,0%,0.0,0%,0%,0.0,0.0,0.0,,
Josh McDonald,,185 lbs.,,,,0.8,57%,3.4,33%,9.0,50%,0%,0.0,57.0,50.0,185.0,
Miles McDonald,"5' 7""",115 lbs.,,,1991-08-13,5.1,45%,4.0,43%,0.0,0%,100%,1.0,45.0,0.0,115.0,
Justin McElfresh,"6' 6""",205 lbs.,,Orthodox,1980-01-04,4.59,26%,12.79,41%,0.0,0%,0%,0.0,26.0,0.0,205.0,
Drew McFedries,"6' 0""",185 lbs.,"72""",Southpaw,1978-07-27,5.13,51%,4.56,52%,1.42,100%,56%,0.7,51.0,100.0,185.0,72.0
Liam McGeary,"6' 6""",205 lbs.,,,1982-10-04,1.28,48%,1.92,50%,0.51,100%,0%,2.5,48.0,100.0,205.0,
Gan McGee,"6' 10""",265 lbs.,,Orthodox,1976-11-20,2.2,29%,2.31,59%,0.65,25%,83%,0.0,29.0,25.0,265.0,
Court McGee,"5' 11""",170 lbs.,"75""",Orthodox,1984-12-12,4.9,36%,3.94,61%,1.6,21%,63%,0.4,36.0,21.0,170.0,75.0
Ryan McGillivray,"5' 11""",170 lbs.,,,1986-09-27,1.27,20%,2.2,52%,0.0,0%,44%,0.0,20.0,0.0,170.0,
Ryan McGivern,"6' 0""",185 lbs.,,Orthodox,1980-01-17,2.22,29%,2.22,57%,0.0,0%,0%,0.0,29.0,0.0,185.0,
Conor McGregor,"5' 9""",155 lbs.,"74""",Southpaw,1988-07-14,5.32,49%,4.54,54%,0.7,55%,67%,0.0,49.0,55.0,155.0,74.0
Jack McGlaughlin,,,,Orthodox,,0.0,0%,0.0,0%,0.0,0%,0%,0.0,0.0,0.0,,
Greg McIntyre,"5' 10""",155 lbs.,,Orthodox,1980-04-21,0.79,30%,1.36,41%,5.09,50%,0%,0.0,30.0,50.0,155.0,
AJ McKee,"5' 10""",145 lbs.,,,,2.75,32%,0.92,80%,11.01,100%,100%,11.0,32.0,100.0,145.0,
Antonio McKee,"5' 8""",155 lbs.,,Southpaw,1970-03-12,1.37,45%,0.74,74%,1.47,33%,57%,0.0,45.0,33.0,155.0,
Rhys McKee,"6' 2""",170 lbs.,"78""",Orthodox,1995-09-10,6.83,53%,11.9,43%,0.0,0%,20%,0.0,53.0,0.0,170.0,78.0
Tim McKenzie,"6' 0""",185 lbs.,"74""",Orthodox,1982-07-21,1.37,54%,2.96,44%,0.0,0%,28%,2.1,54.0,0.0,185.0,74.0
Terrance McKinney,"5' 11""",145 lbs.,"74""",Switch,1994-09-15,1.17,50%,0.59,66%,4.4,33%,0%,0.0,50.0,33.0,145.0,74.0
Cory McKenna,"5' 3""",115 lbs.,"58""",Orthodox,1999-11-07,3.47,44%,3.03,45%,0.5,50%,71%,0.0,44.0,50.0,115.0,58.0
Cody McKenzie,"6' 0""",155 lbs.,"72""",Switch,1987-12-16,1.74,34%,2.5,67%,2.5,25%,14%,2.5,34.0,25.0,155.0,72.0
Jason McLean,"5' 5""",145 lbs.,,,,0.0,0%,0.0,0%,0.0,0%,0%,0.0,0.0,0.0,145.0,
Brian McLaughlin,"5' 9""",155 lbs.,,,1984-05-12,0.0,0%,0.0,0%,0.0,0%,0%,0.0,0.0,0.0,155.0,
Garreth McLellan,"6' 1""",185 lbs.,"72""",Southpaw,1982-09-01,3.56,54%,2.94,45%,1.15,22%,34%,0.9,54.0,22.0,185.0,72.0
Sara McMann,"5' 6""",135 lbs.,"66""",Orthodox,1980-09-24,2.32,45%,1.94,48%,4.41,65%,50%,0.5,45.0,65.0,135.0,66.0
Charles McTorry,,,,,,0.0,0%,0.0,0%,0.0,0%,0%,0.0,0.0,0.0,,
Daniel McWilliams,"6' 1""",185 lbs.,,,,3.36,77%,0.0,0%,0.0,0%,100%,21.6,77.0,0.0,185.0,
James McSweeney,"6' 4""",230 lbs.,"77""",Switch,1980-10-24,3.94,55%,4.33,42%,0.52,33%,100%,1.1,55.0,33.0,230.0,77.0
Tim Means,"6' 2""",170 lbs.,"75""",Orthodox,1984-02-20,5.16,48%,3.58,61%,0.92,41%,64%,0.2,48.0,41.0,170.0,75.0
Kaline Medeiros,"5' 3""",115 lbs.,,,,2.06,70%,0.29,83%,4.41,100%,0%,4.4,70.0,100.0,115.0,
Anistavio Medeiros,"5' 6""",145 lbs.,,Orthodox,1988-05-01,3.64,44%,5.0,47%,0.0,0%,0%,0.0,44.0,0.0,145.0,
Yancy Medeiros,"5' 10""",155 lbs.,"75""",Orthodox,1987-09-07,4.05,35%,5.38,46%,0.12,25%,76%,0.5,35.0,25.0,155.0,75.0
Uros Medic,"6' 1""",155 lbs.,"71""",Southpaw,1993-04-25,19.91,77%,0.52,86%,0.0,0%,100%,0.0,77.0,0.0,155.0,71.0
Jason Medina,"5' 9""",180 lbs.,,,,0.0,0%,0.0,0%,0.0,0%,0%,0.0,0.0,0.0,180.0,
Todd Medina,"5' 10""",193 lbs.,,Southpaw,,0.0,0%,0.0,0%,0.0,0%,0%,0.0,0.0,0.0,193.0,
Emil Meek,"5' 11""",170 lbs.,"74""",Switch,1988-08-20,2.52,39%,2.53,38%,0.25,33%,47%,1.0,39.0,33.0,170.0,74.0
Sanford Alton Meeks,"6' 5""",265 lbs.,"75""",Orthodox,1994-04-05,0.71,42%,4.47,38%,7.06,25%,0%,0.0,42.0,25.0,265.0,75.0
Frank Megallon,"5' 10""",185 lbs.,,Southpaw,,1.14,21%,5.32,54%,0.0,0%,0%,0.0,21.0,0.0,185.0,
Bryce Mejia,"6' 1""",170 lbs.,,,,3.49,62%,6.98,50%,0.0,0%,0%,0.0,62.0,0.0,170.0,
Gerald Meerschaert,"6' 1""",185 lbs.,"77""",Southpaw,1987-12-18,3.3,42%,3.61,51%,2.33,43%,46%,1.7,42.0,43.0,185.0,77.0
Derrick Mehmen,"6' 4""",205 lbs.,,,1985-05-30,1.93,14%,4.53,48%,1.0,16%,0%,0.0,14.0,16.0,205.0,
Jordan Mein,"6' 0""",170 lbs.,"73""",Orthodox,1989-10-10,3.35,44%,2.55,69%,1.56,58%,66%,0.2,44.0,58.0,170.0,73.0
Miika Mehmet,,205 lbs.,,Orthodox,,0.33,12%,7.29,24%,0.0,0%,0%,0.0,12.0,0.0,205.0,
Brian Melancon,"5' 8""",170 lbs.,,Orthodox,1982-05-28,4.18,49%,3.64,64%,2.02,100%,66%,0.0,49.0,100.0,170.0,
Brandon Melendez,"5' 11""",155 lbs.,,Southpaw,1983-03-24,0.84,26%,0.56,63%,0.0,0%,25%,0.0,26.0,0.0,155.0,
Fabio Mello,"5' 5""",155 lbs.,,Southpaw,,0.86,35%,3.94,50%,0.0,0%,0%,0.0,35.0,0.0,155.0,
Gilbert Melendez,"5' 9""",145 lbs.,"73""",Orthodox,1982-04-12,3.44,33%,2.53,63%,1.64,41%,71%,0.2,33.0,41.0,145.0,73.0
Vanessa Melo,"5' 5""",135 lbs.,"65""",Orthodox,1988-03-27,3.48,30%,6.13,59%,0.0,0%,71%,0.0,30.0,0.0,135.0,65.0
Marcelo Mello,"5' 7""",170 lbs.,,Southpaw,,0.0,0%,0.0,0%,0.0,0%,0%,0.0,0.0,0.0,170.0,
Antonio Mendes,"6' 3""",205 lbs.,"77""",Southpaw,1981-04-19,1.34,47%,6.85,22%,2.51,50%,100%,0.0,47.0,50.0,205.0,77.0
Augusto Mendes,"5' 6""",135 lbs.,"65""",Orthodox,1983-03-03,2.42,34%,3.91,56%,1.75,33%,80%,0.0,34.0,33.0,135.0,65.0
Chad Mendes,"5' 6""",145 lbs.,"66""",Orthodox,1985-05-01,2.78,49%,2.35,67%,4.13,55%,100%,0.3,49.0,55.0,145.0,66.0
Eddie Mendez,"5' 10""",185 lbs.,,,1984-01-16,1.71,33%,3.43,11%,0.0,0%,0%,0.0,33.0,0.0,185.0,
Luis Mendoza,,155 lbs.,,,,0.0,0%,0.0,0%,0.0,0%,0%,0.0,0.0,0.0,155.0,
Pietro Menga,"5' 7""",125 lbs.,"68""",Southpaw,1988-02-15,0.0,0%,0.0,0%,0.0,0%,0%,0.0,0.0,0.0,125.0,68.0
Alonzo Menifield,"6' 0""",205 lbs.,"76""",Orthodox,1987-10-18,3.34,47%,3.72,45%,0.0,0%,85%,0.0,47.0,0.0,205.0,76.0
Ivan Menjivar,"5' 6""",145 lbs.,"64""",Orthodox,1982-05-30,2.78,37%,2.76,65%,0.56,28%,38%,1.0,37.0,28.0,145.0,64.0
Steve Mensing,"5' 11""",185 lbs.,,Orthodox,1977-12-06,0.0,0%,9.51,42%,0.0,0%,0%,0.0,0.0,0.0,185.0,
Dave Menne,"5' 10""",170 lbs.,,Orthodox,1974-07-29,1.84,44%,1.99,42%,0.46,50%,57%,2.5,44.0,50.0,170.0,
Adam Meredith,"6' 2""",170 lbs.,,,,2.63,50%,2.11,55%,7.89,100%,100%,7.9,50.0,100.0,170.0,
Buck Meredith,"6' 2""",185 lbs.,,,1982-05-17,0.0,0%,0.0,0%,0.0,0%,0%,0.0,0.0,0.0,185.0,
Joe Merritt,"6' 0""",170 lbs.,,Orthodox,1984-03-07,1.53,58%,0.73,66%,0.0,0%,68%,0.0,58.0,0.0,170.0,
Jonathan Meunier,"6' 3""",170 lbs.,,Switch,1987-08-04,3.47,50%,1.43,69%,0.58,33%,58%,0.0,50.0,33.0,170.0,
Jeremiah Metcalf,"6' 1""",185 lbs.,,Orthodox,,1.74,59%,0.27,60%,4.02,66%,100%,2.0,59.0,66.0,185.0,
Brandon Michaels,"5' 9""",185 lbs.,,,,0.0,0%,0.0,0%,0.0,0%,0%,0.0,0.0,0.0,185.0,
Yaotzin Meza,"5' 9""",145 lbs.,"71""",Orthodox,1981-02-04,1.43,41%,1.62,64%,1.06,20%,18%,1.4,41.0,20.0,145.0,71.0
Guy Mezger,"6' 1""",200 lbs.,,Orthodox,1968-01-01,2.3,32%,1.36,72%,0.39,50%,88%,0.0,32.0,50.0,200.0,
David Michaud,"5' 9""",155 lbs.,,Orthodox,1988-11-10,3.25,43%,4.45,54%,2.53,58%,77%,0.7,43.0,58.0,155.0,
Andreas Michailidis,"6' 0""",185 lbs.,"76""",Orthodox,1988-07-18,4.6,50%,3.6,63%,0.0,0%,0%,0.0,50.0,0.0,185.0,76.0
Kristof Midoux,"6' 1""",220 lbs.,,Orthodox,1974-07-30,0.7,43%,2.89,49%,0.0,0%,0%,0.0,43.0,0.0,220.0,
Keith Mielke,"5' 8""",185 lbs.,,,,0.0,0%,0.0,0%,0.0,0%,0%,0.0,0.0,0.0,185.0,
Zachary Micklewright,"6' 0""",155 lbs.,"74""",Southpaw,1976-08-21,5.56,53%,4.72,54%,0.7,12%,100%,0.0,53.0,12.0,155.0,74.0
Chris Mierzwiak,"6' 1""",185 lbs.,,,1988-02-14,1.6,61%,1.73,48%,2.0,28%,0%,1.0,61.0,28.0,185.0,
Bojan Mihajlovic,"5' 11""",205 lbs.,"73""",Orthodox,1980-03-30,1.23,35%,5.95,47%,0.0,0%,33%,0.0,35.0,0.0,205.0,73.0
Gabriel Miglioli,"5' 8""",170 lbs.,,,,0.0,0%,0.0,0%,0.0,0%,0%,0.0,0.0,0.0,170.0,
Billy Miles,"5' 10""",170 lbs.,,Orthodox,1978-04-28,0.0,0%,1.25,33%,0.0,0%,0%,0.0,0.0,0.0,170.0,
Phillip Miller,"5' 11""",185 lbs.,,Orthodox,1979-02-20,1.61,54%,1.93,50%,3.62,25%,100%,0.6,54.0,25.0,185.0,
Jason Miller,"6' 1""",185 lbs.,,Orthodox,1980-12-24,1.83,43%,2.3,49%,1.31,28%,43%,1.3,43.0,28.0,185.0,
Dan Miller,"6' 1""",185 lbs.,"74""",Orthodox,1981-06-30,2.03,36%,3.06,49%,1.67,54%,47%,1.8,36.0,54.0,185.0,74.0
Curtis Millender,"6' 2""",170 lbs.,"76""",Orthodox,1987-12-01,3.86,46%,2.95,61%,0.43,100%,57%,0.0,46.0,100.0,170.0,76.0
Pat Miletich,"5' 10""",170 lbs.,,Orthodox,1968-03-09,1.79,45%,1.66,63%,1.96,100%,54%,1.0,45.0,100.0,170.0,
Cole Miller,"6' 1""",145 lbs.,"73""",Orthodox,1984-04-26,3.0,33%,3.88,59%,0.6,36%,38%,1.8,33.0,36.0,145.0,73.0
Chris Mickle,"5' 9""",145 lbs.,,Orthodox,1983-07-10,3.03,27%,9.7,48%,0.0,0%,0%,0.0,27.0,0.0,145.0,
Jim Miller,"5' 8""",155 lbs.,"71""",Southpaw,1983-08-30,2.73,40%,2.99,59%,1.69,43%,46%,1.9,40.0,43.0,155.0,71.0
Micah Miller,"6' 0""",145 lbs.,,Orthodox,1987-02-14,1.33,33%,2.15,54%,0.98,37%,21%,2.0,33.0,37.0,145.0,
Aaron Miller,"5' 9""",145 lbs.,,,,0.0,0%,0.0,0%,0.0,0%,0%,0.0,0.0,0.0,145.0,
Henry Miller,"5' 7""",270 lbs.,,Southpaw,1969-07-16,1.25,36%,2.16,54%,0.55,25%,60%,0.0,36.0,25.0,270.0,
Che Mills,"6' 1""",170 lbs.,"76""",Orthodox,1982-09-29,2.08,52%,2.87,43%,1.18,66%,58%,0.0,52.0,66.0,170.0,76.0
Eddy Millis,"6' 1""",185 lbs.,,,,0.0,0%,3.36,22%,0.0,0%,0%,7.2,0.0,0.0,185.0,
Adam Milstead,"6' 3""",205 lbs.,"76""",Orthodox,1987-07-03,3.85,46%,4.79,43%,0.0,0%,64%,0.0,46.0,0.0,205.0,76.0
Alberto Mina,"6' 0""",170 lbs.,"77""",Orthodox,1982-05-02,3.23,38%,3.7,47%,1.85,20%,50%,0.0,38.0,20.0,170.0,77.0
Stipe Miocic,"6' 4""",240 lbs.,"80""",Orthodox,1982-08-19,4.9,52%,3.75,55%,1.92,34%,70%,0.0,52.0,34.0,240.0,80.0
Vitaly Minakov,"6' 2""",249 lbs.,,,1985-02-06,0.0,0%,0.0,0%,0.0,0%,0%,0.0,0.0,0.0,249.0,
Darrick Minner,"5' 7""",145 lbs.,"69""",Orthodox,1990-04-28,3.24,70%,1.4,43%,3.0,62%,60%,3.6,70.0,62.0,145.0,69.0
Mike Minniger,,,,,,0.0,0%,0.0,0%,0.0,0%,0%,0.0,0.0,0.0,,
Carlton Minus,"5' 10""",170 lbs.,"75""",Orthodox,1993-04-26,3.5,40%,4.97,50%,0.0,0%,58%,0.0,40.0,0.0,170.0,75.0
Ikuhisa Minowa,"5' 9""",181 lbs.,,Orthodox,1976-01-12,0.88,40%,1.66,49%,1.82,41%,5%,1.9,40.0,41.0,181.0,
Juan Miranda,,155 lbs.,,,,0.0,0%,0.0,0%,0.0,0%,0%,0.0,0.0,0.0,155.0,
Mario Miranda,"6' 3""",185 lbs.,"74""",Orthodox,1979-07-12,1.96,54%,2.46,36%,1.02,60%,54%,0.0,54.0,60.0,185.0,74.0
Frank Mir,"6' 3""",264 lbs.,"79""",Southpaw,1979-05-24,2.18,47%,3.84,38%,2.02,40%,54%,2.0,47.0,40.0,264.0,79.0
Damir Mirenic,"6' 0""",185 lbs.,,Orthodox,1974-08-02,0.84,50%,9.86,35%,0.0,0%,0%,0.0,50.0,0.0,185.0,
Vitor Miranda,"6' 1""",185 lbs.,"77""",Orthodox,1979-03-10,2.98,45%,2.95,58%,0.95,55%,50%,0.2,45.0,55.0,185.0,77.0
Toby Misech,"5' 8""",145 lbs.,,Southpaw,1988-03-07,3.27,40%,7.73,46%,0.0,0%,0%,0.0,40.0,0.0,145.0,
Kazuo Misaki,"5' 8""",183 lbs.,,Orthodox,1976-04-25,2.85,40%,2.74,63%,0.72,38%,51%,0.6,40.0,38.0,183.0,
Dokonjonosuke Mishima,"5' 7""",155 lbs.,,Southpaw,1972-04-19,1.06,41%,1.22,52%,2.47,40%,25%,1.4,41.0,40.0,155.0,
Felix Lee Mitchell,,,,Orthodox,,0.0,0%,0.0,0%,0.0,0%,0%,0.0,0.0,0.0,,
Danny Mitchell,"6' 2""",170 lbs.,,Orthodox,1986-08-08,2.53,49%,2.53,52%,0.0,0%,100%,3.0,49.0,0.0,170.0,
Brad Mitchell,"5' 11""",145 lbs.,,,1974-10-10,1.15,33%,4.2,52%,0.0,0%,100%,1.9,33.0,0.0,145.0,
David Mitchell,"6' 0""",170 lbs.,"75""",Orthodox,1979-10-24,1.74,32%,2.06,55%,0.66,50%,29%,2.0,32.0,50.0,170.0,75.0
Maurice Mitchell,"5' 9""",145 lbs.,,Orthodox,1987-06-29,3.8,55%,3.54,60%,0.0,0%,100%,0.0,55.0,0.0,145.0,
Clay Mitchell,"6' 2""",185 lbs.,,,,1.63,85%,0.0,0%,0.0,0%,100%,4.1,85.0,0.0,185.0,
Bryce Mitchell,"5' 10""",145 lbs.,"70""",Southpaw,1994-10-04,2.29,61%,1.46,60%,3.26,46%,33%,2.3,61.0,46.0,145.0,70.0
Roman Mitichyan,"5' 10""",170 lbs.,,Orthodox,1978-09-04,0.26,16%,2.7,43%,1.93,100%,25%,1.9,16.0,100.0,170.0,
Eiji Mitsuoka,"5' 7""",145 lbs.,,Southpaw,1976-01-01,1.49,49%,2.26,45%,2.3,36%,20%,1.6,49.0,36.0,145.0,
Jonathan  Mix,"6' 0""",168 lbs.,,,1980-11-09,0.0,0%,0.0,0%,0.0,0%,0%,0.0,0.0,0.0,168.0,
Matt Mitrione,"6' 3""",265 lbs.,"82""",Switch,1978-07-15,3.55,50%,2.79,64%,0.0,0%,55%,0.7,50.0,0.0,265.0,82.0
Motoki Miyazawa,"5' 11""",168 lbs.,,Southpaw,,1.23,28%,3.91,61%,0.0,0%,0%,0.0,28.0,0.0,168.0,
Hiromitsu Miura,"5' 9""",170 lbs.,"71""",Orthodox,1981-09-22,2.12,34%,2.12,58%,2.23,50%,69%,0.6,34.0,50.0,170.0,71.0
Tomoya Miyashita,"5' 7""",139 lbs.,,Southpaw,,1.67,65%,0.93,33%,4.0,80%,0%,2.0,65.0,80.0,139.0,
Kazuyuki Miyata,"5' 8""",139 lbs.,,Orthodox,,2.04,52%,1.82,63%,4.31,46%,68%,0.0,52.0,46.0,139.0,
Takeya Mizugaki,"5' 7""",135 lbs.,"69""",Orthodox,1983-12-16,3.37,37%,3.27,57%,1.46,57%,70%,0.1,37.0,57.0,135.0,69.0
Tatsuya Mizuno,"6' 1""",205 lbs.,,Southpaw,1981-06-02,2.25,37%,3.52,53%,1.19,25%,40%,3.6,37.0,25.0,205.0,
Bobby Moffett,"5' 10""",145 lbs.,"73""",Orthodox,1990-06-01,3.41,39%,3.15,61%,2.74,66%,66%,1.4,39.0,66.0,145.0,73.0
Roxanne Modafferi,"5' 7""",125 lbs.,"69""",Orthodox,1982-09-24,3.13,30%,5.03,53%,1.42,23%,30%,0.1,30.0,23.0,125.0,69.0
Bronson Mohika,,135 lbs.,,,,0.0,0%,0.0,0%,0.0,0%,0%,0.0,0.0,0.0,135.0,
Thiago Moises,"5' 9""",155 lbs.,"70""",Orthodox,1995-03-23,2.85,37%,3.88,60%,1.06,33%,63%,1.2,37.0,33.0,155.0,70.0
Nate Mohr,"5' 9""",155 lbs.,"72""",Orthodox,1983-03-03,3.79,41%,2.5,74%,0.45,50%,71%,0.0,41.0,50.0,155.0,72.0
Renato Moicano,"5' 11""",155 lbs.,"72""",Orthodox,1989-05-21,5.4,46%,3.74,65%,1.28,53%,78%,0.6,46.0,53.0,155.0,72.0
Ashkan Mokhtarian,"5' 6""",125 lbs.,"67""",Southpaw,1985-09-15,1.95,43%,3.66,43%,0.54,16%,33%,0.0,43.0,16.0,125.0,67.0
Suman Mokhtarian,"5' 8""",145 lbs.,"72""",Orthodox,1992-06-13,2.21,43%,6.85,48%,0.0,0%,0%,0.0,43.0,0.0,145.0,72.0
Rudyard Moncayo,"5' 10""",195 lbs.,,Orthodox,,0.0,0%,0.0,0%,0.0,0%,0%,0.0,0.0,0.0,195.0,
Dan Molina,"5' 10""",216 lbs.,,,1984-06-14,0.0,0%,5.58,60%,0.0,0%,0%,20.9,0.0,0.0,216.0,
Jeff Molina,"5' 6""",125 lbs.,"69""",Orthodox,1997-07-17,5.07,38%,5.53,55%,0.0,0%,0%,0.0,38.0,0.0,125.0,69.0
Jeff Monson,"5' 9""",247 lbs.,"74""",Orthodox,1971-01-18,0.97,30%,2.87,59%,1.06,12%,66%,0.7,30.0,12.0,247.0,74.0
Hidetaka Monma,"6' 0""",168 lbs.,,Orthodox,1973-10-23,1.67,25%,9.76,34%,0.0,0%,0%,0.0,25.0,0.0,168.0,
Darrell Montague,"5' 6""",125 lbs.,"67""",Southpaw,1987-11-03,1.92,25%,5.38,52%,0.72,25%,33%,1.4,25.0,25.0,125.0,67.0
Andrew Montanez,,185 lbs.,,,,0.0,0%,0.0,0%,0.0,0%,0%,0.0,0.0,0.0,185.0,
Nicco Montano,"5' 5""",135 lbs.,"65""",Southpaw,1988-12-16,5.6,41%,4.43,64%,2.25,54%,69%,0.4,41.0,54.0,135.0,65.0
Erick Montano,"6' 0""",170 lbs.,"73""",Orthodox,1985-11-19,2.79,44%,2.06,64%,2.29,36%,66%,0.0,44.0,36.0,170.0,73.0
Alberto Montes,"5' 7""",135 lbs.,,,1994-05-31,0.0,0%,0.0,0%,0.0,0%,0%,0.0,0.0,0.0,135.0,
Augusto Montano,"6' 1""",170 lbs.,"73""",Orthodox,1984-10-25,3.46,46%,2.66,56%,0.0,0%,66%,0.0,46.0,0.0,170.0,73.0
James Moontasri,"5' 10""",170 lbs.,"71""",Switch,1988-04-10,2.39,48%,3.86,40%,0.0,0%,79%,0.2,48.0,0.0,170.0,71.0
Homer Moore,"5' 10""",205 lbs.,,Orthodox,1971-11-27,0.68,50%,0.68,0%,5.07,66%,0%,0.0,50.0,66.0,205.0,
Steve Montgomery,"6' 4""",185 lbs.,,Southpaw,1990-12-19,4.85,39%,4.12,47%,0.0,0%,64%,0.0,39.0,0.0,185.0,
Todd Moore,"5' 9""",170 lbs.,"71""",Southpaw,1983-12-30,1.83,26%,2.3,57%,0.78,14%,54%,0.0,26.0,14.0,170.0,71.0
Nate Moore,"6' 0""",170 lbs.,,,,2.21,25%,2.87,42%,1.23,16%,25%,0.0,25.0,16.0,170.0,
Dustin Moore,"5' 4""",125 lbs.,,,,0.0,0%,0.0,0%,0.0,0%,0%,0.0,0.0,0.0,125.0,
Taylor Moore,"5' 10""",135 lbs.,"70""",Southpaw,1993-10-16,0.2,75%,2.07,42%,0.0,0%,25%,0.0,75.0,0.0,135.0,70.0
Sergio Moraes,"6' 0""",170 lbs.,"72""",Orthodox,1982-07-23,2.42,42%,3.73,59%,1.2,38%,75%,0.4,42.0,38.0,170.0,72.0
Ricardo Morais,"6' 8""",270 lbs.,,Orthodox,1967-02-26,2.86,37%,2.39,53%,0.0,0%,0%,0.0,37.0,0.0,270.0,
Marlon Moraes,"5' 6""",135 lbs.,"67""",Orthodox,1988-04-26,3.38,39%,4.11,56%,1.0,41%,66%,0.4,39.0,41.0,135.0,67.0
Sheymon Moraes,"5' 8""",145 lbs.,"72""",Orthodox,1990-10-11,3.0,42%,3.64,63%,0.0,0%,53%,0.0,42.0,0.0,145.0,72.0
John Moraga,"5' 6""",125 lbs.,"66""",Orthodox,1984-03-20,2.57,43%,2.55,56%,0.62,23%,44%,1.1,43.0,23.0,125.0,66.0
Leonardo Morales,"5' 8""",135 lbs.,,Southpaw,1992-12-22,2.05,47%,2.05,58%,0.0,0%,62%,0.0,47.0,0.0,135.0,
Vince Morales,"5' 7""",145 lbs.,"70""",Orthodox,1990-11-12,4.22,39%,4.16,53%,0.0,0%,55%,0.0,39.0,0.0,145.0,70.0
Joseph Morales,"5' 6""",125 lbs.,"69""",Switch,1994-08-22,1.58,37%,1.72,60%,0.53,50%,23%,2.6,37.0,50.0,125.0,69.0
Albert Morales,"5' 9""",135 lbs.,"72""",Orthodox,1991-05-25,3.81,35%,3.96,56%,0.91,35%,70%,0.2,35.0,35.0,135.0,72.0
Omar Morales,"5' 11""",145 lbs.,"73""",Orthodox,1985-10-17,3.39,34%,2.99,65%,0.29,100%,100%,0.0,34.0,100.0,145.0,73.0
Joe Moreira,"5' 11""",195 lbs.,,Southpaw,,0.0,0%,0.0,0%,0.0,0%,0%,0.0,0.0,0.0,195.0,
Christian Morecraft,"6' 6""",260 lbs.,"81""",Orthodox,1986-09-08,2.82,34%,2.46,46%,3.26,66%,50%,2.2,34.0,66.0,260.0,81.0
Sarah Moras,"5' 7""",135 lbs.,"67""",Orthodox,1988-04-30,2.28,34%,3.58,50%,0.67,21%,33%,0.8,34.0,21.0,135.0,67.0
Richardson Moreira,"6' 2""",185 lbs.,,Orthodox,1984-03-31,1.17,28%,1.83,67%,0.0,0%,100%,0.0,28.0,0.0,185.0,
Gisele Moreira,"5' 6""",135 lbs.,,Orthodox,1981-01-14,5.93,42%,6.33,48%,4.0,57%,0%,0.0,42.0,57.0,135.0,
Jesse Moreng,"5' 7""",145 lbs.,,Orthodox,1979-11-09,1.26,40%,2.08,48%,5.56,100%,100%,0.0,40.0,100.0,145.0,
Vinicius Moreira,"6' 4""",205 lbs.,"76""",Orthodox,1989-02-28,3.15,59%,5.07,43%,1.97,18%,0%,1.3,59.0,18.0,205.0,76.0
Brandon Moreno,"5' 7""",125 lbs.,"70""",Orthodox,1993-12-07,3.41,38%,3.41,59%,2.01,45%,67%,0.6,38.0,45.0,125.0,70.0
Mike Moreno,"6' 0""",185 lbs.,,,,1.27,51%,1.07,58%,0.0,0%,44%,0.0,51.0,0.0,185.0,
Dan Moret,"6' 0""",155 lbs.,"73""",Southpaw,1986-11-21,2.67,43%,3.56,43%,1.25,27%,45%,0.4,43.0,27.0,155.0,73.0
Sammy Morgan,"5' 10""",170 lbs.,,Orthodox,1981-09-28,1.05,22%,3.74,40%,1.43,20%,0%,0.5,22.0,20.0,170.0,
Peggy Morgan,"6' 1""",135 lbs.,,,1979-12-16,2.27,23%,8.2,33%,0.0,0%,50%,0.0,23.0,0.0,135.0,
Alex Morono,"5' 11""",170 lbs.,"72""",Orthodox,1990-08-16,4.96,42%,3.69,56%,0.44,28%,47%,0.4,42.0,28.0,170.0,72.0
Maryna Moroz,"5' 7""",125 lbs.,"67""",Orthodox,1991-09-08,4.09,31%,4.15,53%,0.56,18%,47%,0.4,31.0,18.0,125.0,67.0
Sergey Morozov,"5' 6""",135 lbs.,,Orthodox,1989-06-14,0.81,23%,2.89,39%,0.0,0%,54%,0.0,23.0,0.0,135.0,
Brad Morris,"6' 2""",205 lbs.,,Orthodox,1979-11-01,0.5,62%,6.95,27%,0.0,0%,0%,0.0,62.0,0.0,205.0,
Scott Morris,"5' 10""",210 lbs.,,Orthodox,,0.0,0%,0.0,0%,0.0,0%,0%,0.0,0.0,0.0,210.0,
Anthony Morrison,"5' 7""",145 lbs.,,Orthodox,1984-03-29,1.7,33%,0.49,80%,0.0,0%,50%,0.0,33.0,0.0,145.0,
Jack Morrison,"5' 11""",205 lbs.,,,,0.0,0%,19.31,40%,0.0,0%,0%,0.0,0.0,0.0,205.0,
Harry Moskowitz,"6' 5""",275 lbs.,,Orthodox,,0.0,0%,0.0,0%,0.0,0%,0%,0.0,0.0,0.0,275.0,
Nikolas Motta,"5' 9""",155 lbs.,"70""",Orthodox,1993-02-08,2.8,27%,3.6,66%,0.0,0%,100%,0.0,27.0,0.0,155.0,70.0
Juan Mott,"6' 0""",190 lbs.,,Switch,,0.0,0%,0.0,0%,0.0,0%,0%,0.0,0.0,0.0,190.0,
Flavio Luiz Moura,"5' 11""",183 lbs.,,Open Stance,,0.67,16%,0.0,0%,0.0,0%,0%,0.0,16.0,0.0,183.0,
Kin Moy,"5' 5""",135 lbs.,,,,2.3,33%,1.93,62%,1.67,42%,50%,1.7,33.0,42.0,135.0,
Jamie Moyle,"5' 1""",115 lbs.,"65""",Orthodox,1989-03-17,4.51,51%,4.0,65%,1.0,21%,50%,0.0,51.0,21.0,115.0,65.0
Gegard Mousasi,"6' 2""",185 lbs.,"76""",Orthodox,1985-08-01,3.75,50%,1.21,68%,1.59,60%,59%,1.1,50.0,60.0,185.0,76.0
Su Mudaerji,"5' 8""",125 lbs.,"72""",Southpaw,1996-01-20,4.49,51%,2.19,68%,0.4,100%,77%,0.8,51.0,100.0,125.0,72.0
Garrett Mueller,"5' 9""",135 lbs.,,,1989-01-29,0.0,0%,0.0,0%,0.0,0%,0%,0.0,0.0,0.0,135.0,
Lauren Mueller,"5' 5""",125 lbs.,"67""",Orthodox,1991-11-15,4.08,41%,3.77,58%,0.7,50%,71%,0.0,41.0,50.0,125.0,67.0
Belal Muhammad,"5' 11""",170 lbs.,"72""",Orthodox,1988-07-09,4.75,43%,4.02,60%,1.97,28%,85%,0.2,43.0,28.0,170.0,72.0
Fazlo Mulabitinovic,,135 lbs.,,,,0.54,16%,0.0,100%,0.0,0%,0%,8.0,16.0,0.0,135.0,
James Mulheron,"5' 10""",243 lbs.,"73""",Orthodox,1988-02-20,2.4,31%,3.47,42%,0.0,0%,25%,0.0,31.0,0.0,243.0,73.0
Quinn Mulhern,"6' 3""",155 lbs.,,Orthodox,1984-09-20,1.48,28%,2.09,51%,1.36,20%,33%,0.0,28.0,20.0,155.0,
Jamie Mullarkey,"6' 0""",155 lbs.,"74""",Orthodox,1994-08-17,1.87,33%,4.6,42%,4.0,30%,66%,0.5,33.0,30.0,155.0,74.0
Jim Mullen,"6' 1""",215 lbs.,,Southpaw,,0.0,0%,0.0,0%,0.0,0%,0%,0.0,0.0,0.0,215.0,
Pedro Munhoz,"5' 6""",135 lbs.,"65""",Orthodox,1986-09-07,5.6,43%,5.87,58%,0.68,21%,80%,0.8,43.0,21.0,135.0,65.0
Andre Muniz,"6' 1""",185 lbs.,"78""",Southpaw,1990-02-17,2.21,58%,1.8,45%,2.61,35%,37%,2.2,58.0,35.0,185.0,78.0
Alexander Munoz,"5' 9""",155 lbs.,"72""",Switch,1990-02-27,3.27,40%,5.23,52%,2.5,35%,0%,0.0,40.0,35.0,155.0,72.0
Mark Munoz,"6' 0""",185 lbs.,"71""",Orthodox,1978-02-09,3.12,51%,2.26,57%,3.17,29%,57%,0.6,51.0,29.0,185.0,71.0
Andy Murad,"5' 9""",185 lbs.,,,,2.6,76%,2.87,32%,1.0,20%,42%,0.0,76.0,20.0,185.0,
Johnny Munoz,"5' 9""",145 lbs.,"71""",Orthodox,1993-02-16,3.27,62%,1.4,58%,2.0,12%,0%,1.0,62.0,12.0,145.0,71.0
Kazunari Murakami,"6' 1""",220 lbs.,,Orthodox,1973-11-29,0.0,0%,0.0,0%,0.0,0%,0%,0.0,0.0,0.0,220.0,
Makhmud Muradov,"6' 2""",185 lbs.,"75""",Orthodox,1990-02-08,5.32,42%,2.92,64%,0.36,16%,100%,0.4,42.0,16.0,185.0,75.0
Kanako Murata,"5' 1""",115 lbs.,"62""",Orthodox,1993-08-10,1.93,67%,1.93,52%,4.0,44%,0%,2.0,67.0,44.0,115.0,62.0
Ryuichi Murata,"5' 8""",183 lbs.,,Orthodox,,0.84,36%,1.89,50%,4.74,50%,100%,3.2,36.0,50.0,183.0,
Vince Murdock,"5' 6""",145 lbs.,"64""",Orthodox,1991-03-21,1.21,21%,7.17,40%,0.0,0%,0%,0.0,21.0,0.0,145.0,64.0
Tom Murphy,"6' 2""",227 lbs.,,Southpaw,1974-11-19,2.5,71%,0.17,84%,7.51,85%,0%,2.5,71.0,85.0,227.0,
Ian Murphy,"6' 1""",185 lbs.,,Orthodox,1985-06-14,0.0,0%,1.93,30%,4.13,100%,0%,0.0,0.0,100.0,185.0,
Jon Murphy,"6' 3""",260 lbs.,,Orthodox,1977-08-09,3.93,66%,8.85,43%,0.0,0%,0%,0.0,66.0,0.0,260.0,
Lauren Murphy,"5' 5""",125 lbs.,"67""",Orthodox,1983-07-27,3.8,38%,3.82,63%,1.18,37%,70%,0.1,38.0,37.0,125.0,67.0
Patrick Murphy,"6' 0""",170 lbs.,,,,3.4,66%,0.8,42%,0.0,0%,50%,1.0,66.0,0.0,170.0,
Lerone Murphy,"5' 9""",145 lbs.,"73""",Orthodox,1991-07-22,2.86,42%,2.07,63%,0.87,33%,41%,0.9,42.0,33.0,145.0,73.0
Lee Murray,"6' 3""",185 lbs.,,Orthodox,1977-09-12,0.36,15%,3.28,32%,0.9,100%,42%,1.8,15.0,100.0,185.0,
Azamat Murzakanov,"5' 11""",205 lbs.,,,,0.0,0%,0.0,0%,0.0,0%,0%,0.0,0.0,0.0,205.0,
Khalid Murtazaliev,"6' 0""",185 lbs.,"76""",Orthodox,1993-07-15,4.8,69%,0.4,78%,7.5,100%,33%,0.0,69.0,100.0,185.0,76.0
Nicholas Musoke,"6' 0""",170 lbs.,"75""",Orthodox,1986-04-05,3.56,35%,3.8,57%,1.16,19%,82%,0.2,35.0,19.0,170.0,75.0
Andre Mussi,"6' 3""",242 lbs.,,Orthodox,,0.0,0%,10.59,35%,0.0,0%,0%,0.0,0.0,0.0,242.0,
Max Mustaki,"6' 0""",155 lbs.,,Orthodox,1987-11-07,8.2,50%,13.0,45%,0.0,0%,0%,0.0,50.0,0.0,155.0,
Magomed Mustafaev,"5' 8""",155 lbs.,"71""",Orthodox,1988-08-02,2.59,58%,2.68,41%,3.31,50%,23%,0.4,58.0,50.0,155.0,71.0
Fiona Muxlow,"5' 4""",145 lbs.,,,1977-05-13,1.44,27%,5.45,34%,0.0,0%,0%,0.0,27.0,0.0,145.0,
Elvis Mutapcic,"6' 0""",185 lbs.,"72""",Orthodox,1986-07-19,3.41,40%,4.27,38%,0.0,0%,81%,0.0,40.0,0.0,185.0,72.0
Ho Bae Myeon,"5' 11""",168 lbs.,,Orthodox,,3.16,16%,3.16,83%,0.0,0%,0%,0.0,16.0,0.0,168.0,
Na Liang,,115 lbs.,,,1996-07-27,0.0,0%,0.0,0%,0.0,0%,0%,0.0,0.0,0.0,115.0,
Katsuhiko Nagata,"5' 7""",154 lbs.,,Southpaw,1973-10-31,1.05,19%,1.5,63%,0.98,28%,28%,0.0,19.0,28.0,154.0,
Yuji Nagata,"6' 0""",225 lbs.,,Orthodox,1968-04-24,1.45,40%,14.46,4%,0.0,0%,0%,0.0,40.0,0.0,225.0,
Logan Nail,,185 lbs.,,,1989-06-20,1.93,51%,2.27,39%,0.0,0%,37%,0.0,51.0,0.0,185.0,
Greg Nagy,"6' 1""",210 lbs.,,Orthodox,1983-10-18,0.41,50%,2.69,37%,0.0,0%,0%,1.2,50.0,0.0,210.0,
Yukiya Naito,"6' 1""",205 lbs.,,Orthodox,,1.54,33%,5.13,60%,0.0,0%,0%,0.0,33.0,0.0,205.0,
Muhammad Naimov,"5' 9""",145 lbs.,"70""",Orthodox,1994-08-07,3.47,41%,5.87,44%,0.0,0%,25%,0.0,41.0,0.0,145.0,70.0
Andrews Nakahara,"6' 1""",185 lbs.,,Orthodox,1983-03-12,2.68,44%,1.9,57%,0.0,0%,72%,0.4,44.0,0.0,185.0,
Rin Nakai,"5' 1""",135 lbs.,,Orthodox,1986-10-22,1.57,33%,3.9,60%,3.0,18%,75%,0.5,33.0,18.0,135.0,
Keita Nakamura,"5' 11""",170 lbs.,"73""",Southpaw,1984-05-22,2.23,36%,3.2,58%,1.65,48%,63%,0.3,36.0,48.0,170.0,73.0
Yusaku Nakamura,"5' 5""",145 lbs.,,,1986-06-21,1.72,45%,3.67,55%,0.0,0%,83%,0.0,45.0,0.0,145.0,
Kazuhiro Nakamura,"5' 11""",205 lbs.,"70""",Orthodox,1979-07-16,1.56,37%,1.83,59%,1.73,36%,42%,0.6,37.0,36.0,205.0,70.0
Daisuke Nakamura,"5' 7""",154 lbs.,,Orthodox,1980-06-10,0.94,30%,1.38,61%,0.46,40%,30%,3.6,30.0,40.0,154.0,
Yoshihiro Nakao,"6' 0""",220 lbs.,,Southpaw,1972-06-25,1.73,35%,2.06,64%,2.69,46%,0%,0.5,35.0,46.0,220.0,
Tyson Nam,"5' 7""",125 lbs.,"68""",Orthodox,1983-10-06,3.64,31%,5.69,64%,0.0,0%,100%,0.0,31.0,0.0,125.0,68.0
Jutaro Nakao,"5' 9""",170 lbs.,,Southpaw,1970-11-30,0.53,38%,1.06,44%,0.38,50%,56%,0.0,38.0,50.0,170.0,
Yui Chul Nam,"5' 9""",145 lbs.,,Orthodox,1981-07-16,3.53,51%,2.0,48%,1.33,16%,57%,0.3,51.0,16.0,145.0,
Roger Narvaez,"6' 3""",185 lbs.,,Southpaw,1983-09-09,2.12,37%,3.32,64%,0.0,0%,50%,0.9,37.0,0.0,185.0,
Yasuhito Namekawa,"5' 9""",205 lbs.,,Orthodox,1974-10-27,0.14,50%,3.65,38%,2.11,25%,0%,4.2,50.0,25.0,205.0,
Rose Namajunas,"5' 5""",115 lbs.,"65""",Orthodox,1992-06-29,4.13,40%,3.98,60%,1.91,53%,50%,0.8,40.0,53.0,115.0,65.0
Nad Narimani,"5' 8""",145 lbs.,"70""",Orthodox,1987-04-14,3.33,42%,3.0,58%,1.92,41%,70%,0.0,42.0,41.0,145.0,70.0
Allan Nascimento,"5' 9""",125 lbs.,,Orthodox,1991-09-11,7.0,68%,5.4,44%,1.0,10%,0%,0.0,68.0,10.0,125.0,
Fabio Nascimento,"5' 10""",185 lbs.,,Orthodox,,2.94,38%,4.63,55%,0.0,0%,55%,0.8,38.0,0.0,185.0,
Bobby Nash,"6' 0""",170 lbs.,"74""",Orthodox,1990-03-26,3.42,37%,3.95,51%,2.37,33%,100%,1.6,37.0,33.0,170.0,74.0
Rodrigo Nascimento,"6' 2""",246 lbs.,"80""",Orthodox,1992-11-26,4.23,55%,4.32,42%,2.7,100%,100%,2.7,55.0,100.0,246.0,80.0
Reza Nasri,"5' 11""",205 lbs.,,Orthodox,,0.0,0%,0.0,0%,0.0,0%,0%,0.0,0.0,0.0,205.0,
Pawel Nastula,"6' 0""",230 lbs.,,Southpaw,1970-06-26,1.3,43%,1.73,50%,3.0,60%,0%,1.5,43.0,60.0,230.0,
Rafael Natal,"6' 0""",185 lbs.,"77""",Orthodox,1982-12-25,3.1,47%,2.48,57%,2.55,34%,77%,0.5,47.0,34.0,185.0,77.0
Kevin Natividad,"5' 6""",145 lbs.,"70""",Orthodox,1993-04-02,2.57,24%,3.74,54%,0.0,0%,100%,0.0,24.0,0.0,145.0,70.0
Danny Navarro,"5' 10""",155 lbs.,,,1983-05-27,3.83,32%,4.62,57%,2.17,25%,100%,0.0,32.0,25.0,155.0,
Ismail Naurdiev,"5' 10""",170 lbs.,"74""",Orthodox,1996-08-18,3.17,52%,1.3,68%,1.25,71%,70%,0.2,52.0,71.0,170.0,74.0
Marcio Navarro,"6' 0""",155 lbs.,,,1978-09-17,0.0,0%,0.0,0%,0.0,0%,0%,0.0,0.0,0.0,155.0,
Tafon Nchukwi,"6' 0""",205 lbs.,"77""",Orthodox,1994-10-14,7.59,55%,4.31,52%,0.0,0%,75%,0.0,55.0,0.0,205.0,77.0
Josh Neal,"6' 0""",185 lbs.,,,,0.0,0%,0.0,0%,0.0,0%,0%,0.0,0.0,0.0,185.0,
Joe Neal,"5' 6""",135 lbs.,,,1986-07-29,1.87,19%,3.8,66%,0.0,0%,0%,0.0,19.0,0.0,135.0,
Dustin Neace,"5' 9""",145 lbs.,,,1986-09-12,2.08,32%,2.66,56%,0.0,0%,0%,1.7,32.0,0.0,145.0,
Geoff Neal,"5' 11""",170 lbs.,"75""",Southpaw,1990-08-28,4.94,49%,4.93,61%,0.5,50%,92%,0.2,49.0,50.0,170.0,75.0
Nicolae Negumereanu,"6' 0""",205 lbs.,"78""",Orthodox,1994-09-04,0.73,40%,4.67,18%,0.0,0%,40%,0.0,40.0,0.0,205.0,78.0
Stanislav Nedkov,"5' 11""",205 lbs.,"71""",Orthodox,1981-12-09,3.33,43%,5.39,43%,2.77,41%,0%,0.0,43.0,41.0,205.0,71.0
Steve Nelmark,"6' 0""",240 lbs.,,Orthodox,,0.0,0%,0.0,0%,0.0,0%,0%,0.0,0.0,0.0,240.0,
Josh Neer,"5' 11""",170 lbs.,"72""",Orthodox,1983-03-24,3.29,46%,3.63,58%,1.09,34%,46%,1.3,46.0,34.0,170.0,72.0
Shane Nelson,"5' 9""",155 lbs.,"70""",Southpaw,1984-11-29,1.38,31%,2.84,61%,1.31,18%,54%,1.6,31.0,18.0,155.0,70.0
Kyle Nelson,"5' 11""",155 lbs.,"71""",Switch,1991-04-20,3.63,41%,6.82,47%,0.96,12%,60%,1.9,41.0,12.0,155.0,71.0
Gunnar Nelson,"5' 11""",170 lbs.,"72""",Switch,1988-07-28,1.71,57%,3.33,49%,1.72,55%,66%,0.9,57.0,55.0,170.0,72.0
Roy Nelson,"6' 0""",263 lbs.,"73""",Orthodox,1976-06-20,2.18,36%,4.79,46%,1.14,27%,65%,0.1,36.0,27.0,263.0,73.0
Lissette Neri,"5' 2""",145 lbs.,,,1987-08-05,0.0,0%,0.0,0%,0.0,0%,0%,0.0,0.0,0.0,145.0,
Julio Cesar Neves Jr.,"5' 8""",145 lbs.,,,1994-04-25,1.98,35%,4.81,51%,1.06,25%,76%,0.0,35.0,25.0,145.0,
Mario Neto,"6' 0""",229 lbs.,,Orthodox,,1.89,50%,1.89,70%,2.84,100%,0%,0.0,50.0,100.0,229.0,
Antonio Braga Neto,"6' 3""",185 lbs.,"77""",Orthodox,1987-10-29,1.36,33%,3.92,45%,3.07,37%,0%,0.5,33.0,37.0,185.0,77.0
Nick Newell,"5' 10""",155 lbs.,,Southpaw,1986-03-17,3.53,46%,4.07,36%,0.0,0%,33%,0.0,46.0,0.0,155.0,
Journey Newson,"5' 5""",135 lbs.,"67""",Orthodox,1989-03-07,2.76,32%,2.76,65%,0.0,0%,0%,0.9,32.0,0.0,135.0,67.0
Jeff Newton,"6' 2""",205 lbs.,,Sideways,1966-12-11,0.28,20%,1.41,52%,0.0,0%,0%,8.5,20.0,0.0,205.0,
Emanuel Newton,"6' 1""",205 lbs.,,,1984-01-02,1.92,49%,1.35,51%,2.02,100%,0%,0.0,49.0,100.0,205.0,
Francis Ngannou,"6' 4""",250 lbs.,"83""",Orthodox,1986-09-05,2.23,37%,2.03,47%,0.0,0%,71%,0.5,37.0,0.0,250.0,83.0
Carlos Newton,"5' 9""",170 lbs.,,Orthodox,1976-08-17,0.65,41%,1.55,44%,2.47,70%,43%,0.9,41.0,70.0,170.0,
Ben Nguyen,"5' 5""",125 lbs.,"65""",Switch,1988-08-03,3.51,40%,3.01,59%,0.25,33%,63%,1.0,40.0,33.0,125.0,65.0
Alex Nicholson,"6' 4""",185 lbs.,"77""",Orthodox,1990-05-02,4.12,43%,4.65,47%,0.0,0%,50%,0.5,43.0,0.0,185.0,77.0
Mike Nickels,"6' 4""",205 lbs.,,Orthodox,1971-12-13,4.44,52%,1.11,64%,11.11,80%,0%,2.8,52.0,80.0,205.0,
Steven Nguyen,"5' 11""",145 lbs.,,Switch,1993-05-19,6.3,31%,9.04,59%,0.0,0%,100%,0.0,31.0,0.0,145.0,
Matheus Nicolau,"5' 6""",125 lbs.,"66""",Orthodox,1993-01-06,3.79,52%,2.83,67%,1.93,44%,100%,1.4,52.0,44.0,125.0,66.0
Jaimelene Nievera,"5' 5""",125 lbs.,,Orthodox,1984-10-28,1.67,53%,8.73,33%,1.79,16%,0%,0.0,53.0,16.0,125.0,
Tom Niinimaki,"5' 9""",145 lbs.,"69""",Orthodox,1982-07-25,1.91,54%,2.31,58%,2.97,46%,33%,0.5,54.0,46.0,145.0,69.0
Khomkrit Niimi,"5' 2""",125 lbs.,,,,0.0,0%,5.73,44%,0.0,0%,0%,0.0,0.0,0.0,125.0,
Ramsey Nijem,"5' 11""",155 lbs.,"75""",Orthodox,1988-04-01,3.05,44%,1.62,62%,5.32,62%,55%,1.1,44.0,62.0,155.0,75.0
Hans Nijman,"6' 0""",250 lbs.,,Switch,1959-10-23,0.0,0%,0.0,0%,0.0,0%,0%,0.0,0.0,0.0,250.0,
Jack Nilson,,,,,,0.0,0%,0.0,0%,0.0,0%,0%,0.0,0.0,0.0,,
Mats Nilsson,"6' 1""",170 lbs.,,Orthodox,1983-12-05,2.99,39%,5.62,63%,3.87,83%,44%,2.3,39.0,83.0,170.0,
Guangyou Ning,"5' 4""",145 lbs.,"64""",Southpaw,1981-12-15,2.66,41%,1.91,61%,1.09,50%,62%,0.3,41.0,50.0,145.0,64.0
Soichi Nishida,"5' 11""",320 lbs.,,Orthodox,,0.0,0%,0.0,0%,0.0,0%,0%,0.0,0.0,0.0,320.0,
Yosuke Nishijima,"5' 9""",205 lbs.,,Orthodox,1973-05-15,1.72,37%,5.59,56%,0.0,0%,0%,0.0,37.0,0.0,205.0,
Akiyo Nishiura,"5' 8""",139 lbs.,,Southpaw,1983-08-08,1.59,57%,1.26,57%,0.0,0%,52%,0.3,57.0,0.0,139.0,
Chidi Njokuani,"6' 3""",170 lbs.,,,1988-12-31,1.93,51%,1.73,49%,0.0,0%,80%,0.0,51.0,0.0,170.0,
Kyle Noblitt,"6' 2""",243 lbs.,,,1989-12-26,0.0,0%,0.0,0%,0.0,0%,0%,0.0,0.0,0.0,243.0,
Anthony Njokuani,"6' 1""",155 lbs.,"75""",Orthodox,1980-03-01,3.94,46%,2.41,65%,0.5,45%,53%,0.2,46.0,45.0,155.0,75.0
Derrick Noble,"5' 9""",170 lbs.,,Southpaw,1978-08-14,6.21,40%,3.79,59%,0.0,0%,0%,0.0,40.0,0.0,170.0,
Jacob Noe,,205 lbs.,,,,0.0,0%,0.0,0%,0.0,0%,0%,0.0,0.0,0.0,205.0,
Pedro Nobre,"5' 5""",135 lbs.,,,1986-02-13,1.37,30%,9.16,35%,0.0,0%,0%,0.0,30.0,0.0,135.0,
Antonio Rodrigo Nogueira,"6' 3""",240 lbs.,"77""",Orthodox,1976-06-02,1.95,42%,2.4,55%,1.3,29%,36%,2.4,42.0,29.0,240.0,77.0
Rogerio Nogueira,"6' 2""",205 lbs.,"75""",Southpaw,1976-06-02,2.43,35%,2.34,59%,0.64,44%,62%,0.8,35.0,44.0,205.0,75.0
Alexandre Franca Nogueira,"5' 7""",145 lbs.,,Orthodox,1978-01-15,0.6,20%,4.18,57%,0.0,0%,0%,0.0,20.0,0.0,145.0,
Talita Nogueira,"5' 10""",145 lbs.,,,1985-10-13,0.0,0%,0.0,0%,0.0,0%,0%,0.0,0.0,0.0,145.0,
Kyle Noke,"6' 1""",170 lbs.,"76""",Southpaw,1980-03-18,3.23,50%,2.09,64%,1.53,54%,66%,0.8,50.0,54.0,170.0,76.0
KJ Noons,"5' 10""",155 lbs.,"70""",Orthodox,1982-12-07,3.68,35%,3.78,65%,0.08,20%,68%,0.0,35.0,20.0,155.0,70.0
Sage Northcutt,"6' 0""",170 lbs.,"71""",Orthodox,1996-03-01,3.58,52%,1.96,58%,1.81,34%,41%,0.6,52.0,34.0,170.0,71.0
Scott Norton,"5' 10""",170 lbs.,,Orthodox,1973-03-15,0.67,30%,0.34,60%,2.52,25%,0%,0.0,30.0,25.0,170.0,
Jan Nortje,"6' 1""",310 lbs.,,Southpaw,1975-04-11,3.32,51%,4.5,32%,0.0,0%,66%,2.9,51.0,0.0,310.0,
Jason Novelli,"6' 0""",155 lbs.,,Orthodox,1979-06-08,1.73,24%,3.55,66%,0.7,33%,100%,0.0,24.0,33.0,155.0,
Amanda Nunes,"5' 8""",145 lbs.,"69""",Orthodox,1988-05-30,4.5,51%,2.45,57%,2.5,53%,84%,0.9,51.0,53.0,145.0,69.0
Phillipe Nover,"5' 9""",145 lbs.,"72""",Orthodox,1984-02-03,1.79,35%,2.48,56%,0.99,28%,44%,0.7,35.0,28.0,145.0,72.0
Diego Nunes,"5' 6""",145 lbs.,"67""",Orthodox,1982-11-30,2.72,43%,2.59,58%,1.18,44%,65%,0.6,43.0,44.0,145.0,67.0
Josiane Nunes,,135 lbs.,,,1993-12-23,0.0,0%,0.0,0%,0.0,0%,0%,0.0,0.0,0.0,135.0,
Istela Nunes,"5' 4""",115 lbs.,,,1992-07-23,0.0,0%,0.0,0%,0.0,0%,0%,0.0,0.0,0.0,115.0,
Khabib Nurmagomedov,"5' 10""",155 lbs.,"70""",Orthodox,1988-09-20,4.1,48%,1.75,65%,5.32,48%,84%,0.8,48.0,48.0,155.0,70.0
Nick Nolte,"6' 0""",170 lbs.,,,,0.0,0%,0.0,0%,0.0,0%,0%,0.0,0.0,0.0,170.0,
Said Nurmagomedov,"5' 8""",135 lbs.,"70""",Orthodox,1992-04-05,4.65,46%,2.37,60%,0.45,7%,71%,0.0,46.0,7.0,135.0,70.0
Abubakar Nurmagomedov,"5' 11""",170 lbs.,"72""",Orthodox,1989-11-13,1.41,44%,0.71,81%,5.29,100%,0%,0.0,44.0,100.0,170.0,72.0
Jonatas Novaes,"5' 11""",170 lbs.,,,1981-03-02,0.0,0%,0.0,0%,0.0,0%,0%,0.0,0.0,0.0,170.0,
Umar Nurmagomedov,"5' 8""",135 lbs.,,Orthodox,1996-03-01,2.89,60%,0.81,76%,8.67,45%,0%,1.7,60.0,45.0,135.0,
Kennedy Nzechukwu,"6' 5""",205 lbs.,"83""",Southpaw,1992-06-13,5.38,43%,5.8,48%,0.0,0%,78%,0.0,43.0,0.0,205.0,83.0
Jake O'Brien,"6' 3""",205 lbs.,"76""",Orthodox,1984-09-25,1.31,31%,1.92,69%,6.39,54%,25%,0.2,31.0,54.0,205.0,76.0
TJ O'Brien,"6' 2""",155 lbs.,,Orthodox,1987-01-01,3.77,46%,4.78,57%,0.94,100%,0%,0.0,46.0,100.0,155.0,
Sean O'Connell,"6' 1""",205 lbs.,"74""",Orthodox,1983-09-02,5.46,48%,6.77,45%,0.0,0%,30%,0.5,48.0,0.0,205.0,74.0
Dan O'Connor,"5' 4""",115 lbs.,,,1982-11-17,4.0,56%,5.1,54%,0.0,0%,100%,0.0,56.0,0.0,115.0,
Sean O'Haire,"6' 5""",270 lbs.,,Orthodox,1971-02-25,8.28,57%,22.76,21%,0.0,0%,0%,0.0,57.0,0.0,270.0,
Jeremiah O'Neal,"5' 8""",260 lbs.,,,1977-10-25,1.15,40%,7.5,23%,0.0,0%,0%,0.0,40.0,0.0,260.0,
Sean O'Malley,"5' 11""",135 lbs.,"72""",Switch,1994-10-24,6.35,57%,3.76,64%,1.05,50%,61%,1.1,57.0,50.0,135.0,72.0
Chuck O'Neil,"6' 2""",170 lbs.,,,1985-09-22,3.13,37%,4.4,72%,0.0,0%,0%,0.0,37.0,0.0,170.0,
Casey O'Neill,"5' 6""",125 lbs.,"69""",,1997-10-07,5.64,72%,1.84,42%,6.91,66%,0%,1.7,72.0,66.0,125.0,69.0
Takahiro Oba,"5' 8""",200 lbs.,,Southpaw,,0.23,25%,1.82,69%,0.0,0%,0%,0.0,25.0,0.0,200.0,
Brendan O'Reilly,"5' 7""",170 lbs.,"69""",Orthodox,1987-06-24,1.9,47%,2.77,39%,2.22,43%,36%,0.6,47.0,43.0,170.0,69.0
Nobuhiro Obiya,"5' 8""",145 lbs.,,Orthodox,1981-01-15,0.63,28%,2.53,55%,0.5,50%,41%,0.5,28.0,50.0,145.0,
Christian Ocon,"5' 8""",135 lbs.,"69""",Orthodox,1996-02-05,1.73,53%,5.27,34%,0.0,0%,63%,0.0,53.0,0.0,135.0,69.0
Richard Odoms,"6' 5""",265 lbs.,,Orthodox,1975-05-08,0.0,0%,0.0,0%,0.0,0%,0%,0.0,0.0,0.0,265.0,
Naoya Ogawa,"6' 4""",255 lbs.,,Orthodox,1968-03-31,2.41,42%,1.66,47%,1.25,100%,66%,1.2,42.0,100.0,255.0,
Volkan Oezdemir,"6' 2""",205 lbs.,"75""",Orthodox,1989-09-19,5.03,45%,4.24,55%,0.36,20%,80%,0.0,45.0,20.0,205.0,75.0
Koji Oishi,"5' 8""",170 lbs.,,Orthodox,1977-05-31,1.43,9%,17.86,43%,0.0,0%,0%,0.0,9.0,0.0,170.0,
Michiyoshi Ohara,"5' 10""",205 lbs.,,Orthodox,,0.28,29%,3.13,48%,0.0,0%,33%,0.0,29.0,0.0,205.0,
Andy Ogle,"5' 8""",145 lbs.,"69""",Orthodox,1989-02-16,2.24,44%,2.23,50%,1.44,26%,58%,0.0,44.0,26.0,145.0,69.0
Takayuki Okada,"6' 1""",290 lbs.,,Orthodox,,0.0,0%,0.0,0%,0.0,0%,0%,0.0,0.0,0.0,290.0,
Yushin Okami,"6' 2""",170 lbs.,"75""",Southpaw,1981-07-21,2.06,38%,2.25,60%,1.98,39%,84%,0.5,38.0,39.0,170.0,75.0
JJ Okanovich,"5' 11""",155 lbs.,"76""",Orthodox,1990-11-04,6.93,55%,5.27,50%,0.0,0%,100%,0.0,55.0,0.0,155.0,76.0
Kazuki Okubo,"5' 11""",175 lbs.,,Orthodox,,1.53,38%,1.97,46%,0.51,25%,36%,2.0,38.0,25.0,175.0,
Masakatsu Okuda,,,,,,0.0,0%,4.27,34%,0.0,0%,0%,4.3,0.0,0.0,,
Michal Oleksiejczuk,"6' 0""",205 lbs.,"74""",Southpaw,1995-02-22,4.83,56%,2.91,69%,1.05,66%,35%,0.0,56.0,66.0,205.0,74.0
Aleksei Oleinik,"6' 2""",240 lbs.,"80""",Orthodox,1977-06-20,3.47,50%,3.85,44%,2.38,46%,33%,2.4,50.0,46.0,240.0,80.0
Rafaello Oliveira,"5' 8""",155 lbs.,"71""",Orthodox,1982-01-26,2.19,33%,3.38,59%,2.49,36%,11%,1.6,33.0,36.0,155.0,71.0
Charles Oliveira,"5' 10""",155 lbs.,"74""",Orthodox,1989-10-17,3.22,52%,2.94,54%,2.64,44%,57%,2.8,52.0,44.0,155.0,74.0
Ednaldo Oliveira,"6' 5""",205 lbs.,,Orthodox,1984-02-19,1.03,22%,1.8,52%,0.0,0%,42%,0.0,22.0,0.0,205.0,
Jorge Oliveira,"6' 1""",205 lbs.,,,,0.0,0%,0.0,0%,0.0,0%,0%,0.0,0.0,0.0,205.0,
Bruno Oliveira,"6' 4""",205 lbs.,"80""",Orthodox,1984-05-02,3.44,33%,4.92,54%,0.0,0%,0%,0.0,33.0,0.0,205.0,80.0
Wendell Oliveira Marques,"5' 10""",170 lbs.,,Orthodox,1983-06-01,3.77,47%,4.4,47%,0.0,0%,100%,0.0,47.0,0.0,170.0,
Alex Oliveira,"5' 11""",170 lbs.,"76""",Orthodox,1988-02-21,2.87,50%,2.18,48%,2.41,37%,63%,0.6,50.0,37.0,170.0,76.0
Andy Ologun,"6' 0""",154 lbs.,,Orthodox,1983-06-12,2.36,57%,0.32,85%,0.68,100%,80%,0.0,57.0,100.0,154.0,
Felipe Olivieri,"5' 9""",155 lbs.,,Orthodox,1985-04-12,6.68,58%,4.6,57%,0.0,0%,71%,0.0,58.0,0.0,155.0,
Dennis Olson,"6' 0""",170 lbs.,,,,1.02,42%,5.27,38%,2.77,40%,0%,0.0,42.0,40.0,170.0,
Shana Olsen,"5' 7""",145 lbs.,,,1980-12-17,0.0,0%,0.0,0%,0.0,0%,0%,0.0,0.0,0.0,145.0,
Casey Olson,"5' 7""",145 lbs.,,Orthodox,,2.48,60%,0.0,100%,3.54,57%,100%,1.8,60.0,57.0,145.0,
Cameron Olson,"6' 1""",205 lbs.,"75""",Orthodox,1989-11-22,3.13,47%,2.2,57%,3.0,42%,100%,1.0,47.0,42.0,205.0,75.0
Daniel Omielanczuk,"6' 0""",247 lbs.,"74""",Southpaw,1982-08-31,3.09,57%,3.29,47%,0.56,26%,68%,0.1,57.0,26.0,247.0,74.0
Michihiro Omigawa,"5' 6""",145 lbs.,"68""",Orthodox,1975-12-19,2.01,39%,3.06,64%,1.19,36%,49%,1.5,39.0,36.0,145.0,68.0
Alan Omer,"5' 10""",145 lbs.,,Orthodox,1988-09-14,3.49,55%,2.21,64%,1.69,42%,66%,0.0,55.0,42.0,145.0,
Chibwikem Onyenegecha,"6' 3""",185 lbs.,,Orthodox,1994-04-18,5.6,55%,3.4,52%,0.0,0%,100%,0.0,55.0,0.0,185.0,
Charlie Ontiveros,"6' 2""",185 lbs.,"78""",Switch,1991-07-04,0.33,40%,4.18,19%,0.0,0%,0%,0.0,40.0,0.0,185.0,78.0
Sam Oropeza,"6' 2""",170 lbs.,,,,7.68,56%,1.44,70%,3.6,33%,100%,0.0,56.0,33.0,170.0,
Brian Ortega,"5' 8""",145 lbs.,"69""",Switch,1991-02-21,4.29,38%,6.28,52%,0.8,21%,56%,1.1,38.0,21.0,145.0,69.0
Tito Ortiz,"6' 3""",205 lbs.,"74""",Orthodox,1975-01-23,2.59,46%,2.88,60%,2.47,35%,54%,0.6,46.0,35.0,205.0,74.0
Jorge Ortiz,"6' 0""",185 lbs.,,Orthodox,,3.53,58%,2.8,73%,0.0,0%,0%,0.0,58.0,0.0,185.0,
Ode Osbourne,"5' 7""",145 lbs.,"73""",Southpaw,1992-01-09,4.3,54%,3.04,42%,1.9,100%,66%,1.9,54.0,100.0,145.0,73.0
Kurt Osiander,,185 lbs.,,,,0.0,0%,0.0,0%,0.0,0%,0%,0.0,0.0,0.0,185.0,
Kenji Osawa,"5' 7""",135 lbs.,"66""",Orthodox,1976-11-04,2.34,35%,2.14,63%,0.91,58%,68%,0.7,35.0,58.0,135.0,66.0
Nick Osipczak,"6' 2""",170 lbs.,"76""",Orthodox,1984-12-30,2.83,50%,3.77,50%,1.2,45%,71%,1.0,50.0,45.0,170.0,76.0
Dustin Ortiz,"5' 5""",125 lbs.,"65""",Orthodox,1988-12-25,2.94,44%,2.17,56%,3.01,36%,52%,0.1,44.0,36.0,125.0,65.0
Nissen Osterneck,"6' 2""",185 lbs.,,Orthodox,1981-05-01,3.15,58%,2.9,41%,0.63,12%,42%,1.3,58.0,12.0,185.0,
Rachael Ostovich,"5' 3""",125 lbs.,"62""",Orthodox,1991-02-25,2.54,43%,3.97,57%,2.03,83%,66%,0.8,43.0,83.0,125.0,62.0
Artur Oumakhanov,"5' 7""",154 lbs.,,Orthodox,1979-02-27,1.2,33%,1.67,82%,3.0,75%,33%,0.0,33.0,75.0,154.0,
Zak Ottow,"5' 11""",170 lbs.,"72""",Orthodox,1986-12-22,2.63,36%,2.73,58%,0.97,29%,57%,0.4,36.0,29.0,170.0,72.0
Alexander Otsuka,"6' 1""",205 lbs.,,Orthodox,1971-07-17,0.9,55%,1.16,51%,1.51,43%,53%,0.8,55.0,43.0,205.0,
Pedro Otavio,"6' 3""",245 lbs.,,Orthodox,,0.0,0%,0.0,0%,0.0,0%,0%,0.0,0.0,0.0,245.0,
Takafumi Otsuka,"5' 6""",139 lbs.,,Orthodox,,1.29,27%,2.12,67%,1.64,27%,65%,0.0,27.0,27.0,139.0,
Sidney Outlaw,"5' 8""",170 lbs.,"74""",Orthodox,1992-04-11,0.13,33%,0.8,71%,3.0,75%,0%,3.0,33.0,75.0,170.0,74.0
Valentijn Overeem,"6' 3""",230 lbs.,,Orthodox,1976-08-17,0.93,34%,1.49,58%,1.86,50%,0%,4.7,34.0,50.0,230.0,
Alistair Overeem,"6' 4""",265 lbs.,"80""",Orthodox,1980-05-17,3.67,64%,2.44,57%,1.42,55%,73%,0.8,64.0,55.0,265.0,80.0
Craig Oxley,"5' 9""",155 lbs.,,,1973-02-14,0.0,0%,0.0,0%,0.0,0%,0%,0.0,0.0,0.0,155.0,
Raquel Pa'aluhi,"5' 7""",135 lbs.,,,,1.71,56%,3.42,46%,0.0,0%,18%,0.0,56.0,0.0,135.0,
Shungo Oyama,"5' 11""",185 lbs.,,Southpaw,1974-04-11,0.64,25%,1.96,57%,1.07,57%,62%,0.5,25.0,57.0,185.0,
Alptekin Ozkilic,"5' 5""",125 lbs.,"65""",Orthodox,1986-03-27,3.81,32%,5.72,59%,4.21,58%,75%,0.0,32.0,58.0,125.0,65.0
Larissa Pacheco,"5' 7""",135 lbs.,,Orthodox,1994-09-07,1.21,19%,4.14,55%,0.0,0%,0%,0.0,19.0,0.0,135.0,
Nick Pace,"5' 7""",135 lbs.,"68""",Orthodox,1987-04-17,1.48,34%,3.14,57%,2.52,43%,54%,0.5,34.0,43.0,135.0,68.0
George Pacurariu,"5' 7""",135 lbs.,,,1984-07-28,4.69,53%,2.68,63%,5.03,100%,100%,5.0,53.0,100.0,135.0,
Teemu Packalen,"6' 1""",155 lbs.,"75""",Orthodox,1987-05-22,2.57,54%,3.91,47%,2.31,25%,100%,1.5,54.0,25.0,155.0,75.0
Michael Page,"6' 2""",170 lbs.,,,1987-04-07,4.53,76%,0.45,77%,3.4,100%,100%,0.0,76.0,100.0,170.0,
Cyrillo Padilha,"5' 11""",155 lbs.,,,1978-01-23,0.0,0%,0.0,0%,0.0,0%,0%,0.0,0.0,0.0,155.0,
Gary Padilla,"5' 11""",205 lbs.,,,1980-05-04,2.2,27%,2.0,76%,0.0,0%,50%,0.0,27.0,0.0,205.0,
Damacio Page,"5' 6""",135 lbs.,"66""",Orthodox,1982-09-30,2.05,38%,2.47,51%,2.63,64%,23%,0.9,38.0,64.0,135.0,66.0
Josh Paiva,"5' 6""",125 lbs.,,,1991-04-05,0.0,0%,0.0,0%,0.0,0%,0%,0.0,0.0,0.0,125.0,
Dustin Pague,"5' 9""",135 lbs.,"74""",Orthodox,1987-08-05,1.65,53%,2.96,41%,1.03,44%,55%,2.6,53.0,44.0,135.0,74.0
Dinis Paiva Jr.,"5' 9""",145 lbs.,"71""",Southpaw,1988-05-26,2.6,41%,2.73,67%,0.0,0%,81%,0.0,41.0,0.0,145.0,71.0
Raulian Paiva,"5' 8""",125 lbs.,"69""",Orthodox,1995-10-17,4.46,43%,4.89,51%,0.26,20%,80%,0.3,43.0,20.0,125.0,69.0
Jose Palacios,"5' 9""",145 lbs.,,Orthodox,,2.67,70%,1.0,79%,0.0,0%,50%,1.7,70.0,0.0,145.0,
Sasha Palatnikov,"6' 1""",170 lbs.,"72""",Switch,1989-03-15,9.78,52%,7.74,51%,1.17,100%,88%,0.0,52.0,100.0,170.0,72.0
Ricky Palacios,"5' 6""",145 lbs.,,Orthodox,1987-07-05,7.73,53%,3.27,59%,0.0,0%,100%,0.0,53.0,0.0,145.0,
Fredson Paixao,"5' 6""",145 lbs.,"66""",Orthodox,1979-05-13,1.71,54%,2.31,62%,0.62,11%,10%,2.2,54.0,11.0,145.0,66.0
Soa Palelei,"6' 4""",265 lbs.,"81""",Orthodox,1977-07-12,2.47,57%,2.68,48%,2.2,47%,66%,0.0,57.0,47.0,265.0,81.0
Bart Palaszewski,"5' 9""",145 lbs.,"70""",Orthodox,1983-05-30,2.67,32%,3.97,57%,0.65,31%,53%,0.5,32.0,31.0,145.0,70.0
Rousimar Palhares,"5' 8""",170 lbs.,"71""",Orthodox,1980-02-26,1.75,51%,2.04,59%,3.93,45%,0%,4.1,51.0,45.0,170.0,71.0
Tulio Palhares,,180 lbs.,,,,0.0,0%,0.0,0%,0.0,0%,0%,0.0,0.0,0.0,180.0,
Stephen Palling,"5' 4""",143 lbs.,,,1967-01-29,0.0,0%,0.0,0%,0.0,0%,0%,0.0,0.0,0.0,143.0,
Joe Pardo,"6' 1""",210 lbs.,,Southpaw,,0.0,0%,0.0,0%,0.0,0%,0%,0.0,0.0,0.0,210.0,
Eduardo Pamplona,"5' 11""",170 lbs.,,,1973-02-20,0.0,0%,0.0,0%,0.0,0%,0%,0.0,0.0,0.0,170.0,
Jared Papazian,"5' 8""",135 lbs.,"67""",Southpaw,1988-02-01,3.33,39%,3.81,44%,0.0,0%,50%,0.0,39.0,0.0,135.0,67.0
Alexandre Pantoja,"5' 5""",125 lbs.,"67""",Orthodox,1990-04-16,4.3,47%,3.39,53%,0.94,35%,68%,0.9,47.0,35.0,125.0,67.0
Bryan Pardoe,"6' 1""",205 lbs.,,Orthodox,,1.11,36%,4.59,45%,4.75,40%,33%,0.0,36.0,40.0,205.0,
Remco Pardoel,"6' 3""",260 lbs.,,Southpaw,,0.0,0%,0.0,0%,0.0,0%,0%,0.0,0.0,0.0,260.0,
Ido Pariente,"5' 8""",155 lbs.,,Orthodox,,0.0,0%,2.86,45%,0.0,0%,0%,0.0,0.0,0.0,155.0,
Won Sik Park,"5' 11""",154 lbs.,,Orthodox,,2.6,43%,2.2,47%,0.0,0%,0%,0.0,43.0,0.0,154.0,
Josh Parisian,"6' 4""",265 lbs.,"79""",Orthodox,1989-06-28,7.46,51%,7.51,42%,0.0,0%,66%,0.7,51.0,0.0,265.0,79.0
Harvey Park,"6' 0""",155 lbs.,"70""",Orthodox,1986-03-22,3.77,50%,7.21,33%,0.0,0%,0%,0.0,50.0,0.0,155.0,70.0
Junyong Park,"5' 10""",185 lbs.,"73""",Orthodox,1991-02-27,4.24,47%,2.9,59%,3.4,64%,45%,0.0,47.0,64.0,185.0,73.0
Karo Parisyan,"5' 10""",170 lbs.,"72""",Orthodox,1982-08-28,2.49,41%,2.19,58%,5.27,59%,59%,1.0,41.0,59.0,170.0,72.0
Norman Parke,"5' 11""",155 lbs.,"70""",Southpaw,1986-12-22,3.06,35%,2.88,64%,1.98,26%,77%,0.0,35.0,26.0,155.0,70.0
Ryan Parker,"6' 3""",235 lbs.,,Southpaw,,0.0,0%,0.0,0%,0.0,0%,0%,0.0,0.0,0.0,235.0,
Larry Parker,"5' 11""",205 lbs.,,Orthodox,,0.0,0%,0.0,0%,0.0,0%,0%,0.0,0.0,0.0,205.0,
Tyra Parker,"5' 5""",115 lbs.,,Orthodox,,1.5,22%,9.0,14%,0.0,0%,0%,0.0,22.0,0.0,115.0,
Jordan Parsons,"5' 9""",145 lbs.,,,1990-08-26,3.29,40%,2.37,60%,1.54,21%,50%,1.0,40.0,21.0,145.0,
Willie Parks,"5' 10""",185 lbs.,,,1983-11-04,0.0,0%,0.0,0%,0.0,0%,0%,0.0,0.0,0.0,185.0,
Onassis Parungao,"5' 11""",200 lbs.,,,,0.0,0%,0.0,0%,0.0,0%,0%,0.0,0.0,0.0,200.0,
Jhonoven Pati,"6' 1""",185 lbs.,"75""",Switch,1990-08-29,2.88,53%,6.13,33%,2.7,100%,0%,0.0,53.0,100.0,185.0,75.0
Jorge Patino,"5' 8""",170 lbs.,,Orthodox,1973-08-05,1.33,30%,3.14,53%,0.54,25%,50%,0.0,30.0,25.0,170.0,
Russell Patrick,"5' 9""",145 lbs.,,,,0.0,0%,0.0,0%,0.0,0%,0%,0.0,0.0,0.0,145.0,
Claude Patrick,"5' 11""",170 lbs.,"75""",Orthodox,1980-06-14,1.8,55%,0.89,69%,2.32,53%,84%,1.7,55.0,53.0,170.0,75.0
Alan Patrick,"5' 11""",155 lbs.,"74""",Southpaw,1983-07-19,1.79,40%,2.64,43%,3.48,38%,50%,0.3,40.0,38.0,155.0,74.0
Justin Patterson,"5' 10""",170 lbs.,,,1985-12-07,0.0,0%,0.0,0%,0.0,0%,0%,0.0,0.0,0.0,170.0,
Michael Patt,"6' 0""",205 lbs.,,Orthodox,,1.65,28%,5.53,55%,0.0,0%,0%,0.0,28.0,0.0,205.0,
Julio Paulino,"6' 0""",170 lbs.,,Orthodox,1975-12-04,0.97,27%,1.87,48%,0.0,0%,37%,0.5,27.0,0.0,170.0,
Sergei Pavlovich,"6' 3""",257 lbs.,"84""",Southpaw,1992-05-13,6.55,52%,4.59,44%,0.0,0%,50%,0.0,52.0,0.0,257.0,84.0
Pawel Pawlak,"6' 0""",170 lbs.,"73""",Orthodox,1989-02-08,1.67,33%,2.22,53%,1.0,37%,70%,0.0,33.0,37.0,170.0,73.0
Sarah Payant,"5' 4""",115 lbs.,,,,0.29,16%,2.06,30%,0.0,0%,0%,0.0,16.0,0.0,115.0,
Estevan Payan,"5' 10""",145 lbs.,,Orthodox,1982-03-14,4.25,42%,3.58,57%,0.36,100%,60%,0.4,42.0,100.0,145.0,
Roland Payne,"5' 9""",205 lbs.,,Orthodox,,0.0,0%,0.0,0%,0.0,0%,0%,0.0,0.0,0.0,205.0,
Jonathan Pearce,"6' 0""",145 lbs.,"71""",Switch,1992-05-01,8.8,55%,6.65,46%,5.91,60%,75%,0.7,55.0,60.0,145.0,71.0
Andre Pederneiras,"5' 8""",155 lbs.,,Orthodox,1967-03-22,0.0,0%,0.0,0%,0.0,0%,0%,0.0,0.0,0.0,155.0,
Carlo Pedersoli Jr.,"5' 11""",170 lbs.,"75""",Southpaw,1993-06-08,4.17,37%,4.12,61%,2.91,44%,0%,0.0,37.0,44.0,170.0,75.0
Joe Pearson,"5' 10""",145 lbs.,,Orthodox,1978-03-28,0.59,18%,3.51,33%,0.0,0%,0%,4.4,18.0,0.0,145.0,
Ross Pearson,"5' 8""",155 lbs.,"69""",Orthodox,1984-09-26,3.68,40%,4.09,62%,0.74,35%,75%,0.0,40.0,35.0,155.0,69.0
Matt Pedro,,,,,,0.0,0%,0.0,0%,0.0,0%,0%,0.0,0.0,0.0,,
Tyson Pedro,"6' 3""",205 lbs.,"79""",Orthodox,1991-09-17,2.7,62%,2.55,48%,0.74,25%,52%,1.5,62.0,25.0,205.0,79.0
Filip Pejic,"5' 8""",135 lbs.,,Orthodox,1992-07-21,0.0,0%,0.88,33%,0.0,0%,0%,0.0,0.0,0.0,135.0,
Willie Peeters,"5' 9""",220 lbs.,,Orthodox,1965-10-26,0.0,0%,0.0,0%,0.0,0%,0%,0.0,0.0,0.0,220.0,
Yan Pellerin,"5' 11""",205 lbs.,,Orthodox,,0.59,25%,0.89,66%,4.43,100%,0%,0.0,25.0,100.0,205.0,
Julianna Pena,"5' 6""",135 lbs.,"69""",Orthodox,1989-08-19,2.8,47%,1.7,53%,2.49,53%,23%,0.8,47.0,53.0,135.0,69.0
Kurt Pellegrino,"5' 8""",155 lbs.,"70""",Orthodox,1979-05-07,2.45,43%,1.94,63%,2.9,54%,69%,0.8,43.0,54.0,155.0,70.0
Luis Pena,"6' 3""",155 lbs.,"75""",Southpaw,1993-07-05,3.26,47%,2.74,50%,1.37,33%,45%,1.4,47.0,33.0,155.0,75.0
Sherman Pendergarst,"6' 1""",235 lbs.,,Orthodox,1967-08-01,1.23,36%,3.08,16%,4.62,100%,0%,0.0,36.0,100.0,235.0,
Drew Pendleton,,145 lbs.,,,1983-12-08,0.0,0%,0.0,0%,0.0,0%,0%,0.0,0.0,0.0,145.0,
Cathal Pendred,"6' 1""",170 lbs.,"75""",Orthodox,1987-09-02,2.49,44%,3.01,55%,2.46,23%,83%,0.4,44.0,23.0,170.0,75.0
BJ Penn,"5' 9""",155 lbs.,"70""",Orthodox,1978-12-13,2.76,48%,3.2,56%,1.19,55%,74%,0.5,48.0,55.0,155.0,70.0
Nick Penner,"6' 4""",205 lbs.,,Southpaw,1980-03-26,1.25,30%,4.6,38%,0.0,0%,40%,0.0,30.0,0.0,205.0,
Jessica Penne,"5' 5""",115 lbs.,"67""",Orthodox,1983-01-30,2.46,33%,4.73,48%,1.58,25%,20%,0.6,33.0,25.0,115.0,67.0
Jerron Peoples,"6' 0""",170 lbs.,,,1982-05-04,0.0,0%,0.0,0%,0.0,0%,0%,0.0,0.0,0.0,170.0,
Raquel Pennington,"5' 7""",135 lbs.,"67""",Orthodox,1988-09-05,3.62,48%,3.2,63%,1.12,28%,65%,0.7,48.0,28.0,135.0,67.0
Justin Pennington,"5' 4""",,,,,0.0,0%,0.0,0%,0.0,0%,0%,0.0,0.0,0.0,,
Godofredo Pepey,"5' 7""",145 lbs.,"73""",Orthodox,1987-07-02,2.32,38%,3.23,47%,0.37,7%,35%,1.5,38.0,7.0,145.0,73.0
Ray Perales,"5' 10""",170 lbs.,,Orthodox,,0.18,25%,2.39,32%,0.0,0%,33%,0.0,25.0,0.0,170.0,
Michel Pereira,"6' 1""",170 lbs.,"73""",Orthodox,1993-10-06,3.74,54%,2.84,58%,1.76,70%,100%,0.5,54.0,70.0,170.0,73.0
Robert Peralta,"5' 8""",145 lbs.,"71""",Orthodox,1986-03-14,3.76,44%,2.97,53%,0.59,66%,65%,0.0,44.0,66.0,145.0,71.0
Viviane Pereira,"5' 1""",115 lbs.,"63""",Orthodox,1993-08-28,2.7,30%,4.48,58%,0.25,100%,28%,0.2,30.0,100.0,115.0,63.0
Alex Pereira,,185 lbs.,,,1987-07-07,0.0,0%,0.0,0%,0.0,0%,0%,0.0,0.0,0.0,185.0,
Daniel Pereira,"5' 10""",185 lbs.,,,1990-12-13,0.0,0%,0.0,0%,0.0,0%,0%,0.0,0.0,0.0,185.0,
Rolando Perez,"5' 8""",135 lbs.,,Orthodox,,4.23,36%,4.83,63%,0.0,0%,100%,0.0,36.0,0.0,135.0,
Philip Perez,"5' 5""",155 lbs.,,Southpaw,,1.36,100%,0.68,66%,10.23,100%,0%,10.2,100.0,100.0,155.0,
Erik Perez,"5' 8""",135 lbs.,"68""",Orthodox,1989-11-19,3.16,40%,2.09,66%,3.16,55%,69%,0.2,40.0,55.0,135.0,68.0
Frankie Perez,"5' 11""",155 lbs.,"73""",Orthodox,1989-05-11,1.64,41%,2.17,54%,1.75,41%,50%,0.3,41.0,41.0,155.0,73.0
Alejandro Perez,"5' 6""",145 lbs.,"67""",Orthodox,1989-09-02,3.52,35%,2.94,64%,0.52,20%,73%,0.1,35.0,20.0,145.0,67.0
Markus Perez,"6' 1""",185 lbs.,"73""",Orthodox,1988-06-22,2.6,47%,3.72,52%,0.81,25%,77%,1.0,47.0,25.0,185.0,73.0
Jose Perez,,,,,,0.0,0%,0.0,0%,0.0,0%,0%,0.0,0.0,0.0,,
Alex Perez,"5' 6""",125 lbs.,"65""",Orthodox,1992-03-21,4.62,47%,3.08,61%,2.92,45%,87%,1.3,47.0,45.0,125.0,65.0
Thiago Perpetuo,"5' 10""",170 lbs.,,Orthodox,1987-12-14,5.39,69%,3.51,51%,2.82,50%,66%,0.0,69.0,50.0,170.0,
Anthony Perosh,"6' 3""",205 lbs.,"75""",Orthodox,1972-10-05,2.27,43%,3.77,53%,2.03,22%,33%,1.1,43.0,22.0,205.0,75.0
Hernani Perpetuo,"6' 0""",170 lbs.,,Orthodox,1985-05-24,2.73,29%,4.37,55%,0.0,0%,37%,0.5,29.0,0.0,170.0,
Jay Perrin,"5' 7""",135 lbs.,"69""",Switch,1993-06-15,2.87,44%,2.6,47%,4.0,80%,80%,0.0,44.0,80.0,135.0,69.0
Tony Petarra,"5' 11""",196 lbs.,,Orthodox,,0.0,0%,0.0,0%,0.0,0%,0%,0.0,0.0,0.0,196.0,
Leiticia Pestova,"5' 6""",135 lbs.,,Orthodox,1984-01-15,0.0,0%,24.62,44%,0.0,0%,0%,0.0,0.0,0.0,135.0,
Raphael Pessoa,"6' 3""",262 lbs.,"78""",Orthodox,1989-03-09,2.16,26%,3.43,42%,0.0,0%,100%,0.0,26.0,0.0,262.0,78.0
Viktor Pesta,"6' 3""",240 lbs.,"77""",Orthodox,1990-07-15,1.58,36%,2.54,56%,3.29,28%,100%,0.0,36.0,28.0,240.0,77.0
Tommy Petersen,,155 lbs.,,,,0.0,0%,0.0,0%,0.0,0%,0%,0.0,0.0,0.0,155.0,
Mike Perry,"5' 10""",170 lbs.,"71""",Orthodox,1991-09-15,4.35,47%,4.82,54%,0.69,38%,77%,0.2,47.0,38.0,170.0,71.0
Cory Peterson,"6' 11""",400 lbs.,,Orthodox,,2.17,60%,6.51,40%,0.0,0%,0%,0.0,60.0,0.0,400.0,
Peter Petties,"5' 11""",145 lbs.,"72""",Southpaw,1990-12-20,2.61,29%,8.24,48%,0.0,0%,0%,0.0,29.0,0.0,145.0,72.0
Steven Peterson,"5' 10""",145 lbs.,"70""",Orthodox,1990-05-29,4.65,35%,5.89,56%,2.02,28%,75%,0.4,35.0,28.0,145.0,70.0
Seth Petruzelli,"6' 0""",205 lbs.,"76""",Orthodox,1979-12-03,2.17,41%,2.08,55%,0.46,50%,47%,2.3,41.0,50.0,205.0,76.0
Anthony Pettis,"5' 10""",155 lbs.,"72""",Orthodox,1987-01-27,3.05,47%,3.44,54%,0.61,50%,60%,1.1,47.0,50.0,155.0,72.0
Forrest Petz,"5' 9""",170 lbs.,"71""",Orthodox,1975-09-22,2.27,29%,2.2,57%,1.3,100%,66%,0.0,29.0,100.0,170.0,71.0
Dino Pezao,,205 lbs.,,Orthodox,,0.66,30%,3.28,31%,0.0,0%,0%,0.0,30.0,0.0,205.0,
Cody Pfister,"5' 10""",155 lbs.,"73""",Orthodox,1990-07-12,1.41,25%,2.8,51%,2.82,30%,0%,0.0,25.0,30.0,155.0,73.0
Sergio Pettis,"5' 6""",125 lbs.,"69""",Orthodox,1993-08-18,3.88,37%,2.91,65%,0.85,40%,67%,0.4,37.0,40.0,125.0,69.0
Wayne Phillips,,185 lbs.,,,1983-06-17,0.0,0%,0.0,0%,0.0,0%,0%,0.0,0.0,0.0,185.0,
Dave Phillips,"6' 0""",185 lbs.,,Orthodox,1980-01-12,0.0,0%,2.0,25%,0.0,0%,0%,10.0,0.0,0.0,185.0,
Nam Phan,"5' 6""",135 lbs.,"70""",Orthodox,1983-03-13,4.52,37%,6.55,59%,0.18,18%,60%,0.2,37.0,18.0,135.0,70.0
Aaron Phillips,"5' 9""",135 lbs.,"71""",Southpaw,1989-08-05,1.65,56%,3.44,39%,0.0,0%,44%,0.4,56.0,0.0,135.0,71.0
Constantinos Philippou,"5' 11""",185 lbs.,"73""",Orthodox,1979-11-29,2.19,35%,2.73,54%,0.4,42%,65%,0.3,35.0,42.0,185.0,73.0
John Phillips,"5' 11""",185 lbs.,"75""",Southpaw,1985-06-09,1.72,34%,4.03,49%,0.0,0%,7%,0.0,34.0,0.0,185.0,75.0
Elizabeth Phillips,"5' 6""",135 lbs.,"65""",Orthodox,1986-08-20,2.6,33%,3.07,58%,0.75,25%,53%,0.2,33.0,25.0,135.0,65.0
Kyler Phillips,"5' 8""",135 lbs.,"72""",Orthodox,1995-06-12,5.32,46%,3.04,61%,2.88,63%,71%,0.4,46.0,63.0,135.0,72.0
Vinc Pichel,"5' 10""",155 lbs.,"72""",Orthodox,1982-11-23,3.2,46%,2.28,56%,3.83,60%,20%,0.3,46.0,60.0,155.0,72.0
Nick Pica,"5' 10""",185 lbs.,,,,0.0,0%,0.0,0%,0.0,0%,0%,0.0,0.0,0.0,185.0,
Jamie Pickett,"6' 2""",185 lbs.,"80""",Orthodox,1988-08-29,2.84,55%,4.84,46%,1.48,40%,37%,0.4,55.0,40.0,185.0,80.0
Adam Piccolotti,"5' 11""",155 lbs.,,,1988-10-23,4.61,50%,2.83,71%,2.96,60%,100%,3.0,50.0,60.0,155.0,
Nick Piedmont,"5' 10""",145 lbs.,,,,0.0,0%,0.0,0%,0.0,0%,0%,0.0,0.0,0.0,145.0,
Oskar Piechota,"6' 0""",185 lbs.,"76""",Southpaw,1990-01-24,3.3,52%,3.93,51%,0.61,40%,38%,1.5,52.0,40.0,185.0,76.0
Mike Pierce,"5' 8""",170 lbs.,"71""",Orthodox,1980-09-01,2.62,42%,2.36,62%,3.08,42%,71%,0.2,42.0,42.0,170.0,71.0
Brad Pickett,"5' 6""",135 lbs.,"68""",Orthodox,1978-09-24,3.02,31%,4.63,55%,2.47,44%,58%,0.4,31.0,44.0,135.0,68.0
Joao Pierini,"6' 1""",155 lbs.,,Switch,1971-12-11,0.76,14%,4.56,33%,0.0,0%,0%,0.0,14.0,0.0,155.0,
Sean Pierson,"6' 0""",170 lbs.,"76""",Southpaw,1976-03-10,3.84,39%,3.73,64%,0.39,18%,66%,0.4,39.0,18.0,170.0,76.0
Domingo Pilarte,"6' 0""",135 lbs.,"73""",Southpaw,1990-01-05,2.04,50%,3.69,42%,2.0,42%,75%,1.3,50.0,42.0,135.0,73.0
Daniel Pineda,"5' 7""",145 lbs.,"69""",Orthodox,1985-08-06,3.41,49%,2.72,44%,1.55,29%,44%,1.8,49.0,29.0,145.0,69.0
Luana Pinheiro,"5' 2""",115 lbs.,"62""",Orthodox,1992-11-18,3.57,40%,1.43,78%,0.0,0%,0%,0.0,40.0,0.0,115.0,62.0
Jesus Pinedo,"5' 10""",155 lbs.,,Southpaw,1996-06-22,3.23,38%,4.37,52%,2.5,100%,100%,0.0,38.0,100.0,155.0,
Gaetano Pirrello,"5' 7""",135 lbs.,,Orthodox,1992-04-29,0.67,42%,1.89,46%,0.0,0%,30%,0.0,42.0,0.0,135.0,
Pingyuan Liu,"5' 6""",135 lbs.,"72""",Orthodox,1993-02-13,2.36,33%,2.99,54%,0.25,20%,56%,1.0,33.0,20.0,135.0,72.0
Maki Pitolo,"5' 10""",185 lbs.,"75""",Orthodox,1990-11-24,4.2,44%,3.71,56%,2.42,52%,55%,0.5,44.0,52.0,185.0,75.0
Dmitry Poberezhets,"6' 3""",237 lbs.,,,1985-06-11,0.0,0%,0.0,0%,0.0,0%,0%,0.0,0.0,0.0,237.0,
Jamal Pogues,"6' 3""",205 lbs.,"77""",Orthodox,1995-12-01,3.27,74%,3.07,56%,7.0,63%,100%,0.0,74.0,63.0,205.0,77.0
Ross Pointon,"5' 8""",170 lbs.,,Orthodox,1980-02-18,2.62,23%,2.77,58%,1.19,100%,0%,0.0,23.0,100.0,170.0,
John Polakowski,"5' 10""",155 lbs.,,Orthodox,1981-06-21,2.6,26%,2.83,50%,0.0,0%,87%,0.7,26.0,0.0,155.0,
Brandon Polcare,,125 lbs.,,,,0.43,50%,0.0,0%,0.0,0%,0%,0.0,50.0,0.0,125.0,
Igor Pokrajac,"6' 0""",205 lbs.,"74""",Orthodox,1979-01-02,2.25,45%,4.26,40%,0.87,29%,51%,0.2,45.0,29.0,205.0,74.0
Dustin Poirier,"5' 9""",155 lbs.,"72""",Southpaw,1989-01-19,5.59,50%,4.17,54%,1.47,36%,61%,1.3,50.0,36.0,155.0,72.0
Mike Polchlopek,"6' 4""",285 lbs.,,Orthodox,1965-12-27,2.0,38%,1.33,57%,0.0,0%,0%,0.0,38.0,0.0,285.0,
Santiago Ponzinibbio,"6' 0""",170 lbs.,"73""",Orthodox,1986-09-26,4.21,40%,4.05,64%,0.52,44%,60%,0.0,40.0,44.0,170.0,73.0
Grigory Popov,"5' 7""",135 lbs.,"68""",Switch,1984-04-18,3.63,37%,4.2,55%,0.0,0%,45%,0.0,37.0,0.0,135.0,68.0
Felipe Portela,,170 lbs.,,,1987-11-23,0.0,0%,0.0,0%,0.0,0%,0%,0.0,0.0,0.0,170.0,
Alexander Poppeck,"6' 2""",205 lbs.,,Orthodox,1992-04-06,4.01,57%,9.81,33%,0.0,0%,0%,0.0,57.0,0.0,205.0,
Parker Porter,"6' 0""",265 lbs.,"75""",Orthodox,1985-04-22,7.69,49%,7.36,52%,1.65,60%,0%,1.1,49.0,60.0,265.0,75.0
Callan Potter,"6' 0""",170 lbs.,"72""",Orthodox,1984-06-09,3.18,50%,4.72,58%,3.29,66%,100%,0.0,50.0,66.0,170.0,72.0
Devin Powell,"6' 0""",155 lbs.,"73""",Orthodox,1988-03-01,2.88,41%,3.67,51%,0.0,0%,0%,0.6,41.0,0.0,155.0,73.0
Ruan Potts,"6' 2""",247 lbs.,"75""",Orthodox,1978-02-23,0.85,37%,5.92,22%,0.75,16%,33%,2.3,37.0,16.0,247.0,75.0
Marcin Prachnio,"6' 3""",205 lbs.,"74""",Orthodox,1988-07-14,5.4,47%,3.71,58%,0.0,0%,0%,0.0,47.0,0.0,205.0,74.0
Ricardo Prasel,"6' 7""",238 lbs.,"78""",Orthodox,1990-06-02,2.21,57%,7.83,37%,0.0,0%,0%,0.0,57.0,0.0,238.0,78.0
Wagner Prado,"6' 0""",205 lbs.,"74""",Southpaw,1986-12-30,1.72,40%,3.06,50%,0.0,0%,22%,0.0,40.0,0.0,205.0,74.0
Trevor Prangley,"6' 1""",185 lbs.,"75""",Orthodox,1972-08-24,2.59,60%,2.02,48%,3.38,55%,74%,1.0,60.0,55.0,185.0,75.0
Carlo Prater,"5' 11""",155 lbs.,"72""",Switch,1981-06-25,2.03,47%,4.07,35%,0.43,9%,57%,1.7,47.0,9.0,155.0,72.0
Michel Prazeres,"5' 6""",170 lbs.,"67""",Orthodox,1981-07-25,2.44,47%,2.49,58%,4.11,36%,50%,0.6,47.0,36.0,170.0,67.0
Kyle Prepolec,"5' 10""",170 lbs.,"70""",Southpaw,1989-08-30,3.2,34%,4.7,54%,0.0,0%,40%,0.0,34.0,0.0,170.0,70.0
Dorian Price,"6' 3""",170 lbs.,,Southpaw,1977-08-20,0.0,0%,0.0,0%,0.0,0%,0%,0.0,0.0,0.0,170.0,
Philip Preece,"5' 8""",205 lbs.,,Orthodox,,0.8,72%,0.7,63%,0.0,0%,0%,0.0,72.0,0.0,205.0,
Chris Price,"6' 2""",185 lbs.,,Southpaw,1982-11-09,1.44,66%,2.59,48%,0.0,0%,33%,2.2,66.0,0.0,185.0,
Niko Price,"6' 0""",170 lbs.,"76""",Orthodox,1989-09-29,5.33,41%,5.83,49%,0.89,22%,72%,0.9,41.0,22.0,170.0,76.0
Shane Primm,"6' 3""",205 lbs.,,Orthodox,1984-07-30,0.83,26%,2.25,62%,1.78,20%,0%,0.0,26.0,20.0,205.0,
Brent Primus,"5' 10""",155 lbs.,,,1985-04-12,1.73,39%,2.27,59%,5.0,38%,0%,2.0,39.0,38.0,155.0,
Lara Procopio,"5' 4""",125 lbs.,"67""",Orthodox,1995-11-14,6.7,57%,6.93,47%,3.5,50%,0%,0.5,57.0,50.0,125.0,67.0
Jiri Prochazka,"6' 3""",205 lbs.,"80""",Orthodox,1992-10-14,5.67,45%,7.05,55%,0.0,0%,100%,0.0,45.0,0.0,205.0,80.0
Joe Proctor,"5' 10""",155 lbs.,"72""",Orthodox,1985-08-10,3.39,36%,3.93,59%,0.0,0%,70%,1.8,36.0,0.0,155.0,72.0
Cole Province,"5' 9""",145 lbs.,"68""",Orthodox,1981-01-17,1.47,44%,2.72,43%,2.4,50%,83%,1.0,44.0,50.0,145.0,68.0
Daniel Puder,"6' 3""",235 lbs.,,Orthodox,1981-10-09,2.77,68%,1.17,38%,1.21,50%,81%,9.0,68.0,50.0,235.0,
Lucie Pudilova,"5' 8""",125 lbs.,"67""",Orthodox,1994-06-13,4.15,36%,4.09,52%,0.16,12%,61%,0.6,36.0,12.0,125.0,67.0
Bubba Pugh,"5' 10""",185 lbs.,,,,2.87,67%,2.6,23%,4.0,57%,80%,0.0,67.0,57.0,185.0,
Claudio Puelles,"5' 11""",155 lbs.,"72""",Southpaw,1996-04-21,1.95,44%,3.73,50%,3.06,36%,0%,1.3,44.0,36.0,155.0,72.0
Juan Manuel Puig,"5' 9""",145 lbs.,,Orthodox,1989-04-23,4.91,23%,7.17,51%,0.0,0%,0%,0.0,23.0,0.0,145.0,
Hugh Pulley,"6' 0""",155 lbs.,,,,4.47,63%,3.27,57%,4.0,66%,69%,0.0,63.0,66.0,155.0,
Josh Pulsifer,"5' 10""",145 lbs.,,,1983-03-16,0.0,0%,0.0,0%,0.0,0%,0%,0.0,0.0,0.0,145.0,
Jens Pulver,"5' 7""",145 lbs.,"70""",Southpaw,1974-12-06,2.12,37%,3.13,56%,0.22,33%,63%,0.3,37.0,33.0,145.0,70.0
CM Punk,"6' 1""",170 lbs.,"73""",Orthodox,1978-10-26,1.1,23%,4.87,40%,0.87,11%,0%,0.0,23.0,11.0,170.0,73.0
Joe Pyfer,"6' 2""",185 lbs.,"75""",Orthodox,1996-09-17,2.76,48%,3.68,23%,3.45,100%,0%,0.0,48.0,100.0,185.0,75.0
Bao Quach,"5' 3""",145 lbs.,,Orthodox,1979-09-04,0.0,0%,0.0,0%,0.0,0%,0%,0.0,0.0,0.0,145.0,
Mike Pyle,"6' 0""",170 lbs.,"74""",Orthodox,1975-09-18,2.74,45%,2.84,60%,1.8,35%,70%,1.5,45.0,35.0,170.0,74.0
Gary Quan,"5' 8""",143 lbs.,,,1971-04-11,0.0,0%,0.0,0%,0.0,0%,0%,0.0,0.0,0.0,143.0,
Billy Quarantillo,"5' 10""",145 lbs.,"70""",Orthodox,1988-12-08,7.03,64%,4.37,42%,1.28,31%,57%,1.8,64.0,31.0,145.0,70.0
Nate Quarry,"6' 0""",185 lbs.,"72""",Open Stance,1972-03-18,4.96,44%,2.8,66%,0.25,33%,60%,0.0,44.0,33.0,185.0,72.0
Vinicius Queiroz,"6' 7""",220 lbs.,,,1983-08-29,3.67,51%,4.1,41%,5.07,70%,100%,0.7,51.0,70.0,220.0,
Ryan Quinn,"5' 8""",145 lbs.,,,,2.31,41%,1.67,48%,0.0,0%,0%,1.9,41.0,0.0,145.0,
Jimmy Quinlan,"6' 0""",185 lbs.,,Orthodox,1986-05-25,2.08,70%,5.94,16%,4.46,25%,0%,0.0,70.0,25.0,185.0,
Michel Quinones,"5' 10""",155 lbs.,"73""",Orthodox,1984-12-22,2.91,29%,5.98,48%,0.0,0%,36%,0.0,29.0,0.0,155.0,73.0
Landon Quinones,"5' 9""",155 lbs.,,Southpaw,1995-11-21,0.0,0%,0.0,0%,0.0,0%,0%,0.0,0.0,0.0,155.0,
Jose Quinonez,"5' 8""",135 lbs.,"69""",Southpaw,1990-07-28,3.6,45%,3.0,64%,2.7,47%,42%,0.6,45.0,47.0,135.0,69.0
Benji Radach,"5' 10""",185 lbs.,,Orthodox,1979-04-05,2.62,49%,2.31,51%,1.06,41%,71%,0.4,49.0,41.0,185.0,
Josh Rafferty,"6' 0""",170 lbs.,,Orthodox,1981-01-06,0.6,33%,3.6,50%,0.0,0%,0%,9.0,33.0,0.0,170.0,
Jordan Radev,"5' 7""",185 lbs.,,Southpaw,1976-09-28,1.35,23%,2.38,66%,0.0,0%,80%,0.0,23.0,0.0,185.0,
Gilbert Rael,"5' 8""",155 lbs.,,,,0.0,0%,7.46,37%,4.86,100%,0%,0.0,0.0,100.0,155.0,
Amir Rahnavardi,"6' 0""",205 lbs.,,Orthodox,1974-12-07,0.67,25%,0.0,100%,0.0,0%,50%,0.0,25.0,0.0,205.0,
Ricky Rainey,"6' 1""",170 lbs.,"77""",Switch,1983-06-29,2.55,48%,2.62,46%,0.95,18%,55%,0.0,48.0,18.0,170.0,77.0
Shavkat Rakhmonov,"6' 1""",170 lbs.,"77""",Orthodox,1994-10-23,2.79,52%,1.93,50%,0.0,0%,100%,3.2,52.0,0.0,170.0,77.0
Aleksandar Rakic,"6' 4""",205 lbs.,"78""",Orthodox,1992-02-06,4.23,52%,2.23,52%,0.75,25%,90%,0.2,52.0,25.0,205.0,78.0
Jessica Rakoczy,"5' 7""",115 lbs.,,Orthodox,1977-04-14,2.5,44%,3.55,64%,0.75,20%,0%,0.8,44.0,20.0,115.0,
Hector Ramirez,"6' 0""",205 lbs.,,Orthodox,1976-03-28,2.27,41%,4.6,56%,2.3,55%,66%,0.5,41.0,55.0,205.0,
Thomas Ramirez,"6' 1""",410 lbs.,,Sideways,,0.0,0%,0.0,0%,0.0,0%,0%,0.0,0.0,0.0,410.0,
Matt Ramirez,"5' 5""",125 lbs.,,,,3.03,50%,0.67,75%,2.53,16%,100%,0.0,50.0,16.0,125.0,
Steve Ramirez,"5' 7""",125 lbs.,,,,0.0,0%,0.0,0%,0.0,0%,0%,0.0,0.0,0.0,125.0,
Andrew Ramm,"6' 1""",160 lbs.,,,,0.0,0%,0.0,0%,0.0,0%,0%,0.0,0.0,0.0,160.0,
Amador Ramirez,,135 lbs.,,,1990-06-14,4.93,51%,2.07,69%,1.0,33%,0%,0.0,51.0,33.0,135.0,
Ian Rammel,"6' 0""",185 lbs.,,,1985-07-22,0.0,0%,0.0,0%,0.0,0%,0%,0.0,0.0,0.0,185.0,
Luis Ramos,"5' 8""",170 lbs.,,Orthodox,1981-01-18,2.4,35%,5.6,42%,1.5,20%,100%,0.0,35.0,20.0,170.0,
Davi Ramos,"5' 6""",155 lbs.,"70""",Orthodox,1986-11-05,2.64,37%,3.44,56%,1.95,40%,83%,0.6,37.0,40.0,155.0,70.0
Ricardo Ramos,"5' 9""",145 lbs.,"72""",Orthodox,1995-08-01,3.0,39%,3.28,58%,1.99,56%,71%,0.7,39.0,56.0,145.0,72.0
Hussain Rasouli,"5' 6""",135 lbs.,,,,0.0,0%,0.0,0%,0.0,0%,0%,0.0,0.0,0.0,135.0,
Vernon Ramos Ho,"5' 6""",170 lbs.,,Orthodox,1992-06-03,4.0,25%,8.0,55%,0.0,0%,0%,0.0,25.0,0.0,170.0,
Raou Raou,"5' 8""",195 lbs.,,Orthodox,,2.01,16%,6.75,60%,0.0,0%,0%,0.0,16.0,0.0,195.0,
Kevin Randleman,"5' 10""",205 lbs.,,Orthodox,1971-08-10,1.26,54%,1.12,57%,2.0,56%,30%,0.8,54.0,56.0,205.0,
David Rasouri,"5' 7""",155 lbs.,,,,0.0,0%,0.0,0%,0.0,0%,0%,0.0,0.0,0.0,155.0,
Ed Ratcliff,"5' 10""",155 lbs.,"71""",Orthodox,1983-03-05,2.71,38%,2.96,63%,0.28,16%,53%,0.0,38.0,16.0,155.0,71.0
Gideon Ray,"5' 10""",185 lbs.,,Southpaw,1973-05-27,2.08,40%,2.58,53%,1.49,100%,0%,0.0,40.0,100.0,185.0,
Bec Rawlings,"5' 6""",125 lbs.,"64""",Orthodox,1989-02-11,4.48,42%,5.66,57%,0.71,40%,68%,0.4,42.0,40.0,125.0,64.0
Stevie Ray,"5' 10""",155 lbs.,"70""",Southpaw,1990-03-25,3.73,44%,2.93,54%,0.75,46%,55%,0.6,44.0,46.0,155.0,70.0
Joe Ray,,170 lbs.,,,1984-12-17,0.0,0%,0.0,0%,0.0,0%,0%,0.0,0.0,0.0,170.0,
Iony Razafiarison,"5' 3""",145 lbs.,,,1984-12-23,1.2,42%,1.4,53%,2.0,50%,75%,0.0,42.0,50.0,145.0,
Keenan Raymond,,165 lbs.,,,,0.0,0%,0.0,0%,0.0,0%,0%,0.0,0.0,0.0,165.0,
Antony Rea,"6' 0""",205 lbs.,,Orthodox,1976-07-15,2.89,28%,5.42,42%,0.0,0%,100%,0.0,28.0,0.0,205.0,
Abdul Razak Alhassan,"5' 10""",170 lbs.,"73""",Orthodox,1985-08-11,4.54,48%,5.11,53%,0.72,28%,42%,0.0,48.0,28.0,170.0,73.0
Rafael Rebello,"5' 5""",135 lbs.,"67""",Orthodox,1980-10-16,2.19,32%,3.29,58%,2.82,33%,75%,0.5,32.0,33.0,135.0,67.0
Greg Rebello,"6' 0""",240 lbs.,"73""",Southpaw,1982-06-13,2.61,39%,2.92,58%,0.0,0%,0%,0.0,39.0,0.0,240.0,73.0
Paul Redmond,"5' 10""",145 lbs.,,Orthodox,1986-10-20,0.72,34%,2.99,41%,0.0,0%,50%,0.0,34.0,0.0,145.0,
John Reedy,"5' 8""",155 lbs.,,,,0.0,0%,0.0,0%,0.0,0%,0%,0.0,0.0,0.0,155.0,
Dennis Reed,,205 lbs.,,Orthodox,,0.0,0%,0.0,0%,0.0,0%,0%,0.0,0.0,0.0,205.0,
Karl Reed,"6' 3""",205 lbs.,"78""",Orthodox,1988-10-27,2.04,44%,3.84,38%,1.06,22%,53%,0.0,44.0,22.0,205.0,78.0
James Reese,"5' 9""",155 lbs.,,,1980-12-21,0.0,0%,0.0,0%,0.0,0%,0%,0.0,0.0,0.0,155.0,
Stephen Regman,"5' 11""",185 lbs.,"76""",Orthodox,1991-08-05,1.41,60%,4.93,23%,3.52,100%,0%,0.0,60.0,100.0,185.0,76.0
Johnny Rees,"6' 0""",170 lbs.,,Orthodox,1982-10-21,3.29,64%,0.84,47%,1.15,25%,50%,0.0,64.0,25.0,170.0,
Chad Reiner,"5' 11""",170 lbs.,,Orthodox,1981-06-29,0.53,20%,1.97,46%,0.99,33%,25%,2.0,20.0,33.0,170.0,
Ben Reiter,"6' 3""",185 lbs.,,,1987-06-27,1.8,46%,1.53,54%,7.0,43%,0%,0.0,46.0,43.0,185.0,
Goran Reljic,"6' 3""",205 lbs.,"81""",Southpaw,1984-03-20,1.69,37%,2.69,59%,1.69,50%,33%,1.1,37.0,50.0,205.0,81.0
Jason Reinhardt,"5' 6""",135 lbs.,,Orthodox,1969-10-31,0.51,40%,4.07,43%,1.91,12%,50%,0.0,40.0,12.0,135.0,
Wilson Reis,"5' 4""",125 lbs.,"65""",Southpaw,1985-01-06,1.83,29%,3.04,55%,5.15,42%,47%,0.6,29.0,42.0,125.0,65.0
Chance Rencountre,"6' 2""",170 lbs.,"75""",Southpaw,1986-12-31,1.1,20%,3.62,49%,1.35,26%,16%,0.3,20.0,26.0,170.0,75.0
Leigh Remedios,"5' 7""",155 lbs.,,Orthodox,1976-01-13,0.75,41%,1.36,68%,0.0,0%,33%,0.0,41.0,0.0,155.0,
John Renken,"6' 0""",190 lbs.,,Orthodox,,0.0,0%,0.0,0%,0.0,0%,0%,0.0,0.0,0.0,190.0,
Marion Reneau,"5' 6""",135 lbs.,"68""",Orthodox,1977-06-20,3.29,41%,3.37,61%,0.66,63%,50%,0.8,41.0,63.0,135.0,68.0
Herman Renting,"6' 0""",215 lbs.,,Switch,,0.0,0%,0.0,0%,0.0,0%,0%,0.0,0.0,0.0,215.0,
Alex Reyes,"5' 11""",170 lbs.,"73""",Orthodox,1986-10-02,4.56,46%,8.35,38%,0.0,0%,0%,0.0,46.0,0.0,170.0,73.0
Dominick Reyes,"6' 4""",205 lbs.,"77""",Southpaw,1989-12-26,4.53,48%,3.16,49%,0.2,16%,82%,0.2,48.0,16.0,205.0,77.0
Marco Polo Reyes,"5' 11""",155 lbs.,"71""",Orthodox,1984-11-07,6.0,37%,5.52,59%,0.0,0%,46%,0.0,37.0,0.0,155.0,71.0
Kyle Reyes,"5' 8""",145 lbs.,,,,0.0,0%,0.0,0%,0.0,0%,0%,0.0,0.0,0.0,145.0,
Johnny Rhodes,"6' 0""",210 lbs.,,Orthodox,,0.0,0%,0.0,0%,0.0,0%,0%,0.0,0.0,0.0,210.0,
Gaston Reyno,"6' 0""",145 lbs.,,,1986-11-11,7.79,62%,3.9,44%,0.0,0%,0%,11.7,62.0,0.0,145.0,
Victor Reyna,"5' 11""",170 lbs.,"74""",Southpaw,1986-08-05,5.8,63%,4.75,42%,0.0,0%,100%,0.0,63.0,0.0,170.0,74.0
Mike Rhodes,"6' 1""",170 lbs.,"74""",Orthodox,1989-12-04,3.2,39%,4.13,64%,0.96,33%,75%,0.5,39.0,33.0,170.0,74.0
Lucrezia Ria,"5' 6""",125 lbs.,,Orthodox,1992-06-24,4.07,46%,4.4,45%,1.0,33%,0%,0.0,46.0,33.0,125.0,
Vitor Ribeiro,"5' 8""",154 lbs.,,Orthodox,1979-02-24,1.0,28%,1.95,48%,1.58,26%,100%,1.2,28.0,26.0,154.0,
Amanda Ribas,"5' 3""",125 lbs.,"66""",Orthodox,1993-08-26,4.25,44%,1.78,71%,2.31,58%,85%,1.6,44.0,58.0,125.0,66.0
Will Ribeiro,"5' 8""",135 lbs.,,Orthodox,1983-02-17,1.83,28%,1.64,74%,1.15,100%,50%,2.9,28.0,100.0,135.0,
Mike Ricci,"6' 0""",155 lbs.,"76""",Southpaw,1986-03-18,1.8,32%,1.64,65%,0.67,100%,54%,0.0,32.0,100.0,155.0,76.0
Alex Ricci,"5' 11""",155 lbs.,,Orthodox,1982-07-21,2.48,41%,2.53,64%,0.0,0%,64%,0.0,41.0,0.0,155.0,
Matt Ricehouse,,155 lbs.,,,1987-03-11,3.7,44%,4.8,47%,1.0,22%,81%,0.0,44.0,22.0,155.0,
John Richard,,205 lbs.,,,1982-05-22,0.0,0%,0.0,0%,0.0,0%,0%,0.0,0.0,0.0,205.0,
Mike Richman,"5' 8""",135 lbs.,,,1985-06-23,4.06,44%,3.49,43%,0.0,0%,76%,0.0,44.0,0.0,135.0,
Rex Richards,"6' 5""",265 lbs.,,,,17.65,58%,5.29,72%,0.0,0%,0%,0.0,58.0,0.0,265.0,
Dave Rickels,"5' 11""",155 lbs.,,,1989-01-05,4.29,59%,5.53,42%,0.0,0%,25%,0.0,59.0,0.0,155.0,
Brad Riddell,"5' 7""",155 lbs.,"71""",Orthodox,1991-09-30,4.36,50%,2.62,53%,1.0,37%,60%,0.0,50.0,37.0,155.0,71.0
Jeremiah Riggs,"6' 0""",185 lbs.,,,1982-12-17,0.0,0%,0.0,0%,0.0,0%,0%,0.0,0.0,0.0,185.0,
Matthew Riddle,"6' 1""",170 lbs.,"76""",Southpaw,1986-01-14,3.01,42%,2.74,54%,3.51,50%,89%,0.5,42.0,50.0,170.0,76.0
Jason Riley,"6' 6""",245 lbs.,,,1975-09-22,0.0,0%,9.68,33%,0.0,0%,50%,0.0,0.0,0.0,245.0,
Joe Riggs,"6' 0""",185 lbs.,"70""",Southpaw,1982-09-23,2.41,51%,1.69,57%,2.45,55%,62%,0.6,51.0,55.0,185.0,70.0
Aaron Riley,"5' 8""",155 lbs.,"69""",Southpaw,1980-12-09,3.45,34%,3.78,61%,1.18,34%,60%,0.1,34.0,34.0,155.0,69.0
Moise Rimbon,"5' 10""",205 lbs.,,Orthodox,1977-04-20,0.8,34%,1.0,71%,1.0,50%,37%,0.0,34.0,50.0,205.0,
Jordan Rinaldi,"5' 10""",145 lbs.,"72""",Orthodox,1987-09-25,1.56,35%,2.32,59%,1.45,35%,20%,1.2,35.0,35.0,145.0,72.0
Nick Ring,"6' 0""",185 lbs.,"74""",Southpaw,1979-02-10,3.52,42%,3.48,62%,1.36,36%,52%,0.3,42.0,36.0,185.0,74.0
Albert Rios,"5' 8""",145 lbs.,,,,0.0,0%,0.0,0%,0.0,0%,0%,0.0,0.0,0.0,145.0,
Mike Rio,"5' 10""",155 lbs.,"70""",Orthodox,1981-07-06,1.68,39%,2.99,53%,2.58,27%,0%,1.0,39.0,27.0,155.0,70.0
Shannon Ritch,"5' 9""",190 lbs.,,Orthodox,1970-09-27,1.0,100%,6.0,50%,0.0,0%,0%,0.0,100.0,0.0,190.0,
Rafael Rios,,150 lbs.,,,,0.0,0%,0.0,0%,0.0,0%,0%,0.0,0.0,0.0,150.0,
Maria Rios,"5' 5""",125 lbs.,,,1983-05-31,2.93,34%,4.13,56%,2.0,50%,100%,0.0,34.0,50.0,125.0,
Diego Rivas,"5' 8""",145 lbs.,"69""",Orthodox,1991-11-11,1.37,40%,2.14,52%,1.79,60%,64%,0.9,40.0,60.0,145.0,69.0
Jorge Rivera,"6' 1""",185 lbs.,"73""",Orthodox,1972-02-28,3.16,48%,2.64,54%,0.84,50%,63%,0.1,48.0,50.0,185.0,73.0
Dante Rivera,"6' 1""",185 lbs.,,Southpaw,1974-12-08,2.27,53%,4.0,25%,0.0,0%,16%,0.0,53.0,0.0,185.0,
Mario Rivera,"5' 10""",170 lbs.,,,,0.0,0%,8.41,20%,0.0,0%,0%,0.0,0.0,0.0,170.0,
Jonathan Rivera,,155 lbs.,,,,4.36,49%,3.9,60%,0.0,0%,0%,0.0,49.0,0.0,155.0,
Francisco Rivera,"5' 8""",135 lbs.,"70""",Orthodox,1981-10-08,4.07,41%,3.16,68%,1.01,63%,68%,0.6,41.0,63.0,135.0,70.0
Irwin Rivera,"5' 6""",135 lbs.,"67""",Southpaw,1989-02-14,3.36,44%,5.07,57%,1.0,16%,70%,0.0,44.0,16.0,135.0,67.0
Jimmie Rivera,"5' 4""",135 lbs.,"68""",Orthodox,1989-06-29,4.03,40%,3.9,60%,0.88,27%,92%,0.1,40.0,27.0,135.0,68.0
Jerome Rivera,"5' 10""",145 lbs.,"72""",Southpaw,1995-04-22,3.08,34%,2.47,51%,0.0,0%,40%,0.0,34.0,0.0,145.0,72.0
Nicdali Rivera-Calanoc,"5' 3""",105 lbs.,,,1985-06-12,1.82,20%,2.42,78%,0.0,0%,0%,0.0,20.0,0.0,105.0,
Pedro Rizzo,"6' 1""",241 lbs.,,Orthodox,1974-05-03,1.93,34%,3.02,50%,0.26,28%,78%,0.0,34.0,28.0,241.0,
Kali Robbins,"5' 3""",115 lbs.,"63""",Orthodox,1984-07-05,3.73,46%,9.4,44%,2.0,33%,0%,0.0,46.0,33.0,115.0,63.0
Justin Robbins,"5' 5""",135 lbs.,,,1980-07-29,0.67,37%,3.2,47%,0.0,0%,0%,0.0,37.0,0.0,135.0,
Karl Roberson,"6' 1""",185 lbs.,"74""",Southpaw,1990-10-04,3.0,51%,2.42,57%,0.99,57%,50%,0.8,51.0,57.0,185.0,74.0
David Roberts,"6' 1""",170 lbs.,,Orthodox,1975-11-15,0.0,0%,0.0,0%,0.0,0%,0%,0.0,0.0,0.0,170.0,
Andre Roberts,"6' 2""",345 lbs.,,Orthodox,1965-02-24,0.0,0%,0.0,0%,0.0,0%,0%,0.0,0.0,0.0,345.0,
Joey Roberts,"6' 2""",200 lbs.,,,,0.0,0%,0.0,0%,0.0,0%,0%,0.0,0.0,0.0,200.0,
Tyrone Roberts,"5' 9""",185 lbs.,,Orthodox,,0.0,0%,0.0,0%,0.0,0%,0%,0.0,0.0,0.0,185.0,
Ryan Roberts,"5' 6""",155 lbs.,,Orthodox,1978-07-16,0.0,0%,22.5,45%,0.0,0%,0%,0.0,0.0,0.0,155.0,
Taylor Roberts,"5' 11""",170 lbs.,,,,0.0,0%,0.0,0%,0.0,0%,0%,0.0,0.0,0.0,170.0,
Buddy Roberts,"6' 2""",185 lbs.,,Orthodox,1982-10-17,2.17,34%,2.08,70%,0.0,0%,76%,0.7,34.0,0.0,185.0,
Danny Roberts,"6' 1""",170 lbs.,"74""",Southpaw,1987-07-14,3.41,44%,3.08,55%,0.18,6%,53%,0.4,44.0,6.0,170.0,74.0
Daniel Roberts,"5' 10""",170 lbs.,"74""",Southpaw,1980-08-05,0.73,20%,2.27,46%,2.46,44%,40%,2.5,20.0,44.0,170.0,74.0
Roosevelt Roberts,"6' 2""",155 lbs.,"73""",Orthodox,1994-02-11,3.03,49%,2.27,52%,1.75,53%,58%,1.1,49.0,53.0,155.0,73.0
Kenny Robertson,"5' 10""",170 lbs.,"74""",Orthodox,1984-02-14,3.72,47%,3.02,52%,1.37,26%,57%,0.8,47.0,26.0,170.0,74.0
Chad Robichaux,"5' 4""",135 lbs.,,,1975-08-18,0.0,0%,0.0,0%,0.0,0%,0%,0.0,0.0,0.0,135.0,
Gillian Robertson,"5' 5""",125 lbs.,"63""",Orthodox,1995-05-17,2.05,51%,2.1,51%,2.64,46%,0%,0.9,51.0,46.0,125.0,63.0
Mark Robinson,"6' 0""",265 lbs.,,Orthodox,,0.0,0%,5.8,13%,0.0,0%,0%,0.0,0.0,0.0,265.0,
Colin Robinson,"6' 4""",243 lbs.,,Orthodox,1968-11-27,6.19,69%,7.91,37%,2.58,100%,50%,5.2,69.0,100.0,243.0,
Alvin Robinson,"5' 9""",155 lbs.,"68""",Southpaw,1982-07-16,1.57,50%,1.29,51%,1.24,50%,25%,1.2,50.0,50.0,155.0,68.0
Damonte Robinson,"6' 0""",155 lbs.,"77""",,1995-06-10,0.0,0%,0.0,0%,0.0,0%,0%,0.0,0.0,0.0,155.0,77.0
Vagner Rocha,"5' 10""",155 lbs.,"73""",Orthodox,1982-06-06,2.64,42%,4.5,48%,1.4,33%,50%,1.9,42.0,33.0,155.0,73.0
Carlos Eduardo Rocha,"5' 10""",170 lbs.,"73""",Orthodox,1981-07-12,1.24,34%,1.85,55%,0.0,0%,52%,1.4,34.0,0.0,170.0,73.0
Keith Rockel,"6' 0""",185 lbs.,,Orthodox,,1.13,73%,0.21,66%,4.63,75%,100%,4.6,73.0,75.0,185.0,
Luke Rockhold,"6' 3""",205 lbs.,"77""",Southpaw,1984-10-17,4.18,48%,2.43,56%,0.67,30%,68%,1.1,48.0,30.0,205.0,77.0
Bruno Rodrigues,"5' 6""",135 lbs.,,,1991-06-28,2.01,34%,3.42,40%,0.0,0%,25%,0.0,34.0,0.0,135.0,
Kevin Roddy,"5' 11""",145 lbs.,,,,2.64,30%,2.38,60%,0.0,0%,50%,0.0,30.0,0.0,145.0,
Gregory Rodrigues,"6' 3""",185 lbs.,"75""",Orthodox,1992-02-17,6.04,56%,7.77,52%,0.0,0%,0%,0.0,56.0,0.0,185.0,75.0
Paul Rodriguez,"5' 7""",155 lbs.,,Orthodox,,0.84,100%,1.68,68%,0.0,0%,50%,0.0,100.0,0.0,155.0,
Manuel Rodriguez,"5' 9""",170 lbs.,,Orthodox,1985-04-25,0.81,33%,3.23,38%,9.09,75%,0%,0.0,33.0,75.0,170.0,
Ricco Rodriguez,"6' 4""",265 lbs.,,Orthodox,1977-08-19,1.85,51%,1.15,61%,2.3,39%,40%,1.0,51.0,39.0,265.0,
Yair Rodriguez,"5' 11""",145 lbs.,"71""",Orthodox,1992-10-06,4.33,45%,3.13,57%,0.9,29%,63%,0.9,45.0,29.0,145.0,71.0
Marina Rodriguez,"5' 6""",115 lbs.,"65""",Orthodox,1987-04-29,4.86,50%,3.16,53%,0.36,33%,59%,0.2,50.0,33.0,115.0,65.0
Daniel Rodriguez,"6' 1""",170 lbs.,"74""",Southpaw,1986-12-31,7.68,46%,6.12,57%,1.34,62%,90%,0.3,46.0,62.0,170.0,74.0
Mike Rodriguez,"6' 4""",205 lbs.,"82""",Southpaw,1988-11-28,4.61,59%,3.39,40%,0.0,0%,41%,0.0,59.0,0.0,205.0,82.0
Ray Rodriguez,"5' 7""",135 lbs.,"70""",Orthodox,1987-12-10,0.9,27%,3.89,40%,1.42,50%,44%,0.0,27.0,50.0,135.0,70.0
Luis Rodriguez,"5' 6""",125 lbs.,"65""",Orthodox,1999-05-07,1.27,37%,3.2,54%,2.0,50%,100%,2.0,37.0,50.0,125.0,65.0
Drako Rodriguez,"5' 8""",135 lbs.,"69""",Orthodox,1996-06-16,2.57,35%,2.57,26%,2.75,100%,0%,2.8,35.0,100.0,135.0,69.0
Victor Rodriguez,"5' 5""",135 lbs.,"67""",Switch,1992-09-05,2.17,46%,6.14,50%,0.0,0%,0%,0.0,46.0,0.0,135.0,67.0
Nick Roehrick,"6' 2""",205 lbs.,,Orthodox,1987-07-06,2.31,17%,6.92,44%,0.0,0%,0%,0.0,17.0,0.0,205.0,
Brett Rogers,"6' 5""",265 lbs.,"81""",Orthodox,1981-02-17,3.17,44%,3.2,46%,0.0,0%,58%,0.0,44.0,0.0,265.0,81.0
Max Rohskopf,"6' 1""",155 lbs.,"71""",Orthodox,1994-09-27,1.7,31%,5.8,42%,3.0,33%,0%,1.5,31.0,33.0,155.0,71.0
Brian Rogers,"5' 11""",185 lbs.,,,1984-02-15,4.79,38%,5.76,58%,1.22,50%,100%,0.6,38.0,50.0,185.0,
Marcos Rogerio de Lima,"6' 1""",253 lbs.,"75""",Orthodox,1985-06-25,3.78,54%,2.53,54%,0.71,60%,43%,0.7,54.0,60.0,253.0,75.0
Pete Rogers Jr.,"6' 0""",145 lbs.,,,,0.66,15%,1.71,65%,0.0,0%,0%,0.0,15.0,0.0,145.0,
Marcelo Rojo,"5' 8""",145 lbs.,"71""",Orthodox,1988-07-02,5.1,36%,7.3,51%,1.03,50%,100%,0.0,36.0,50.0,145.0,71.0
Shane Roller,"5' 10""",155 lbs.,"72""",Orthodox,1979-07-14,2.04,34%,2.65,60%,2.46,33%,42%,1.9,34.0,33.0,155.0,72.0
Tim Roman,"6' 1""",170 lbs.,,,1985-06-08,0.6,40%,2.4,40%,1.0,100%,16%,0.0,40.0,100.0,170.0,
Jared Rollins,"5' 9""",170 lbs.,,Orthodox,1977-01-26,3.33,57%,2.41,39%,2.5,50%,50%,1.2,57.0,50.0,170.0,
Alexandr Romanov,"6' 2""",262 lbs.,"75""",Southpaw,1990-12-11,4.31,39%,1.76,43%,6.35,66%,0%,3.2,39.0,66.0,262.0,75.0
Ricardo Romero,"6' 0""",205 lbs.,"76""",Orthodox,1978-04-15,2.17,55%,4.77,46%,1.63,10%,100%,3.3,55.0,10.0,205.0,76.0
Yoel Romero,"6' 0""",185 lbs.,"73""",Southpaw,1977-04-30,3.44,49%,3.05,60%,1.57,30%,78%,0.0,49.0,30.0,185.0,73.0
Anthony Romero,"5' 11""",155 lbs.,"70""",Orthodox,1997-02-25,5.87,52%,4.0,65%,2.0,22%,100%,0.0,52.0,22.0,155.0,70.0
Mara Romero Borella,"5' 6""",125 lbs.,"69""",Orthodox,1986-06-03,2.54,37%,2.48,71%,1.83,44%,66%,0.2,37.0,44.0,125.0,69.0
Rong Zhu,,135 lbs.,,,2000-03-07,0.0,0%,0.0,0%,0.0,0%,0%,0.0,0.0,0.0,135.0,
Jesse Ronson,"5' 10""",170 lbs.,"70""",Southpaw,1985-12-24,3.54,49%,2.99,59%,0.63,40%,61%,0.6,49.0,40.0,170.0,70.0
Joao Roque,"5' 6""",155 lbs.,,Orthodox,1971-07-22,0.0,0%,0.0,0%,0.0,0%,0%,0.0,0.0,0.0,155.0,
George Roop,"6' 1""",135 lbs.,"72""",Orthodox,1981-11-10,3.43,34%,2.47,60%,1.05,57%,59%,0.1,34.0,57.0,135.0,72.0
Aaron Rosa,"6' 4""",205 lbs.,"77""",Orthodox,1983-05-28,4.03,47%,4.41,45%,0.36,33%,85%,0.4,47.0,33.0,205.0,77.0
Charles Rosa,"5' 9""",145 lbs.,"69""",Switch,1986-08-24,3.11,37%,3.78,48%,1.76,32%,40%,1.0,37.0,32.0,145.0,69.0
Karol Rosa,"5' 5""",135 lbs.,"67""",Orthodox,1994-12-30,7.73,52%,5.51,48%,2.0,60%,90%,0.0,52.0,60.0,135.0,67.0
Hilarie Rose,"5' 3""",115 lbs.,"63""",Orthodox,1992-11-11,2.33,33%,6.13,44%,0.0,0%,100%,0.0,33.0,0.0,115.0,63.0
Jacob Rosales,"5' 11""",155 lbs.,,Orthodox,1995-07-28,6.76,49%,12.0,41%,0.0,0%,50%,1.3,49.0,0.0,155.0,
Jake Rosholt,"6' 1""",185 lbs.,,Orthodox,1982-02-09,2.68,53%,2.33,49%,6.51,68%,0%,1.8,53.0,68.0,185.0,
Jared Rosholt,"6' 2""",265 lbs.,"75""",Orthodox,1986-08-04,2.08,46%,1.52,59%,1.83,41%,66%,0.1,46.0,41.0,265.0,75.0
Zach Rosol,,243 lbs.,,,,0.0,0%,14.21,25%,0.0,0%,0%,0.0,0.0,0.0,243.0,
Nick Rossborough,"6' 5""",205 lbs.,,,1981-11-18,2.8,35%,4.33,35%,0.0,0%,100%,0.0,35.0,0.0,205.0,
Kevin Rosier,"6' 4""",275 lbs.,,Orthodox,,0.0,0%,0.0,0%,0.0,0%,0%,0.0,0.0,0.0,275.0,
Kristian Rothaermel,"6' 0""",205 lbs.,,Open Stance,1972-01-31,0.75,50%,2.49,41%,0.0,0%,0%,0.0,50.0,0.0,205.0,
Rick Roufus,"6' 0""",207 lbs.,,Southpaw,,0.53,33%,1.06,33%,0.0,0%,50%,0.0,33.0,0.0,207.0,
Ben Rothwell,"6' 4""",265 lbs.,"78""",Orthodox,1981-10-17,3.55,41%,4.57,46%,0.63,33%,69%,0.3,41.0,33.0,265.0,78.0
Khalil Rountree Jr.,"6' 1""",205 lbs.,"76""",Southpaw,1990-02-26,3.06,38%,3.63,49%,0.0,0%,50%,0.2,38.0,0.0,205.0,76.0
Ronda Rousey,"5' 7""",135 lbs.,"66""",Orthodox,1987-02-01,4.17,52%,4.14,44%,6.26,68%,50%,4.8,52.0,68.0,135.0,66.0
Ray Routh,"5' 8""",185 lbs.,,Orthodox,,0.54,21%,3.22,28%,2.69,33%,0%,0.0,21.0,33.0,185.0,
Roberta Rovel,"5' 8""",145 lbs.,,,,0.87,46%,3.0,26%,0.0,0%,100%,0.0,46.0,0.0,145.0,
Philip Rowe,"6' 3""",170 lbs.,"80""",Orthodox,1990-07-18,4.99,60%,5.34,51%,1.19,33%,25%,0.0,60.0,33.0,170.0,80.0
Kain Royer,,185 lbs.,,,,0.0,0%,1.63,14%,0.0,0%,0%,4.1,0.0,0.0,185.0,
Brad Royster,,135 lbs.,,,,0.0,0%,0.0,0%,0.0,0%,0%,0.0,0.0,0.0,135.0,
Brandon Royval,"5' 9""",125 lbs.,"68""",Southpaw,1992-08-16,3.77,46%,2.88,47%,0.79,100%,53%,2.4,46.0,100.0,125.0,68.0
Jairzinho Rozenstruik,"6' 4""",242 lbs.,"78""",Orthodox,1988-03-17,3.14,48%,3.48,39%,0.0,0%,80%,0.0,48.0,0.0,242.0,78.0
Marco Ruas,"6' 1""",210 lbs.,,Orthodox,1961-01-23,0.0,0%,0.0,0%,0.0,0%,0%,0.0,0.0,0.0,210.0,
Rodrigo Ruas,"5' 10""",185 lbs.,,Orthodox,1977-10-06,1.28,35%,7.0,41%,0.0,0%,0%,0.0,35.0,0.0,185.0,
Murilo Rua,"5' 11""",185 lbs.,,Orthodox,1980-05-22,2.48,45%,1.85,53%,1.97,45%,37%,1.2,45.0,45.0,185.0,
Rodolfo Rubio Perez,"5' 5""",145 lbs.,,Orthodox,1987-01-29,1.13,36%,1.0,62%,2.0,33%,33%,0.0,36.0,33.0,145.0,
Mauricio Rua,"6' 1""",205 lbs.,"76""",Orthodox,1981-11-25,3.57,50%,2.71,54%,2.12,48%,47%,0.8,50.0,48.0,205.0,76.0
Gabe Ruediger,"5' 10""",155 lbs.,,Orthodox,1977-08-29,1.7,31%,5.16,41%,2.04,11%,28%,0.0,31.0,11.0,155.0,
Eddie Ruiz,"5' 7""",155 lbs.,,Orthodox,1967-06-10,0.2,25%,1.4,47%,2.0,12%,0%,0.0,25.0,12.0,155.0,
Anthony Ruiz,"6' 2""",205 lbs.,,Orthodox,1977-11-03,2.56,64%,1.67,28%,1.43,31%,21%,0.0,64.0,31.0,205.0,
Casey Ryan,,185 lbs.,,,,0.0,0%,0.0,0%,0.0,0%,0%,0.0,0.0,0.0,185.0,
Mike Russow,"6' 1""",255 lbs.,"73""",Orthodox,1976-09-11,1.55,47%,2.9,59%,4.66,43%,0%,0.7,47.0,43.0,255.0,73.0
Bas Rutten,"6' 1""",205 lbs.,,Orthodox,1965-02-24,5.59,61%,2.06,79%,0.0,0%,0%,0.0,61.0,0.0,205.0,
Pete Sabala,,135 lbs.,,,,0.0,0%,0.0,0%,0.0,0%,0%,0.0,0.0,0.0,135.0,
Yusup Saadulaev,"5' 6""",135 lbs.,,,1985-03-31,0.57,45%,0.96,66%,5.73,60%,0%,1.0,45.0,60.0,135.0,
Danny Sabatello,"5' 10""",135 lbs.,"71""",Orthodox,1993-03-31,2.07,57%,0.2,25%,3.0,75%,100%,1.0,57.0,75.0,135.0,71.0
Patrick Sabatini,"5' 8""",145 lbs.,"70""",Orthodox,1990-11-09,0.0,0%,0.0,0%,0.0,0%,0%,0.0,0.0,0.0,145.0,70.0
Amir Sadollah,"5' 10""",170 lbs.,"75""",Orthodox,1980-08-27,4.71,46%,3.55,60%,0.57,27%,60%,0.3,46.0,27.0,170.0,75.0
Saparbeg Safarov,"6' 1""",185 lbs.,"78""",Orthodox,1986-10-14,4.03,48%,2.96,47%,2.52,41%,33%,0.0,48.0,41.0,185.0,78.0
Frankie Saenz,"5' 6""",135 lbs.,"66""",Orthodox,1980-08-12,3.94,47%,3.5,52%,1.74,31%,61%,0.1,47.0,31.0,135.0,66.0
Jason Saggo,"5' 11""",155 lbs.,"71""",Orthodox,1985-11-23,2.5,39%,2.94,52%,2.33,40%,23%,0.0,39.0,40.0,155.0,71.0
Tarec Saffiedine,"5' 10""",170 lbs.,"70""",Switch,1986-09-06,4.05,47%,3.06,62%,0.52,36%,84%,0.1,47.0,36.0,170.0,70.0
Lukasz Sajewski,"5' 8""",155 lbs.,"71""",Orthodox,1990-11-27,2.06,35%,3.88,57%,1.01,25%,66%,0.0,35.0,25.0,155.0,71.0
Ovince Saint Preux,"6' 3""",205 lbs.,"80""",Southpaw,1983-04-08,2.68,46%,3.03,45%,1.19,40%,66%,0.6,46.0,40.0,205.0,80.0
Paul Ruiz,"5' 6""",135 lbs.,,,1987-06-23,1.4,33%,1.4,75%,0.0,0%,100%,20.9,33.0,0.0,135.0,
Yukio Sakaguchi,"5' 9""",185 lbs.,,Orthodox,1973-07-26,0.3,25%,2.4,50%,4.5,100%,0%,9.0,25.0,100.0,185.0,
Wataru Sakata,"5' 9""",195 lbs.,,Southpaw,1973-03-11,1.11,61%,2.08,31%,0.0,0%,0%,0.0,61.0,0.0,195.0,
Augusto Sakai,"6' 3""",265 lbs.,"77""",Orthodox,1991-05-09,5.32,48%,4.02,50%,0.15,50%,66%,0.0,48.0,50.0,265.0,77.0
Gokhan Saki,"6' 0""",205 lbs.,"73""",Orthodox,1983-10-19,7.09,58%,4.57,53%,0.0,0%,100%,0.0,58.0,0.0,205.0,73.0
Alessio Sakara,"6' 0""",185 lbs.,"72""",Orthodox,1981-09-02,3.96,47%,2.8,59%,2.18,78%,62%,0.0,47.0,78.0,185.0,72.0
Ryuta Sakurai,"5' 7""",183 lbs.,,Orthodox,,1.8,48%,3.44,58%,0.52,100%,36%,1.6,48.0,100.0,183.0,
Kazushi Sakuraba,"6' 0""",185 lbs.,,Southpaw,1969-07-14,1.26,41%,2.03,51%,1.26,31%,48%,1.7,41.0,31.0,185.0,
Justin Salas,"5' 8""",155 lbs.,"70""",Southpaw,1982-03-13,3.42,43%,2.96,68%,2.43,20%,0%,0.0,43.0,20.0,155.0,70.0
Hayato Sakurai,"5' 7""",168 lbs.,,Orthodox,1975-08-24,2.45,49%,1.94,59%,1.87,69%,56%,0.3,49.0,69.0,168.0,
Luis Saldana,"5' 11""",145 lbs.,"73""",Orthodox,1991-01-27,7.17,59%,1.21,78%,0.0,0%,0%,0.0,59.0,0.0,145.0,73.0
Ivan Salaverry,"6' 0""",185 lbs.,,Orthodox,1971-01-11,3.01,47%,1.19,76%,0.49,18%,36%,2.5,47.0,18.0,185.0,
John Salgado,"5' 10""",170 lbs.,,,,0.99,50%,1.86,40%,0.0,0%,50%,0.0,50.0,0.0,170.0,
Roman Salazar,"5' 7""",135 lbs.,,Orthodox,1988-02-21,1.95,39%,2.89,57%,1.77,18%,50%,0.0,39.0,18.0,135.0,
Brandon Saling,"5' 10""",170 lbs.,,,1986-01-28,2.88,40%,6.08,20%,0.0,0%,57%,0.0,40.0,0.0,170.0,
Muslim Salikhov,"5' 11""",170 lbs.,"70""",Orthodox,1984-06-09,2.85,46%,2.29,67%,0.87,30%,80%,0.0,46.0,30.0,170.0,70.0
Sean Salmon,"5' 10""",185 lbs.,,Southpaw,1977-09-11,1.49,33%,2.03,65%,4.06,50%,0%,0.0,33.0,50.0,185.0,
Gabriel Salinas-Jones,"6' 1""",245 lbs.,,,1984-11-20,0.0,0%,0.0,0%,0.0,0%,0%,0.0,0.0,0.0,245.0,
Boston Salmon,"5' 9""",135 lbs.,"69""",Southpaw,1990-11-20,4.13,37%,7.75,59%,0.0,0%,100%,0.0,37.0,0.0,135.0,69.0
Johnny Sampaio,"5' 8""",170 lbs.,,Orthodox,1975-09-11,1.32,40%,2.64,50%,9.89,50%,0%,9.9,40.0,50.0,170.0,
John Salter,"6' 1""",185 lbs.,"74""",Southpaw,1985-03-21,1.68,32%,1.68,68%,2.85,46%,66%,0.5,32.0,46.0,185.0,74.0
Josh Samman,"6' 3""",185 lbs.,"79""",Orthodox,1988-03-14,2.08,52%,2.47,34%,1.09,33%,33%,0.4,52.0,33.0,185.0,79.0
Josh San Diego,"5' 10""",135 lbs.,,,,0.0,0%,0.0,0%,0.0,0%,0%,0.0,0.0,0.0,135.0,
Josh Sampo,"5' 4""",125 lbs.,"64""",Orthodox,1984-07-24,1.99,36%,2.96,55%,1.06,33%,40%,2.1,36.0,33.0,125.0,64.0
Eddie Sanchez,"6' 2""",230 lbs.,"74""",Orthodox,1982-11-04,3.45,43%,3.3,43%,1.13,26%,42%,0.0,43.0,26.0,230.0,74.0
Julian Sanchez,"6' 3""",300 lbs.,,Orthodox,,0.0,0%,0.0,0%,0.0,0%,0%,0.0,0.0,0.0,300.0,
Bobby Sanchez,"5' 7""",155 lbs.,,Orthodox,,0.0,0%,0.0,100%,0.0,0%,100%,0.0,0.0,0.0,155.0,
Donald Sanchez,"5' 10""",145 lbs.,,,1984-08-18,0.58,50%,1.16,55%,0.0,0%,50%,0.0,50.0,0.0,145.0,
Diego Sanchez,"5' 10""",170 lbs.,"72""",Southpaw,1981-12-31,2.69,37%,3.02,56%,1.51,24%,46%,0.8,37.0,24.0,170.0,72.0
Joby Sanchez,"5' 6""",135 lbs.,"68""",Orthodox,1991-06-24,3.22,36%,2.82,63%,0.95,71%,51%,0.4,36.0,71.0,135.0,68.0
Emmanuel Sanchez,"5' 9""",145 lbs.,"71""",,1990-08-11,4.45,35%,4.17,55%,0.25,6%,16%,0.5,35.0,6.0,145.0,71.0
Jesse Sanders,"6' 0""",170 lbs.,,Orthodox,,0.0,0%,6.45,35%,0.0,0%,50%,0.0,0.0,0.0,170.0,
Erick Sanchez,"5' 10""",145 lbs.,,,1990-10-04,0.0,0%,0.0,0%,0.0,0%,0%,0.0,0.0,0.0,145.0,
Andrew Sanchez,"6' 1""",185 lbs.,"74""",Orthodox,1988-04-08,4.48,42%,5.05,51%,1.92,31%,100%,0.0,42.0,31.0,185.0,74.0
Robert Sanchez,"5' 6""",125 lbs.,"66""",Orthodox,1986-03-05,0.96,40%,1.78,46%,3.61,62%,50%,0.7,40.0,62.0,125.0,66.0
Jerrod Sanders,"5' 8""",135 lbs.,"72""",Orthodox,1979-10-01,0.88,64%,1.14,46%,2.2,33%,50%,1.6,64.0,33.0,135.0,72.0
Cory Sandhagen,"5' 11""",135 lbs.,"70""",Switch,1992-04-20,6.85,48%,3.89,59%,1.07,50%,30%,0.5,48.0,50.0,135.0,70.0
Luke Sanders,"5' 6""",135 lbs.,"67""",Southpaw,1985-12-12,6.21,51%,4.11,53%,0.31,20%,66%,0.3,51.0,20.0,135.0,67.0
Hugo Sandoval,,135 lbs.,,,,0.0,0%,0.0,0%,0.0,0%,0%,0.0,0.0,0.0,135.0,
Joseph Sandoval,"5' 7""",135 lbs.,,Southpaw,1986-05-11,1.82,42%,12.12,60%,0.0,0%,0%,0.0,42.0,0.0,135.0,
Hector Sandoval,"5' 2""",125 lbs.,"64""",Orthodox,1986-07-19,3.31,52%,2.33,65%,3.49,25%,71%,1.4,52.0,25.0,125.0,64.0
Raul Sandoval,,130 lbs.,,,,0.0,0%,0.0,0%,0.0,0%,0%,0.0,0.0,0.0,130.0,
Chris Sanford,"5' 11""",185 lbs.,,Orthodox,1968-03-12,0.23,50%,3.22,17%,0.0,0%,0%,3.5,50.0,0.0,185.0,
Jonathan Santa Maria,"5' 9""",125 lbs.,,,,3.6,51%,2.53,74%,0.0,0%,80%,0.0,51.0,0.0,125.0,
Roldan Sangcha'an,"5' 4""",125 lbs.,,Orthodox,1990-12-04,2.71,46%,2.15,51%,1.94,60%,68%,0.0,46.0,60.0,125.0,
Yuhi Sano,"5' 11""",243 lbs.,,Orthodox,1965-02-02,0.0,0%,0.0,0%,0.0,0%,0%,0.0,0.0,0.0,243.0,
Duda Santana,"5' 7""",145 lbs.,"73""",Orthodox,1996-01-10,6.01,39%,2.72,73%,6.44,60%,0%,0.0,39.0,60.0,145.0,73.0
Sean Santella,"5' 5""",125 lbs.,,,1984-10-25,0.0,0%,0.0,0%,0.0,0%,0%,0.0,0.0,0.0,125.0,
Will Santiago,"5' 7""",185 lbs.,,Orthodox,1983-02-08,1.47,39%,5.53,56%,1.0,50%,100%,0.0,39.0,50.0,185.0,
Mike Santiago,"5' 10""",145 lbs.,"69""",Orthodox,1989-07-28,3.44,49%,3.58,36%,2.66,50%,53%,1.1,49.0,50.0,145.0,69.0
Shaheen Santana,"6' 1""",155 lbs.,"75""",Orthodox,1991-06-04,0.82,42%,1.65,40%,0.0,0%,0%,2.8,42.0,0.0,155.0,75.0
Jorge Santiago,"6' 1""",170 lbs.,"75""",Orthodox,1980-10-09,1.69,35%,2.62,56%,0.58,30%,52%,0.8,35.0,30.0,170.0,75.0
Richie Santiago,"5' 7""",135 lbs.,"67""",Southpaw,1992-10-10,3.87,49%,4.87,42%,0.0,0%,25%,0.0,49.0,0.0,135.0,67.0
Jose Santibanez,,155 lbs.,,,1980-01-18,0.0,0%,0.0,0%,0.0,0%,0%,0.0,0.0,0.0,155.0,
Art Santore,"6' 2""",185 lbs.,,,1972-10-26,1.4,12%,7.31,52%,0.0,0%,100%,0.0,12.0,0.0,185.0,
Adriano Santos,,,,,,0.0,0%,0.0,0%,0.0,0%,0%,0.0,0.0,0.0,,
Luis Santos,"6' 1""",170 lbs.,,Southpaw,,4.4,57%,4.0,64%,0.0,0%,0%,0.0,57.0,0.0,170.0,
Iliarde Santos,"5' 5""",125 lbs.,"67""",Orthodox,1980-09-25,3.0,30%,6.1,57%,1.66,23%,83%,0.0,30.0,23.0,125.0,67.0
Paulo Santos,,,,,,0.0,0%,0.0,0%,0.0,0%,0%,0.0,0.0,0.0,,
Thiago Santos,"6' 2""",205 lbs.,"76""",Orthodox,1984-01-07,4.27,48%,2.33,55%,0.7,38%,66%,0.1,48.0,38.0,205.0,76.0
Evangelista Santos,"5' 10""",170 lbs.,"76""",Orthodox,1977-12-12,3.94,36%,6.01,49%,0.78,100%,50%,0.4,36.0,100.0,170.0,76.0
Leonardo Santos,"6' 0""",155 lbs.,"75""",Orthodox,1980-02-05,2.65,44%,2.77,58%,1.07,29%,89%,0.3,44.0,29.0,155.0,75.0
Bruno Santos,"5' 9""",185 lbs.,,Orthodox,1987-07-17,1.18,46%,2.27,56%,3.0,37%,66%,0.3,46.0,37.0,185.0,
Andre Santos,"6' 0""",170 lbs.,,,,2.77,34%,4.17,41%,2.5,29%,75%,0.0,34.0,29.0,170.0,
Gleristone Santos,"5' 9""",145 lbs.,,,1988-08-20,3.4,31%,4.4,64%,0.0,0%,75%,0.0,31.0,0.0,145.0,
Taila Santos,"5' 6""",125 lbs.,"68""",Orthodox,1993-06-22,3.52,48%,2.22,59%,2.0,80%,85%,1.0,48.0,80.0,125.0,68.0
Marilia Santos,"5' 4""",125 lbs.,,Orthodox,1992-12-12,4.4,54%,4.07,53%,1.0,100%,66%,1.0,54.0,100.0,125.0,
Nick Sanzo,"5' 9""",190 lbs.,,,,0.0,0%,0.0,0%,0.0,0%,0%,0.0,0.0,0.0,190.0,
Bob Sapp,"6' 5""",350 lbs.,,Orthodox,1974-09-22,3.19,55%,1.88,49%,0.58,100%,72%,0.0,55.0,100.0,350.0,
Diego Saraiva,"5' 6""",155 lbs.,,Orthodox,1982-04-23,1.64,32%,3.58,62%,1.33,40%,0%,0.7,32.0,40.0,155.0,
Daniel Sarafian,"5' 9""",185 lbs.,"73""",Orthodox,1982-08-21,2.23,46%,3.1,58%,0.36,7%,53%,0.7,46.0,7.0,185.0,73.0
Harris Sarmiento,"5' 9""",155 lbs.,,Orthodox,1983-09-09,0.84,25%,3.46,36%,2.36,60%,57%,0.0,25.0,60.0,155.0,
Alexander Sarnavskiy,"5' 11""",155 lbs.,,,1989-01-17,1.43,66%,2.06,42%,0.0,0%,75%,0.0,66.0,0.0,155.0,
Yuki Sasaki,"6' 2""",185 lbs.,,Orthodox,1976-09-12,1.09,43%,1.2,57%,0.43,100%,66%,0.0,43.0,100.0,185.0,
Kyosuke Sasaki,"5' 7""",183 lbs.,,Southpaw,,0.33,45%,0.93,46%,0.0,0%,0%,0.0,45.0,0.0,183.0,
Yuta Sasaki,"5' 10""",125 lbs.,"71""",Southpaw,1989-10-07,2.16,41%,2.5,50%,3.03,43%,41%,1.2,41.0,43.0,125.0,71.0
Paul Sass,"6' 0""",155 lbs.,"73""",Orthodox,1988-08-04,0.53,26%,1.9,51%,0.53,16%,33%,7.4,26.0,16.0,155.0,73.0
Masaaki Satake,"6' 1""",220 lbs.,,Orthodox,1965-08-17,1.4,35%,3.76,41%,0.0,0%,58%,0.0,35.0,0.0,220.0,
Takenori Sato,"5' 10""",170 lbs.,,Southpaw,1985-06-08,0.46,33%,12.92,9%,0.0,0%,0%,0.0,33.0,0.0,170.0,
Takashi Sato,"5' 10""",170 lbs.,"73""",Southpaw,1990-06-09,3.16,37%,4.81,50%,0.53,50%,75%,0.0,37.0,50.0,170.0,73.0
Tom Sauer,"6' 1""",263 lbs.,,,1970-11-11,0.0,0%,0.0,0%,0.0,0%,0%,0.0,0.0,0.0,263.0,
Jeimeson Saudino,"5' 6""",135 lbs.,,,1991-03-05,0.66,30%,0.82,84%,2.47,50%,0%,2.5,30.0,50.0,135.0,
Townsend Saunders,"5' 5""",170 lbs.,,Orthodox,,0.0,0%,0.0,0%,0.0,0%,0%,0.0,0.0,0.0,170.0,
Ben Saunders,"6' 2""",170 lbs.,"77""",Orthodox,1983-04-13,3.23,50%,3.58,51%,0.2,40%,66%,1.3,50.0,40.0,170.0,77.0
Chris Saunders,"5' 8""",155 lbs.,,,1986-03-11,1.48,22%,2.96,75%,3.7,100%,0%,0.0,22.0,100.0,155.0,
Chad W. Saunders,"5' 10""",170 lbs.,,Orthodox,,0.0,0%,0.0,0%,0.0,0%,0%,0.0,0.0,0.0,170.0,
Lumumba Sayers,"6' 0""",185 lbs.,,,1978-06-30,2.54,41%,2.37,48%,7.63,75%,0%,2.5,41.0,75.0,185.0,
Matt Sayles,"5' 7""",145 lbs.,"68""",Orthodox,1994-02-21,5.44,42%,3.13,61%,0.0,0%,81%,0.4,42.0,0.0,145.0,68.0
Brandon Sayles,"6' 5""",265 lbs.,,,1981-04-23,0.0,0%,0.0,0%,0.0,0%,0%,0.0,0.0,0.0,265.0,
Mark Scanlon,"5' 9""",170 lbs.,,Orthodox,,2.2,35%,3.33,48%,3.0,75%,25%,2.0,35.0,75.0,170.0,
Eric Schafer,"6' 3""",185 lbs.,"76""",Orthodox,1977-09-20,1.89,34%,3.38,56%,1.81,36%,50%,1.8,34.0,36.0,185.0,76.0
Brendan Schaub,"6' 4""",245 lbs.,"78""",Orthodox,1983-03-18,2.92,37%,2.22,57%,2.32,46%,72%,0.4,37.0,46.0,245.0,78.0
Kerry Schall,"6' 2""",265 lbs.,,Orthodox,1971-08-09,0.94,11%,4.84,63%,0.0,0%,0%,0.0,11.0,0.0,265.0,
Eric Schambari,"5' 11""",185 lbs.,,Orthodox,1978-04-22,1.43,42%,1.07,54%,3.0,42%,0%,1.0,42.0,42.0,185.0,
Matheus Scheffel,"6' 2""",205 lbs.,,,1992-04-11,0.0,0%,0.0,0%,0.0,0%,0%,0.0,0.0,0.0,205.0,
Antonio Schembri,"5' 9""",205 lbs.,,Orthodox,1974-06-01,0.72,26%,2.12,55%,1.31,40%,0%,0.4,26.0,40.0,205.0,
Fabiano Scherner,"6' 3""",257 lbs.,,Orthodox,1972-06-30,1.31,31%,3.2,38%,1.09,33%,40%,0.0,31.0,33.0,257.0,
Joe Schilling,"6' 3""",185 lbs.,,,,2.84,52%,2.64,48%,0.0,0%,44%,0.0,52.0,0.0,185.0,
Samy Schiavo,"5' 8""",155 lbs.,,Orthodox,1975-12-24,1.68,34%,2.62,38%,0.94,50%,66%,0.9,34.0,50.0,155.0,
Semmy Schilt,"6' 10""",265 lbs.,,Orthodox,1973-10-27,1.2,50%,1.31,53%,0.0,0%,47%,1.1,50.0,0.0,265.0,
Adam Schindler,"5' 8""",155 lbs.,,,1983-05-19,0.0,0%,0.0,0%,0.0,0%,0%,0.0,0.0,0.0,155.0,
Daniel Schmitt,,185 lbs.,,,,0.0,0%,0.0,0%,0.0,0%,0%,0.0,0.0,0.0,185.0,
Colleen Schneider,,135 lbs.,,,,2.17,48%,2.5,50%,2.5,50%,60%,0.0,48.0,50.0,135.0,
Matt Schnell,"5' 8""",125 lbs.,"70""",Orthodox,1990-01-15,4.2,36%,4.02,62%,0.48,33%,53%,1.2,36.0,33.0,125.0,70.0
Darrill Schoonover,"6' 2""",220 lbs.,,Orthodox,1985-07-18,1.2,33%,4.35,38%,0.0,0%,50%,1.1,33.0,0.0,220.0,
Alex Schoenauer,"6' 3""",185 lbs.,,Orthodox,1976-05-05,1.22,40%,2.27,42%,0.0,0%,22%,4.9,40.0,0.0,185.0,
Bob Schrijber,"6' 0""",240 lbs.,,Orthodox,,0.0,0%,0.0,0%,0.0,0%,0%,0.0,0.0,0.0,240.0,
Nate Schroeder,"6' 1""",230 lbs.,,,,0.0,0%,0.0,0%,0.0,0%,0%,0.0,0.0,0.0,230.0,
Lacey Schuckman,"5' 3""",125 lbs.,,,,0.0,0%,0.0,0%,0.0,0%,0%,0.0,0.0,0.0,125.0,
Mark Schultz,"5' 9""",200 lbs.,,Orthodox,,0.0,0%,0.0,0%,0.0,0%,0%,0.0,0.0,0.0,200.0,
Brian Schwartz,"6' 3""",170 lbs.,,Orthodox,,1.27,44%,0.87,45%,0.0,0%,50%,1.0,44.0,0.0,170.0,
Eric Schwartz,,205 lbs.,,,,0.0,0%,0.0,0%,0.0,0%,0%,0.0,0.0,0.0,205.0,
Justin Scoggins,"5' 7""",125 lbs.,"66""",Southpaw,1992-05-02,3.56,51%,2.16,55%,3.42,63%,82%,0.5,51.0,63.0,125.0,66.0
Pat Schilling,"5' 8""",145 lbs.,,Orthodox,1988-08-28,1.87,26%,8.24,52%,0.0,0%,0%,0.0,26.0,0.0,145.0,
Brad Scott,"6' 1""",170 lbs.,"76""",Orthodox,1989-06-24,3.52,41%,4.31,57%,0.32,15%,63%,0.7,41.0,15.0,170.0,76.0
Mike Seal,"6' 4""",185 lbs.,,Orthodox,,5.5,68%,3.33,50%,0.0,0%,33%,0.0,68.0,0.0,185.0,
Greg Scott,"5' 9""",145 lbs.,,,,3.9,55%,7.79,37%,11.69,100%,0%,0.0,55.0,100.0,145.0,
Kenneth Seegrist,"6' 0""",185 lbs.,,Orthodox,,3.21,66%,1.28,0%,0.0,0%,40%,14.4,66.0,0.0,185.0,
Rony Sefo,"5' 9""",225 lbs.,,Orthodox,,0.0,0%,0.43,0%,0.0,0%,0%,0.0,0.0,0.0,225.0,
Matt Secor,"6' 0""",170 lbs.,,,1986-09-26,0.51,20%,0.81,50%,3.03,100%,0%,3.0,20.0,100.0,170.0,
Neil Seery,"5' 4""",125 lbs.,"64""",Orthodox,1979-08-30,3.56,41%,3.79,58%,0.78,27%,53%,1.6,41.0,27.0,125.0,64.0
Ray Sefo,"6' 0""",240 lbs.,,Orthodox,1971-02-15,0.86,31%,1.71,72%,0.0,0%,66%,0.0,31.0,0.0,240.0,
Brendan Seguin,"6' 0""",185 lbs.,,,1976-07-03,2.6,45%,0.6,84%,5.0,62%,100%,0.0,45.0,62.0,185.0,
Stefan Sekulic,"6' 0""",170 lbs.,"75""",Southpaw,1992-02-12,1.47,37%,2.4,57%,1.0,20%,33%,0.0,37.0,20.0,170.0,75.0
Pete Sell,"5' 11""",170 lbs.,"75""",Orthodox,1982-08-05,2.6,42%,3.65,51%,0.91,21%,47%,0.9,42.0,21.0,170.0,75.0
Andrei Semenov,"6' 0""",185 lbs.,,Orthodox,1977-06-17,0.78,15%,2.44,60%,1.74,80%,55%,0.4,15.0,80.0,185.0,
Brandon Sene,"5' 11""",205 lbs.,,,1981-05-21,0.0,0%,0.0,0%,0.0,0%,0%,0.0,0.0,0.0,205.0,
Matthew Semelsberger,"6' 1""",170 lbs.,"75""",Switch,1992-11-23,7.93,50%,5.31,56%,1.97,100%,100%,1.0,50.0,100.0,170.0,75.0
Kim In Seok,"5' 6""",145 lbs.,,Orthodox,,0.87,37%,5.19,60%,0.0,0%,0%,0.0,37.0,0.0,145.0,
Mackens Semerzier,"5' 9""",145 lbs.,"72""",Orthodox,1980-11-03,2.91,45%,3.48,46%,2.14,50%,50%,2.1,45.0,50.0,145.0,72.0
Ray Seraille,"6' 3""",246 lbs.,,,,5.29,27%,17.65,41%,0.0,0%,0%,0.0,27.0,0.0,246.0,
Alex Serdyukov,"6' 2""",170 lbs.,"74""",Orthodox,1980-05-24,4.94,48%,3.1,46%,1.84,55%,67%,1.8,48.0,55.0,170.0,74.0
Ivan Serati,"6' 0""",205 lbs.,,Orthodox,,0.86,26%,5.33,29%,0.0,0%,0%,0.0,26.0,0.0,205.0,
Nicholas Sergiacomi,,170 lbs.,,,,4.38,55%,3.94,59%,0.0,0%,0%,0.0,55.0,0.0,170.0,
Adrian Serrano,"5' 8""",170 lbs.,,,1963-12-23,0.0,0%,0.0,0%,0.0,0%,0%,0.0,0.0,0.0,170.0,
Nick Serra,"5' 9""",170 lbs.,,Orthodox,1978-03-27,0.0,0%,1.73,43%,1.0,10%,0%,2.0,0.0,10.0,170.0,
Fredy Serrano,"5' 3""",125 lbs.,"65""",Orthodox,1979-09-22,1.58,26%,1.89,61%,2.84,25%,84%,0.0,26.0,25.0,125.0,65.0
Carl Seumanutafa,"6' 1""",255 lbs.,,Orthodox,,0.0,0%,3.33,75%,0.0,0%,0%,0.0,0.0,0.0,255.0,
Matt Serra,"5' 6""",170 lbs.,"68""",Orthodox,1974-06-02,1.98,39%,2.64,46%,2.05,20%,38%,0.9,39.0,20.0,170.0,68.0
Scott Shaffer,"5' 7""",145 lbs.,,Orthodox,,2.4,67%,0.53,50%,0.0,0%,72%,3.0,67.0,0.0,145.0,
Dan Severn,"6' 2""",250 lbs.,,Southpaw,1958-06-08,0.0,0%,0.0,0%,0.0,0%,0%,0.0,0.0,0.0,250.0,
Rosi Sexton,"5' 3""",135 lbs.,,Orthodox,1977-07-16,3.31,39%,7.42,41%,0.75,10%,80%,0.0,39.0,10.0,135.0,
Leon Shahbazyan,"6' 4""",170 lbs.,"74""",Orthodox,1995-11-18,6.33,52%,8.18,32%,1.46,50%,0%,0.0,52.0,50.0,170.0,74.0
Edmen Shahbazyan,"6' 2""",185 lbs.,"74""",Orthodox,1997-11-20,3.85,51%,4.31,49%,4.44,40%,58%,0.5,51.0,40.0,185.0,74.0
Liliya Shakirova,"5' 4""",125 lbs.,"65""",Orthodox,1991-10-24,2.7,30%,2.58,74%,0.0,0%,0%,0.0,30.0,0.0,125.0,65.0
Kamal Shalorus,"5' 8""",155 lbs.,"68""",Orthodox,1972-08-27,3.06,32%,2.99,70%,2.07,50%,80%,0.0,32.0,50.0,155.0,68.0
Ken Shamrock,"6' 1""",205 lbs.,"72""",Orthodox,1964-02-11,1.47,46%,4.3,39%,0.94,60%,44%,2.5,46.0,60.0,205.0,72.0
Frank Shamrock,"5' 10""",185 lbs.,,Orthodox,1972-12-08,4.75,53%,4.66,57%,0.35,50%,37%,1.1,53.0,50.0,185.0,
Eric Shelton,"5' 6""",125 lbs.,"68""",Orthodox,1991-02-02,2.57,42%,1.88,63%,2.83,51%,46%,0.2,42.0,51.0,125.0,68.0
Jason Sharp,,205 lbs.,,,,0.0,0%,0.0,0%,0.0,0%,0%,0.0,0.0,0.0,205.0,
Chase Sherman,"6' 4""",250 lbs.,"78""",Orthodox,1989-11-16,6.02,45%,5.55,52%,0.0,0%,77%,0.0,45.0,0.0,250.0,78.0
Sean Sherk,"5' 6""",155 lbs.,"67""",Orthodox,1973-08-05,2.17,35%,2.71,55%,4.09,46%,56%,0.4,35.0,46.0,155.0,67.0
Antonina Shevchenko,"5' 8""",125 lbs.,"67""",Southpaw,1984-11-20,4.09,56%,2.51,54%,0.65,60%,56%,0.7,56.0,60.0,125.0,67.0
Henrique Shiguemoto,"5' 11""",185 lbs.,"72""",Orthodox,1989-06-22,3.6,33%,6.0,16%,0.0,0%,50%,0.0,33.0,0.0,185.0,72.0
Valentina Shevchenko,"5' 5""",125 lbs.,"66""",Southpaw,1988-03-07,2.98,50%,2.03,62%,2.21,58%,75%,0.3,50.0,58.0,125.0,66.0
Shunichi Shimizu,"5' 5""",135 lbs.,,Orthodox,1985-01-31,0.14,33%,4.68,30%,0.0,0%,0%,0.0,33.0,0.0,135.0,
Jake Shields,"6' 0""",170 lbs.,"72""",Orthodox,1979-01-09,2.45,36%,1.8,56%,2.83,29%,35%,1.2,36.0,29.0,170.0,72.0
Wade Shipp,"6' 3""",245 lbs.,,Orthodox,1975-02-09,4.29,86%,2.14,0%,0.0,0%,75%,0.0,86.0,0.0,245.0,
Raja Shippen,"5' 6""",145 lbs.,,,1986-10-07,0.0,0%,0.0,0%,0.0,0%,0%,0.0,0.0,0.0,145.0,
Yuya Shirai,"5' 8""",168 lbs.,,Orthodox,1980-04-02,1.02,100%,4.07,55%,0.0,0%,0%,0.0,100.0,0.0,168.0,
Wes Shivers,"6' 8""",,,,,0.0,0%,0.0,0%,0.0,0%,0%,0.0,0.0,0.0,,
Alexander Shlemenko,"5' 11""",185 lbs.,,,1984-05-20,4.36,60%,1.71,63%,0.0,0%,0%,0.0,60.0,0.0,185.0,
Josh Shockley,"6' 1""",155 lbs.,,Orthodox,1989-11-15,1.4,33%,1.75,60%,0.0,0%,61%,0.8,33.0,0.0,155.0,
Josh Shockman,"6' 4""",235 lbs.,,Southpaw,1980-12-29,0.87,32%,0.87,58%,0.0,0%,23%,0.0,32.0,0.0,235.0,
Jack Shore,"5' 8""",135 lbs.,"71""",Orthodox,1995-02-06,3.69,54%,0.59,76%,5.16,46%,0%,1.5,54.0,46.0,135.0,71.0
Akira Shoji,"5' 8""",195 lbs.,,Orthodox,1974-01-31,1.03,34%,2.63,53%,1.79,73%,82%,0.4,34.0,73.0,195.0,
Landon Showalter,"6' 0""",185 lbs.,,,1976-06-14,0.0,0%,0.0,0%,0.0,0%,0%,0.0,0.0,0.0,185.0,
Katsuyori Shibata,"6' 0""",168 lbs.,,Orthodox,1979-11-17,2.06,35%,2.4,53%,0.49,50%,53%,0.7,35.0,50.0,168.0,
Brandon Shuey,"5' 7""",155 lbs.,,Orthodox,1976-02-01,0.68,33%,1.36,0%,0.0,0%,0%,10.2,33.0,0.0,155.0,
Ivan Shtyrkov,"6' 0""",205 lbs.,"74""",Orthodox,1988-06-09,0.0,0%,0.0,0%,0.0,0%,0%,0.0,0.0,0.0,205.0,74.0
Kiril Sidelnikov,"5' 11""",230 lbs.,,,1988-08-17,2.87,28%,4.48,61%,0.0,0%,0%,0.0,28.0,0.0,230.0,
Sam Sicilia,"5' 8""",145 lbs.,"67""",Orthodox,1986-02-01,2.46,33%,3.55,59%,1.45,43%,70%,0.9,33.0,43.0,145.0,67.0
Steven Siler,"5' 11""",145 lbs.,"70""",Orthodox,1987-02-15,3.21,41%,2.96,54%,0.47,21%,55%,1.6,41.0,21.0,145.0,70.0
Siala Siliga,"6' 1""",290 lbs.,,Orthodox,1970-10-08,1.08,26%,1.96,50%,1.47,50%,80%,0.0,26.0,50.0,290.0,
Assuerio Silva,"5' 10""",241 lbs.,,Orthodox,1974-06-18,1.42,46%,4.2,54%,2.66,34%,25%,1.8,46.0,34.0,241.0,
Xavier Siller,"5' 5""",125 lbs.,,,1994-06-06,1.02,36%,1.53,57%,3.83,100%,0%,0.0,36.0,100.0,125.0,
Thiago Silva,"6' 2""",205 lbs.,"74""",Orthodox,1982-11-12,3.92,50%,2.55,67%,1.03,47%,70%,0.7,50.0,47.0,205.0,74.0
Jean Silva,"5' 6""",160 lbs.,,Orthodox,1977-10-08,0.73,22%,2.93,52%,0.0,0%,0%,0.0,22.0,0.0,160.0,
Paulo Cesar Silva,"7' 5""",385 lbs.,,Orthodox,1963-07-21,0.4,15%,2.72,47%,0.42,100%,16%,0.4,15.0,100.0,385.0,
Edson Silva,,205 lbs.,,Orthodox,,2.69,14%,5.37,50%,0.0,0%,0%,0.0,14.0,0.0,205.0,
Anderson Silva,"6' 2""",185 lbs.,"77""",Southpaw,1975-04-14,3.05,61%,2.05,60%,0.5,77%,69%,0.8,61.0,77.0,185.0,77.0
Wanderlei Silva,"5' 11""",205 lbs.,"74""",Orthodox,1976-07-03,2.79,40%,2.19,60%,0.97,53%,62%,0.6,40.0,53.0,205.0,74.0
Sidney Silva,"6' 3""",170 lbs.,,Southpaw,1972-02-27,2.86,65%,3.3,34%,3.3,100%,0%,0.0,65.0,100.0,170.0,
Jay Silva,"6' 2""",185 lbs.,,Southpaw,,1.13,34%,3.07,40%,0.0,0%,38%,1.0,34.0,0.0,185.0,
Fabio Silva,"5' 11""",205 lbs.,,Orthodox,1982-03-31,0.09,11%,5.9,38%,0.0,0%,0%,0.0,11.0,0.0,205.0,
Leandro Silva,"5' 9""",155 lbs.,"72""",Orthodox,1985-11-11,2.39,48%,2.08,63%,1.76,37%,65%,0.4,48.0,37.0,155.0,72.0
Claudio Silva,"5' 11""",170 lbs.,"71""",Southpaw,1982-09-06,3.14,42%,3.12,43%,3.01,28%,66%,1.6,42.0,28.0,170.0,71.0
Wagner Silva,"6' 0""",170 lbs.,,Orthodox,1987-02-07,1.69,29%,2.87,65%,0.0,0%,58%,0.0,29.0,0.0,170.0,
Antonio Silva,"6' 4""",264 lbs.,"82""",Orthodox,1979-09-14,2.89,45%,3.09,50%,0.82,29%,66%,0.8,45.0,29.0,264.0,82.0
Erick Silva,"6' 0""",170 lbs.,"74""",Orthodox,1984-06-21,2.5,48%,4.18,49%,0.85,35%,56%,1.4,48.0,35.0,170.0,74.0
Rafael Silva,"5' 7""",135 lbs.,,,1985-03-20,0.67,50%,0.73,67%,0.0,0%,25%,1.0,50.0,0.0,135.0,
Joaquim Silva,"5' 8""",155 lbs.,"69""",Southpaw,1989-02-05,3.92,37%,4.43,56%,0.24,50%,64%,0.7,37.0,50.0,155.0,69.0
Felipe Silva,"6' 0""",155 lbs.,"77""",Orthodox,1984-05-08,5.4,50%,1.8,59%,1.0,100%,71%,0.0,50.0,100.0,155.0,77.0
Dayana Silva,"5' 7""",135 lbs.,,Orthodox,1990-08-27,6.33,51%,5.93,57%,0.0,0%,42%,0.0,51.0,0.0,135.0,
Jacob Silva,"5' 5""",125 lbs.,"67""",Orthodox,1988-02-23,4.17,44%,4.92,56%,1.51,100%,66%,0.0,44.0,100.0,125.0,67.0
Gabriel Silva,"5' 6""",135 lbs.,"71""",Orthodox,1994-08-26,1.3,34%,3.47,45%,1.5,25%,38%,0.5,34.0,25.0,135.0,71.0
Bruno Silva,"6' 0""",185 lbs.,,,1989-07-13,0.0,0%,0.0,0%,0.0,0%,0%,0.0,0.0,0.0,185.0,
Natalia Silva,"5' 4""",125 lbs.,,,1997-02-03,0.0,0%,0.0,0%,0.0,0%,0%,0.0,0.0,0.0,125.0,
Douglas Silva de Andrade,"5' 7""",145 lbs.,"68""",Orthodox,1985-06-22,3.77,38%,4.26,58%,0.7,50%,66%,0.0,38.0,50.0,145.0,68.0
Leonardo Silva de Oliveira,"6' 2""",185 lbs.,,Orthodox,1992-04-23,1.07,40%,0.54,50%,24.11,50%,0%,0.0,40.0,50.0,185.0,
Marcus Silveira,"6' 3""",242 lbs.,,Orthodox,,0.0,0%,0.0,0%,0.0,0%,0%,0.0,0.0,0.0,242.0,
Jamey Simmons,"5' 6""",145 lbs.,"70""",Orthodox,1992-09-11,0.52,50%,2.08,50%,0.0,0%,100%,0.0,50.0,0.0,145.0,70.0
Elias Silverio,"5' 11""",155 lbs.,"73""",Orthodox,1986-09-22,3.67,49%,2.97,51%,1.62,38%,85%,0.2,49.0,38.0,155.0,73.0
Aaron Simpson,"6' 0""",170 lbs.,"73""",Orthodox,1974-07-20,3.6,52%,2.53,56%,3.78,34%,83%,0.5,52.0,34.0,170.0,73.0
Ricky Simon,"5' 6""",135 lbs.,"69""",Orthodox,1992-08-31,3.08,42%,3.13,64%,6.93,54%,72%,0.4,42.0,54.0,135.0,69.0
Wes Sims,"6' 10""",260 lbs.,,Orthodox,1979-08-04,0.98,51%,2.95,37%,0.0,0%,40%,2.3,51.0,0.0,260.0,
Marlon Sims,,170 lbs.,,,,0.0,0%,0.0,0%,0.0,0%,0%,0.0,0.0,0.0,170.0,
Tony Sims,"5' 11""",155 lbs.,"70""",Southpaw,1985-10-14,1.81,63%,0.76,65%,0.71,50%,50%,0.7,63.0,50.0,155.0,70.0
Lodune Sincaid,"5' 9""",185 lbs.,,Orthodox,1973-05-07,2.72,42%,6.17,57%,0.0,0%,75%,0.0,42.0,0.0,185.0,
Everett Sims,"6' 5""",260 lbs.,"77""",Southpaw,1988-09-04,0.81,66%,2.19,30%,0.0,0%,42%,1.2,66.0,0.0,260.0,77.0
Rob Sinclair,"5' 8""",155 lbs.,,,1980-02-20,1.2,33%,1.73,73%,0.0,0%,50%,0.0,33.0,0.0,155.0,
Elvis Sinosic,"6' 3""",205 lbs.,"77""",Orthodox,1971-02-13,1.13,37%,4.6,53%,0.0,0%,0%,1.2,37.0,0.0,205.0,77.0
Mitchell Sipe,"6' 2""",245 lbs.,,Orthodox,1996-04-09,5.5,56%,9.98,46%,1.53,20%,0%,0.0,56.0,20.0,245.0,
Rory Singer,"6' 2""",185 lbs.,"77""",Orthodox,1976-05-28,2.55,39%,2.42,63%,0.39,25%,64%,0.8,39.0,25.0,185.0,77.0
AJ Siscoe,"5' 7""",135 lbs.,,,,0.0,0%,0.0,0%,0.0,0%,0%,0.0,0.0,0.0,135.0,
Yokthai Sithoar,"5' 7""",143 lbs.,,,1974-12-25,0.0,0%,0.0,0%,0.0,0%,0%,0.0,0.0,0.0,143.0,
Jeri Sitzes,"5' 5""",125 lbs.,,,,0.0,0%,0.0,0%,0.0,0%,0%,0.0,0.0,0.0,125.0,
Dennis Siver,"5' 6""",145 lbs.,"70""",Orthodox,1979-01-13,3.87,32%,2.67,65%,0.87,32%,65%,0.3,32.0,32.0,145.0,70.0
Chas Skelly,"5' 11""",145 lbs.,"72""",Orthodox,1985-05-11,2.02,40%,3.35,48%,1.71,34%,33%,2.4,40.0,34.0,145.0,72.0
Matt Skelton,"6' 3""",265 lbs.,,Orthodox,1967-01-23,0.0,0%,0.54,0%,0.0,0%,66%,0.0,0.0,0.0,265.0,
Zach Skinner,"5' 6""",145 lbs.,,Orthodox,,0.53,50%,2.4,32%,5.0,27%,100%,1.0,50.0,27.0,145.0,
Joe Slick,"6' 0""",199 lbs.,,Orthodox,1977-10-17,0.0,0%,0.0,0%,0.0,0%,0%,0.0,0.0,0.0,199.0,
Patrick Smith,"6' 2""",225 lbs.,,Orthodox,1963-08-28,0.0,0%,0.0,0%,0.0,0%,0%,0.0,0.0,0.0,225.0,
Kestutis Smirnovas,"5' 10""",200 lbs.,,Orthodox,,4.95,52%,5.05,54%,1.55,50%,100%,1.6,52.0,50.0,200.0,
Maurice Smith,"6' 2""",221 lbs.,,Orthodox,1961-12-13,0.41,46%,0.47,60%,0.89,50%,20%,0.9,46.0,50.0,221.0,
Scott Smith,"6' 0""",185 lbs.,"70""",Orthodox,1979-05-21,1.9,27%,5.87,50%,0.12,6%,58%,0.5,27.0,6.0,185.0,70.0
Eric Smith,,,,Southpaw,,0.0,0%,0.0,0%,0.0,0%,0%,0.0,0.0,0.0,,
Josh Smith,"6' 0""",155 lbs.,,Orthodox,1982-07-02,0.73,28%,1.4,54%,0.0,0%,57%,2.0,28.0,0.0,155.0,
Adam Smith,,,,,,0.0,0%,0.0,0%,0.0,0%,0%,0.0,0.0,0.0,,
Dillon Smith,"6' 0""",170 lbs.,,,,0.0,0%,0.0,0%,0.0,0%,0%,0.0,0.0,0.0,170.0,
David Smith,,155 lbs.,,,,0.0,0%,0.0,0%,0.0,0%,0%,0.0,0.0,0.0,155.0,
Brian Sleeman,"5' 8""",185 lbs.,,,,4.0,48%,1.85,70%,9.23,100%,100%,0.0,48.0,100.0,185.0,
Trevor Smith,"6' 3""",185 lbs.,"75""",Orthodox,1981-01-05,3.29,55%,3.31,51%,1.7,32%,60%,0.7,55.0,32.0,185.0,75.0
Anthony Smith,"6' 4""",205 lbs.,"76""",Orthodox,1988-07-26,2.94,46%,4.38,42%,0.49,28%,51%,0.7,46.0,28.0,205.0,76.0
Colton Smith,"6' 0""",155 lbs.,"71""",Orthodox,1987-08-14,1.64,41%,2.3,51%,4.09,36%,25%,1.4,41.0,36.0,155.0,71.0
Ray Sloan,"6' 1""",205 lbs.,,,1985-07-14,0.0,0%,0.0,0%,0.0,0%,0%,0.0,0.0,0.0,205.0,
Gilbert Smith,"5' 9""",185 lbs.,,Southpaw,1981-10-19,1.09,41%,2.73,35%,3.51,60%,0%,1.2,41.0,60.0,185.0,
Devonte Smith,"5' 9""",155 lbs.,"76""",Orthodox,1993-07-30,5.64,55%,2.65,59%,0.74,100%,100%,0.7,55.0,100.0,155.0,76.0
Leslie Smith,"5' 9""",135 lbs.,"66""",Orthodox,1982-08-17,7.56,40%,8.41,51%,0.0,0%,62%,0.0,40.0,0.0,135.0,66.0
Cole Smith,"5' 11""",135 lbs.,"67""",Orthodox,1989-04-05,1.78,35%,1.96,49%,1.67,33%,45%,1.7,35.0,33.0,135.0,67.0
Justin Smitley,,145 lbs.,,,,0.0,0%,0.0,0%,0.0,0%,0%,0.0,0.0,0.0,145.0,
Walter Smith-Cotito,"5' 8""",135 lbs.,,,,2.95,36%,3.53,68%,2.16,33%,57%,0.0,36.0,33.0,135.0,
Nate Smith,"5' 6""",125 lbs.,"69""",Switch,1995-04-09,1.28,38%,2.04,35%,0.0,0%,33%,2.3,38.0,0.0,125.0,69.0
Dmitrii Smoliakov,"6' 2""",253 lbs.,"74""",Switch,1982-08-05,1.44,42%,3.81,55%,0.0,0%,75%,0.0,42.0,0.0,253.0,74.0
Louis Smolka,"5' 9""",135 lbs.,"68""",Orthodox,1991-07-16,4.44,46%,3.74,53%,1.84,37%,31%,1.9,46.0,37.0,135.0,68.0
Richie Smullen,"5' 9""",155 lbs.,"68""",Orthodox,1991-08-17,1.98,77%,2.26,65%,8.49,66%,0%,0.0,77.0,66.0,155.0,68.0
Devin Smyth,"5' 10""",170 lbs.,"72""",Switch,1995-07-21,2.6,68%,6.73,25%,4.0,26%,100%,0.0,68.0,26.0,170.0,72.0
Denis Sobolev,"6' 3""",216 lbs.,,Orthodox,,0.0,0%,5.45,33%,0.0,0%,0%,0.0,0.0,0.0,216.0,
Renato Sobral,"6' 1""",205 lbs.,"75""",Orthodox,1975-09-07,2.23,45%,1.53,57%,2.48,42%,65%,2.6,45.0,42.0,205.0,75.0
Peter Sobotta,"6' 0""",170 lbs.,"75""",Southpaw,1987-01-11,2.14,40%,2.9,58%,1.53,32%,77%,0.5,40.0,32.0,170.0,75.0
Rameau Thierry Sokoudjou,"5' 10""",205 lbs.,"78""",Orthodox,1984-04-18,2.26,45%,2.61,56%,1.93,47%,78%,0.9,45.0,47.0,205.0,78.0
Joe Solecki,"5' 9""",155 lbs.,"70""",Orthodox,1993-08-27,3.62,74%,0.93,51%,3.31,62%,0%,1.3,74.0,62.0,155.0,70.0
Chris Solomon,"5' 11""",155 lbs.,,,,0.0,0%,2.8,37%,0.0,0%,33%,0.0,0.0,0.0,155.0,
Paul Song,,185 lbs.,,,,0.0,0%,0.0,0%,0.0,0%,0%,0.0,0.0,0.0,185.0,
Joe Son,"5' 4""",236 lbs.,,Orthodox,1970-11-22,0.0,0%,0.0,0%,0.0,0%,0%,0.0,0.0,0.0,236.0,
Chael Sonnen,"6' 1""",205 lbs.,"73""",Southpaw,1977-04-03,3.08,43%,1.1,62%,3.81,59%,66%,0.4,43.0,59.0,205.0,73.0
Song Kenan,"6' 0""",170 lbs.,"71""",Orthodox,1990-03-10,4.39,46%,4.37,54%,0.0,0%,50%,0.0,46.0,0.0,170.0,71.0
Song Yadong,"5' 8""",145 lbs.,"67""",Orthodox,1997-12-02,4.35,42%,3.64,57%,0.59,75%,56%,0.4,42.0,75.0,145.0,67.0
Cody Sons,"5' 9""",205 lbs.,,,,0.0,0%,0.0,0%,0.0,0%,0%,0.0,0.0,0.0,205.0,
Jin Soo Son,"5' 6""",135 lbs.,"69""",Orthodox,1993-04-01,5.1,36%,7.63,52%,1.5,25%,100%,0.0,36.0,25.0,135.0,69.0
Emiliano Sordi,"6' 2""",205 lbs.,,Orthodox,1991-02-15,4.79,50%,4.79,48%,0.0,0%,100%,8.3,50.0,0.0,205.0,
Punahele Soriano,"5' 11""",185 lbs.,"72""",Southpaw,1992-11-22,4.46,43%,2.86,52%,2.6,66%,0%,0.0,43.0,66.0,185.0,72.0
Sean Soriano,"5' 9""",145 lbs.,,Orthodox,1989-10-06,3.15,61%,2.31,52%,1.27,42%,55%,0.0,61.0,42.0,145.0,
Dmitry Sosnovskiy,"6' 3""",240 lbs.,"77""",Orthodox,1989-07-06,2.95,70%,2.53,35%,3.16,66%,100%,3.2,70.0,66.0,240.0,77.0
Ben Sosoli,"6' 0""",265 lbs.,"72""",Southpaw,1989-12-10,2.31,31%,4.3,47%,0.0,0%,0%,0.0,31.0,0.0,265.0,72.0
Greg Soto,"5' 11""",170 lbs.,"73""",Orthodox,1986-06-03,3.21,63%,2.61,52%,1.49,27%,44%,1.0,63.0,27.0,170.0,73.0
George Sotiropoulos,"5' 10""",155 lbs.,"71""",Orthodox,1977-07-09,2.61,27%,2.52,67%,2.32,31%,53%,1.6,27.0,31.0,155.0,71.0
Alex Soto,"5' 8""",135 lbs.,,Southpaw,1984-02-15,2.95,25%,5.02,59%,2.82,30%,0%,0.0,25.0,30.0,135.0,
Krzysztof Soszynski,"6' 1""",205 lbs.,"77""",Open Stance,1977-08-02,3.37,39%,3.13,58%,0.52,25%,71%,1.0,39.0,25.0,205.0,77.0
Mario Soto,"6' 0""",145 lbs.,,,,1.43,23%,5.23,42%,0.0,0%,0%,0.0,23.0,0.0,145.0,
Joe Soto,"5' 6""",135 lbs.,"65""",Orthodox,1987-03-22,3.36,41%,5.37,67%,0.85,21%,70%,1.9,41.0,21.0,135.0,65.0
Bobby Southworth,"6' 2""",205 lbs.,,Orthodox,1969-12-16,0.99,39%,1.38,65%,3.98,78%,64%,1.3,39.0,78.0,205.0,
Andre Soukhamthath,"5' 9""",135 lbs.,"70""",Orthodox,1988-10-23,2.77,44%,4.31,49%,1.25,53%,58%,0.2,44.0,53.0,135.0,70.0
Edimilson Souza,"6' 0""",145 lbs.,"74""",Orthodox,1984-10-17,4.65,44%,2.91,58%,0.0,0%,50%,0.0,44.0,0.0,145.0,74.0
Chris Spang,"6' 2""",170 lbs.,,Orthodox,1987-11-26,1.83,36%,1.95,60%,0.0,0%,50%,0.9,36.0,0.0,170.0,
Mario Souza,"6' 3""",185 lbs.,"79""",Orthodox,1996-10-20,3.4,60%,0.93,54%,0.0,0%,0%,1.0,60.0,0.0,185.0,79.0
Livinha Souza,"5' 3""",115 lbs.,"63""",Orthodox,1991-03-11,2.06,45%,3.38,62%,2.4,44%,40%,1.2,45.0,44.0,115.0,63.0
Jacare Souza,"6' 1""",185 lbs.,"72""",Orthodox,1979-12-07,2.53,46%,2.85,62%,2.55,39%,60%,1.4,46.0,39.0,185.0,72.0
Charon Spain,"5' 9""",155 lbs.,,,1988-03-11,0.0,0%,0.0,0%,0.0,0%,0%,0.0,0.0,0.0,155.0,
Andreas Spang,"6' 1""",185 lbs.,,,1978-11-07,0.0,0%,0.0,0%,0.0,0%,0%,0.0,0.0,0.0,185.0,
Ryan Spann,"6' 5""",205 lbs.,"79""",Orthodox,1991-08-24,3.55,45%,3.45,47%,1.72,41%,60%,1.7,45.0,41.0,205.0,79.0
Tommy Speer,"5' 10""",170 lbs.,"71""",Orthodox,1984-08-20,2.56,51%,5.12,35%,2.02,33%,33%,0.0,51.0,33.0,170.0,71.0
Patrick Speight,"6' 1""",170 lbs.,,Orthodox,,0.0,0%,0.0,0%,0.0,0%,0%,0.0,0.0,0.0,170.0,
Ron Sparks,"6' 5""",265 lbs.,,,,0.0,0%,0.0,0%,0.0,0%,0%,0.0,0.0,0.0,265.0,
Sean Spencer,"5' 10""",170 lbs.,"74""",Orthodox,1987-06-25,4.24,32%,4.02,60%,0.14,33%,68%,0.0,32.0,33.0,170.0,74.0
Felicia Spencer,"5' 6""",145 lbs.,"68""",Orthodox,1990-11-29,3.02,45%,5.57,43%,0.64,10%,14%,0.3,45.0,10.0,145.0,68.0
Sam Spengler,"5' 11""",185 lbs.,,Orthodox,,3.27,62%,3.27,54%,1.75,11%,75%,1.8,62.0,11.0,185.0,
Nick Sperling,,135 lbs.,,,,1.4,25%,1.4,66%,0.0,0%,0%,0.0,25.0,0.0,135.0,
Mario Sperry,"6' 2""",205 lbs.,,Orthodox,1966-09-28,2.81,52%,1.53,47%,2.09,42%,71%,1.4,52.0,42.0,205.0,
Waachiim Spiritwolf,"5' 8""",170 lbs.,,,,10.0,100%,10.0,0%,0.0,0%,0%,0.0,100.0,0.0,170.0,
Daniel Spitz,"6' 7""",245 lbs.,"82""",Orthodox,1990-07-31,2.6,35%,5.3,46%,0.74,66%,0%,0.0,35.0,66.0,245.0,82.0
Eric Spicely,"6' 1""",185 lbs.,"73""",Orthodox,1986-09-29,3.71,45%,5.72,55%,1.31,20%,75%,1.0,45.0,20.0,185.0,73.0
Serghei Spivac,"6' 3""",260 lbs.,"78""",Orthodox,1995-01-24,3.58,49%,2.84,58%,3.7,63%,75%,0.3,49.0,63.0,260.0,78.0
Daniel Spohn,"6' 4""",205 lbs.,"79""",Southpaw,1984-10-12,2.42,49%,1.6,53%,0.0,0%,28%,2.5,49.0,0.0,205.0,79.0
Pete Spratt,"5' 9""",170 lbs.,,Orthodox,1971-01-09,1.63,48%,1.33,55%,0.3,100%,46%,0.3,48.0,100.0,170.0,
Austin Springer,"5' 8""",145 lbs.,"71""",Orthodox,1987-05-12,3.54,57%,3.15,41%,3.37,40%,100%,0.8,57.0,40.0,145.0,71.0
Georges St-Pierre,"5' 11""",185 lbs.,"76""",Orthodox,1981-05-19,3.78,53%,1.4,72%,4.16,74%,83%,1.1,53.0,74.0,185.0,76.0
Andreas Stahl,"5' 11""",170 lbs.,,Orthodox,1988-05-20,2.83,37%,4.74,57%,1.55,66%,80%,0.0,37.0,66.0,170.0,
Ron Stallings,"6' 2""",170 lbs.,"75""",Southpaw,1983-01-25,3.22,60%,3.26,51%,0.0,0%,71%,0.0,60.0,0.0,170.0,75.0
Bobby Stack,"5' 9""",155 lbs.,,Orthodox,,1.0,20%,2.89,34%,7.48,45%,100%,0.0,20.0,45.0,155.0,
Cristina Stanciu,"5' 3""",115 lbs.,,Orthodox,1994-03-29,2.5,50%,3.07,52%,0.85,100%,40%,1.7,50.0,100.0,115.0,
Cody Stamann,"5' 6""",145 lbs.,"64""",Orthodox,1989-11-09,4.14,48%,3.18,63%,3.03,46%,80%,0.0,48.0,46.0,145.0,64.0
Brian Stann,"6' 1""",205 lbs.,"74""",Orthodox,1980-09-24,3.28,42%,2.65,59%,0.12,12%,60%,0.3,42.0,12.0,205.0,74.0
Josh Stansbury,"6' 2""",205 lbs.,"74""",Orthodox,1984-11-19,3.22,54%,3.54,54%,0.0,0%,87%,1.0,54.0,0.0,205.0,74.0
Dion Staring,"6' 1""",235 lbs.,,Orthodox,1978-06-09,1.09,37%,5.0,47%,0.0,0%,33%,0.0,37.0,0.0,235.0,
Lucas Stark,,155 lbs.,,,,1.6,25%,3.2,66%,12.0,100%,0%,0.0,25.0,100.0,155.0,
Kalib Starnes,"6' 3""",185 lbs.,"74""",Orthodox,1975-01-06,2.71,48%,4.43,53%,1.46,33%,25%,0.6,48.0,33.0,185.0,74.0
Clifford Starks,"6' 0""",185 lbs.,"78""",Orthodox,1981-04-25,1.94,33%,2.49,58%,1.94,100%,60%,0.0,33.0,100.0,185.0,78.0
Damian Stasiak,"5' 5""",135 lbs.,"70""",Orthodox,1990-02-20,1.86,36%,3.1,52%,2.64,35%,43%,0.6,36.0,35.0,135.0,70.0
Adam Steele,,170 lbs.,,,,0.0,0%,0.0,0%,0.0,0%,0%,0.0,0.0,0.0,170.0,
Laureano Staropoli,"6' 1""",170 lbs.,"71""",Orthodox,1993-02-27,4.4,34%,4.58,53%,0.25,20%,57%,0.0,34.0,20.0,170.0,71.0
Ricky Steele,"5' 9""",135 lbs.,"74""",Orthodox,1988-05-26,4.07,70%,2.93,50%,0.0,0%,91%,0.0,70.0,0.0,135.0,74.0
Dominique Steele,"5' 10""",170 lbs.,"74""",Orthodox,1988-01-27,2.32,49%,2.42,50%,2.95,42%,76%,0.0,49.0,42.0,170.0,74.0
Ray Steinbeiss,"5' 11""",170 lbs.,,Orthodox,1979-09-12,0.0,0%,0.0,100%,0.0,0%,0%,0.0,0.0,0.0,170.0,
Eric Steenberg,,155 lbs.,,,1983-06-22,0.0,0%,0.0,0%,0.0,0%,0%,0.0,0.0,0.0,155.0,
Steve Steinbeiss,"6' 3""",185 lbs.,"75""",Orthodox,1981-05-05,3.92,55%,1.86,49%,0.44,50%,58%,0.0,55.0,50.0,185.0,75.0
Dmitri Stepanov,"6' 3""",217 lbs.,,Orthodox,,0.0,0%,0.0,0%,0.0,0%,0%,0.0,0.0,0.0,217.0,
Marc Stevens,"5' 9""",155 lbs.,,,,0.45,26%,1.79,46%,0.0,0%,0%,0.0,26.0,0.0,155.0,
Aljamain Sterling,"5' 7""",135 lbs.,"71""",Orthodox,1989-07-31,4.84,49%,2.2,63%,1.77,24%,41%,0.9,49.0,24.0,135.0,71.0
Jeremy Stephens,"5' 9""",145 lbs.,"71""",Orthodox,1986-05-25,3.18,40%,3.06,58%,1.16,38%,65%,0.4,40.0,38.0,145.0,71.0
Joe Stevenson,"5' 7""",145 lbs.,"70""",Orthodox,1982-06-15,2.05,44%,2.44,60%,2.75,44%,39%,2.2,44.0,44.0,145.0,70.0
Maia Stevenson,"5' 4""",115 lbs.,"62""",Orthodox,1982-03-19,1.57,54%,3.13,33%,3.91,100%,50%,0.0,54.0,100.0,115.0,62.0
Luke Stewart,"5' 11""",170 lbs.,,Orthodox,,3.75,56%,2.34,53%,3.75,33%,50%,1.9,56.0,33.0,170.0,
Darren Stewart,"6' 0""",185 lbs.,"74""",Orthodox,1990-12-30,3.09,44%,3.09,50%,1.5,40%,65%,0.1,44.0,40.0,185.0,74.0
Alex Stiebling,"6' 2""",205 lbs.,,Southpaw,,1.77,42%,1.45,52%,0.35,66%,66%,0.7,42.0,66.0,205.0,
Kyle Stewart,"6' 0""",170 lbs.,"76""",Orthodox,1989-01-31,1.41,35%,2.42,43%,1.32,20%,60%,0.0,35.0,20.0,170.0,76.0
Tyler Stinson,"6' 3""",170 lbs.,,,1986-01-17,2.8,23%,4.6,56%,0.5,100%,0%,0.5,23.0,100.0,170.0,
Dan Stittgen,"6' 1""",170 lbs.,,Orthodox,1980-11-17,2.97,46%,4.42,37%,0.78,100%,100%,0.0,46.0,100.0,170.0,
Lazar Stojadinovic,"5' 7""",145 lbs.,"68""",Southpaw,1989-03-22,1.82,29%,1.97,59%,0.0,0%,0%,0.0,29.0,0.0,145.0,68.0
Denis Stojnic,"6' 0""",245 lbs.,,Orthodox,1980-02-02,1.51,23%,6.06,36%,0.0,0%,80%,1.0,23.0,0.0,245.0,
Julija Stoliarenko,"5' 7""",135 lbs.,"66""",,1993-04-08,2.1,34%,3.87,50%,0.0,0%,66%,0.5,34.0,0.0,135.0,66.0
Dustin Stoltzfus,"6' 0""",185 lbs.,"75""",Orthodox,1991-11-15,2.48,57%,3.93,48%,0.78,12%,62%,0.8,57.0,12.0,185.0,75.0
Niklas Stolze,"6' 1""",170 lbs.,"74""",Switch,1992-12-28,2.0,41%,1.93,56%,1.0,100%,66%,0.0,41.0,100.0,170.0,74.0
Ken Stone,"5' 8""",135 lbs.,"71""",Southpaw,1982-10-08,3.85,49%,2.9,48%,1.24,33%,60%,0.6,49.0,33.0,135.0,71.0
Ryan Stonitsch,"5' 9""",170 lbs.,,Southpaw,1977-02-03,2.53,36%,2.53,71%,0.0,0%,0%,0.0,36.0,0.0,170.0,
George Stork,"5' 10""",185 lbs.,,,,0.0,0%,0.0,0%,0.0,0%,0%,0.0,0.0,0.0,185.0,
Darko Stosic,"6' 0""",205 lbs.,"76""",Orthodox,1992-02-09,2.61,45%,4.04,58%,3.42,50%,83%,0.0,45.0,50.0,205.0,76.0
Rick Story,"5' 9""",170 lbs.,"71""",Southpaw,1984-08-28,3.8,41%,2.17,62%,2.53,48%,63%,0.9,41.0,48.0,170.0,71.0
Greg Stott,"5' 7""",220 lbs.,,Southpaw,,0.0,0%,0.0,0%,0.0,0%,0%,0.0,0.0,0.0,220.0,
Curtis Stout,"6' 1""",185 lbs.,,Southpaw,1973-11-07,0.69,67%,3.2,29%,0.0,0%,20%,0.0,67.0,0.0,185.0,
Tim Stout,"5' 11""",185 lbs.,,,1979-02-09,0.0,0%,0.0,0%,0.0,0%,0%,0.0,0.0,0.0,185.0,
Sam Stout,"5' 9""",155 lbs.,"70""",Orthodox,1984-04-23,4.17,28%,4.08,57%,0.63,38%,77%,0.1,28.0,38.0,155.0,70.0
Jesse Strader,"5' 7""",135 lbs.,"70""",Orthodox,1991-05-29,7.12,56%,7.63,42%,0.0,0%,0%,0.0,56.0,0.0,135.0,70.0
Gennaro Strangis,,,,,,0.0,0%,0.0,0%,0.0,0%,0%,0.0,0.0,0.0,,
Gerald Strebendt,"5' 9""",155 lbs.,,Orthodox,1979-03-01,0.0,0%,4.0,38%,0.0,0%,0%,16.4,0.0,0.0,155.0,
Dave Strasser,"5' 10""",170 lbs.,,Orthodox,1969-07-13,3.04,45%,1.88,59%,0.72,33%,33%,0.0,45.0,33.0,170.0,
Daniel Straus,"5' 7""",145 lbs.,"71""",,1984-07-27,4.76,43%,2.99,57%,0.84,15%,81%,1.1,43.0,15.0,145.0,71.0
Sean Strickland,"6' 1""",185 lbs.,"76""",Orthodox,1991-02-27,5.09,38%,3.77,66%,1.26,60%,81%,0.4,38.0,60.0,185.0,76.0
Hans Stringer,"6' 3""",205 lbs.,,Orthodox,1987-07-06,3.16,61%,2.84,41%,2.4,36%,62%,0.0,61.0,36.0,205.0,
Mark Striegl,"5' 8""",135 lbs.,"70""",Southpaw,1988-06-23,3.53,42%,21.18,25%,0.0,0%,0%,0.0,42.0,0.0,135.0,70.0
Josh Stuart,"5' 9""",160 lbs.,,,,0.0,0%,0.0,0%,0.0,0%,0%,0.0,0.0,0.0,160.0,
Stefan Struve,"6' 11""",265 lbs.,"84""",Orthodox,1988-02-18,3.12,47%,4.04,46%,0.56,46%,55%,1.7,47.0,46.0,265.0,84.0
Mike Stumpf,"5' 10""",170 lbs.,,,1986-08-01,3.34,43%,8.85,47%,1.59,25%,33%,0.8,43.0,25.0,170.0,
Kyle Sturgeon,"6' 3""",225 lbs.,,Switch,,0.0,0%,0.0,0%,0.0,0%,0%,0.0,0.0,0.0,225.0,
Masanori Suda,"5' 9""",183 lbs.,,Orthodox,,1.8,50%,1.2,63%,0.0,0%,60%,0.0,50.0,0.0,183.0,
Tatiana Suarez,"5' 5""",115 lbs.,"66""",Southpaw,1990-12-19,4.82,65%,1.45,48%,6.47,62%,100%,0.6,65.0,62.0,115.0,66.0
Genki Sudo,"5' 9""",155 lbs.,,Orthodox,1978-03-08,1.55,39%,2.23,33%,3.58,60%,50%,4.2,39.0,60.0,155.0,
Daisuke Sugie,"5' 6""",160 lbs.,,Orthodox,,0.0,0%,0.22,80%,3.27,50%,0%,3.3,0.0,50.0,160.0,
Takashi Sugiura,"5' 11""",225 lbs.,,Southpaw,1970-05-31,1.37,40%,2.08,53%,1.33,66%,0%,0.0,40.0,66.0,225.0,
Justin Sumter,"6' 2""",185 lbs.,"80""",Southpaw,1989-11-16,2.68,48%,7.64,34%,2.87,100%,0%,0.0,48.0,100.0,185.0,80.0
Magomed Sultanakhmedov,"6' 2""",185 lbs.,,Southpaw,,0.0,0%,2.4,42%,9.0,100%,0%,9.0,0.0,100.0,185.0,
George Sullivan,"6' 0""",170 lbs.,"73""",Orthodox,1981-03-13,3.53,39%,2.42,57%,1.37,20%,38%,0.7,39.0,20.0,170.0,73.0
Amar Suloev,"5' 9""",183 lbs.,,Orthodox,1976-07-01,1.98,37%,2.19,70%,0.27,100%,88%,0.3,37.0,100.0,183.0,
Aji Susilo,"5' 10""",155 lbs.,,,,0.0,0%,0.0,0%,0.0,0%,0%,0.0,0.0,0.0,155.0,
Martin Svensson,"6' 1""",155 lbs.,,,1985-04-25,2.02,38%,5.91,38%,0.0,0%,0%,0.0,38.0,0.0,155.0,
Daniel Swain,"5' 9""",145 lbs.,"70""",Orthodox,1991-01-30,0.8,44%,3.2,40%,0.0,0%,0%,6.0,44.0,0.0,145.0,70.0
Naho Sugiyuma,"5' 1""",105 lbs.,,,1978-02-03,2.59,48%,2.45,71%,2.05,100%,66%,0.0,48.0,100.0,105.0,
Jason Suttie,"6' 0""",210 lbs.,,Orthodox,1973-08-07,2.07,83%,4.97,36%,0.0,0%,0%,0.0,83.0,0.0,210.0,
Joel Sutton,"5' 11""",205 lbs.,,Orthodox,,0.0,0%,0.0,0%,0.0,0%,0%,0.0,0.0,0.0,205.0,
Cub Swanson,"5' 8""",145 lbs.,"70""",Orthodox,1983-11-02,4.64,50%,3.64,60%,1.09,51%,60%,0.5,50.0,51.0,145.0,70.0
Chad Sutton,"6' 1""",185 lbs.,,,1982-08-07,0.0,0%,0.0,0%,0.0,0%,0%,0.0,0.0,0.0,185.0,
Kevin Syler,"5' 9""",155 lbs.,"71""",Switch,1993-07-29,5.6,69%,4.03,48%,1.0,40%,77%,2.0,69.0,40.0,155.0,71.0
Floyd Sword,"6' 0""",185 lbs.,,Orthodox,1976-08-24,0.78,42%,1.57,40%,0.0,0%,33%,0.0,42.0,0.0,185.0,
Bentley Syler,"5' 4""",125 lbs.,,Orthodox,1982-12-22,1.3,18%,1.73,79%,0.0,0%,75%,0.0,18.0,0.0,125.0,
Tony Sylvester,"6' 1""",225 lbs.,,Southpaw,1978-01-27,0.0,0%,10.12,12%,0.0,0%,0%,0.0,0.0,0.0,225.0,
Mike Swick,"6' 1""",170 lbs.,"77""",Orthodox,1979-06-19,2.36,37%,2.29,54%,1.06,50%,61%,0.6,37.0,50.0,170.0,77.0
Leo Sylvest,"5' 11""",205 lbs.,,Orthodox,1973-09-03,0.0,0%,6.58,27%,0.0,0%,0%,0.0,0.0,0.0,205.0,
Tim Sylvia,"6' 8""",265 lbs.,"80""",Orthodox,1976-03-05,4.23,41%,2.61,61%,0.11,100%,75%,0.1,41.0,100.0,265.0,80.0
Osamu Tachihikari,"6' 5""",300 lbs.,,Orthodox,,0.0,0%,0.0,0%,0.0,0%,0%,0.0,0.0,0.0,300.0,
Justin Tafa,"6' 0""",264 lbs.,"74""",Southpaw,1993-12-13,5.33,59%,4.6,46%,0.0,0%,100%,0.0,59.0,0.0,264.0,74.0
Eugenio Tadeu,"5' 8""",160 lbs.,,Orthodox,,0.0,0%,0.0,0%,0.0,0%,0%,0.0,0.0,0.0,160.0,
Amber Tackett,,115 lbs.,,,,0.0,0%,0.0,0%,0.0,0%,0%,0.0,0.0,0.0,115.0,
Joe Taimanglo,"5' 4""",135 lbs.,,,1984-06-27,4.18,42%,4.55,59%,5.45,40%,100%,1.4,42.0,40.0,135.0,
Khalid Taha,"5' 5""",135 lbs.,"69""",Orthodox,1992-02-15,2.86,35%,4.26,43%,0.0,0%,61%,0.3,35.0,0.0,135.0,69.0
Mairbek Taisumov,"5' 9""",155 lbs.,"73""",Orthodox,1988-08-08,2.98,39%,3.03,64%,1.34,63%,88%,0.0,39.0,63.0,155.0,73.0
Nobuhiko Takada,"6' 0""",220 lbs.,,Southpaw,1962-04-12,0.31,24%,1.92,39%,1.15,20%,0%,0.0,24.0,20.0,220.0,
Yoshiki Takahashi,"5' 11""",199 lbs.,,Southpaw,1969-03-13,2.26,51%,6.47,44%,0.0,0%,66%,2.3,51.0,0.0,199.0,
Yoko Takahashi,"5' 8""",150 lbs.,,,1973-04-20,5.11,54%,8.78,48%,0.0,0%,0%,0.0,54.0,0.0,150.0,
Yoshihiro Takayama,"6' 5""",280 lbs.,,Orthodox,1968-09-19,3.4,54%,5.69,29%,0.67,33%,55%,0.0,54.0,33.0,280.0,
Daiju Takase,"6' 0""",170 lbs.,,Southpaw,1978-04-20,0.49,30%,1.64,47%,0.84,17%,21%,1.2,30.0,17.0,170.0,
Makoto Takimoto,"5' 7""",205 lbs.,,Southpaw,1979-12-08,1.37,39%,1.71,55%,1.48,50%,25%,1.1,39.0,50.0,205.0,
Hiroyuki Takaya,"5' 6""",139 lbs.,,Orthodox,1977-06-10,3.18,33%,3.16,60%,0.9,45%,66%,0.0,33.0,45.0,139.0,
Nordine Taleb,"6' 1""",170 lbs.,"74""",Orthodox,1981-06-10,3.66,51%,2.62,66%,1.94,76%,73%,0.0,51.0,76.0,170.0,74.0
Oleg Taktarov,"6' 0""",210 lbs.,,Orthodox,1967-08-26,0.0,0%,0.0,0%,0.0,0%,0%,0.0,0.0,0.0,210.0,
Tsuyoshi Tamakairiki,"6' 0""",220 lbs.,,Orthodox,,0.0,0%,26.67,50%,0.0,0%,0%,0.0,0.0,0.0,220.0,
Akitoshi Tamura,"5' 9""",135 lbs.,"70""",Orthodox,1980-05-31,3.73,43%,1.94,78%,0.0,0%,20%,1.0,43.0,0.0,135.0,70.0
Akihito Tanaka,,,,Southpaw,,0.19,50%,2.05,38%,5.59,66%,0%,0.0,50.0,66.0,,
Jason Tan,"5' 10""",170 lbs.,,Orthodox,1981-12-17,0.69,29%,7.37,18%,0.0,0%,0%,0.0,29.0,0.0,170.0,
Michinori Tanaka,"5' 5""",135 lbs.,"67""",Orthodox,1990-10-04,1.97,37%,1.99,50%,2.4,38%,43%,0.2,37.0,38.0,135.0,67.0
Eli Tamez,"5' 7""",135 lbs.,,,1985-08-22,0.0,0%,0.0,0%,0.0,0%,0%,0.0,0.0,0.0,135.0,
Kiyoshi Tamura,"5' 11""",185 lbs.,,Southpaw,1969-12-17,2.44,53%,1.44,60%,0.58,60%,45%,0.2,53.0,60.0,185.0,
Issei Tamura,"5' 5""",135 lbs.,"63""",Orthodox,1984-03-12,1.89,53%,4.58,44%,0.92,25%,33%,0.0,53.0,25.0,135.0,63.0
Evan Tanner,"6' 0""",185 lbs.,"74""",Orthodox,1971-02-11,3.05,59%,2.64,56%,2.55,43%,25%,1.3,59.0,43.0,185.0,74.0
Deividas Taurosevicius,"5' 9""",145 lbs.,"68""",Southpaw,1977-08-28,2.13,43%,1.82,59%,2.0,28%,50%,0.3,43.0,28.0,145.0,68.0
Jeremy Tavares,,135 lbs.,,,,0.0,0%,0.0,0%,0.0,0%,0%,0.0,0.0,0.0,135.0,
Gary Tapusoa,"5' 7""",185 lbs.,,,,0.0,0%,0.0,0%,0.0,0%,0%,0.0,0.0,0.0,185.0,
Manny Tapia,"5' 5""",135 lbs.,"67""",Orthodox,1981-03-14,2.69,21%,4.74,58%,0.49,40%,66%,0.2,21.0,40.0,135.0,67.0
Miesha Tate,"5' 6""",135 lbs.,"66""",Orthodox,1986-08-18,1.93,41%,2.71,50%,2.06,31%,52%,1.6,41.0,31.0,135.0,66.0
Thiago Tavares,"5' 7""",145 lbs.,"70""",Orthodox,1984-11-08,2.0,40%,2.31,62%,3.83,42%,62%,1.5,40.0,42.0,145.0,70.0
Paul Taylor,"6' 0""",155 lbs.,"72""",Orthodox,1979-12-15,4.44,47%,4.47,55%,0.27,25%,56%,0.5,47.0,25.0,155.0,72.0
Brad Tavares,"6' 1""",185 lbs.,"74""",Orthodox,1987-12-21,3.04,41%,2.73,56%,0.97,27%,79%,0.0,41.0,27.0,185.0,74.0
Anthony Taylor,"5' 7""",145 lbs.,,,,0.0,0%,0.0,0%,0.0,0%,0%,0.0,0.0,0.0,145.0,
Jesse Taylor,"6' 0""",170 lbs.,"73""",Orthodox,1983-01-02,1.94,65%,0.55,38%,7.28,50%,100%,3.1,65.0,50.0,170.0,73.0
Louis Taylor,"5' 11""",185 lbs.,,Orthodox,1979-05-12,2.06,32%,1.24,68%,2.48,28%,100%,0.0,32.0,28.0,185.0,
Torrance Taylor,"5' 7""",155 lbs.,,,,0.0,0%,0.0,0%,0.0,0%,0%,0.0,0.0,0.0,155.0,
Danielle Taylor,"5' 0""",115 lbs.,"60""",Orthodox,1989-10-25,2.75,29%,3.31,71%,0.2,20%,70%,0.2,29.0,20.0,115.0,60.0
Shawn Teed,"6' 5""",265 lbs.,,Orthodox,1992-02-13,1.4,42%,13.31,21%,0.0,0%,0%,0.0,42.0,0.0,265.0,
J.T Taylor,"5' 10""",,,,,3.17,80%,3.7,26%,3.96,100%,0%,7.9,80.0,100.0,,
James Te Huna,"6' 2""",185 lbs.,"75""",Orthodox,1981-09-29,4.04,51%,2.99,62%,2.75,37%,58%,0.2,51.0,37.0,185.0,75.0
John Teixeira,"5' 7""",145 lbs.,,Orthodox,1986-11-18,3.36,35%,3.2,63%,1.0,27%,71%,0.7,35.0,27.0,145.0,
Tra Telligman,"6' 2""",233 lbs.,,Orthodox,1965-02-07,1.83,35%,3.02,56%,0.87,100%,80%,0.0,35.0,100.0,233.0,
Ewerton Teixeira,"6' 1""",242 lbs.,,,1982-02-13,2.0,39%,3.22,35%,0.0,0%,33%,0.0,39.0,0.0,242.0,
Taneisha Tennant,"5' 7""",145 lbs.,"70""",Orthodox,1989-06-15,5.67,55%,3.4,71%,0.0,0%,100%,0.0,55.0,0.0,145.0,70.0
Glover Teixeira,"6' 2""",205 lbs.,"76""",Orthodox,1979-10-28,3.75,47%,3.84,54%,2.04,40%,60%,1.0,47.0,40.0,205.0,76.0
Herman Terrado,,170 lbs.,,,,0.0,0%,0.0,0%,0.0,0%,0%,0.0,0.0,0.0,170.0,
Dave Terrel,"5' 8""",170 lbs.,,Southpaw,1978-05-10,2.62,43%,2.8,48%,3.28,38%,100%,0.0,43.0,38.0,170.0,
David Terrell,"6' 1""",185 lbs.,,Southpaw,1978-01-09,2.34,63%,2.71,37%,5.54,50%,0%,5.5,63.0,50.0,185.0,
Jeff Terry,"6' 2""",205 lbs.,,,,1.09,50%,9.27,19%,0.0,0%,100%,0.0,50.0,0.0,205.0,
Daniel Teymur,"5' 5""",145 lbs.,"69""",Orthodox,1988-02-03,3.08,46%,3.93,56%,0.56,18%,60%,0.3,46.0,18.0,145.0,69.0
David Teymur,"5' 9""",155 lbs.,"73""",Southpaw,1989-05-01,4.69,43%,3.53,55%,0.94,33%,77%,0.0,43.0,33.0,155.0,73.0
James Terry,"5' 10""",170 lbs.,,Orthodox,1981-03-16,3.23,32%,4.77,64%,3.31,36%,75%,0.0,32.0,36.0,170.0,
Motonobu Tezuka,"5' 7""",135 lbs.,,Southpaw,1987-08-29,0.87,23%,2.8,51%,1.5,11%,0%,0.5,23.0,11.0,135.0,
Jason Thacker,"5' 10""",185 lbs.,,Orthodox,1975-08-18,0.63,33%,17.05,32%,0.0,0%,0%,0.0,33.0,0.0,185.0,
Brandon Thatch,"6' 2""",170 lbs.,"74""",Switch,1985-07-11,2.7,42%,3.63,52%,1.36,66%,50%,0.7,42.0,66.0,170.0,74.0
Elias Theodorou,"6' 1""",185 lbs.,"75""",Orthodox,1988-05-31,4.19,42%,2.39,53%,1.27,28%,59%,0.0,42.0,28.0,185.0,75.0
Nik Theotikos,,185 lbs.,,Orthodox,,0.0,0%,5.48,19%,0.0,0%,0%,4.8,0.0,0.0,185.0,
Din Thomas,"5' 9""",155 lbs.,,Orthodox,1976-09-28,1.85,37%,2.6,59%,1.38,52%,76%,1.2,37.0,52.0,155.0,
Ryan Thomas,"6' 0""",170 lbs.,,Orthodox,1984-11-05,2.01,36%,4.17,30%,5.59,33%,0%,2.2,36.0,33.0,170.0,
Joel Thomas,"5' 10""",170 lbs.,,,,0.0,0%,0.0,0%,0.0,0%,0%,0.0,0.0,0.0,170.0,
Noah Thomas,"5' 9""",135 lbs.,,Orthodox,1981-03-27,0.44,13%,4.99,33%,0.0,0%,0%,1.3,13.0,0.0,135.0,
Paulo Thiago,"5' 11""",170 lbs.,"74""",Orthodox,1981-01-25,1.71,39%,1.99,63%,1.42,31%,63%,1.2,39.0,31.0,170.0,74.0
Treston Thomison,"5' 8""",145 lbs.,,,,0.0,0%,0.0,0%,0.0,0%,0%,0.0,0.0,0.0,145.0,
Nick Thompson,"6' 1""",170 lbs.,"74""",Orthodox,1981-06-23,1.87,42%,1.8,49%,1.06,100%,35%,2.6,42.0,100.0,170.0,74.0
Josh Thomson,"5' 10""",155 lbs.,"71""",Orthodox,1978-09-21,2.59,47%,2.12,64%,1.92,39%,54%,1.3,47.0,39.0,155.0,71.0
James Thompson,"6' 5""",265 lbs.,,Orthodox,1978-12-16,5.13,52%,3.19,41%,3.14,36%,53%,1.3,52.0,36.0,265.0,
Oli Thompson,"6' 1""",242 lbs.,,Orthodox,1980-01-02,1.66,46%,5.31,46%,0.0,0%,50%,0.5,46.0,0.0,242.0,
Josh Thornburg,"6' 0""",170 lbs.,,,1984-05-24,1.2,50%,3.13,38%,2.0,66%,42%,2.0,50.0,66.0,170.0,
Stephen Thompson,"6' 0""",170 lbs.,"75""",Orthodox,1983-02-11,4.24,43%,2.8,58%,0.32,45%,78%,0.0,43.0,45.0,170.0,75.0
Simeon Thoresen,"6' 1""",170 lbs.,"79""",Orthodox,1984-03-14,3.85,43%,3.85,64%,1.12,40%,50%,1.7,43.0,40.0,170.0,79.0
Gleison Tibau,"5' 10""",155 lbs.,"71""",Southpaw,1983-10-07,1.95,31%,2.51,63%,4.08,53%,92%,0.8,31.0,53.0,155.0,71.0
Chris Tickle,"5' 9""",155 lbs.,,,1982-02-01,1.07,40%,1.13,43%,1.0,25%,20%,2.0,40.0,25.0,155.0,
Nolan Ticman,"5' 6""",125 lbs.,,Orthodox,1988-05-17,2.57,47%,2.53,67%,0.0,0%,60%,0.0,47.0,0.0,125.0,
Ryan Tobar,,155 lbs.,,,,0.0,0%,0.0,0%,0.0,0%,0%,0.0,0.0,0.0,155.0,
Brett Tillis,,145 lbs.,,,,0.0,0%,0.0,0%,0.0,0%,0%,0.0,0.0,0.0,145.0,
Andrew Todhunter,"6' 0""",185 lbs.,,Switch,1987-11-30,0.0,0%,0.0,0%,0.0,0%,0%,0.0,0.0,0.0,185.0,
Darren Till,"6' 0""",185 lbs.,"74""",Southpaw,1992-12-24,2.27,46%,2.99,58%,0.54,41%,82%,0.0,46.0,41.0,185.0,74.0
Dusko Todorovic,"6' 1""",185 lbs.,"74""",Orthodox,1994-05-19,7.45,62%,5.42,46%,0.53,6%,100%,0.0,62.0,6.0,185.0,74.0
Hideo Tokoro,"5' 7""",135 lbs.,,Orthodox,1977-08-22,1.78,37%,2.01,65%,0.87,34%,44%,2.3,37.0,34.0,135.0,
Anatoly Tokov,"5' 10""",185 lbs.,,,1990-02-17,3.51,72%,0.54,66%,2.03,100%,100%,0.0,72.0,100.0,185.0,
Tyler Toner,"5' 8""",145 lbs.,"70""",Orthodox,1983-03-31,2.95,52%,2.13,62%,0.0,0%,54%,0.4,52.0,0.0,145.0,70.0
Kazuki Tokudome,"5' 11""",155 lbs.,"73""",Southpaw,1987-03-04,2.26,41%,3.63,53%,2.0,38%,78%,0.0,41.0,38.0,155.0,73.0
Masanori Tonooka,"5' 8""",185 lbs.,,Orthodox,,0.16,5%,1.09,36%,0.0,0%,0%,0.0,5.0,0.0,185.0,
James Toney,"5' 9""",220 lbs.,,Orthodox,1968-08-24,0.0,0%,2.41,27%,0.0,0%,0%,0.0,0.0,0.0,220.0,
Ilia Topuria,"5' 7""",145 lbs.,"69""",Orthodox,1997-01-21,2.5,45%,1.87,68%,4.25,55%,100%,4.2,45.0,55.0,145.0,69.0
Carl Toomey,,,,,,0.0,0%,0.0,0%,0.0,0%,0%,0.0,0.0,0.0,,
Anthony Torres,"5' 8""",170 lbs.,,Orthodox,1978-07-31,3.54,48%,7.52,45%,0.0,0%,100%,2.2,48.0,0.0,170.0,
Ronys Torres,"5' 7""",155 lbs.,,Orthodox,1975-08-13,0.87,26%,1.93,57%,4.0,47%,16%,0.5,26.0,47.0,155.0,
Miguel Torres,"5' 9""",135 lbs.,"76""",Orthodox,1981-01-18,3.98,43%,1.86,74%,0.0,0%,17%,1.6,43.0,0.0,135.0,76.0
Haven Torres,,125 lbs.,,,,0.0,0%,0.0,0%,0.0,0%,0%,0.0,0.0,0.0,125.0,
Abram Torres,"5' 10""",170 lbs.,,,1982-10-29,0.0,0%,0.0,0%,0.0,0%,0%,0.0,0.0,0.0,170.0,
Jose Torres,"5' 4""",125 lbs.,"65""",Orthodox,1992-08-02,4.37,36%,9.84,50%,1.28,33%,75%,0.0,36.0,33.0,125.0,65.0
Alex Torres,"5' 10""",145 lbs.,,Orthodox,1988-05-29,2.47,37%,2.73,69%,2.0,22%,50%,0.0,37.0,22.0,145.0,
Tecia Torres,"5' 1""",115 lbs.,"60""",Orthodox,1989-08-16,4.3,47%,3.37,62%,0.68,15%,56%,0.1,47.0,15.0,115.0,60.0
Desmond Torres,"5' 6""",135 lbs.,"69""",Orthodox,1997-01-06,4.8,64%,11.78,48%,0.0,0%,100%,0.0,64.0,0.0,135.0,69.0
Salim Touahri,"5' 10""",170 lbs.,"72""",Orthodox,1989-09-28,2.6,46%,2.87,58%,0.0,0%,83%,0.0,46.0,0.0,170.0,72.0
Roberto Traven,"6' 3""",227 lbs.,,Orthodox,1968-09-16,0.92,50%,2.77,57%,0.0,0%,0%,0.0,50.0,0.0,227.0,
Minoru Toyonaga,"5' 11""",195 lbs.,,Southpaw,,0.0,0%,0.0,0%,0.0,0%,0%,0.0,0.0,0.0,195.0,
Alexander Trevino,,170 lbs.,,,,0.0,0%,0.0,0%,0.0,0%,0%,0.0,0.0,0.0,170.0,
Dequan Townsend,"6' 3""",205 lbs.,"79""",Orthodox,1986-05-11,1.23,34%,3.92,38%,0.0,0%,46%,0.0,34.0,0.0,205.0,79.0
Bryan Travers,,155 lbs.,,,1983-04-11,2.33,48%,3.93,55%,2.0,28%,63%,0.0,48.0,28.0,155.0,
Francisco Trevino,"5' 9""",155 lbs.,"70""",Orthodox,1981-12-17,2.65,42%,2.42,64%,0.97,22%,41%,0.0,42.0,22.0,155.0,70.0
Angelo Trevino,"5' 11""",170 lbs.,,Switch,1993-06-10,5.19,54%,3.9,47%,0.0,0%,100%,0.0,54.0,0.0,170.0,
Damien Trites,"5' 11""",165 lbs.,,,1979-08-23,0.0,0%,0.0,0%,0.0,0%,0%,0.0,0.0,0.0,165.0,
Frank Trigg,"5' 9""",170 lbs.,"71""",Southpaw,1972-05-07,2.79,46%,1.9,56%,2.35,47%,75%,0.8,46.0,47.0,170.0,71.0
Michael Trizano,"5' 11""",155 lbs.,"71""",Orthodox,1991-12-31,3.02,53%,2.11,63%,0.4,50%,80%,0.8,53.0,50.0,155.0,71.0
Tor Troeng,"6' 2""",185 lbs.,,Orthodox,1983-01-25,1.16,46%,3.26,32%,0.62,7%,66%,0.3,46.0,7.0,185.0,
Antonio Trocoli,"6' 5""",205 lbs.,"82""",Orthodox,1990-12-06,1.27,71%,4.56,25%,3.8,100%,100%,3.8,71.0,100.0,205.0,82.0
Aaron Trujillo,"5' 5""",125 lbs.,,,,0.0,0%,0.0,0%,0.0,0%,0%,0.0,0.0,0.0,125.0,
Francisco Trinaldo,"5' 9""",155 lbs.,"70""",Southpaw,1978-08-24,3.11,44%,2.56,60%,1.09,46%,61%,0.6,44.0,46.0,155.0,70.0
Reynaldo Trujillo,"5' 9""",155 lbs.,,,1982-01-01,0.0,0%,0.0,0%,0.0,0%,0%,0.0,0.0,0.0,155.0,
Jon Tuck,"5' 11""",155 lbs.,"73""",Orthodox,1984-08-28,3.0,40%,3.74,60%,0.42,33%,50%,1.0,40.0,33.0,155.0,73.0
Arman Tsarukyan,"5' 7""",155 lbs.,"72""",Orthodox,1996-10-11,3.35,44%,1.43,62%,3.5,35%,78%,0.0,44.0,35.0,155.0,72.0
Chris Tuchscherer,"6' 2""",258 lbs.,"76""",Orthodox,1975-09-08,1.35,31%,3.17,47%,1.19,18%,0%,0.6,31.0,18.0,258.0,76.0
Abel Trujillo,"5' 8""",155 lbs.,"70""",Orthodox,1983-09-18,2.65,41%,2.31,59%,2.18,45%,40%,0.4,41.0,45.0,155.0,70.0
Gavin Tucker,"5' 6""",145 lbs.,"66""",Southpaw,1986-06-17,4.39,45%,4.28,57%,2.98,42%,53%,1.5,45.0,42.0,145.0,66.0
Tom Tuggle,"6' 2""",250 lbs.,,Orthodox,,0.0,0%,2.14,0%,32.14,100%,0%,0.0,0.0,100.0,250.0,
Jumabieke Tuerxun,"5' 7""",135 lbs.,,Orthodox,1986-04-17,1.6,28%,3.08,59%,0.47,11%,66%,0.9,28.0,11.0,135.0,
Blair Tugman,"6' 0""",135 lbs.,,,,2.25,53%,0.93,50%,7.5,60%,0%,0.0,53.0,60.0,135.0,
Tai Tuivasa,"6' 2""",264 lbs.,"75""",Southpaw,1993-03-16,4.38,50%,3.44,50%,0.0,0%,46%,0.0,50.0,0.0,264.0,75.0
Teila Tuli,"6' 0""",430 lbs.,,Orthodox,1969-06-14,0.0,0%,0.0,0%,0.0,0%,0%,0.0,0.0,0.0,430.0,
Zubaira Tukhugov,"5' 8""",145 lbs.,"68""",Orthodox,1991-01-15,2.54,38%,2.53,63%,2.54,46%,100%,0.0,38.0,46.0,145.0,68.0
Albert Tumenov,"5' 11""",170 lbs.,"73""",Orthodox,1991-12-26,3.76,42%,3.34,58%,0.2,20%,75%,0.0,42.0,20.0,170.0,73.0
Ricky Turcios,"5' 9""",135 lbs.,"71""",Orthodox,1993-06-05,7.33,37%,4.07,64%,0.0,0%,0%,0.0,37.0,0.0,135.0,71.0
Wellington Turman,"6' 0""",185 lbs.,"72""",Orthodox,1996-07-22,2.75,42%,3.71,45%,2.63,35%,100%,0.9,42.0,35.0,185.0,72.0
Jalin Turner,"6' 3""",155 lbs.,"77""",Southpaw,1995-05-18,6.2,47%,4.37,45%,0.71,66%,78%,1.8,47.0,66.0,155.0,77.0
Courtney Turner,"6' 2""",170 lbs.,,,,0.0,0%,0.0,0%,0.0,0%,0%,0.0,0.0,0.0,170.0,
Alberto Uda,"6' 3""",185 lbs.,,Orthodox,1984-08-08,1.79,52%,3.49,45%,2.83,50%,66%,0.0,52.0,50.0,185.0,
Marcin Tybura,"6' 3""",249 lbs.,"78""",Orthodox,1985-11-09,3.7,50%,3.25,56%,1.62,45%,82%,0.1,50.0,45.0,249.0,78.0
Austin Tweedy,"5' 9""",155 lbs.,,Orthodox,1990-09-25,4.29,66%,6.43,0%,0.0,0%,0%,0.0,66.0,0.0,155.0,
Ryuki Ueyama,"5' 11""",180 lbs.,,Southpaw,1976-04-17,0.13,21%,1.4,46%,0.5,100%,0%,1.5,21.0,100.0,180.0,
Christian Uflacker,"5' 11""",170 lbs.,,,1985-08-04,0.0,0%,0.0,0%,0.0,0%,0%,0.0,0.0,0.0,170.0,
Andy Uhrich,"6' 0""",170 lbs.,,,,0.0,0%,0.0,0%,0.0,0%,0%,0.0,0.0,0.0,170.0,
Carlos Ulberg,"6' 4""",205 lbs.,"77""",Orthodox,1990-11-07,15.07,62%,8.6,47%,0.0,0%,100%,0.0,62.0,0.0,205.0,77.0
Tagir Ulanbekov,"5' 7""",125 lbs.,"70""",Southpaw,1991-08-07,3.07,37%,3.13,58%,5.0,45%,50%,0.0,37.0,45.0,125.0,70.0
Zach Underwood,"6' 2""",185 lbs.,,,,0.0,0%,0.0,0%,0.0,0%,0%,0.0,0.0,0.0,185.0,
Gasan Umalatov,"5' 11""",170 lbs.,"71""",Orthodox,1982-09-11,2.23,39%,4.1,59%,0.75,17%,90%,0.0,39.0,17.0,170.0,71.0
Jeremy Umphries,,160 lbs.,,,,0.0,0%,0.0,0%,0.0,0%,0%,0.0,0.0,0.0,160.0,
Caol Uno,"5' 7""",155 lbs.,"70""",Southpaw,1975-05-08,1.91,49%,1.9,50%,1.95,31%,37%,0.5,49.0,31.0,155.0,70.0
Kengo Ura,"5' 9""",165 lbs.,,,1981-06-20,1.05,37%,2.38,48%,2.85,28%,50%,1.4,37.0,28.0,165.0,
Hector Urbina,"5' 11""",170 lbs.,"73""",Orthodox,1987-09-17,0.97,38%,2.44,39%,0.0,0%,38%,3.8,38.0,0.0,170.0,73.0
Elias Urbina,"6' 3""",185 lbs.,"77""",Southpaw,1993-10-09,3.85,37%,6.17,50%,0.0,0%,0%,0.0,37.0,0.0,185.0,77.0
Nick Urso,"5' 6""",125 lbs.,"66""",Southpaw,1985-09-26,3.61,45%,5.06,36%,0.0,0%,0%,0.0,45.0,0.0,125.0,66.0
Yasuhiro Urushitani,"5' 5""",125 lbs.,,Southpaw,1976-09-08,3.47,39%,4.71,65%,0.0,0%,80%,0.0,39.0,0.0,125.0,
Kamaru Usman,"6' 0""",170 lbs.,"76""",Switch,1987-05-11,4.66,54%,2.33,58%,3.22,47%,100%,0.1,54.0,47.0,170.0,76.0
Darren Uyenoyama,"5' 6""",125 lbs.,"65""",Orthodox,1979-10-15,1.34,39%,2.21,66%,1.42,33%,35%,0.7,39.0,33.0,125.0,65.0
Charlie Valencia,"5' 3""",135 lbs.,"64""",Orthodox,1974-10-31,2.58,37%,2.61,77%,1.4,53%,75%,0.5,37.0,53.0,135.0,64.0
Richie Vaculik,"5' 6""",125 lbs.,"69""",Orthodox,1983-06-19,3.69,46%,4.09,57%,3.0,45%,31%,1.0,46.0,45.0,125.0,69.0
Victor Valenzuela,"5' 10""",155 lbs.,,,,1.28,100%,2.55,0%,0.0,0%,0%,0.0,100.0,0.0,155.0,
Egidijus Valavicius,"6' 0""",200 lbs.,,Orthodox,,0.0,0%,0.0,0%,0.0,0%,0%,0.0,0.0,0.0,200.0,
Timur Valiev,"5' 6""",145 lbs.,"67""",Orthodox,1990-01-19,5.5,71%,1.55,56%,2.73,66%,50%,0.0,71.0,66.0,145.0,67.0
Victor Valimaki,"6' 0""",205 lbs.,,Orthodox,,3.94,30%,2.99,67%,0.9,14%,0%,0.0,30.0,14.0,205.0,
Andrew Valladerez,,135 lbs.,,,,0.0,0%,0.0,0%,0.0,0%,0%,0.0,0.0,0.0,135.0,
Isaac Vallie-Flagg,"5' 8""",155 lbs.,"70""",Orthodox,1978-04-08,5.56,47%,5.6,45%,0.2,12%,58%,0.0,47.0,12.0,155.0,70.0
Matt Van Buren,"6' 5""",205 lbs.,,,1986-06-12,7.73,45%,6.82,49%,0.0,0%,50%,0.0,45.0,0.0,205.0,
Mike van Arsdale,"6' 2""",205 lbs.,,Switch,1965-06-20,1.52,41%,1.91,41%,1.06,14%,37%,0.0,41.0,14.0,205.0,
Brianna Van Buren,"5' 0""",115 lbs.,"62""",Southpaw,1993-08-04,3.53,41%,3.23,57%,2.5,45%,66%,0.0,41.0,45.0,115.0,62.0
Ron van Clief,"5' 10""",190 lbs.,,Orthodox,1943-01-25,0.0,0%,0.0,0%,0.0,0%,0%,0.0,0.0,0.0,190.0,
Lloyd Van Dams,"6' 1""",240 lbs.,,Southpaw,1972-03-05,0.0,0%,3.01,15%,0.0,0%,0%,0.0,0.0,0.0,240.0,
Chad Vance,"6' 0""",185 lbs.,,Orthodox,,0.0,0%,0.0,0%,0.0,0%,0%,0.0,0.0,0.0,185.0,
Jared Vanderaa,"6' 4""",260 lbs.,"80""",Orthodox,1992-05-12,2.75,52%,5.19,33%,1.15,100%,0%,0.0,52.0,100.0,260.0,80.0
Austin Vanderford,"5' 11""",170 lbs.,,Orthodox,1990-03-21,3.9,52%,5.19,45%,0.0,0%,100%,1.9,52.0,0.0,170.0,
Lando Vannata,"5' 9""",155 lbs.,"71""",Orthodox,1992-03-14,4.58,44%,5.1,54%,1.13,37%,58%,0.4,44.0,37.0,155.0,71.0
Paul Varelans,"6' 8""",300 lbs.,,Orthodox,,0.0,0%,0.0,0%,0.0,0%,0%,0.0,0.0,0.0,300.0,
Paige VanZant,"5' 4""",115 lbs.,"65""",Orthodox,1994-03-26,3.35,52%,2.62,42%,1.27,33%,34%,1.0,52.0,33.0,115.0,65.0
Kazula Vargas,"5' 8""",155 lbs.,"71""",Southpaw,1985-08-15,1.84,49%,1.16,54%,0.79,33%,25%,0.0,49.0,33.0,155.0,71.0
Jamie Varner,"5' 8""",155 lbs.,"71""",Orthodox,1984-10-12,2.92,34%,2.55,58%,3.49,53%,66%,0.8,34.0,53.0,155.0,71.0
Linton Vassell,"6' 4""",205 lbs.,,,1983-06-03,3.39,37%,2.13,54%,2.46,50%,50%,0.0,37.0,50.0,205.0,
Guilherme Vasconcelos,"6' 0""",185 lbs.,,Orthodox,1986-03-23,3.27,29%,4.4,70%,0.0,0%,0%,0.0,29.0,0.0,185.0,
Yuri Vaulin,"6' 4""",197 lbs.,,Southpaw,,0.0,0%,0.0,0%,0.0,0%,0%,0.0,0.0,0.0,197.0,
Billy Vaughan,"5' 6""",155 lbs.,,,1983-12-02,0.0,0%,1.36,50%,0.0,0%,0%,0.0,0.0,0.0,155.0,
Javier Vazquez,"5' 7""",145 lbs.,"69""",Southpaw,1977-07-16,2.43,36%,1.99,72%,2.56,52%,57%,1.5,36.0,52.0,145.0,69.0
Manny Vazquez,"5' 10""",125 lbs.,"72""",Orthodox,1993-11-19,1.47,41%,2.67,48%,1.0,33%,0%,1.0,41.0,33.0,125.0,72.0
Matt Veach,"5' 11""",155 lbs.,,Orthodox,1981-05-31,1.12,28%,4.91,44%,3.64,38%,100%,1.5,28.0,38.0,155.0,
Joe Vedepo,"6' 0""",185 lbs.,,Orthodox,,1.43,42%,5.71,38%,1.07,20%,0%,0.0,42.0,20.0,185.0,
Kelly Velasco,"5' 9""",135 lbs.,,Orthodox,1995-05-21,2.27,35%,5.67,47%,0.0,0%,100%,0.0,35.0,0.0,135.0,
David Velasquez,"5' 5""",145 lbs.,,Orthodox,,0.0,0%,0.0,0%,0.0,0%,0%,0.0,0.0,0.0,145.0,
Luigi Vendramini,"5' 8""",170 lbs.,"73""",Orthodox,1996-01-16,2.26,42%,2.26,59%,0.0,0%,0%,2.0,42.0,0.0,170.0,73.0
Bojan Velickovic,"6' 0""",170 lbs.,"76""",Southpaw,1988-12-18,2.18,34%,2.31,57%,0.67,25%,55%,0.5,34.0,25.0,170.0,76.0
Cain Velasquez,"6' 1""",240 lbs.,"77""",Orthodox,1982-07-28,6.37,57%,2.33,57%,5.13,45%,85%,0.4,57.0,45.0,240.0,77.0
Karlos Vemola,"6' 0""",185 lbs.,"75""",Orthodox,1985-07-03,1.67,44%,2.13,37%,1.93,25%,31%,1.7,44.0,25.0,185.0,75.0
Jerrel Venetiaan,"6' 1""",195 lbs.,,Orthodox,1971-03-09,0.81,33%,1.51,67%,0.0,0%,60%,0.0,33.0,0.0,195.0,
Scott Ventimiglia,"5' 11""",185 lbs.,,,1972-11-17,0.0,0%,0.0,0%,0.0,0%,0%,0.0,0.0,0.0,185.0,
Kerry Vera,"5' 7""",135 lbs.,,Orthodox,,0.0,0%,0.0,0%,0.0,0%,0%,0.0,0.0,0.0,135.0,
Brandon Vera,"6' 3""",230 lbs.,"78""",Orthodox,1977-10-10,3.03,56%,2.81,52%,0.7,53%,59%,0.2,56.0,53.0,230.0,78.0
Joe Veres,"5' 7""",155 lbs.,,Orthodox,1977-11-09,0.0,0%,5.55,27%,0.0,0%,0%,0.0,0.0,0.0,155.0,
Ernie Verdicia,"5' 11""",199 lbs.,,Orthodox,,0.0,0%,0.0,0%,0.0,0%,0%,0.0,0.0,0.0,199.0,
Marlon Vera,"5' 8""",135 lbs.,"70""",Switch,1992-12-02,3.65,49%,3.95,52%,0.78,37%,70%,1.1,49.0,37.0,135.0,70.0
Renato Verissimo,"6' 1""",170 lbs.,,Orthodox,1973-08-03,0.92,48%,1.87,47%,1.46,30%,50%,2.5,48.0,30.0,170.0,
Bryan Vetell,"6' 3""",265 lbs.,,Southpaw,1977-07-26,2.74,60%,2.13,41%,0.0,0%,0%,0.0,60.0,0.0,265.0,
Marvin Vettori,"6' 0""",185 lbs.,"74""",Southpaw,1993-09-20,4.78,45%,3.19,66%,1.33,45%,78%,0.8,45.0,45.0,185.0,74.0
Hugo Viana,"5' 6""",135 lbs.,"67""",Orthodox,1982-09-26,3.05,38%,3.2,57%,0.22,6%,50%,0.0,38.0,6.0,135.0,67.0
Guilherme Viana,"6' 4""",205 lbs.,,,,2.92,40%,2.72,59%,1.2,66%,77%,0.0,40.0,66.0,205.0,
Vitor Vianna,,205 lbs.,,Orthodox,,3.1,30%,8.28,52%,0.0,0%,0%,0.0,30.0,0.0,205.0,
Polyana Viana,"5' 5""",115 lbs.,"67""",Orthodox,1992-06-14,3.71,41%,3.01,54%,1.12,33%,50%,3.4,41.0,33.0,115.0,67.0
James Vick,"6' 3""",155 lbs.,"76""",Orthodox,1987-02-23,4.13,39%,3.31,60%,0.26,33%,57%,0.7,39.0,33.0,155.0,76.0
Ketlen Vieira,"5' 8""",135 lbs.,"68""",Orthodox,1991-08-26,2.66,36%,3.84,53%,2.19,48%,92%,0.5,36.0,48.0,135.0,68.0
Milton Vieira,"6' 0""",145 lbs.,,Orthodox,1978-10-04,1.13,35%,2.36,48%,2.67,53%,12%,0.7,35.0,53.0,145.0,
Reginaldo Vieira,"5' 7""",135 lbs.,"65""",Orthodox,1982-11-26,3.76,40%,2.89,59%,1.97,27%,25%,0.8,40.0,27.0,135.0,65.0
Steve Vigneault,"5' 10""",185 lbs.,,Orthodox,1978-02-14,2.19,28%,5.75,44%,0.0,0%,100%,0.0,28.0,0.0,185.0,
Rodolfo Vieira,"6' 0""",185 lbs.,"73""",Orthodox,1989-09-25,1.66,42%,3.06,42%,7.0,47%,0%,1.6,42.0,47.0,185.0,73.0
DeMarco Villalona,"5' 9""",185 lbs.,,,,0.0,0%,0.0,0%,0.0,0%,0%,0.0,0.0,0.0,185.0,
Alejandro Villalobos,"5' 7""",145 lbs.,,,1979-10-26,3.93,46%,4.07,67%,1.0,50%,0%,0.0,46.0,50.0,145.0,
Ruben Villareal,"6' 4""",265 lbs.,,Orthodox,1970-05-01,5.18,53%,4.86,35%,0.0,0%,0%,0.0,53.0,0.0,265.0,
Gian Villante,"6' 3""",230 lbs.,"76""",Orthodox,1985-08-18,4.39,43%,5.48,55%,0.46,23%,83%,0.0,43.0,23.0,230.0,76.0
Ike Villanueva,"6' 1""",225 lbs.,"73""",Orthodox,1984-04-04,3.62,40%,6.93,37%,0.0,0%,0%,0.0,40.0,0.0,225.0,73.0
Armando Villarreal,"5' 7""",135 lbs.,"66""",Southpaw,1989-08-08,3.23,55%,4.3,52%,3.23,25%,0%,0.0,55.0,25.0,135.0,66.0
Pablo Villaseca,"5' 7""",155 lbs.,,,1987-01-26,2.79,42%,3.25,65%,2.5,50%,33%,0.0,42.0,50.0,155.0,
Joey Villasenor,"6' 0""",185 lbs.,,Orthodox,1975-10-17,2.05,38%,3.26,52%,0.71,40%,53%,1.1,38.0,40.0,185.0,
Yuri Villefort,"6' 0""",170 lbs.,"73""",Orthodox,1991-03-23,3.18,43%,5.42,55%,2.0,35%,40%,0.3,43.0,35.0,170.0,73.0
Danillo Villefort,"6' 1""",185 lbs.,,Orthodox,1983-05-08,2.86,37%,2.4,68%,1.71,66%,33%,1.7,37.0,66.0,185.0,
Marcos Vinicius,"5' 9""",125 lbs.,,Orthodox,1979-12-05,1.93,49%,2.91,47%,0.0,0%,25%,0.5,49.0,0.0,125.0,
Brandon Visher,"5' 6""",135 lbs.,"68""",Orthodox,1984-05-06,2.55,45%,3.76,42%,0.67,20%,0%,0.0,45.0,20.0,135.0,68.0
Falaniko Vitale,"5' 10""",185 lbs.,,Orthodox,1974-07-14,1.88,49%,3.68,47%,0.72,33%,86%,0.0,49.0,33.0,185.0,
Bobby Voelker,"6' 0""",170 lbs.,"74""",Orthodox,1979-04-26,4.01,35%,5.84,42%,1.04,50%,66%,0.0,35.0,50.0,170.0,74.0
Alexander Volkanovski,"5' 6""",145 lbs.,"71""",Orthodox,1988-09-29,6.02,55%,3.31,60%,2.09,34%,72%,0.3,55.0,34.0,145.0,71.0
Jacob Volkmann,"5' 9""",155 lbs.,"71""",Southpaw,1980-09-05,1.19,34%,1.78,52%,3.19,48%,52%,2.0,34.0,48.0,155.0,71.0
Alexander Volkov,"6' 7""",250 lbs.,"80""",Orthodox,1988-10-24,4.88,59%,2.48,56%,0.66,70%,66%,0.2,59.0,70.0,250.0,80.0
Jason Von Flue,"6' 0""",170 lbs.,,Orthodox,1975-08-01,1.89,36%,3.23,52%,0.62,16%,58%,1.5,36.0,16.0,170.0,
Milco Voorn,,220 lbs.,,Orthodox,,0.0,0%,0.0,100%,0.0,0%,0%,0.0,0.0,0.0,220.0,
Mark Vorgeas,"5' 10""",135 lbs.,,,,3.87,32%,4.19,51%,0.0,0%,50%,0.8,32.0,0.0,135.0,
James Wade,"5' 10""",205 lbs.,,,,0.0,0%,0.0,0%,0.0,0%,0%,0.0,0.0,0.0,205.0,
Neil Wain,"5' 10""",242 lbs.,,Orthodox,,2.64,50%,8.57,43%,0.0,0%,50%,0.0,50.0,0.0,242.0,
Igor Vovchanchyn,"5' 8""",205 lbs.,,Orthodox,1973-08-06,1.59,49%,0.97,63%,1.19,66%,50%,0.5,49.0,66.0,205.0,
Chris Wade,"5' 10""",155 lbs.,"70""",Orthodox,1987-09-30,1.7,53%,1.75,51%,2.6,51%,55%,1.1,53.0,51.0,155.0,70.0
TJ Waldburger,"5' 11""",170 lbs.,"75""",Orthodox,1988-04-25,2.02,51%,2.39,40%,3.03,46%,40%,4.8,51.0,46.0,170.0,75.0
Chase Waldon,"6' 1""",185 lbs.,"75""",Orthodox,1986-09-19,1.03,28%,6.72,38%,7.76,33%,0%,0.0,28.0,33.0,185.0,75.0
Andre Walker,"5' 11""",205 lbs.,,Southpaw,,2.28,31%,4.36,34%,0.0,0%,0%,0.0,31.0,0.0,205.0,
Herschel Walker,"6' 1""",215 lbs.,,Orthodox,1962-03-03,3.42,67%,0.45,46%,1.94,100%,100%,0.0,67.0,100.0,215.0,
Donny Walker,"5' 9""",135 lbs.,,,1980-01-04,1.81,37%,3.85,46%,0.0,0%,57%,1.7,37.0,0.0,135.0,
Rodney Wallace,"5' 9""",205 lbs.,"72""",Switch,1981-11-21,1.13,46%,3.44,45%,6.0,54%,28%,1.0,46.0,54.0,205.0,72.0
Ben Wall,"5' 10""",155 lbs.,,Orthodox,1989-03-25,1.47,29%,8.53,29%,0.0,0%,100%,0.0,29.0,0.0,155.0,
Crafton Wallace,"6' 0""",185 lbs.,,Orthodox,1975-11-10,1.55,44%,2.36,47%,0.0,0%,42%,0.0,44.0,0.0,185.0,
Johnny Walker,"6' 6""",205 lbs.,"82""",Orthodox,1992-03-30,4.41,72%,3.51,31%,0.4,100%,60%,1.2,72.0,100.0,205.0,82.0
Jeremy Wallace,"5' 9""",,,,,0.0,0%,0.0,0%,0.0,0%,0%,0.0,0.0,0.0,,
James Wallace,"5' 10""",155 lbs.,"69""",Orthodox,1992-11-17,0.52,28%,3.41,35%,0.0,0%,0%,0.0,28.0,0.0,155.0,69.0
Randall Wallace,"5' 11""",185 lbs.,"73""",Orthodox,1989-03-01,1.13,38%,4.11,45%,2.13,50%,0%,0.0,38.0,50.0,185.0,73.0
Jim Wallhead,"5' 10""",170 lbs.,,Orthodox,1984-03-14,3.19,26%,6.65,49%,0.0,0%,100%,0.0,26.0,0.0,170.0,
Cory Walmsley,"6' 0""",205 lbs.,,Orthodox,,0.79,100%,1.18,50%,0.0,0%,0%,0.0,100.0,0.0,205.0,
Richard Walsh,"6' 0""",170 lbs.,"73""",Orthodox,1988-12-01,3.84,46%,2.72,58%,1.55,40%,66%,0.2,46.0,40.0,170.0,73.0
Erick Wanderlei,"6' 1""",205 lbs.,,Orthodox,,0.63,41%,2.66,40%,3.8,66%,0%,1.9,41.0,66.0,205.0,
Patrick Walsh,"5' 11""",185 lbs.,,,1988-11-28,2.03,19%,2.83,64%,3.0,54%,100%,1.5,19.0,54.0,185.0,
Dimitiri Wanderley,,205 lbs.,,Orthodox,,0.92,25%,4.31,30%,1.16,20%,0%,0.0,25.0,20.0,205.0,
Andy Wang,"5' 6""",155 lbs.,,Orthodox,1977-05-28,3.43,36%,10.29,62%,0.0,0%,0%,0.0,36.0,0.0,155.0,
Sai Wang,"6' 0""",170 lbs.,,Southpaw,1986-01-14,3.17,46%,2.27,53%,0.0,0%,77%,0.0,46.0,0.0,170.0,
Anying Wang,"6' 0""",170 lbs.,,Orthodox,1991-04-04,1.32,26%,1.63,44%,0.0,0%,33%,0.0,26.0,0.0,170.0,
Curt Warburton,"6' 0""",155 lbs.,"73""",Orthodox,,2.13,42%,3.44,43%,2.35,50%,83%,0.9,42.0,50.0,155.0,73.0
Brennan Ward,"5' 10""",170 lbs.,"71""",,1988-06-28,7.2,60%,2.76,52%,0.0,0%,100%,3.6,60.0,0.0,170.0,71.0
Charlie Ward,"5' 11""",170 lbs.,,Orthodox,1980-12-17,1.64,19%,7.21,53%,0.0,0%,0%,0.0,19.0,0.0,170.0,
Terrion Ware,"5' 8""",135 lbs.,"71""",Orthodox,1986-03-31,4.02,32%,6.07,50%,0.5,22%,44%,0.0,32.0,22.0,135.0,71.0
Joe Warren,"5' 6""",135 lbs.,,Orthodox,1976-10-31,2.15,46%,2.39,52%,6.14,46%,60%,0.0,46.0,46.0,135.0,
Brian Warren,"6' 0""",185 lbs.,,Orthodox,,1.16,21%,4.63,57%,0.0,0%,0%,0.0,21.0,0.0,185.0,
Merritt Warren,"5' 10""",155 lbs.,,Southpaw,,0.0,0%,0.0,0%,0.0,0%,0%,0.0,0.0,0.0,155.0,
Idris Wasi,"6' 0""",186 lbs.,,,1989-12-11,0.4,31%,3.53,46%,0.0,0%,20%,0.0,31.0,0.0,186.0,
Kengo Watanabe,"6' 4""",220 lbs.,,Orthodox,1976-01-31,0.6,40%,3.4,35%,1.0,100%,37%,0.0,40.0,100.0,220.0,
Andy Waters,"6' 0""",170 lbs.,,,,0.0,0%,0.0,0%,0.0,0%,0%,0.0,0.0,0.0,170.0,
Ron Waterman,"6' 2""",280 lbs.,,Orthodox,1965-11-23,0.84,50%,1.37,42%,4.19,69%,50%,2.8,50.0,69.0,280.0,
Dominic Waters,"6' 1""",170 lbs.,"79""",Orthodox,1989-04-11,0.48,23%,2.53,39%,4.07,52%,28%,0.0,23.0,52.0,170.0,79.0
Sam Watford,,155 lbs.,,,,0.13,18%,0.73,62%,2.0,40%,60%,1.0,18.0,40.0,155.0,
Michelle Waterson,"5' 3""",115 lbs.,"62""",Orthodox,1986-01-06,3.58,49%,4.0,49%,1.52,34%,67%,0.9,49.0,34.0,115.0,62.0
Blake Watkins,,185 lbs.,,,,5.45,62%,7.64,61%,0.0,0%,0%,0.0,62.0,0.0,185.0,
Kyle Watson,"6' 0""",155 lbs.,,Southpaw,1979-08-09,3.67,35%,3.25,62%,0.0,0%,100%,0.0,35.0,0.0,155.0,
Maka Watson,,155 lbs.,,,1984-09-22,0.93,37%,1.6,22%,2.0,100%,33%,0.0,37.0,100.0,155.0,
Walel Watson,"5' 11""",135 lbs.,"75""",Orthodox,1984-07-16,2.1,29%,3.79,43%,0.0,0%,61%,1.4,29.0,0.0,135.0,75.0
Tom Watson,"6' 1""",185 lbs.,"73""",Orthodox,1982-07-13,4.01,44%,4.41,50%,0.15,7%,43%,0.0,44.0,7.0,185.0,73.0
Enrique Watson,,185 lbs.,,,,0.0,0%,0.0,0%,0.0,0%,0%,0.0,0.0,0.0,185.0,
Brok Weaver,"6' 0""",155 lbs.,"73""",Southpaw,1991-12-05,4.78,64%,4.35,46%,0.41,10%,66%,0.4,64.0,10.0,155.0,73.0
Stephanie Webber,"5' 6""",135 lbs.,,,,0.91,80%,3.85,15%,6.79,40%,0%,0.0,80.0,40.0,135.0,
Jonavin Webb,"5' 10""",170 lbs.,,Orthodox,1989-04-28,1.47,30%,2.27,64%,2.5,31%,40%,1.0,30.0,31.0,170.0,
Kazuhisa Watanabe,"5' 6""",139 lbs.,,,1983-05-18,0.62,50%,0.94,0%,0.0,0%,14%,0.0,50.0,0.0,139.0,
Royston Wee,"5' 7""",135 lbs.,"67""",Orthodox,1986-11-15,1.1,60%,2.45,49%,3.38,81%,0%,0.0,60.0,81.0,135.0,67.0
Daniel Weichel,"5' 10""",145 lbs.,"70""",,1984-11-22,5.71,42%,4.05,61%,0.84,50%,83%,0.0,42.0,50.0,145.0,70.0
Chris Weidman,"6' 2""",185 lbs.,"78""",Orthodox,1984-06-17,3.03,43%,3.15,52%,3.93,47%,65%,0.9,43.0,47.0,185.0,78.0
Mark Weir,"6' 2""",185 lbs.,,Southpaw,1967-09-19,1.54,56%,2.5,38%,0.8,50%,25%,2.4,56.0,50.0,185.0,
Christian Wellisch,"6' 2""",234 lbs.,"77""",Orthodox,1975-09-13,3.12,27%,3.04,56%,1.22,42%,45%,1.2,27.0,42.0,234.0,77.0
Jeremiah Wells,"5' 9""",170 lbs.,,,1986-10-30,0.0,0%,0.0,0%,0.0,0%,0%,0.0,0.0,0.0,170.0,
Mike Wessel,"6' 0""",260 lbs.,,Orthodox,1977-12-02,1.82,56%,6.43,22%,6.29,50%,0%,0.0,56.0,50.0,260.0,
Dustin West,"5' 11""",170 lbs.,,,,0.0,0%,0.0,0%,0.0,0%,0%,0.0,0.0,0.0,170.0,
Fabricio Werdum,"6' 4""",231 lbs.,"77""",Orthodox,1977-07-30,3.59,52%,2.64,55%,1.75,31%,31%,1.2,52.0,31.0,231.0,77.0
Sheldon Westcott,"6' 1""",170 lbs.,"71""",Southpaw,1984-08-20,2.26,40%,3.73,37%,3.23,37%,14%,0.0,40.0,37.0,170.0,71.0
Aaron Wetherspoon,,170 lbs.,,,,2.27,32%,4.33,45%,0.0,0%,77%,0.0,32.0,0.0,170.0,
Coty Wheeler,"5' 6""",135 lbs.,"67""",Orthodox,1978-10-11,1.88,22%,3.16,59%,0.87,37%,33%,2.6,22.0,37.0,135.0,67.0
Vernon White,"6' 0""",205 lbs.,,Southpaw,1971-12-03,2.11,38%,2.2,54%,0.88,28%,44%,0.0,38.0,28.0,205.0,
Steve White,"5' 11""",175 lbs.,,,,0.0,0%,0.0,0%,0.0,0%,0%,0.0,0.0,0.0,175.0,
Alex White,"6' 0""",155 lbs.,"71""",Southpaw,1988-10-22,3.76,42%,3.07,60%,0.92,28%,71%,0.5,42.0,28.0,155.0,71.0
Mike Whitehead,"6' 1""",205 lbs.,,Orthodox,1981-06-29,1.62,33%,2.36,59%,3.59,43%,77%,0.3,33.0,43.0,205.0,
Robert Whiteford,"5' 9""",145 lbs.,"69""",Southpaw,1983-04-12,2.33,46%,1.99,62%,1.9,30%,45%,0.0,46.0,30.0,145.0,69.0
Craig White,"6' 2""",170 lbs.,"76""",Orthodox,1990-07-01,1.23,40%,3.28,39%,0.0,0%,50%,0.8,40.0,0.0,170.0,76.0
Garett Whiteley,"6' 0""",155 lbs.,"72""",Orthodox,1980-12-13,3.72,48%,4.04,46%,0.0,0%,27%,0.9,48.0,0.0,155.0,72.0
Mitch Whitesel,"5' 9""",185 lbs.,,,1981-07-12,0.0,0%,0.0,0%,0.0,0%,0%,0.0,0.0,0.0,185.0,
Emily Whitmire,"5' 5""",115 lbs.,"63""",Orthodox,1991-05-24,2.71,30%,3.08,54%,1.1,50%,70%,0.6,30.0,50.0,115.0,63.0
Robert Whittaker,"6' 0""",185 lbs.,"73""",Orthodox,1990-12-20,4.52,40%,3.44,60%,0.43,27%,84%,0.0,40.0,27.0,185.0,73.0
Adam Wieczorek,"6' 5""",250 lbs.,"81""",Orthodox,1992-02-05,1.68,38%,1.87,48%,0.41,33%,58%,0.4,38.0,33.0,250.0,81.0
Jonathan Wiezorek,"6' 3""",250 lbs.,,Southpaw,1978-02-10,1.27,58%,5.47,31%,1.91,20%,0%,0.0,58.0,20.0,250.0,
Orlando Wiet,"5' 10""",170 lbs.,,Southpaw,,0.0,0%,0.0,0%,0.0,0%,0%,0.0,0.0,0.0,170.0,
Justin Wilcox,"5' 6""",155 lbs.,,Orthodox,1979-03-12,3.82,28%,2.63,71%,1.43,16%,100%,0.0,28.0,16.0,155.0,
Aaron Wilkinson,"5' 10""",155 lbs.,,,1987-01-31,0.0,0%,0.0,100%,7.32,100%,0%,0.0,0.0,100.0,155.0,
Joe Wilk,"5' 9""",145 lbs.,,,1982-04-12,1.0,54%,2.0,72%,0.0,0%,0%,0.0,54.0,0.0,145.0,
Mike Wilkinson,"5' 7""",145 lbs.,"66""",Orthodox,1987-09-15,2.35,38%,3.7,35%,0.92,14%,55%,0.9,38.0,14.0,145.0,66.0
Rob Wilkinson,"6' 3""",185 lbs.,"80""",Orthodox,1992-02-22,2.74,50%,5.66,39%,4.47,25%,0%,0.0,50.0,25.0,185.0,80.0
James Wilks,"6' 1""",170 lbs.,"75""",Orthodox,1978-05-04,1.82,45%,2.03,50%,1.27,22%,66%,3.8,45.0,22.0,170.0,75.0
Tedd Williams,"6' 1""",275 lbs.,,Orthodox,1969-12-19,0.0,0%,0.0,0%,0.0,0%,0%,0.0,0.0,0.0,275.0,
Pete Williams,"6' 3""",235 lbs.,,Orthodox,1975-07-10,0.61,62%,2.77,40%,1.84,40%,16%,0.9,62.0,40.0,235.0,
Carter Williams,"6' 1""",265 lbs.,,Orthodox,,1.55,36%,2.32,58%,2.9,33%,100%,0.0,36.0,33.0,265.0,
Patrick Williams,"5' 8""",135 lbs.,"73""",Orthodox,1981-09-07,4.12,51%,4.12,52%,2.71,41%,100%,0.5,51.0,41.0,135.0,73.0
Tim Williams,"6' 2""",185 lbs.,"76""",Orthodox,1986-07-03,3.07,38%,3.55,48%,1.81,40%,100%,0.0,38.0,40.0,185.0,76.0
Jordan Williams,"6' 1""",185 lbs.,"75""",Southpaw,1990-10-13,6.07,51%,5.77,35%,0.98,50%,88%,0.0,51.0,50.0,185.0,75.0
Cole Williams,"6' 0""",170 lbs.,"73""",Orthodox,1983-12-15,0.31,27%,5.34,23%,0.0,0%,25%,0.0,27.0,0.0,170.0,73.0
Khaos Williams,"6' 0""",170 lbs.,"77""",Orthodox,1994-03-30,4.39,45%,2.95,44%,0.0,0%,0%,0.0,45.0,0.0,170.0,77.0
Karl Willis,,,,,,0.0,0%,0.0,0%,0.0,0%,0%,0.0,0.0,0.0,,
Justin Willis,"6' 1""",264 lbs.,"78""",Southpaw,1987-07-19,3.37,59%,2.57,57%,0.96,66%,36%,0.0,59.0,66.0,264.0,78.0
Chris Wilson,"6' 1""",170 lbs.,"75""",Orthodox,1977-06-07,2.32,50%,1.36,55%,1.31,50%,60%,1.6,50.0,50.0,170.0,75.0
Greg Wilson,,155 lbs.,,,1988-10-02,0.0,0%,0.0,0%,0.0,0%,0%,0.0,0.0,0.0,155.0,
Jonathan Wilson,"6' 2""",205 lbs.,"75""",Southpaw,1987-07-17,2.92,48%,5.65,56%,0.37,100%,80%,0.0,48.0,100.0,205.0,75.0
Sean Wilson,"5' 8""",145 lbs.,,,1982-10-20,1.01,31%,5.88,62%,0.0,0%,0%,0.0,31.0,0.0,145.0,
Matt Wiman,"5' 10""",155 lbs.,"68""",Orthodox,1983-09-19,3.17,50%,3.57,51%,2.13,37%,56%,1.5,50.0,37.0,155.0,68.0
Eddie Wineland,"5' 7""",135 lbs.,"69""",Orthodox,1984-06-26,3.4,29%,3.66,69%,0.34,33%,86%,0.1,29.0,33.0,135.0,69.0
Rubin Williams,"6' 1""",185 lbs.,,Orthodox,1976-04-09,0.0,0%,1.39,60%,0.0,0%,0%,0.0,0.0,0.0,185.0,
Deron Winn,"5' 6""",185 lbs.,"70""",Orthodox,1989-06-13,4.74,47%,5.17,50%,4.98,52%,0%,0.0,47.0,52.0,185.0,70.0
Andre Winner,"5' 11""",155 lbs.,"73""",Orthodox,1981-11-09,2.52,33%,4.57,51%,0.0,0%,74%,0.0,33.0,0.0,155.0,73.0
Jason Witt,"5' 10""",170 lbs.,"70""",Orthodox,1986-11-07,3.16,65%,2.68,29%,3.65,50%,0%,1.8,65.0,50.0,170.0,70.0
Eric Wisely,"5' 8""",145 lbs.,,Southpaw,1984-07-25,1.42,47%,2.08,56%,0.0,0%,27%,0.9,47.0,0.0,145.0,
Keith Wisniewski,"6' 0""",170 lbs.,,Orthodox,1981-10-25,2.32,52%,4.86,42%,1.57,40%,78%,0.3,52.0,40.0,170.0,
Travis Wiuff,"6' 3""",205 lbs.,,Orthodox,1978-03-15,0.48,30%,4.03,41%,4.84,57%,44%,1.2,30.0,57.0,205.0,
Ray Wizard,,,,,,0.0,0%,0.0,0%,0.0,0%,0%,0.0,0.0,0.0,,
Brandon Wolff,"5' 9""",170 lbs.,,Orthodox,1975-10-18,0.47,33%,10.91,19%,0.0,0%,0%,0.0,33.0,0.0,170.0,
Xue Do Won,"5' 7""",165 lbs.,,,,0.0,0%,0.0,0%,0.0,0%,0%,0.0,0.0,0.0,165.0,
Nathaniel Wood,"5' 6""",140 lbs.,"69""",Orthodox,1993-05-08,6.28,46%,4.36,53%,1.29,46%,75%,0.9,46.0,46.0,140.0,69.0
Salvador Woods,"5' 11""",170 lbs.,,,1985-02-05,0.0,0%,0.0,0%,0.0,0%,0%,0.0,0.0,0.0,170.0,
Tyron Woodley,"5' 9""",170 lbs.,"74""",Orthodox,1982-04-07,2.33,48%,2.72,55%,1.08,40%,87%,0.4,48.0,40.0,170.0,74.0
Sean Woodson,"6' 2""",145 lbs.,"78""",Orthodox,1992-06-07,6.4,45%,4.43,58%,0.0,0%,77%,0.0,45.0,0.0,145.0,78.0
Cal Worsham,"5' 11""",230 lbs.,,Orthodox,,0.0,0%,0.0,0%,0.0,0%,0%,0.0,0.0,0.0,230.0,
Hunter Worsham,,185 lbs.,,,,0.0,0%,0.0,0%,0.0,0%,0%,0.0,0.0,0.0,185.0,
Khama Worthy,"5' 11""",155 lbs.,"74""",Orthodox,1986-10-15,4.12,47%,3.69,45%,0.0,0%,57%,0.8,47.0,0.0,155.0,74.0
Eric Wray,"6' 0""",170 lbs.,,Orthodox,,1.76,48%,3.12,28%,4.07,66%,0%,2.0,48.0,66.0,170.0,
JW Wright,,130 lbs.,,,1976-01-12,0.0,0%,0.0,0%,0.0,0%,0%,0.0,0.0,0.0,130.0,
Justin Wren,"6' 2""",265 lbs.,,Orthodox,1987-04-27,3.43,35%,2.07,64%,0.0,0%,100%,0.0,35.0,0.0,265.0,
Chris Wright,,,,,,0.0,0%,0.0,0%,0.0,0%,0%,0.0,0.0,0.0,,
Danyelle Wolf,"5' 11""",145 lbs.,"70""",Orthodox,1983-09-08,3.4,28%,5.67,44%,0.0,0%,100%,1.0,28.0,0.0,145.0,70.0
Jordan Wright,"6' 2""",205 lbs.,"77""",Orthodox,1991-10-07,4.68,50%,8.02,40%,0.0,0%,100%,0.0,50.0,0.0,205.0,77.0
Marcin Wrzosek,"5' 9""",155 lbs.,,,1987-10-14,3.47,43%,4.07,43%,3.0,25%,33%,0.0,43.0,25.0,155.0,
Jamie Yager,"6' 1""",185 lbs.,,Orthodox,1983-11-29,3.08,39%,2.55,63%,0.0,0%,66%,0.0,39.0,0.0,185.0,
Wu Yanan,"5' 8""",125 lbs.,"66""",Orthodox,1996-04-18,4.51,45%,4.82,51%,0.61,22%,66%,0.3,45.0,22.0,125.0,66.0
Rubens Xavier,"6' 3""",220 lbs.,,Orthodox,,0.77,42%,1.82,21%,2.1,40%,25%,1.1,42.0,40.0,220.0,
Eddie Yagin,"5' 7""",145 lbs.,,Orthodox,1979-03-23,3.13,30%,5.77,42%,0.0,0%,62%,1.0,30.0,0.0,145.0,
Rani Yahya,"5' 6""",135 lbs.,"67""",Orthodox,1984-09-12,1.57,37%,1.7,50%,2.89,33%,24%,2.0,37.0,33.0,135.0,67.0
Alexander Yakovlev,"6' 3""",155 lbs.,"74""",Southpaw,1984-07-18,1.74,47%,2.41,58%,1.66,35%,72%,0.1,47.0,35.0,155.0,74.0
Kenichi Yamamoto,"6' 0""",170 lbs.,,Orthodox,1976-07-11,0.3,46%,1.93,38%,0.0,0%,10%,0.3,46.0,0.0,170.0,
Keiichiro Yamamiya,"5' 11""",185 lbs.,,Southpaw,1972-07-12,0.0,0%,0.0,0%,0.0,0%,0%,0.0,0.0,0.0,185.0,
Atsushi Yamamoto,"5' 6""",139 lbs.,,Orthodox,1980-10-02,1.97,39%,1.27,70%,1.12,33%,100%,0.0,39.0,33.0,139.0,
Yoshihisa Yamamoto,"6' 2""",220 lbs.,,Southpaw,1970-07-04,1.65,38%,3.05,53%,1.0,20%,50%,0.6,38.0,20.0,220.0,
Norifumi Yamamoto,"5' 4""",135 lbs.,"66""",Southpaw,1977-03-15,2.09,45%,2.01,57%,0.41,22%,45%,0.0,45.0,22.0,135.0,66.0
Hiroko Yamanaka,"5' 11""",135 lbs.,,,1978-10-24,2.1,26%,3.54,63%,0.0,0%,100%,0.0,26.0,0.0,135.0,
Goiti Yamauchi,"5' 10""",145 lbs.,,,1993-01-05,1.66,54%,1.01,66%,0.0,0%,0%,4.3,54.0,0.0,145.0,
Yan Xiaonan,"5' 5""",115 lbs.,"63""",Orthodox,1989-06-16,6.42,42%,3.63,63%,1.0,75%,75%,0.0,42.0,75.0,115.0,63.0
Takeshi Yamazaki,"5' 8""",139 lbs.,,Southpaw,,0.57,25%,1.57,47%,4.5,50%,100%,1.0,25.0,50.0,139.0,
Petr Yan,"5' 7""",135 lbs.,"67""",Switch,1993-02-11,5.99,52%,3.55,62%,2.14,66%,90%,0.1,52.0,66.0,135.0,67.0
Jianping Yang,"5' 7""",145 lbs.,,Orthodox,1988-11-27,1.4,26%,2.07,65%,1.0,25%,33%,0.0,26.0,25.0,145.0,
Dongi Yang,"5' 10""",185 lbs.,"73""",Southpaw,1984-12-07,3.55,51%,3.21,63%,1.7,41%,61%,0.5,51.0,41.0,185.0,73.0
Adam Yandiev,"5' 9""",185 lbs.,"74""",Orthodox,1988-08-07,0.18,8%,6.14,36%,0.0,0%,25%,0.0,8.0,0.0,185.0,74.0
Hu Yaozong,"6' 3""",205 lbs.,"72""",Orthodox,1995-04-07,4.43,52%,5.23,38%,0.0,0%,0%,0.7,52.0,0.0,205.0,72.0
Emmanuel Yarborough,"6' 8""",770 lbs.,,Open Stance,1960-09-05,0.0,0%,0.0,0%,0.0,0%,0%,0.0,0.0,0.0,770.0,
Masutatsu Yano,"5' 9""",198 lbs.,,Orthodox,1975-07-11,0.0,0%,0.0,0%,0.0,0%,0%,0.0,0.0,0.0,198.0,
Cale Yarbrough,"6' 1""",185 lbs.,,Orthodox,1986-12-27,3.16,27%,10.0,72%,0.0,0%,0%,0.0,27.0,0.0,185.0,
Tadao Yasuda,"6' 4""",310 lbs.,,Orthodox,1963-10-09,2.7,73%,0.85,60%,0.75,14%,0%,0.0,73.0,14.0,310.0,
Yoshiaki Yatsu,"6' 1""",165 lbs.,,Orthodox,1956-07-19,0.0,0%,5.57,48%,0.0,0%,0%,0.0,0.0,0.0,165.0,
Chris Yee,"5' 9""",185 lbs.,,,,0.0,0%,0.0,0%,0.0,0%,0%,0.0,0.0,0.0,185.0,
Hirotaka Yokoi,"5' 11""",205 lbs.,,Orthodox,1978-06-08,1.52,33%,3.42,38%,1.87,41%,66%,0.4,33.0,41.0,205.0,
Kazunori Yokota,"5' 8""",154 lbs.,,Orthodox,1978-04-03,0.67,31%,1.13,57%,0.0,0%,0%,0.0,31.0,0.0,154.0,
Ashley Yoder,"5' 7""",115 lbs.,"69""",Southpaw,1987-10-20,2.75,39%,3.53,46%,1.33,37%,68%,0.7,39.0,37.0,115.0,69.0
John Yoo,,135 lbs.,,,,0.0,0%,0.0,0%,0.0,0%,0%,0.0,0.0,0.0,135.0,
Sanghoon Yoo,"6' 0""",155 lbs.,"74""",Orthodox,1990-01-18,5.0,66%,7.27,27%,1.0,100%,75%,1.0,66.0,100.0,155.0,74.0
Dong Sik Yoon,"6' 0""",185 lbs.,,Orthodox,1972-08-24,0.99,36%,2.33,51%,1.6,29%,33%,1.3,36.0,29.0,185.0,
Yoshiyuki Yoshida,"5' 11""",170 lbs.,"70""",Southpaw,1974-05-10,0.85,36%,3.67,36%,1.41,28%,25%,2.8,36.0,28.0,170.0,70.0
Adrian Yanez,"5' 7""",135 lbs.,"70""",Orthodox,1993-11-29,4.69,44%,2.31,55%,0.0,0%,100%,0.0,44.0,0.0,135.0,70.0
Kaitlin Young,"5' 9""",135 lbs.,,Orthodox,1985-09-15,2.83,26%,6.33,51%,2.5,100%,0%,0.0,26.0,100.0,135.0,
Artenus Young,,205 lbs.,,,1980-07-16,0.0,0%,0.0,0%,0.0,0%,0%,0.0,0.0,0.0,205.0,
Trenell Young,"5' 6""",145 lbs.,,Orthodox,1976-06-19,1.43,22%,5.13,50%,1.13,20%,0%,1.1,22.0,20.0,145.0,
Hidehiko Yoshida,"5' 11""",225 lbs.,,Orthodox,1969-09-03,1.05,36%,1.89,62%,1.09,33%,71%,2.2,36.0,33.0,225.0,
Shane Young,"5' 8""",145 lbs.,"72""",Orthodox,1993-07-31,6.01,40%,5.15,56%,0.73,25%,64%,0.0,40.0,25.0,145.0,72.0
Shanna Young,"5' 7""",135 lbs.,"65""",Orthodox,1991-02-20,3.05,57%,5.28,45%,0.0,0%,54%,0.0,57.0,0.0,135.0,65.0
Jason Young,"5' 9""",145 lbs.,"73""",Orthodox,1986-06-28,2.97,37%,3.2,50%,1.98,66%,55%,0.0,37.0,66.0,145.0,73.0
Besam Yousef,"5' 11""",170 lbs.,,Orthodox,1985-03-25,3.14,53%,3.98,38%,1.33,66%,50%,0.0,53.0,66.0,170.0,
Han Ten Yun,"5' 11""",220 lbs.,,,,0.0,0%,0.0,0%,0.0,0%,0%,0.0,0.0,0.0,220.0,
Rob Yundt,"6' 1""",185 lbs.,,Orthodox,1980-05-05,1.37,41%,2.55,31%,2.94,100%,0%,0.0,41.0,100.0,185.0,
Sodiq Yusuff,"5' 9""",145 lbs.,"71""",Orthodox,1993-05-19,6.1,49%,4.06,58%,0.0,0%,72%,0.3,49.0,0.0,145.0,71.0
Gilbert Yvel,"6' 2""",225 lbs.,"77""",Orthodox,1976-06-30,1.05,47%,1.78,50%,0.0,0%,25%,1.0,47.0,0.0,225.0,77.0
Joao Zaiden,,205 lbs.,,,1993-03-16,0.0,0%,0.0,0%,0.0,0%,0%,0.0,0.0,0.0,205.0,
Luke Zachrich,"6' 2""",185 lbs.,"74""",Orthodox,1981-12-19,4.56,32%,4.46,62%,0.74,33%,80%,0.0,32.0,33.0,185.0,74.0
Aiemann Zahabi,"5' 8""",135 lbs.,"68""",Orthodox,1987-11-19,2.82,40%,3.91,65%,0.33,16%,72%,0.0,40.0,16.0,135.0,68.0
Anton Zafir,"5' 11""",170 lbs.,,Orthodox,1987-05-10,2.99,64%,2.31,52%,6.11,60%,0%,0.0,64.0,60.0,170.0,
Elizeu Zaleski dos Santos,"5' 11""",170 lbs.,"73""",Orthodox,1986-12-11,4.05,39%,3.07,59%,0.57,17%,52%,0.5,39.0,17.0,170.0,73.0
Youssef Zalal,"5' 10""",145 lbs.,"72""",Switch,1996-09-04,2.45,51%,1.56,64%,2.4,40%,56%,1.4,51.0,40.0,145.0,72.0
Roger Zapata,"5' 11""",170 lbs.,,Southpaw,1986-05-09,2.6,51%,2.13,36%,0.0,0%,81%,1.4,51.0,0.0,170.0,
Zach Zane,"5' 7""",145 lbs.,"69""",Southpaw,1989-12-14,0.87,56%,6.67,20%,0.0,0%,26%,0.0,56.0,0.0,145.0,69.0
David Zawada,"6' 0""",170 lbs.,"75""",Orthodox,1990-08-01,3.24,40%,4.07,54%,0.96,30%,57%,2.2,40.0,30.0,170.0,75.0
Marius Zaromskis,"5' 9""",170 lbs.,,Orthodox,1980-07-30,5.02,34%,5.93,50%,0.73,42%,73%,0.0,34.0,42.0,170.0,
Craig Zellner,"6' 2""",205 lbs.,,Orthodox,1976-09-09,0.61,9%,4.65,61%,0.0,0%,0%,0.0,9.0,0.0,205.0,
Roman Zentsov,"6' 1""",230 lbs.,,Orthodox,1973-09-10,1.18,36%,0.53,70%,1.6,100%,33%,3.2,36.0,100.0,230.0,
Zhang Lipeng,"5' 11""",155 lbs.,"71""",Southpaw,1990-03-10,1.28,48%,1.88,53%,1.75,30%,69%,0.8,48.0,30.0,155.0,71.0
Yao Zhikui,"5' 5""",125 lbs.,"64""",Orthodox,1991-02-07,1.44,21%,2.82,48%,0.66,16%,58%,0.0,21.0,16.0,125.0,64.0
Zhang Weili,"5' 4""",115 lbs.,"63""",Switch,1989-08-13,6.38,45%,4.43,53%,1.26,23%,100%,0.5,45.0,23.0,115.0,63.0
Zhalgas Zhumagulov,"5' 4""",125 lbs.,"66""",Switch,1988-08-29,4.17,49%,4.0,58%,1.5,21%,33%,0.0,49.0,21.0,125.0,66.0
Fares Ziam,"6' 1""",155 lbs.,"75""",Orthodox,1997-03-21,1.9,47%,1.37,66%,0.5,11%,65%,0.0,47.0,11.0,155.0,75.0
Mike Zichelle,,205 lbs.,,,,0.87,35%,0.87,40%,0.0,0%,0%,2.0,35.0,0.0,205.0,
James Zikic,"6' 2""",205 lbs.,,Orthodox,1977-03-01,1.47,35%,1.6,44%,0.5,25%,74%,0.5,35.0,25.0,205.0,
Errol Zimmerman,"6' 3""",185 lbs.,,Orthodox,1986-04-20,2.95,42%,0.0,0%,0.0,0%,0%,0.0,42.0,0.0,185.0,
Cat Zingano,"5' 6""",145 lbs.,"68""",Southpaw,1982-07-01,2.57,61%,1.63,47%,2.77,65%,42%,0.8,61.0,65.0,145.0,68.0
Joao Zeferino,"5' 11""",170 lbs.,,Orthodox,1986-01-15,0.83,36%,2.6,48%,0.5,5%,50%,1.0,36.0,5.0,170.0,
Igor Zinoviev,"6' 1""",199 lbs.,,Orthodox,,0.0,0%,0.0,0%,0.0,0%,0%,0.0,0.0,0.0,199.0,
Dave Zitanick,,170 lbs.,,,1980-03-05,0.0,0%,0.0,0%,0.0,0%,0%,0.0,0.0,0.0,170.0,
Carlos Zevallos,"6' 0""",205 lbs.,,Orthodox,,4.36,65%,2.28,68%,0.0,0%,100%,0.0,65.0,0.0,205.0,
Zhang Tiequan,"5' 8""",155 lbs.,"69""",Orthodox,1978-07-25,1.23,36%,2.14,51%,1.95,58%,75%,3.4,36.0,58.0,155.0,69.0
Alex Zuniga,,145 lbs.,,,,0.0,0%,0.0,0%,0.0,0%,0%,0.0,0.0,0.0,145.0,
George Zuniga,"5' 9""",185 lbs.,,,,7.64,38%,5.45,37%,0.0,0%,100%,0.0,38.0,0.0,185.0,
Allan Zuniga,"5' 7""",155 lbs.,"70""",Orthodox,1992-04-04,3.93,52%,1.8,61%,0.0,0%,57%,1.0,52.0,0.0,155.0,70.0
Virgil Zwicker,"6' 2""",205 lbs.,"74""",,1982-06-26,3.34,48%,4.87,39%,1.31,30%,50%,0.0,48.0,30.0,205.0,74.0
