red_fighter_name,blue_fighter_name,event_date,red_fighter_total_pts,blue_fighter_total_pts
POLIANA BOTELHO,LUANA CAROLINA,2021-05-01,29 28 28,28 29 29
KAI KAMAKA,TJ BROWN,2021-05-01,28 28 30,29 29 27
MERAB DVALISHVILI,CODY STAMANN,2021-05-01,30 29 29,27 28 28
RANDA MARKOS,LUANA PINHEIRO,2021-05-01,- - -,- - -
ANDREAS MICHAILIDIS,KB BHULLAR,2021-05-01,29 30 30,28 27 27
LOMA LOOKBOONMEE,SAM HUGHES,2021-05-01,29 29 29,28 28 28
LUKE SANDERS,FELIPE COLARES,2021-05-01,28 28 28,29 29 29
GIGA CHIKADZE,CUB SWANSON,2021-05-01,- - -,- - -
DOMINICK REYES,JIRI PROCHAZKA,2021-05-01,9 9 9,10 10 10
ION CUTELABA,DUSTIN JACOBY,2021-05-01,28 29 28,29 28 28
SEAN STRICKLAND,KRZYSZTOF JOTKO,2021-05-01,30 29 30,27 28 27
SEAN STRICKLAND,PAULO COSTA,2024-06-01,49 50 46,46 45 49
KEVIN HOLLAND,MICHAL OLEKSIEJCZUK,2024-06-01,- - -,- - -
MITCH RAPOSO,ANDRE LIMA,2024-06-01,27 27 29,30 30 28
PHIL ROWE,JAKE MATTHEWS,2024-06-01,28 27 28,29 30 29
GRANT DAWSON,JOE SOLECKI,2024-06-01,29 30 30,28 27 27
MICKEY GALL,BASSIL HAFEZ,2024-06-01,27 27 28,30 30 29
AILIN PEREZ,JOSELYNE EDWARDS,2024-06-01,29 29 30,28 28 27
ISLAM MAKHACHEV,DUSTIN POIRIER,2024-06-01,39 39 38,37 37 38
JAILTON ALMEIDA,ALEXANDR ROMANOV,2024-06-01,- - -,- - -
CESAR ALMEIDA,ROMAN KOPYLOV,2024-06-01,28 27 29,29 30 28
NIKO PRICE,ALEX MORONO,2024-06-01,29 29 29,28 28 28
RANDY BROWN,ELIZEU ZALESKI DOS SANTOS,2024-06-01,29 29 29,28 28 28
ARIANE DA SILVA,MELISSA GATTO,2023-07-01,28 30 29,29 27 28
MAX GRIFFIN,MICHAEL MORALES,2023-07-01,28 28 28,29 29 29
BRUNNO FERREIRA,NURSULTON RUZIBOEV,2023-07-01,- - -,- - -
ISMAEL BONFIM,BENOIT SAINT DENIS,2023-07-01,- - -,- - -
KEVIN LEE,RINAT FAKHRETDINOV,2023-07-01,- - -,- - -
SEAN STRICKLAND,ABUS MAGOMEDOV,2023-07-01,9 9 9,10 10 10
DAMIR ISMAGULOV,GRANT DAWSON,2023-07-01,26 27 27,30 30 30
JOANDERSON BRITO,WESTIN WILSON,2023-07-01,- - -,- - -
ALEXANDR ROMANOV,BLAGOY IVANOV,2023-07-01,30 30 30,27 27 27
IVANA PETROVIC,LUANA CAROLINA,2023-07-01,28 28 28,29 29 29
YANA SANTOS,KAROL ROSA,2023-07-01,29 28 28,28 29 29
GURAM KUTATELADZE,ELVES BRENER,2023-07-01,20 20 20,18 18 18
ILIR LATIFI,ALEKSEI OLEINIK,2022-10-01,30 30 30,27 27 27
JOAQUIM SILVA,JESSE RONSON,2022-10-01,10 10 10,9 9 9
JOHN CASTANEDA,DANIEL SANTOS,2022-10-01,10 10 10,9 9 9
GUIDO CANNETTI,RANDY COSTA,2022-10-01,- - -,- - -
MIKE DAVIS,VIACHESLAV BORSHCHEV,2022-10-01,29 30 30,28 26 26
KRZYSZTOF JOTKO,BRENDAN ALLEN,2022-10-01,- - -,- - -
RAONI BARCELOS,TREVIN JONES,2022-10-01,30 30 30,25 27 27
SODIQ YUSUFF,DON SHAINIS,2022-10-01,- - -,- - -
JULIJA STOLIARENKO,CHELSEA CHANDLER,2022-10-01,- - -,- - -
MACKENZIE DERN,YAN XIAONAN,2022-10-01,47 47 47,48 48 47
RANDY BROWN,FRANCISCO TRINALDO,2022-10-01,29 29 29,28 28 28
CHRISTIAN LEROY DUNCAN,CLAUDIO RIBEIRO,2024-03-02,10 10 10,9 9 9
LUDOVIT KLEIN,AJ CUNNINGHAM,2024-03-02,- - -,- - -
ABDUL-KAREEM AL-SELWADY,LOIK RADZHABOV,2024-03-02,19 19 19,19 19 19
VINICIUS OLIVEIRA,BENARDO SOPAJ,2024-03-02,19 19 19,19 19 19
JAIRZINHO ROZENSTRUIK,SHAMIL GAZIEV,2024-03-02,38 39 40,38 37 36
VITOR PETRINO,TYSON PEDRO,2024-03-02,30 30 29,27 27 28
AIEMANN ZAHABI,JAVID BASHARAT,2024-03-02,29 29 29,28 28 28
ERYK ANDERS,JAMIE PICKETT,2024-03-02,29 29 29,27 28 28
MATT SCHNELL,STEVE ERCEG,2024-03-02,9 9 9,10 10 10
UMAR NURMAGOMEDOV,BEKZAT ALMAKHAN,2024-03-02,30 30 30,25 26 26
ALEX PEREZ,MUHAMMAD MOKAEV,2024-03-02,28 28 28,29 29 29
ALEXANDER VOLKANOVSKI,MAX HOLLOWAY,2022-07-02,50 50 50,45 45 45
ISRAEL ADESANYA,JARED CANNONIER,2022-07-02,49 50 49,46 45 46
JESSICA EYE,MAYCEE BARBER,2022-07-02,28 28 27,29 29 30
JESSICA-ROSE CLARK,JULIJA STOLIARENKO,2022-07-02,- - -,- - -
SEAN STRICKLAND,ALEX PEREIRA,2022-07-02,- - -,- - -
URIAH HALL,ANDRE MUNIZ,2022-07-02,27 27 27,30 30 30
BRAD TAVARES,DRICUS DU PLESSIS,2022-07-02,28 28 28,29 29 29
ROBBIE LAWLER,BRYAN BARBERENA,2022-07-02,10 9 10,9 10 9
MICHELLE WATERSON-GOMEZ,SEAN O'MALLEY,2022-07-02,10 10 9,9 9 10
BRAD RIDDELL,JALIN TURNER,2022-07-02,- - -,- - -
IAN MACHADO GARRY,GABE GREEN,2022-07-02,30 30 30,27 27 27
JIM MILLER,DONALD CERRONE,2022-07-02,10 10 9,9 9 10
FARID BASHARAT,KLEYDSON RODRIGUES,2023-09-02,- - -,- - -
ZARAH FAIRN,JACQUELINE CAVALCANTI,2023-09-02,27 27 27,30 30 30
MORGAN CHARRIERE,MANOLO ZECCHINI,2023-09-02,- - -,- - -
TAYLOR LAPILUS,CAOLAN LOUGHRAN,2023-09-02,29 29 29,28 28 28
NORA CORNOLLE,JOSELYNE EDWARDS,2023-09-02,30 30 29,27 27 28
CIRYL GANE,SERGHEI SPIVAC,2023-09-02,10 10 10,9 9 9
ANGE LOOSA,RHYS MCKEE,2023-09-02,30 29 29,27 28 28
VOLKAN OEZDEMIR,BOGDAN GUSKOV,2023-09-02,- - -,- - -
WILLIAM GOMIS,YANIS GHEMMOURI,2023-09-02,20 20 20,18 18 18
BENOIT SAINT DENIS,THIAGO MOISES,2023-09-02,10 10 10,9 9 9
MANON FIOROT,ROSE NAMAJUNAS,2023-09-02,29 29 30,28 28 27
THIAGO SANTOS,JOHNNY WALKER,2021-10-02,48 48 48,47 47 47
ALEJANDRO PEREZ,JOHNNY EDUARDO,2021-10-02,9 9 9,10 10 10
BETHE CORREIA,KAROL ROSA,2021-10-02,27 26 27,30 30 30
KEVIN HOLLAND,KYLE DAUKAUS,2021-10-02,- - -,- - -
ALEX OLIVEIRA,NIKO PRICE,2021-10-02,28 28 28,29 29 29
DEVONTE SMITH,JAMIE MULLARKEY,2021-10-02,10 10 10,9 9 9
ALEXANDER HERNANDEZ,MIKE BREEDEN,2021-10-02,- - -,- - -
STEPHANIE EGGER,SHANNA YOUNG,2021-10-02,10 10 10,9 9 9
DOUGLAS SILVA DE ANDRADE,GAETANO PIRRELLO,2021-10-02,- - -,- - -
MISHA CIRKUNOV,KRZYSZTOF JOTKO,2021-10-02,28 29 28,29 28 29
JOE SOLECKI,JARED GORDON,2021-10-02,29 28 28,28 29 29
ANTONINA SHEVCHENKO,CASEY O'NEILL,2021-10-02,9 9 9,10 10 10
JACK SHORE,YOUSSEF ZALAL,2024-11-02,9 9 9,10 10 10
ALEXANDR ROMANOV,RODRIGO NASCIMENTO,2024-11-02,30 30 30,27 27 27
JAMEY-LYN HORTH,IVANA PETROVIC,2024-11-02,30 29 28,27 28 29
CHAD ANHELIGER,CODY GIBSON,2024-11-02,26 27 27,30 30 30
CHAD ANHELIGER,CODY GIBSON,2024-11-02,26 27 27,30 30 30
MARC-ANDRE BARRIAULT,DUSTIN STOLTZFUS,2024-11-02,- -,- -
MIKE MALOTT,TREVIN GILES,2024-11-02,29 30 29,28 27 28
CHARLES JOURDAIN,VICTOR HENRY,2024-11-02,10 10 10,9 9 9
IMPA KASANGANAY,PEDRO MUNHOZ,2024-11-02,30 29 29,27 28 28
ALEX CACERES,BRENDSON RIBEIRO,2024-11-02,28 29 28,29 28 29
IASMIN LUCINDO,JASMINE JASUDAVICIUS,2024-11-02,18 19 17,19 19 20
DANIEL ZELLHUBER,ROSE NAMAJUNAS,2024-11-02,48 48 48,47 47 47
BRANDON MORENO,AMIR ALBAZI,2024-11-02,49 50 50,46 45 45
SEAN BRADY,KELVIN GASTELUM,2023-12-02,20 20 20,18 18 17
RODOLFO BELLATO,IHOR POTIERIA,2023-12-02,9 9 9,10 10 10
DRAKKAR KLOSE,JOE SOLECKI,2023-12-02,- - -,- - -
ROB FONT,DEIVESON FIGUEIREDO,2023-12-02,27 27 27,30 30 30
WELLINGTON TURMAN,JARED GOODEN,2023-12-02,10 10 10,9 9 9
CLAY GUIDA,JOAQUIM SILVA,2023-12-02,28 28 28,29 29 29
PUNAHELE SORIANO,DUSTIN STOLTZFUS,2023-12-02,9 9 10,10 10 9
VERONICA HARDY,JAMEY-LYN HORTH,2023-12-02,29 29 28,28 28 29
JALIN TURNER,KING GREEN,2023-12-02,- - -,- - -
BENEIL DARIUSH,ARMAN TSARUKYAN,2023-12-02,- - -,- - -
ZACHARY REESE,CODY BRUNDAGE,2023-12-02,- - -,- - -
MIESHA TATE,JULIA AVILA,2023-12-02,20 20 20,18 17 17
ROMAN DOLIDZE,NASSOURDINE IMAVOV,2024-02-03,44 46 47,49 48 47
RANDY BROWN,MUSLIM SALIKHOV,2024-02-03,- - -,- - -
RENATO MOICANO,DREW DOBER,2024-02-03,29 29 29,28 28 28
THOMAS PETERSEN,JAMAL POGUES,2024-02-03,28 27 28,29 30 29
LANDON QUINONES,MARQUEL MEDEROS,2024-02-03,28 28 28,29 29 29
VIVIANE ARAUJO,NATALIA SILVA,2024-02-03,28 28 28,29 29 29
JEONGYEONG LEE,BLAKE BILDER,2024-02-03,30 30 30,27 27 27
LUANA CAROLINA,JULIJA STOLIARENKO,2024-02-03,20 20 20,18 18 18
ALIASKHAB KHIZRIEY,MAKHMUD MURADOV,2024-02-03,- - -,- - -
MOLLY MCCANN,DIANA BELBITA,2024-02-03,- - -,- - -
GILBERT URBINA,CHARLES RADTKE,2024-02-03,- - -,- - -
AZAT MAKSUM,CHARLES JOHNSON,2024-02-03,28 28 28,29 29 29
THEMBA GORIMBO,PETE RODRIGUEZ,2024-02-03,- - -,- - -
KARINE SILVA,KETLEN SOUZA,2023-06-03,- - -,- - -
ABUBAKAR NURMAGOMEDOV,ELIZEU ZALESKI DOS SANTOS,2023-06-03,28 28 29,29 29 28
KAI KARA-FRANCE,AMIR ALBAZI,2023-06-03,47 47 48,48 48 47
ALEX CACERES,DANIEL PINEDA,2023-06-03,29 29 29,28 28 28
TIM ELLIOTT,VICTOR ALTAMIRANO,2023-06-03,30 29 30,27 28 27
JIM MILLER,JESSE BUTLER,2023-06-03,- - -,- - -
DA'MON BLACKSHEAR,LUAN LACERDA,2023-06-03,10 10 10,9 9 9
ELISE REED,JINH YU FREY,2023-06-03,29 29 29,28 28 28
PHILIPE LINS,MAXIM GRISHIN,2023-06-03,29 30 29,28 27 28
JAMIE MULLARKEY,MUHAMMAD NAIMOV,2023-06-03,10 10 10,9 9 9
JOHN CASTANEDA,MUIN GAFUROV,2023-06-03,29 29 29,27 27 27
DANIEL SANTOS,JOHNNY MUNOZ,2023-06-03,29 29 29,27 27 27
ANDREI ARLOVSKI,DON'TALE MAYES,2023-06-03,9 10 9,10 9 10
VIKTORIIA DUDAKOVA,SAM HUGHES,2024-08-03,30 28 28,27 29 29
TONY FERGUSON,MICHAEL CHIESA,2024-08-03,- - -,- - -
JAI HERBERT,ROLANDO BEDOYA,2024-08-03,30 30 29,27 27 28
AZAMAT MURZAKANOV,ALONZO MENIFIELD,2024-08-03,10 10 10,9 9 9
MOHAMMAD YAHYA,KAUE FERNANDES,2024-08-03,- - -,- - -
GURAM KUTATELADZE,JORDAN VUCENIC,2024-08-03,29 29 29,28 28 28
SHAMIL GAZIEV,DON'TALE MAYES,2024-08-03,30 30 30,27 27 27
MACKENZIE DERN,LOOPY GODINEZ,2024-08-03,29 29 29,28 28 28
JOEL ALVAREZ,ELVES BRENER,2024-08-03,20 20 20,18 18 18
MARLON VERA,DEIVESON FIGUEIREDO,2024-08-03,28 28 27,29 29 30
CORY SANDHAGEN,UMAR NURMAGOMEDOV,2024-08-03,45 46 46,50 49 49
SEDRIQUES DUMAS,DENIS TIULIULIN,2024-08-03,29 30 29,28 27 28
SHARA MAGOMEDOV,MICHAL OLEKSIEJCZUK,2024-08-03,30 30 29,27 27 28
BENOIT SAINT DENIS,GABRIEL MIRANDA,2022-09-03,10 10 10,8 8 8
KHALID TAHA,CRISTIAN QUINONEZ,2022-09-03,- - -,- - -
FARES ZIAM,MICHAL FIGLAK,2022-09-03,30 29 30,27 28 27
CIRYL GANE,TAI TUIVASA,2022-09-03,20 20 20,18 18 18
JOHN MAKDESSI,NASRAT HAQPARAST,2022-09-03,27 28 27,30 29 30
CHARLES JOURDAIN,NATHANIEL WOOD,2022-09-03,28 27 27,29 30 30
STEPHANIE EGGER,AILIN PEREZ,2022-09-03,10 10 10,9 9 9
ABUS MAGOMEDOV,DUSTIN STOLTZFUS,2022-09-03,- - -,- - -
NASSOURDINE IMAVOV,JOAQUIN BUCKLEY,2022-09-03,29 30 29,28 27 28
ROBERT WHITTAKER,MARVIN VETTORI,2022-09-03,30 30 29,27 27 28
ALESSIO DI CHIRICO,ROMAN KOPYLOV,2022-09-03,18 19 18,20 19 20
WILLIAM GOMIS,JARNO ERRENS,2022-09-03,29 29 29,29 28 28
MATHEUS NICOLAU,MATT SCHNELL,2022-12-03,10 10 10,9 9 9
TAI TUIVASA,SERGEI PAVLOVICH,2022-12-03,- - -,- - -
ERYK ANDERS,KYLE DAUKAUS,2022-12-03,10 10 10,9 9 9
JACK HERMANSSON,ROMAN DOLIDZE,2022-12-03,10 10 10,9 9 9
BRYAN BARBERENA,RAFAEL DOS ANJOS,2022-12-03,9 9 9,10 10 10
CLAY GUIDA,SCOTT HOLTZMAN,2022-12-03,28 29 29,29 28 28
MICHAEL JOHNSON,MARC DIAKIESE,2022-12-03,29 29 30,28 28 27
STEPHEN THOMPSON,KEVIN HOLLAND,2022-12-03,39 39 39,36 37 36
YAZMIN JAUREGUI,ISTELA NUNES,2022-12-03,9 9 9,10 10 10
ANGELA HILL,EMILY DUCOTE,2022-12-03,30 30 30,27 27 27
NIKO PRICE,PHIL ROWE,2022-12-03,18 18 18,20 20 20
MARCELO ROJO,FRANCIS MARSHALL,2022-12-03,9 9 9,10 10 10
NATAN LEVY,GENARO VALDEZ,2022-12-03,29 29 30,28 28 27
DARREN ELKINS,JONATHAN PEARCE,2022-12-03,27 27 26,30 30 30
YUSAKU KINOSHITA,ADAM FUGITT,2023-02-04,- - -,- - -
JEKA SARAGIH,ANSHUL JUBLI,2023-02-04,9 9 9,10 10 10
TOSHIOMI KAZAMA,RINYA NAKAMURA,2023-02-04,- - -,- - -
JEONGYEONG LEE,YIZHA,2023-02-04,29 27 29,28 30 28
TATSURO TAIRA,JESUS AGUILAR,2023-02-04,- - -,- - -
DOO HO CHOI,KYLE NELSON,2023-02-04,29 28 28,27 28 28
JUNYONG PARK,DENIS TIULIULIN,2023-02-04,- - -,- - -
SEUNGGUK CHOI,HYUNSUNG PARK,2023-02-04,19 19 18,19 19 20
MARCIN TYBURA,BLAGOY IVANOV,2023-02-04,29 29 30,28 28 27
DERRICK LEWIS,SERGHEI SPIVAC,2023-02-04,- - -,- - -
DA WOON JUNG,DEVIN CLARK,2023-02-04,27 27 27,30 30 30
JON JONES,CIRYL GANE,2023-03-04,- - -,- - -
VALENTINA SHEVCHENKO,ALEXA GRASSO,2023-03-04,29 29 29,28 28 28
DA'MON BLACKSHEAR,FARID BASHARAT,2023-03-04,28 28 28,29 29 29
ESTEBAN RIBOVICS,LOIK RADZHABOV,2023-03-04,28 28 28,29 29 29
JESSICA PENNE,TABATHA RICCI,2023-03-04,9 9 9,10 10 10
MANA MARTINEZ,CAMERON SAAIMAN,2023-03-04,26 28 27,29 28 28
VIVIANE ARAUJO,AMANDA RIBAS,2023-03-04,27 26 27,29 30 30
DEREK BRUNSON,DRICUS DU PLESSIS,2023-03-04,10 10 10,9 9 9
JULIAN MARQUEZ,MARC-ANDRE BARRIAULT,2023-03-04,10 10 10,9 9 9
IAN MACHADO GARRY,SONG KENAN,2023-03-04,19 19 19,19 19 19
CODY GARBRANDT,TREVIN JONES,2023-03-04,29 29 29,28 28 28
BO NICKAL,JAMIE PICKETT,2023-03-04,- - -,- - -
GEOFF NEAL,SHAVKAT RAKHMONOV,2023-03-04,18 18 18,20 20 20
MATEUSZ GAMROT,JALIN TURNER,2023-03-04,29 28 30,28 29 27
ALEXANDRE PANTOJA,STEVE ERCEG,2024-05-04,48 48 49,47 47 46
ISMAEL BONFIM,VINC PICHEL,2024-05-04,30 30 30,27 27 27
ALESSANDRO COSTA,KEVIN BORJAS,2024-05-04,10 10 10,9 9 9
ANTHONY SMITH,VITOR PETRINO,2024-05-04,- - -,- - -
JOAQUIM SILVA,DRAKKAR KLOSE,2024-05-04,28 28 28,29 29 29
ELVES BRENER,MYKTYBEK OROLBAI,2024-05-04,27 27 27,29 29 29
JOSE ALDO,JONATHAN MARTINEZ,2024-05-04,30 30 30,27 27 27
MAURICIO RUFFY,JAMIE MULLARKEY,2024-05-04,- - -,- - -
MICHEL PEREIRA,IHOR POTIERIA,2024-05-04,- - -,- - -
PAUL CRAIG,CAIO BORRALHO,2024-05-04,9 9 9,10 10 10
DIONE BARBOSA,ERNESTA KARECKAITE,2024-05-04,29 29 29,28 28 28
KAROLINA KOWALKIEWICZ,IASMIN LUCINDO,2024-05-04,27 27 27,30 30 30
JACK SHORE,JOANDERSON BRITO,2024-05-04,9 9 9,10 10 10
ALEXANDER VOLKOV,JAIRZINHO ROZENSTRUIK,2022-06-04,- - -,- - -
FELICE HERRIG,KAROLINA KOWALKIEWICZ,2022-06-04,9 9 9,10 10 10
JOE SOLECKI,ALEX DA SILVA,2022-06-04,28 29 28,27 27 28
DAN IGE,MOVSAR EVLOEV,2022-06-04,27 26 27,30 30 30
NIKLAS STOLZE,BENOIT SAINT DENIS,2022-06-04,9 9 9,10 10 10
KARINE SILVA,POLIANA BOTELHO,2022-06-04,- - -,- - -
MICHAEL TRIZANO,LUCAS ALMEIDA,2022-06-04,19 19 19,19 19 19
DAMON JACKSON,DAN ARGUETA,2022-06-04,29 30 30,28 27 27
RINAT FAKHRETDINOV,ANDREAS MICHAILIDIS,2022-06-04,30 30 30,27 26 26
ERIN BLANCHFIELD,JJ ALDRICH,2022-06-04,9 9 6,10 10 10
JEFF MOLINA,ZHALGAS ZHUMAGULOV,2022-06-04,28 29 30,29 28 27
JOHNNY MUNOZ,TONY GRAVELY,2022-06-04,- - -,- - -
ODE OSBOURNE,ZARRUKH ADASHEV,2022-06-04,- - -,- - -
ALONZO MENIFIELD,ASKAR MOZHAROV,2022-06-04,- - -,- - -
JULIAN EROSA,CHARLES JOURDAIN,2021-09-04,19 19 19,19 19 19
JACK SHORE,LIUDVIK SHOLINIAN,2021-09-04,30 30 30,27 27 27
TOM ASPINALL,SERGHEI SPIVAC,2021-09-04,- - -,- - -
DEREK BRUNSON,DARREN TILL,2021-09-04,20 20 20,18 18 18
PADDY PIMBLETT,LUIGI VENDRAMINI,2021-09-04,- - -,- - -
MOLLY MCCANN,JI YEON KIM,2021-09-04,29 29 29,28 28 28
MODESTAS BUKAUSKAS,KHALIL ROUNTREE JR.,2021-09-04,9 9 9,10 10 10
DALCHA LUNGIAMBULA,MARC-ANDRE BARRIAULT,2021-09-04,28 28 27,29 29 30
ALEX MORONO,DAVID ZAWADA,2021-09-04,30 30 30,27 27 27
GERMAINE DE RANDAMIE,JULIANNA PENA,2020-10-04,19 19 19,19 19 19
KYLER PHILLIPS,CAMERON ELSE,2020-10-04,10 10 10,9 9 9
LUIGI VENDRAMINI,JESSIN AYARI,2020-10-04,- - -,- - -
CASEY KENNEY,ALATENGHEILI,2020-10-04,30 30 30,25 27 26
LOMA LOOKBOONMEE,JINH YU FREY,2020-10-04,30 30 29,27 27 28
DEQUAN TOWNSEND,DUSKO TODOROVIC,2020-10-04,9 9 9,10 10 10
CARLOS CONDIT,COURT MCGEE,2020-10-04,30 30 30,27 27 27
JORDAN WILLIAMS,NASSOURDINE IMAVOV,2020-10-04,27 28 27,29 29 29
YORGAN DE CASTRO,CARLOS FELIPE,2020-10-04,27 28 27,30 29 30
HOLLY HOLM,IRENE ALDANA,2020-10-04,50 50 50,44 45 45
CHARLES JOURDAIN,JOSH CULIBAO,2020-10-04,28 28 30,28 29 27
ELVES BRENER,KAYNAN KRUSCHEWSKY,2023-11-04,- - -,- - -
CAIO BORRALHO,ABUS MAGOMEDOV,2023-11-04,29 29 30,28 28 27
KAUE FERNANDES,MARC DIAKIESE,2023-11-04,28 27 29,29 30 28
RINAT FAKHRETDINOV,ELIZEU ZALESKI DOS SANTOS,2023-11-04,28 28 28,29 28 28
VITOR PETRINO,MODESTAS BUKAUSKAS,2023-11-04,10 10 10,9 9 9
RODRIGO NASCIMENTO,DON'TALE MAYES,2023-11-04,30 29 29,27 28 28
GABRIEL BONFIM,NICOLAS DALBY,2023-11-04,10 10 10,8 9 9
JAILTON ALMEIDA,DERRICK LEWIS,2023-11-04,50 50 50,44 44 45
EDUARDA MOURA,MONTSERRAT CONEJO RUIZ,2023-11-04,10 10 10,8 8 9
ANGELA HILL,DENISE GOMES,2023-11-04,30 29 29,27 28 28
BRYAN BARBERENA,DARIAN WEEKS,2021-12-04,29 29 29,28 28 28
MANEL KAPE,ZHALGAS ZHUMAGULOV,2021-12-04,- - -,- - -
CHEYANNE VLISMAS,MALLORY MARTIN,2021-12-04,29 29 30,28 28 27
ALONZO MENIFIELD,WILLIAM KNIGHT,2021-12-04,28 28 28,29 29 29
ROB FONT,JOSE ALDO,2021-12-04,45 46 45,50 49 50
MAKI PITOLO,DUSKO TODOROVIC,2021-12-04,- - -,- - -
ALEX MORONO,MICKEY GALL,2021-12-04,30 30 30,27 27 27
CLAY GUIDA,LEONARDO SANTOS,2021-12-04,9 9 9,10 10 10
BRENDAN ALLEN,CHRIS CURTIS,2021-12-04,9 9 9,10 10 10
BRAD RIDDELL,RAFAEL FIZIEV,2021-12-04,18 18 18,20 20 20
JIMMY CRUTE,JAMAHAL HILL,2021-12-04,- - -,- - -
LOUIS SMOLKA,VINCE MORALES,2021-12-04,- - -,- - -
CLAUDIO PUELLES,CHRIS GRUETZEMACHER,2021-12-04,20 20 20,18 18 18
KEVIN HOLLAND,ALEX OLIVEIRA,2022-03-05,9 9 9,10 10 10
NICOLAE NEGUMEREANU,KENNEDY NZECHUKWU,2022-03-05,29 29 27,27 27 29
DEVONTE SMITH,LUDOVIT KLEIN,2022-03-05,29 28 27,28 29 30
TIM ELLIOTT,TAGIR ULANBEKOV,2022-03-05,29 29 29,28 28 28
COLBY COVINGTON,JORGE MASVIDAL,2022-03-05,49 50 50,46 44 45
MARINA RODRIGUEZ,YAN XIAONAN,2022-03-05,29 28 29,28 29 28
EDSON BARBOZA,BRYCE MITCHELL,2022-03-05,25 26 27,30 30 30
RAFAEL DOS ANJOS,RENATO MOICANO,2022-03-05,49 50 49,44 44 45
SERGHEI SPIVAC,GREG HARDY,2022-03-05,- - -,- - -
DUSTIN JACOBY,MICHAL OLEKSIEJCZUK,2022-03-05,29 29 29,28 28 28
BRIAN KELLEHER,UMAR NURMAGOMEDOV,2022-03-05,- - -,- - -
MARYNA MOROZ,MARIYA AGAPOVA,2022-03-05,10 10 10,9 9 9
JALIN TURNER,JAMIE MULLARKEY,2022-03-05,10 10 10,9 9 9
DAN ARGUETA,JEAN MATSUMOTO,2024-04-05,10 10 10,9 9 9
FRANCISCO TRINALDO,MUSLIM SALIKHOV,2021-06-05,27 27 27,30 30 30
TANNER BOSER,ILIR LATIFI,2021-06-05,28 28 29,29 29 27
DUSKO TODOROVIC,GREGORY RODRIGUES,2021-06-05,28 27 27,29 30 30
MONTANA DE LA ROSA,ARIANE DA SILVA,2021-06-05,10 10 10,9 9 9
WALT HARRIS,MARCIN TYBURA,2021-06-05,- - -,- - -
JAIRZINHO ROZENSTRUIK,AUGUSTO SAKAI,2021-06-05,- - -,- - -
ROMAN DOLIDZE,LAUREANO STAROPOLI,2021-06-05,30 30 30,27 27 27
SANTIAGO PONZINIBBIO,MIGUEL BAEZA,2021-06-05,29 29 29,28 28 28
SEAN WOODSON,YOUSSEF ZALAL,2021-06-05,28 29 29,29 28 28
MANON FIOROT,TABATHA RICCI,2021-06-05,10 10 10,9 9 9
CLAUDIO PUELLES,JORDAN LEAVITT,2021-06-05,29 29 29,28 28 28
MAKWAN AMIRKHANI,KAMUELA KIRK,2021-06-05,28 27 28,29 30 29
ALAN PATRICK,MASON JONES,2021-06-05,8 8 8,10 10 10
SEAN WOODSON,DENNIS BUZUKJA,2023-08-05,30 30 30,27 27 27
ODE OSBOURNE,ASU ALMABAYEV,2023-08-05,9 9 9,10 10 10
JESSICA ANDRADE,TATIANA SUAREZ,2023-08-05,9 9 9,10 10 10
CORY SANDHAGEN,ROB FONT,2023-08-05,50 50 50,45 45 45
DIEGO LOPES,GAVIN TUCKER,2023-08-05,- - -,- - -
DUSTIN JACOBY,KENNEDY NZECHUKWU,2023-08-05,- - -,- - -
TANNER BOSER,ALEKSA CAMUR,2023-08-05,30 30 30,27 27 27
IGNACIO BAHAMONDES,LUDOVIT KLEIN,2023-08-05,28 28 27,29 29 30
CODY DURDEN,JAKE HADLEY,2023-08-05,30 30 30,27 27 27
BILLY QUARANTILLO,DAMON JACKSON,2023-08-05,29 29 29,28 28 28
KYLER PHILLIPS,RAONI BARCELOS,2023-08-05,29 29 30,28 28 27
JEREMIAH WELLS,CARLSTON HARRIS,2023-08-05,20 20 20,18 18 17
ALISTAIR OVEREEM,AUGUSTO SAKAI,2020-09-05,39 38 38,36 37 37
OVINCE SAINT PREUX,ALONZO MENIFIELD,2020-09-05,10 10 9,9 9 10
BRIAN KELLEHER,RAY RODRIGUEZ,2020-09-05,- - -,- - -
MICHEL PEREIRA,ZELIM IMADAEV,2020-09-05,20 20 20,18 18 18
COLE SMITH,HUNTER AZURE,2020-09-05,28 28 28,29 29 29
ANDRE MUNIZ,BARTOSZ FABINSKI,2020-09-05,- - -,- - -
BRIAN KELLEHER,RAY RODRIGUEZ,2020-09-05,- - -,- - -
VIVIANE ARAUJO,MONTANA DE LA ROSA,2020-09-05,29 30 30,28 27 27
COURT MCGEE,TIM MEANS,2024-10-05,- - -,- - -
ALEX PEREIRA,KHALIL ROUNTREE JR.,2024-10-05,28 28 28,29 29 29
CARLA ESPARZA,TECIA PENNINGTON,2024-10-05,28 28 27,29 29 30
RYAN SPANN,OVINCE SAINT PREUX,2024-10-05,- - -,- - -
AUSTIN HUBBARD,ALEXANDER HERNANDEZ,2024-10-05,30 28 28,27 29 29
CESAR ALMEIDA,IHOR POTIERIA,2024-10-05,30 29 30,27 28 27
MARINA RODRIGUEZ,IASMIN LUCINDO,2024-10-05,29 28 28,28 29 29
STEPHEN THOMPSON,JOAQUIN BUCKLEY,2024-10-05,19 18 20,19 20 18
RAQUEL PENNINGTON,JULIANNA PENA,2024-10-05,47 48 47,48 47 48
JOSE ALDO,MARIO BAUTISTA,2024-10-05,28 28 29,29 29 28
KETLEN VIEIRA,KAYLA HARRISON,2024-10-05,27 27 28,30 30 29
ROMAN DOLIDZE,KEVIN HOLLAND,2024-10-05,10 10 10,9 9 8
DARRICK MINNER,SHAYILAN NUERDANBIEKE,2022-11-05,- - -,- - -
LIUDVIK SHOLINIAN,JOHNNY MUNOZ,2022-11-05,28 27 27,29 30 30
POLYANA VIANA,JINH YU FREY,2022-11-05,- - -,- - -
NEIL MAGNY,DANIEL RODRIGUEZ,2022-11-05,19 19 19,19 19 19
CARLOS CANDELARIO,JAKE HADLEY,2022-11-05,9 9 9,10 10 10
TAMIRES VIDAL,RAMONA PASCUAL,2022-11-05,- - -,- - -
MARIO BAUTISTA,BENITO LOPEZ,2022-11-05,- - -,- - -
MIRANDA MAVERICK,SHANNA YOUNG,2022-11-05,30 30 30,26 26 26
TAGIR ULANBEKOV,NATE MANESS,2022-11-05,- - -,- - -
GRANT DAWSON,MARK MADSEN,2022-11-05,20 20 20,18 18 18
MARINA RODRIGUEZ,AMANDA LEMOS,2022-11-05,19 18 19,19 20 19
ROMAN DOLIDZE,JOHN ALLAN,2020-12-05,29 30 28,28 27 29
GABRIEL BENITEZ,JUSTIN JAYNES,2020-12-05,- - -,- - -
LOUIS SMOLKA,JOSE QUINONEZ,2020-12-05,9 10 9,10 9 10
OVINCE SAINT PREUX,JAMAHAL HILL,2020-12-05,9 9 9,10 10 10
MATT WIMAN,JORDAN LEAVITT,2020-12-05,- - -,- - -
ILIA TOPURIA,DAMON JACKSON,2020-12-05,- - -,- - -
GIAN VILLANTE,JAKE COLLIER,2020-12-05,27 27 27,30 30 30
JACK HERMANSSON,MARVIN VETTORI,2020-12-05,46 46 45,49 49 49
TIMUR VALIEV,MARTIN DAY,2021-02-06,30 30 30,25 25 26
DIEGO FERREIRA,BENEIL DARIUSH,2021-02-06,28 28 29,29 29 28
ALEXANDRE PANTOJA,MANEL KAPE,2021-02-06,29 30 29,28 27 28
CORY SANDHAGEN,FRANKIE EDGAR,2021-02-06,- - -,- - -
SEUNGWOO CHOI,YOUSSEF ZALAL,2021-02-06,29 30 29,28 27 28
KAROL ROSA,JOSELYNE EDWARDS,2021-02-06,30 30 30,27 27 27
MOLLY MCCANN,LARA PROCOPIO,2021-02-06,27 28 27,29 29 30
MICHAEL JOHNSON,CLAY GUIDA,2021-02-06,27 27 27,30 30 30
ODE OSBOURNE,JEROME RIVERA,2021-02-06,- - -,- - -
ALISTAIR OVEREEM,ALEXANDER VOLKOV,2021-02-06,9 9 9,10 10 10
MIKE RODRIGUEZ,DANILO MARQUES,2021-02-06,9 9 9,10 10 10
DEVONTE SMITH,JUSTIN JAYNES,2021-02-06,10 10 10,9 9 9
JAN BLACHOWICZ,ISRAEL ADESANYA,2021-03-06,49 49 49,45 46 45
AMANDA NUNES,MEGAN ANDERSON,2021-03-06,- - -,- - -
UROS MEDIC,AALON CRUZ,2021-03-06,- - -,- - -
LIVINHA SOUZA,AMANDA LEMOS,2021-03-06,- - -,- - -
TIM ELLIOTT,JORDAN ESPINOSA,2021-03-06,30 30 30,27 27 25
ISLAM MAKHACHEV,DREW DOBER,2021-03-06,20 20 20,18 17 18
PETR YAN,ALJAMAIN STERLING,2021-03-06,29 29 28,28 28 29
ROGERIO BONTORIN,KAI KARA-FRANCE,2021-03-06,- - -,- - -
MARIO BAUTISTA,TREVIN JONES,2021-03-06,9 10 9,10 9 10
KENNEDY NZECHUKWU,CARLOS ULBERG,2021-03-06,9 9 9,10 10 10
SEAN BRADY,JAKE MATTHEWS,2021-03-06,20 20 20,17 18 18
JOSEPH BENAVIDEZ,ASKAR ASKAROV,2021-03-06,27 26 27,30 30 30
SONG YADONG,KYLER PHILLIPS,2021-03-06,28 28 28,29 29 29
THIAGO SANTOS,ALEKSANDAR RAKIC,2021-03-06,28 28 27,29 29 30
DOMINICK CRUZ,CASEY KENNEY,2021-03-06,28 29 30,29 28 27
DAN ARGUETA,JEAN MATSUMOTO,2024-04-06,10 10 10,9 9 9
ALEXANDER HERNANDEZ,DAMON JACKSON,2024-04-06,28 28 30,29 29 27
BRENDAN ALLEN,CHRIS CURTIS,2024-04-06,47 48 49,48 47 46
IGNACIO BAHAMONDES,CHRISTOS GIAGOS,2024-04-06,- - -,- - -
MORGAN CHARRIERE,CHEPE MARISCAL,2024-04-06,28 30 28,29 27 29
PEDRO FALCAO,VICTOR HUGO,2024-04-06,28 27 28,29 30 29
TREVOR PEEK,CHARLIE CAMPBELL,2024-04-06,27 27 27,30 30 30
DYLAN BUDKA,CESAR ALMEIDA,2024-04-06,10 10 10,9 9 9
MELISSA MULLINS,NORA CORNOLLE,2024-04-06,9 10 9,10 9 10
COURT MCGEE,ALEX MORONO,2024-04-06,28 28 28,29 29 29
NORMA DUMONT,GERMAINE DE RANDAMIE,2024-04-06,29 29 29,28 28 28
VALTER WALKER,LUKASZ BRZESKI,2024-04-06,28 28 28,29 29 29
ALJAMAIN STERLING,HENRY CEJUDO,2023-05-06,47 48 48,48 47 47
BELAL MUHAMMAD,GILBERT BURNS,2023-05-06,50 49 49,45 46 46
MOVSAR EVLOEV,DIEGO LOPES,2023-05-06,29 29 30,28 28 27
JESSICA ANDRADE,YAN XIAONAN,2023-05-06,- -,- -
KENNEDY NZECHUKWU,DEVIN CLARK,2023-05-06,10 10 10,9 9 9
KHAOS WILLIAMS,ROLANDO BEDOYA,2023-05-06,29 29 27,28 28 30
DREW DOBER,MATT FREVOLA,2023-05-06,- - -,- - -
KRON GRACIE,CHARLES JOURDAIN,2023-05-06,27 27 27,30 30 30
BRAXTON SMITH,PARKER PORTER,2023-05-06,- -,- -
MARINA RODRIGUEZ,VIRNA JANDIROBA,2023-05-06,28 28 27,29 29 30
PHIL HAWES,IKRAM ALISKEROV,2023-05-06,- - -,- - -
JOSEPH HOLMES,CLAUDIO RIBEIRO,2023-05-06,9 9 9,10 10 10
MAYRA BUENO SILVA,STEPHANIE EGGER,2022-08-06,- - -,- - -
CORY MCKENNA,MIRANDA GRANGER,2022-08-06,10 10 10,9 9 9
BRYAN BATTLE,TAKASHI SATO,2022-08-06,- - -,- - -
SAM ALVEY,MICHAL OLEKSIEJCZUK,2022-08-06,- - -,- - -
AUGUSTO SAKAI,SERGHEI SPIVAC,2022-08-06,9 9 9,10 10 10
TERRANCE MCKINNEY,ERICK GONZALEZ,2022-08-06,- - -,- - -
VICENTE LUQUE,GEOFF NEAL,2022-08-06,18 18 17,20 20 20
THIAGO SANTOS,JAMAHAL HILL,2022-08-06,29 29 28,28 28 29
MOHAMMED USMAN,ZAC PAUGA,2022-08-06,9 10 9,10 9 10
BROGAN WALKER,JULIANA MILLER,2022-08-06,18 18 18,20 20 20
PHIL HAWES,CHRIS CURTIS,2021-11-06,- - -,- - -
AL IAQUINTA,KING GREEN,2021-11-06,- - -,- - -
ROSE NAMAJUNAS,ZHANG WEILI,2021-11-06,49 48 47,46 47 48
KAMARU USMAN,COLBY COVINGTON,2021-11-06,48 48 49,47 47 46
MELSIK BAGHDASARYAN,BRUNO SOUZA,2021-11-06,29 29 29,28 28 28
CJ VERGARA,ODE OSBOURNE,2021-11-06,28 28 28,29 29 29
SHANE BURGOS,BILLY QUARANTILLO,2021-11-06,29 29 29,28 28 28
IAN MACHADO GARRY,JORDAN WILLIAMS,2021-11-06,- - -,- - -
EDMEN SHAHBAZYAN,NASSOURDINE IMAVOV,2021-11-06,10 10 10,9 10 9
FRANKIE EDGAR,MARLON VERA,2021-11-06,20 19 19,18 19 19
GIAN VILLANTE,CHRIS BARNETT,2021-11-06,10 10 10,9 9 9
JUSTIN GAETHJE,MICHAEL CHANDLER,2021-11-06,29 30 29,28 27 28
ALEX PEREIRA,ANDREAS MICHAILIDIS,2021-11-06,9 9 9,10 10 10
DUSTIN JACOBY,JOHN ALLAN,2021-11-06,29 29 30,28 28 27
BRANDON ROYVAL,MATT SCHNELL,2022-05-07,- - -,- - -
JOURNEY NEWSON,FERNIE GARCIA,2022-05-07,30 30 29,27 27 28
ARIANE CARNELOSSI,LOOPY GODINEZ,2022-05-07,26 26 27,30 30 30
MACY CHIASSON,NORMA DUMONT,2022-05-07,30 28 30,27 29 27
TRACY CORTEZ,MELISSA GATTO,2022-05-07,29 29 29,28 28 28
RANDY BROWN,KHAOS WILLIAMS,2022-05-07,29 29 28,28 28 29
FRANCISCO TRINALDO,DANNY ROBERTS,2022-05-07,29 30 30,28 26 27
KLEYDSON RODRIGUES,CJ VERGARA,2022-05-07,28 29 28,29 28 29
ROSE NAMAJUNAS,CARLA ESPARZA,2022-05-07,48 46 47,47 49 48
CHARLES OLIVEIRA,JUSTIN GAETHJE,2022-05-07,- - -,- - -
MICHAEL CHANDLER,TONY FERGUSON,2022-05-07,9 9 9,10 10 10
MAURICIO RUA,OVINCE SAINT PREUX,2022-05-07,29 28 27,28 29 30
BLAGOY IVANOV,MARCOS ROGERIO DE LIMA,2022-05-07,29 29 29,28 28 28
ANDRE FIALHO,CAMERON VANCAMP,2022-05-07,- - -,- - -
JOSE ALDO,PEDRO MUNHOZ,2021-08-07,30 30 30,27 27 27
MICHAEL CHIESA,VICENTE LUQUE,2021-08-07,- - -,- - -
DERRICK LEWIS,CIRYL GANE,2021-08-07,18 18 18,20 20 20
ALONZO MENIFIELD,ED HERMAN,2021-08-07,30 30 30,27 27 27
KAROLINA KOWALKIEWICZ,JESSICA PENNE,2021-08-07,- - -,- - -
VINCE MORALES,DRAKO RODRIGUEZ,2021-08-07,30 29 29,27 28 28
KING GREEN,RAFAEL FIZIEV,2021-08-07,28 28 27,29 29 30
MANEL KAPE,ODE OSBOURNE,2021-08-07,- - -,- - -
SONG YADONG,CASEY KENNEY,2021-08-07,30 29 28,27 28 29
TECIA PENNINGTON,ANGELA HILL,2021-08-07,30 29 30,27 28 27
MILES JOHNS,ANDERSON DOS SANTOS,2021-08-07,20 20 20,18 18 18
JOHNNY MUNOZ,JAMEY SIMMONS,2021-08-07,10 10 10,9 9 9
VICTORIA LEONARDO,MELISSA GATTO,2021-08-07,18 19 18,20 19 20
TREVOR PEEK,YANAL ASHMOUZ,2024-09-07,28 27 28,29 30 29
RONGZHU,CHRIS PADILLA,2024-09-07,9 9 10,10 10 9
ZYGIMANTAS RAMASKA,NATHAN FLETCHER,2024-09-07,10 9 10,9 10 9
ANDRE PETROSKI,DYLAN BUDKA,2024-09-07,30 30 30,27 27 27
JAQUELINE AMORIM,VANESSA DEMOPOULOS,2024-09-07,- - -,- - -
MATT SCHNELL,CODY DURDEN,2024-09-07,9 9 10,10 10 9
STEVE GARCIA,KYLE NELSON,2024-09-07,- - -,- - -
YIZHA,GABRIEL SANTOS,2024-09-07,26 26 27,30 30 30
GILBERT BURNS,SEAN BRADY,2024-09-07,45 46 45,50 49 50
ISAAC DULGARIAN,BRENDON MAROTTE,2024-09-07,10 10 10,8 9 8
FELIPE DOS SANTOS,ANDRE LIMA,2024-09-07,28 28 27,29 29 30
JESSICA ANDRADE,NATALIA SILVA,2024-09-07,27 27 27,30 30 30
ALEXANDER HERNANDEZ,BILL ALGEO,2023-10-07,27 27 27,30 30 30
DREW DOBER,RICKY GLENN,2023-10-07,- - -,- - -
JOE PYFER,ABDUL RAZAK ALHASSAN,2023-10-07,10 10 10,9 9 9
ALEX MORONO,JOAQUIN BUCKLEY,2023-10-07,27 26 27,30 30 30
GRANT DAWSON,KING GREEN,2023-10-07,- - -,- - -
MONTANA DE LA ROSA,JJ ALDRICH,2023-10-07,27 27 27,30 30 30
NATE MANESS,MATEUS MENDONCA,2023-10-07,- - -,- - -
KAROLINA KOWALKIEWICZ,DIANA BELBITA,2023-10-07,30 30 30,27 27 27
VANESSA DEMOPOULOS,KANAKO MURATA,2023-10-07,29 29 29,28 28 28
AORIQILENG,JOHNNY MUNOZ,2023-10-07,29 29 29,28 28 28
ANDREI ARLOVSKI,TANNER BOSER,2020-11-07,29 29 29,28 28 28
RAONI BARCELOS,KHALID TAHA,2020-11-07,30 30 30,27 27 27
TREVIN GILES,BEVON LEWIS,2020-11-07,20 20 20,18 18 18
CLAUDIA GADELHA,YAN XIAONAN,2020-11-07,28 28 28,29 29 29
DARREN ELKINS,EDUARDO GARAGORRI,2020-11-07,20 19 19,18 19 19
MAX GRIFFIN,RAMIZ BRAHIMAJ,2020-11-07,19 20 20,19 18 18
ALEXANDR ROMANOV,MARCOS ROGERIO DE LIMA,2020-11-07,- - -,- - -
GIGA CHIKADZE,JAMEY SIMMONS,2020-11-07,- - -,- - -
GUSTAVO LOPEZ,ANTHONY BIRCHAK,2020-11-07,- - -,- - -
THIAGO SANTOS,GLOVER TEIXEIRA,2020-11-07,17 17 17,20 20 20
CHRIS CURTIS,KELVIN GASTELUM,2023-04-08,28 27 28,29 30 29
RAUL ROSAS JR.,CHRISTIAN RODRIGUEZ,2023-04-08,28 27 28,29 29 29
ROB FONT,ADRIAN YANEZ,2023-04-08,- - -,- - -
KEVIN HOLLAND,SANTIAGO PONZINIBBIO,2023-04-08,20 20 20,18 18 18
GILBERT BURNS,JORGE MASVIDAL,2023-04-08,30 29 30,27 28 27
GERALD MEERSCHAERT,JOE PYFER,2023-04-08,- - -,- - -
MICHELLE WATERSON-GOMEZ,LUANA PINHEIRO,2023-04-08,28 28 29,29 29 28
ALEX PEREIRA,ISRAEL ADESANYA,2023-04-08,9 9 9,10 10 10
CYNTHIA CALVILLO,LOOPY GODINEZ,2023-04-08,29 28 27,28 29 30
IGNACIO BAHAMONDES,TREY OGDEN,2023-04-08,30 29 30,27 28 27
JAQUELINE AMORIM,SAM HUGHES,2023-04-08,28 28 28,29 29 29
SHAYILAN NUERDANBIEKE,STEVE GARCIA,2023-04-08,10 10 10,9 9 9
JUNYONG PARK,TAFON NCHUKWI,2021-05-08,28 29 30,28 26 25
CHRISTIAN AGUILERA,CARLSTON HARRIS,2021-05-08,- - -,- - -
PHIL HAWES,KYLE DAUKAUS,2021-05-08,30 30 29,26 26 27
MARINA RODRIGUEZ,MICHELLE WATERSON-GOMEZ,2021-05-08,48 49 49,47 46 46
LUDOVIT KLEIN,MICHAEL TRIZANO,2021-05-08,28 28 27,29 29 30
DIEGO FERREIRA,GREGOR GILLESPIE,2021-05-08,10 10 10,9 9 9
MAURICE GREENE,MARCOS ROGERIO DE LIMA,2021-05-08,26 27 26,30 30 30
NEIL MAGNY,GEOFF NEAL,2021-05-08,29 29 30,28 28 27
DONALD CERRONE,ALEX MORONO,2021-05-08,- - -,- - -
DOMINICK REYES,DUSTIN JACOBY,2024-06-08,- - -,- - -
RAUL ROSAS JR.,RICKY TURCIOS,2024-06-08,9 10 9,10 9 10
JULIAN MARQUEZ,ZACHARY REESE,2024-06-08,- - -,- - -
BRUNNO FERREIRA,DUSTIN STOLTZFUS,2024-06-08,- - -,- - -
JARED CANNONIER,NASSOURDINE IMAVOV,2024-06-08,29 29 28,28 28 29
BRAD KATONA,JESSE BUTLER,2024-06-08,30 30 30,27 27 26
CHARLES RADTKE,CARLOS PRATES,2024-06-08,- - -,- - -
ANDREA LEE,MONTANA DE LA ROSA,2024-06-08,29 28 28,28 29 29
JOHN CASTANEDA,DANIEL MARCOS,2024-06-08,27 27 27,30 30 30
RAYANNE DOS SANTOS,PUJA TOMAR,2024-06-08,27 30 28,30 27 29
EDUARDA MOURA,DENISE GOMES,2024-06-08,29 27 27,28 30 30
MIGUEL BAEZA,PUNAHELE SORIANO,2024-06-08,27 25 25,30 30 30
THIAGO MOISES,LUDOVIT KLEIN,2024-06-08,27 27 27,30 30 30
CODY STAMANN,TAYLOR LAPILUS,2024-06-08,27 27 27,30 30 30
ALEXANDER VOLKANOVSKI,YAIR RODRIGUEZ,2023-07-08,20 20 20,18 18 18
ROBERT WHITTAKER,DRICUS DU PLESSIS,2023-07-08,9 9 9,10 10 10
BRANDON MORENO,ALEXANDRE PANTOJA,2023-07-08,49 47 47,46 48 48
JALIN TURNER,DAN HOOKER,2023-07-08,29 28 28,28 29 29
BO NICKAL,VAL WOODBURN,2023-07-08,- - -,- - -
KAMUELA KIRK,ESTEBAN RIBOVICS,2023-07-08,28 28 28,29 29 29
SHANNON ROSS,JESUS AGUILAR,2023-07-08,- - -,- - -
TATSURO TAIRA,EDGAR CHAIREZ,2023-07-08,29 29 29,27 27 27
ROBBIE LAWLER,NIKO PRICE,2023-07-08,- - -,- - -
CAMERON SAAIMAN,TERRENCE MITCHELL,2023-07-08,- - -,- - -
VITOR PETRINO,MARCIN PRACHNIO,2023-07-08,20 20 20,18 18 18
YAZMIN JAUREGUI,DENISE GOMES,2023-07-08,- - -,- - -
JIMMY CRUTE,ALONZO MENIFIELD,2023-07-08,9 9 9,10 10 10
PEDRO MUNHOZ,KYLER PHILLIPS,2024-03-09,27 27 27,30 30 30
ION CUTELABA,PHILIPE LINS,2024-03-09,28 28 28,29 29 29
ROBELIS DESPAIGNE,JOSH PARISIAN,2024-03-09,- - -,- - -
MICHEL PEREIRA,MICHAL OLEKSIEJCZUK,2024-03-09,- - -,- - -
JOANNE WOOD,MARYNA MOROZ,2024-03-09,28 29 29,29 28 28
MATEUSZ GAMROT,RAFAEL DOS ANJOS,2024-03-09,29 30 29,28 27 28
KATLYN CERMINARA,MAYCEE BARBER,2024-03-09,27 28 27,30 29 30
CJ VERGARA,ASU ALMABAYEV,2024-03-09,27 27 27,30 30 30
GILBERT BURNS,JACK DELLA MADDALENA,2024-03-09,20 20 19,18 18 19
KEVIN HOLLAND,MICHAEL PAGE,2024-03-09,28 28 28,29 29 29
PETR YAN,SONG YADONG,2024-03-09,29 29 29,28 28 28
CURTIS BLAYDES,JAILTON ALMEIDA,2024-03-09,9 9 9,10 10 10
DUSTIN POIRIER,BENOIT SAINT DENIS,2024-03-09,9 9 9,10 10 10
SEAN O'MALLEY,MARLON VERA,2024-03-09,50 50 50,45 44 45
JULIO ARCE,DANIEL SANTOS,2022-04-09,30 29 30,27 28 27
PIERA RODRIGUEZ,KAY HANSEN,2022-04-09,29 29 29,28 28 28
ALEXANDER VOLKANOVSKI,CHAN SUNG JUNG,2022-04-09,30 30 30,26 26 26
ALJAMAIN STERLING,PETR YAN,2022-04-09,48 47 48,47 48 47
MACKENZIE DERN,TECIA PENNINGTON,2022-04-09,29 29 28,28 28 29
GILBERT BURNS,KHAMZAT CHIMAEV,2022-04-09,28 28 28,29 29 29
ANTHONY HERNANDEZ,JOSH FREMD,2022-04-09,30 29 30,27 28 27
ASPEN LADD,RAQUEL PENNINGTON,2022-04-09,28 28 28,29 29 29
IAN MACHADO GARRY,DARIAN WEEKS,2022-04-09,29 30 30,28 27 27
VINC PICHEL,MARK MADSEN,2022-04-09,27 28 27,30 29 30
ALEKSEI OLEINIK,JARED VANDERAA,2022-04-09,- - -,- - -
MICKEY GALL,MIKE MALOTT,2022-04-09,- - -,- - -
ANTONINA SHEVCHENKO,CORTNEY CASEY,2022-07-09,29 29 28,28 28 29
CAIO BORRALHO,ARMEN PETROSYAN,2022-07-09,29 30 30,28 27 27
DOUGLAS SILVA DE ANDRADE,SAID NURMAGOMEDOV,2022-07-09,27 28 28,30 29 29
DAVID ONAMA,GARRETT ARMFIELD,2022-07-09,10 10 10,9 9 9
RAFAEL DOS ANJOS,RAFAEL FIZIEV,2022-07-09,38 37 37,38 39 39
CODY BRUNDAGE,TRESEAN GORE,2022-07-09,- - -,- - -
MICHAEL JOHNSON,JAMIE MULLARKEY,2022-07-09,29 28 28,28 29 29
KENNEDY NZECHUKWU,KARL ROBERSON,2022-07-09,20 20 20,18 18 18
RONNIE LAWRENCE,SAIDYOKUB KAKHRAMONOV,2022-07-09,27 27 26,30 30 30
AIEMANN ZAHABI,RICKY TURCIOS,2022-07-09,29 29 29,28 28 28
JARED VANDERAA,CHASE SHERMAN,2022-07-09,18 19 19,20 19 19
STEVE GARCIA,CHARLIE ONTIVEROS,2021-10-09,10 10 10,9 9 9
LOOPY GODINEZ,SILVANA GOMEZ JUAREZ,2021-10-09,- - -,- - -
CHARLES ROSA,DAMON JACKSON,2021-10-09,27 28 27,29 29 30
CHRIS GUTIERREZ,FELIPE COLARES,2021-10-09,30 30 28,27 27 29
ALEXANDR ROMANOV,JARED VANDERAA,2021-10-09,10 10 10,9 9 9
SABINA MAZO,MARIYA AGAPOVA,2021-10-09,18 18 18,20 20 20
TIM ELLIOTT,MATHEUS NICOLAU,2021-10-09,28 28 28,29 29 29
MACKENZIE DERN,MARINA RODRIGUEZ,2021-10-09,46 46 46,49 49 49
RANDY BROWN,JARED GOODEN,2021-10-09,30 30 30,27 27 27
LUANA SANTOS,STEPHANIE EGGER,2023-12-09,29 30 29,28 27 28
STEVE GARCIA,MELQUIZAEL COSTA,2023-12-09,9 9 9,10 10 10
TATSURO TAIRA,CARLOS HERNANDEZ,2023-12-09,10 10 10,9 9 8
RAYANNE DOS SANTOS,TALITA ALENCAR,2023-12-09,28 29 28,29 28 29
SONG YADONG,CHRIS GUTIERREZ,2023-12-09,50 50 50,44 45 45
NASRAT HAQPARAST,JAMIE MULLARKEY,2023-12-09,- - -,- - -
ANTHONY SMITH,KHALIL ROUNTREE JR.,2023-12-09,18 18 18,20 20 20
SONG KENAN,KEVIN JOUSSET,2023-12-09,27 27 27,30 30 30
HYUNSUNG PARK,SHANNON ROSS,2023-12-09,10 10 10,9 9 9
JUNYONG PARK,ANDRE MUNIZ,2023-12-09,28 28 29,29 29 28
TIM ELLIOTT,SUMUDAERJI,2023-12-09,- - -,- - -
KHALID TAHA,SERGEY MOROZOV,2021-07-01,27 27 27,30 30 30
SPIKE CARLYLE,RODRIGO NASCIMENTO,2021-07-01,10 10 10,8 9 9
RODOLFO VIEIRA,ARMEN PETROSYAN,2024-02-10,- - -,- - -
ZAC PAUGA,BOGDAN GUSKOV,2024-02-10,- - -,- - -
FERNIE GARCIA,HYDER AMIL,2024-02-10,8 8 8,10 10 10
TREVIN GILES,CARLOS PRATES,2024-02-10,10 10 10,9 9 9
MAX GRIFFIN,JEREMIAH WELLS,2024-02-10,29 28 29,28 29 28
MICHAEL JOHNSON,DARRIUS FLOWERS,2024-02-10,30 30 30,27 27 27
BRAD TAVARES,GREGORY RODRIGUES,2024-02-10,18 19 18,20 19 20
DEVIN CLARK,MARCIN PRACHNIO,2024-02-10,27 27 27,30 30 30
DANIEL MARCOS,AORIQILENG,2024-02-10,10 10 10,9 9 9
JACK HERMANSSON,JOE PYFER,2024-02-10,48 48 48,47 47 47
ROBERT BRYCZEK,IHOR POTIERIA,2024-02-10,27 28 27,30 29 30
DAN IGE,ANDRE FILI,2024-02-10,- - -,- - -
LOMA LOOKBOONMEE,BRUNA BRASIL,2024-02-10,29 29 29,28 28 28
BOLAJI OKI,TIMMY CUAMBA,2024-02-10,29 29 28,28 28 29
LUIS SALDANA,JORDAN GRIFFIN,2021-04-10,29 29 29,28 28 28
DA WOON JUNG,WILLIAM KNIGHT,2021-04-10,30 30 30,26 26 27
IMPA KASANGANAY,SASHA PALATNIKOV,2021-04-10,10 10 10,9 9 9
HUNTER AZURE,JACK SHORE,2021-04-10,27 27 29,30 30 28
YORGAN DE CASTRO,JARJIS DANHO,2021-04-10,- - -,- - -
SCOTT HOLTZMAN,MATEUSZ GAMROT,2021-04-10,9 9 10,10 10 9
JOHN MAKDESSI,IGNACIO BAHAMONDES,2021-04-10,28 29 30,29 28 27
JIM MILLER,JOE SOLECKI,2021-04-10,28 27 28,29 30 29
MIKE PERRY,DANIEL RODRIGUEZ,2021-04-10,27 27 26,30 30 30
MARVIN VETTORI,KEVIN HOLLAND,2021-04-10,50 50 50,44 44 44
ARNOLD ALLEN,SODIQ YUSUFF,2021-04-10,29 29 29,28 28 28
NINA NUNES,MACKENZIE DERN,2021-04-10,- - -,- - -
SAM ALVEY,JULIAN MARQUEZ,2021-04-10,9 9 9,10 10 10
MIRANDA MAVERICK,JASMINE JASUDAVICIUS,2023-06-10,28 28 28,29 29 29
NASSOURDINE IMAVOV,CHRIS CURTIS,2023-06-10,10 10 10,9 9 9
DAVID DVORAK,STEVE ERCEG,2023-06-10,28 27 28,29 30 29
DAN IGE,NATE LANDWEHR,2023-06-10,29 29 30,28 28 27
MARC-ANDRE BARRIAULT,ERYK ANDERS,2023-06-10,30 30 30,27 27 27
DIANA BELBITA,MARIA OLIVEIRA,2023-06-10,30 30 29,27 27 28
MIKE MALOTT,ADAM FUGITT,2023-06-10,10 10 10,9 9 9
KYLE NELSON,BLAKE BILDER,2023-06-10,30 30 29,27 27 28
AIEMANN ZAHABI,AORIQILENG,2023-06-10,- - -,- - -
CHARLES OLIVEIRA,BENEIL DARIUSH,2023-06-10,- - -,- - -
AMANDA NUNES,IRENE ALDANA,2023-06-10,50 50 50,44 44 43
GILBERT BURNS,STEPHEN THOMPSON,2021-07-10,29 29 29,28 28 28
TAI TUIVASA,GREG HARDY,2021-07-10,- - -,- - -
SEAN O'MALLEY,KRIS MOUTINHO,2021-07-10,20 20 20,17 17 17
IRENE ALDANA,YANA SANTOS,2021-07-10,- - -,- - -
RYAN HALL,ILIA TOPURIA,2021-07-10,- - -,- - -
TREVIN GILES,DRICUS DU PLESSIS,2021-07-10,9 9 9,10 10 10
NIKO PRICE,MICHEL PEREIRA,2021-07-10,28 28 28,29 29 29
CARLOS CONDIT,MAX GRIFFIN,2021-07-10,28 28 27,29 29 30
ZHALGAS ZHUMAGULOV,JEROME RIVERA,2021-07-10,- - -,- - -
OMARI AKHMEDOV,BRAD TAVARES,2021-07-10,29 28 28,28 29 29
JENNIFER MAIA,JESSICA EYE,2021-07-10,29 30 29,28 27 28
DUSTIN POIRIER,CONOR MCGREGOR,2021-07-10,10 10 10,9 8 8
STEPHANIE LUCIANO,TALITA ALENCAR,2024-08-10,30 30 30,27 27 27
YOUSSEF ZALAL,JARNO ERRENS,2024-08-10,- - -,- - -
MARCIN TYBURA,SERGHEI SPIVAC,2024-08-10,- - -,- - -
DAMON JACKSON,CHEPE MARISCAL,2024-08-10,26 25 25,30 30 30
CHRIS GUTIERREZ,QUANG LE,2024-08-10,29 29 29,28 28 28
DANNY BARLOW,NIKOLAY VERETENNIKOV,2024-08-10,29 27 29,28 30 28
KAROL ROSA,PANNIE KIANZAD,2024-08-10,30 30 30,27 27 27
JHONATA DINIZ,KARL WILLIAMS,2024-08-10,29 30 29,28 27 28
TOSHIOMI KAZAMA,CHARALAMPOS GRIGORIOU,2024-08-10,10 10 10,9 9 9
YANA SANTOS,CHELSEA CHANDLER,2024-08-10,30 29 29,27 28 28
HAKEEM DAWODU,JULIAN EROSA,2022-09-10,27 27 27,30 30 30
JOHNNY WALKER,ION CUTELABA,2022-09-10,- - -,- - -
JAILTON ALMEIDA,ANTON TURKALJ,2022-09-10,- - -,- - -
NATE DIAZ,TONY FERGUSON,2022-09-10,30 30 28,27 27 29
KHAMZAT CHIMAEV,KEVIN HOLLAND,2022-09-10,- - -,- - -
DENIS TIULIULIN,JAMIE PICKETT,2022-09-10,9 10 10,10 9 9
MELISSA MARTINEZ,ELISE REED,2022-09-10,28 28 28,29 29 29
CHAD ANHELIGER,ALATENGHEILI,2022-09-10,27 27 27,30 30 30
JAKE COLLIER,CHRIS BARNETT,2022-09-10,10 10 10,8 8 9
NORMA DUMONT,DANYELLE WOLF,2022-09-10,30 30 30,27 26 27
DARIAN WEEKS,YOHAN LAINESSE,2022-09-10,28 29 28,29 28 29
IRENE ALDANA,MACY CHIASSON,2022-09-10,19 19 19,19 19 19
LI JINGLIANG,DANIEL RODRIGUEZ,2022-09-10,28 28 29,29 29 28
CARLOS ULBERG,DA WOON JUNG,2023-09-10,20 20 20,18 18 18
ISRAEL ADESANYA,SEAN STRICKLAND,2023-09-10,46 46 46,49 49 49
JACK JENKINS,CHEPE MARISCAL,2023-09-10,10 10 10,9 9 9
TYSON PEDRO,ANTON TURKALJ,2023-09-10,- - -,- - -
JUSTIN TAFA,AUSTEN LANE,2023-09-10,- - -,- - -
JAMIE MULLARKEY,JOHN MAKDESSI,2023-09-10,29 29 29,28 28 28
NASRAT HAQPARAST,LANDON QUINONES,2023-09-10,30 30 30,27 27 27
SHANE YOUNG,GABRIEL MIRANDA,2023-09-10,- - -,- - -
BLOOD DIAMOND,CHARLES RADTKE,2023-09-10,27 27 27,29 29 29
KEVIN JOUSSET,KIEFER CROSBIE,2023-09-10,- - -,- - -
MANEL KAPE,FELIPE DOS SANTOS,2023-09-10,30 29 29,27 28 28
TAI TUIVASA,ALEXANDER VOLKOV,2023-09-10,9 9 9,10 10 10
SANTIAGO PONZINIBBIO,ALEX MORONO,2022-12-10,19 18 18,19 20 20
DARREN TILL,DRICUS DU PLESSIS,2022-12-10,19 18 18,19 19 19
TJ BROWN,ERIK SILVA,2022-12-10,20 20 20,18 18 18
CAMERON SAAIMAN,STEVEN KOSLOW,2022-12-10,2Q19 18 1918,18 19 19
BILLY QUARANTILLO,ALEXANDER HERNANDEZ,2022-12-10,9 9 9,10 10 10
CHRIS CURTIS,JOAQUIN BUCKLEY,2022-12-10,9 9 9,10 10 10
BRYCE MITCHELL,ILIA TOPURIA,2022-12-10,9 9 9,10 10 10
RAUL ROSAS JR.,JAY PERRIN,2022-12-10,- - -,- - -
EDMEN SHAHBAZYAN,DALCHA LUNGIAMBULA,2022-12-10,10 10 10,9 9 9
PADDY PIMBLETT,JARED GORDON,2022-12-10,29 29 29,28 28 28
JAN BLACHOWICZ,MAGOMED ANKALAEV,2022-12-10,48 46 47,47 48 47
JAIRZINHO ROZENSTRUIK,CHRIS DAUKAUS,2022-12-10,- - -,- - -
FABRICIO WERDUM,ALEXEI OLEINIK,2020-05-10,29 28 28,28 29 29
DONAL CERRONE,ANTHONY PETTIS,2020-05-10,28 28 28,29 29 29
BRYCE MITCHELL,CHARLES ROSA,2020-05-10,25 25 24,30 30 30
CALVIN KATTAR,JEREMY STEPHENS,2020-05-10,19 19 19,18 18 18
MICHELLE WATERSON,CARLA ESPARZA,2020-05-10,27 28 30,30 29 27
JAIRZINHO ROZENSTRUIK,FRANCIS NGANNOU,2020-05-10,8 8 9,10 10 10
YORGAN DECASTRO,GREG HARDY,2020-05-10,27 27 27,30 30 30
DOMINICK CRUZ,HENRY CEJUDO,2020-05-10,17 16 17,20 20 20
JUSTIN GAETHJE,TONY FERGUSON,2020-05-10,49 49 50,44 45 44
SAM ALVEY,RYAN SPANN,2020-05-10,28 28 29,29 29 28
NIKO PRICE,VICENTE LUQUE,2020-05-10,26 26 26,29 29 30
PETR YAN,MERAB DVALISHVILI,2023-03-11,45 45 45,50 50 50
NIKITA KRYLOV,RYAN SPANN,2023-03-11,- - -,- - -
ALEXANDER VOLKOV,ALEXANDR ROMANOV,2023-03-11,- - -,- - -
RAPHAEL,DAVEY GRANT,2023-03-11,20 19 20,18 19 18
KARL WILLIAMS,LUKASZ BRZESKI,2023-03-11,30 30 30,26 26 27
VITOR PETRINO,ANTON TURKALJ,2023-03-11,30 30 30,27 27 26
RAPHAEL ASSUNCAO,DAVEY GRANT,2023-03-11,20 19 20,18 19 18
SEDRIQUES DUMAS,JOSH FREMD,2023-03-11,9 9 9,10 10 10
CARLSTON HARRIS,JARED GOODEN,2023-03-11,30 30 30,27 27 27
TYSON NAM,BRUNO SILVA,2023-03-11,9 9 9,10 10 10
SAID NURMAGOMEDOV,JONATHAN MARTINEZ,2023-03-11,28 28 28,29 29 29
VICTOR HENRY,TONY GRAVELY,2023-03-11,30 29 28,27 28 29
ARIANE DA SILVA,JJ ALDRICH,2023-03-11,30 30 30,27 27 27
MARIO BAUTISTA,GUIDO CANNETTI,2023-03-11,- - -,- - -
JJ ALDRICH,VERONICA HARDY,2024-05-11,28 28 28,29 29 29
BILLY RAY GOFF,TREY WATERS,2024-05-11,27 28 27,30 29 30
CHARLES JOHNSON,JAKE HADLEY,2024-05-11,29 29 29,28 28 28
TABATHA RICCI,TECIA PENNINGTON,2024-05-11,29 29 28,28 28 29
TERRANCE MCKINNEY,ESTEBAN RIBOVICS,2024-05-11,- - -,- - -
WALDO CORTES-ACOSTA,ROBELIS DESPAIGNE,2024-05-11,30 30 30,26 27 27
CHASE HOOPER,VIACHESLAV BORSHCHEV,2024-05-11,10 10 10,8 8 8
ALEX CACERES,SEAN WOODSON,2024-05-11,28 28 27,29 29 30
DIEGO FERREIRA,MATEUSZ REBECKI,2024-05-11,19 19 19,19 19 19
DERRICK LEWIS,RODRIGO NASCIMENTO,2024-05-11,19 18 19,19 20 19
ALONZO MENIFIELD,CARLOS ULBERG,2024-05-11,- - -,- - -
JOAQUIN BUCKLEY,NURSULTON RUZIBOEV,2024-05-11,30 30 29,27 26 27
TOM ASPINALL,ALAN BAUDOT,2020-10-11,- - -,- - -
MARKUS PEREZ,DRICUS DU PLESSIS,2020-10-11,- - -,- - -
EDSON BARBOZA,MAKWAN AMIRKHANI,2020-10-11,30 30 29,27 26 28
BEN ROTHWELL,MARCIN TYBURA,2020-10-11,27 27 27,29 29 29
MARLON MORAES,CORY SANDHAGEN,2020-10-11,9 9 9,10 10 10
ALI ALQAISI,TONY KELLEY,2020-10-11,28 27 28,29 30 29
GIGA CHIKADZE,OMAR MORALES,2020-10-11,30 30 30,27 27 27
IMPA KASANGANAY,JOAQUIN BUCKLEY,2020-10-11,9 9 9,10 10 10
CHRIS DAUKAUS,RODRIGO NASCIMENTO,2020-10-11,- - -,- - -
YOUSSEF ZALAL,ILIA TOPURIA,2020-10-11,28 28 28,29 29 29
TRACY CORTEZ,STEPHANIE EGGER,2020-10-11,30 30 30,27 27 27
BRUNO SILVA,TAGIR ULANBEKOV,2020-10-11,28 27 28,29 30 29
TOM BREESE,KB BHULLAR,2020-10-11,- - -,- - -
JOSHUA VAN,KEVIN BORJAS,2023-11-11,29 29 29,28 28 28
JOHN CASTANEDA,KYUNG HO KANG,2023-11-11,30 30 30,27 27 27
JIRI PROCHAZKA,ALEX PEREIRA,2023-11-11,10 10 10,9 9 9
SERGEI PAVLOVICH,TOM ASPINALL,2023-11-11,- - -,- - -
DENNIS BUZUKJA,JAMALL EMMERS,2023-11-11,- - -,- - -
STEVE ERCEG,ALESSANDRO COSTA,2023-11-11,29 29 29,28 28 28
DIEGO LOPES,PAT SABATINI,2023-11-11,- - -,- - -
JESSICA ANDRADE,MACKENZIE DERN,2023-11-11,10 10 9,9 9 10
MATT FREVOLA,BENOIT SAINT DENIS,2023-11-11,- - -,- - -
MATEUSZ REBECKI,ROOSEVELT ROBERTS,2023-11-11,- - -,- - -
TABATHA RICCI,LOOPY GODINEZ,2023-11-11,28 28 30,29 29 27
NAZIM SADYKHOV,VIACHESLAV,2023-11-11,28 28 28,28 29 28
JARED GORDON,MARK MADSEN,2023-11-11,- - -,- - -
JORDAN WRIGHT,BRUNO SILVA,2021-12-11,- - -,- - -
AUGUSTO SAKAI,TAI TUIVASA,2021-12-11,9 9 9,10 10 10
ANDRE MUNIZ,ERYK ANDERS,2021-12-11,- - -,- - -
MIRANDA MAVERICK,ERIN BLANCHFIELD,2021-12-11,27 27 27,30 30 30
GILLIAN ROBERTSON,PRISCILA CACHOEIRA,2021-12-11,- - -,- - -
RYAN HALL,DARRICK MINNER,2021-12-11,30 29 30,27 27 27
JOSH EMMETT,DAN IGE,2021-12-11,29 30 29,28 27 28
PEDRO MUNHOZ,DOMINICK CRUZ,2021-12-11,28 28 28,29 29 29
RANDY COSTA,TONY KELLEY,2021-12-11,9 9 9,10 10 10
AMANDA NUNES,JULIANNA PENA,2021-12-11,10 10 10,9 9 9
GEOFF NEAL,SANTIAGO PONZINIBBIO,2021-12-11,30 28 29,27 29 28
RAULIAN PAIVA,SEAN O'MALLEY,2021-12-11,- - -,- - -
KAI KARA-FRANCE,CODY GARBRANDT,2021-12-11,- - -,- - -
CHARLES OLIVEIRA,DUSTIN POIRIER,2021-12-11,19 19 19,19 18 18
AMANDA RIBAS,PAIGE VANZANT,2020-07-11,- - -,- - -
VOLKAN OEZDEMIR,JIRI PROCHAZKA,2020-07-11,10 10 10,9 9 9
KAROL ROSA,VANESSA MELO,2020-07-11,30 29 30,26 27 26
LEO SANTOS,ROMAN BOGATOV,2020-07-11,29 29 29,26 26 26
MAKWAN AMIRKHANI,DAN HENRY,2020-07-11,- - -,- - -
RAULIAN PAIVA,ZHAL ZHAMUGULOV,2020-07-11,29 29 29,28 28 28
JESSICA ANDRADE,ROSE NAMAJUNAS,2020-07-11,29 28 28,28 29 29
DERRICK LEWIS,TAI TUIVASA,2022-02-12,10 10 10,9 9 9
JARED CANNONIER,DEREK BRUNSON,2022-02-12,9 9 9,10 10 10
ROXANNE MODAFFERI,CASEY O'NEILL,2022-02-12,28 28 29,29 29 28
WILLIAM KNIGHT,MAXIM GRISHIN,2022-02-12,27 27 27,30 30 30
KING GREEN,NASRAT HAQPARAST,2022-02-12,30 30 30,27 27 27
ISRAEL ADESANYA,ROBERT WHITTAKER,2022-02-12,48 48 49,47 47 46
MANA MARTINEZ,RONNIE LAWRENCE,2022-02-12,27 27 28,29 29 29
JEREMIAH WELLS,BLOOD DIAMOND,2022-02-12,- - -,- - -
DOUGLAS SILVA DE ANDRADE,SERGEY MOROZOV,2022-02-12,9 9 8,10 10 10
AJ DOBSON,JACOB MALKOUN,2022-02-12,28 28 28,29 29 29
ALEXANDER HERNANDEZ,RENATO MOICANO,2022-02-12,10 9 9,9 10 10
CARLOS ULBERG,FABIO CHERANT,2022-02-12,30 30 30,27 27 27
KYLER PHILLIPS,MARCELO ROJO,2022-02-12,20 20 20,18 18 18
ANDREI ARLOVSKI,JARED VANDERAA,2022-02-12,29 29 28,28 28 29
TYSON PEDRO,MODESTAS BUKAUSKAS,2023-02-12,27 28 28,30 29 29
JOSH CULIBAO,MELSIK BAGHDASARYAN,2023-02-12,9 9 9,10 10 10
ZUBAIRA TUKHUGOV,ELVES BRENER,2023-02-12,28 27 29,29 30 28
SHANE YOUNG,BLAKE BILDER,2023-02-12,27 28 27,30 29 30
SLAM MAKACHEV,ALEXANDER,2023-02-12,48 49 48,47 46 47
JIMMY CRUTE,ALONZO MENIFIELD,2023-02-12,28 29 28,20 28 29
LOMA LOOKBOONMEE,ELISE REED,2023-02-12,9 9 9,10 10 10
JACK JENKINS,DON SHAINIS,2023-02-12,30 30 29,27 27 28
JUSTIN TAFA,PARKER PORTER,2023-02-12,- - -,- - -
SHANNON ROSS,KLEYDSON RODRIGUES,2023-02-12,- - -,- - -
YAIR RODRIGUEZ,JOSH EMMETT,2023-02-12,9 10 10,10 9 9
JACK DELLA MADDALENA,RANDY BROWN,2023-02-12,- - -,- - -
ISLAM MAKHACHEV,ALEXANDER VOLKANOVSKI,2023-02-12,48 48 49,47 47 46
JAMIE MULLARKEY,FRANCISCO PRADO,2023-02-12,30 30 30,27 27 27
KRIS MOUTINHO,GUIDO CANNETTI,2022-03-12,- - -,- - -
TAFON NCHUKWI,AZAMAT MURZAKANOV,2022-03-12,19 19 20,19 19 18
KHALIL ROUNTREE JR.,KARL ROBERSON,2022-03-12,10 10 9,9 9 10
SODIQ YUSUFF,ALEX CACERES,2022-03-12,29 30 30,28 27 27
MATTHEW SEMELSBERGER,AJ FLETCHER,2022-03-12,29 29 29,28 28 28
THIAGO SANTOS,MAGOMED ANKALAEV,2022-03-12,47 46 46,48 49 49
MARLON MORAES,SONG YADONG,2022-03-12,- - -,- - -
JJ ALDRICH,GILLIAN ROBERTSON,2022-03-12,30 30 30,27 27 27
ALEX PEREIRA,BRUNO SILVA,2022-03-12,30 30 30,27 27 27
DREW DOBER,TERRANCE MCKINNEY,2022-03-12,- - -,- - -
TREVIN JONES,JAVID BASHARAT,2022-03-12,28 27 27,29 30 30
DAMON JACKSON,KAMUELA KIRK,2022-03-12,10 10 10,9 9 9
DALCHA LUNGIAMBULA,CODY BRUNDAGE,2022-03-12,- - -,- - -
SABINA MAZO,MIRANDA MAVERICK,2022-03-12,9 9 9,10 10 10
LAUREN MURPHY,JOANNE WOOD,2021-06-12,29 28 29,28 29 28
ERYK ANDERS,DARREN STEWART,2021-06-12,29 29 29,28 27 27
PAUL CRAIG,JAMAHAL HILL,2021-06-12,- - -,- - -
DREW DOBER,BRAD RIDDELL,2021-06-12,28 28 28,29 29 29
PANNIE KIANZAD,ALEXIS DAVIS,2021-06-12,29 30 30,28 27 27
MOVSAR EVLOEV,HAKEEM DAWODU,2021-06-12,29 29 29,27 27 27
DEMIAN MAIA,BELAL MUHAMMAD,2021-06-12,27 28 28,30 29 29
MATT FREVOLA,TERRANCE MCKINNEY,2021-06-12,- - -,- - -
CHASE HOOPER,STEVEN PETERSON,2021-06-12,27 28 27,30 29 30
LEON EDWARDS,NATE DIAZ,2021-06-12,49 49 49,46 46 46
ISRAEL ADESANYA,MARVIN VETTORI,2021-06-12,50 50 50,45 45 45
CARLOS FELIPE,JAKE COLLIER,2021-06-12,28 29 29,29 28 28
FARES ZIAM,LUIGI VENDRAMINI,2021-06-12,29 28 29,28 28 28
DEIVESON FIGUEIREDO,BRANDON MORENO,2021-06-12,19 18 18,19 20 20
GLOVER TEIXEIRA,JIRI PROCHAZKA,2022-06-12,38 39 38,38 37 37
ZHANG WEILI,JOANNA JEDRZEJCZYK,2022-06-12,10 10 10,9 9 9
VALENTINA SHEVCHENKO,TAILA SANTOS,2022-06-12,48 47 49,47 48 46
ANDRE FIALHO,JAKE MATTHEWS,2022-06-12,9 9 9,10 10 10
JACK DELLA MADDALENA,RAMAZAN EMEEV,2022-06-12,- - -,- - -
LIANG NA,SILVANA GOMEZ JUAREZ,2022-06-12,- - -,- - -
RAMONA PASCUAL,JOSELYNE EDWARDS,2022-06-12,28 27 28,29 30 29
KYUNG HO KANG,BATGEREL DANAA,2022-06-12,29 29 29,28 28 28
BRENDAN ALLEN,JACOB MALKOUN,2022-06-12,29 29 29,28 28 28
MAHESHATE,STEVE GARCIA,2022-06-12,- - -,- - -
SEUNGWOO CHOI,JOSH CULIBAO,2022-06-12,29 28 28,28 29 29
CUB SWANSON,HAKEEM DAWODU,2023-08-12,29 29 29,28 28 28
KHALIL ROUNTREE JR.,CHRIS DAUKAUS,2023-08-12,- - -,- - -
VICENTE LUQUE,RAFAEL DOS ANJOS,2023-08-12,48 48 49,47 47 46
AJ DOBSON,TAFON NCHUKWI,2023-08-12,29 29 29,28 28 28
JAQUELINE AMORIM,MONTSERRAT CONEJO RUIZ,2023-08-12,20 20 20,16 16 18
JOSH PARISIAN,MARTIN BUDAY,2023-08-12,- - -,- - -
POLYANA VIANA,IASMIN LUCINDO,2023-08-12,10 9 9,9 10 10
DA'MON BLACKSHEAR,JOSE JOHNSON,2023-08-12,- - -,- - -
JULIANA MILLER,LUANA SANTOS,2023-08-12,- - -,- - -
FRANCIS MARSHALL,ISAAC DULGARIAN,2023-08-12,- - -,- - -
TERRANCE MCKINNEY,MIKE BREEDEN,2023-08-12,- - -,- - -
JOSH FREMD,JAMIE PICKETT,2023-08-12,30 30 30,27 27 27
JP BUYS,MARCUS MCGHEE,2023-08-12,- - -,- - -
OTTMAN AZAITAR,KHAMA WORTHY,2020-09-12,- - -,- - -
MICHELLE WATERSON-GOMEZ,ANGELA HILL,2020-09-12,47 49 48,48 46 47
KING GREEN,ALAN PATRICK,2020-09-12,30 30 30,27 27 27
BRYAN BARBERENA,ANTHONY IVY,2020-09-12,30 30 29,27 27 28
SABINA MAZO,JUSTINE KISH,2020-09-12,18 19 18,20 19 20
BILLY QUARANTILLO,KYLE NELSON,2020-09-12,19 19 20,19 19 18
BROK WEAVER,JALIN TURNER,2020-09-12,9 9 9,10 10 10
ED HERMAN,MIKE RODRIGUEZ,2020-09-12,18 18 18,20 20 20
ROXANNE MODAFFERI,ANDREA LEE,2020-09-12,29 29 29,28 28 28
ALEXANDR ROMANOV,ROQUE MARTINEZ,2020-09-12,10 10 10,8 8 8
ROOSEVELT ROBERTS,KEVIN CROOM,2020-09-12,- - -,- - -
JULIA AVILA,SIJARA EUBANKS,2020-09-12,27 27 27,29 29 29
CLAYTON CARPENTER,LUCAS ROCHA,2024-10-12,10 10 10,9 9 9
CHIDI NJOKUANI,JARED GOODEN,2024-10-12,30 30 30,27 27 27
BRAD TAVARES,JUNYONG PARK,2024-10-12,28 28 29,29 29 28
BRANDON ROYVAL,TATSURO TAIRA,2024-10-12,47 48 48,48 47 47
CJ VERGARA,RAMAZAN TEMIROV,2024-10-12,- - -,- - -
JONATHAN PEARCE,PAT SABATINI,2024-10-12,- - -,- - -
DANIEL RODRIGUEZ,ALEX MORONO,2024-10-12,29 29 28,28 28 29
GRANT DAWSON,RAFA GARCIA,2024-10-12,10 10 10,9 9 9
THEMBA GORIMBO,NIKO PRICE,2024-10-12,30 30 30,27 27 27
JUNIOR TAFA,SEAN SHARAF,2024-10-12,9 9 9,10 10 10
DAN ARGUETA,CODY HADDON,2024-10-12,27 27 27,30 30 30
JULIA POLASTRI,CORY MCKENNA,2024-10-12,29 28 30,28 29 27
BRAD RIDDELL,RENATO MOICANO,2022-11-12,- - -,- - -
DOMINICK REYES,RYAN SPANN,2022-11-12,- - -,- - -
CARLA ESPARZA,ZHANG WEILI,2022-11-12,9 9 9,10 10 10
ERIN BLANCHFIELD,MOLLY MCCANN,2022-11-12,- - -,- - -
ANDRE PETROSKI,WELLINGTON TURMAN,2022-11-12,29 30 30,28 27 27
DUSTIN POIRIER,MICHAEL CHANDLER,2022-11-12,19 19 19,19 19 19
KAROLINA KOWALKIEWICZ,SILVANA GOMEZ JUAREZ,2022-11-12,29 29 29,28 28 28
DAN HOOKER,CLAUDIO PUELLES,2022-11-12,10 10 10,9 9 9
FRANKIE EDGAR,CHRIS GUTIERREZ,2022-11-12,- - -,- - -
MATT FREVOLA,OTTMAN AZAITAR,2022-11-12,- - -,- - -
CARLOS ULBERG,NICOLAE NEGUMEREANU,2022-11-12,- - -,- - -
ISRAEL ADESANYA,ALEX PEREIRA,2022-11-12,39 39 39,37 37 37
JULIO ARCE,MONTEL JACKSON,2022-11-12,27 27 28,30 30 29
MICHAEL TRIZANO,SEUNGWOO CHOI,2022-11-12,- - -,- - -
TONY FERGUSON,CHARLES OLIVEIRA,2020-12-12,26 26 26,30 30 30
DEIVESON FIGUEIREDO,BRANDON MORENO,2020-12-12,48 47 47,46 47 47
KEVIN HOLLAND,JACARE SOUZA,2020-12-12,- - -,- - -
MACKENZIE DERN,VIRNA JANDIROBA,2020-12-12,29 29 29,28 28 28
JUNIOR DOS SANTOS,CIRYL GANE,2020-12-12,9 9 9,10 10 10
CUB SWANSON,DANIEL PINEDA,2020-12-12,10 10 10,9 9 8
GAVIN TUCKER,BILLY QUARANTILLO,2020-12-12,30 30 30,27 27 27
RENATO MOICANO,RAFAEL FIZIEV,2020-12-12,- - -,- - -
TECIA PENNINGTON,SAM HUGHES,2020-12-12,10 10 10,9 9 9
CHASE HOOPER,PETER BARRETT,2020-12-12,18 19 18,20 19 20
JOSHUA VAN,FELIPE BUNES,2024-01-13,9 9 9,10 10 10
MAGOMED ANKALAEV,JOHNNY WALKER,2024-01-13,9 10 9,10 9 10
JIM MILLER,GABRIEL BENITEZ,2024-01-13,20 20 20,18 18 18
MATTHEW SEMELSBERGER,PRESTON PARSONS,2024-01-13,27 27 27,30 30 30
ANDREI ARLOVSKI,WALDO CORTES-ACOSTA,2024-01-13,28 28 28,29 29 29
RICKY SIMON,MARIO BAUTISTA,2024-01-13,28 27 27,29 30 30
PHIL HAWES,BRUNNO FERREIRA,2024-01-13,- - -,- - -
FARID BASHARAT,TAYLOR LAPILUS,2024-01-13,30 30 30,27 27 27
MARCUS MCGHEE,GASTON BOLANOS,2024-01-13,10 10 10,9 9 9
WESTIN WILSON,JEAN SILVA,2024-01-13,- - -,- - -
NIKOLAS MOTTA,TOM NOLAN,2024-01-13,- - -,- - -
RODOLFO VIEIRA,ANTHONY HERNANDEZ,2021-02-13,9 9 9,10 10 10
BELAL MUHAMMAD,DHIEGO LIMA,2021-02-13,30 30 30,27 27 27
ANDRE EWELL,CHRIS GUTIERREZ,2021-02-13,26 28 27,30 29 30
POLYANA VIANA,MALLORY MARTIN,2021-02-13,- - -,- - -
GABE GREEN,PHIL ROWE,2021-02-13,30 29 29,27 28 28
KAMARU USMAN,GILBERT BURNS,2021-02-13,19 19 19,19 19 19
MAYCEE BARBER,ALEXA GRASSO,2021-02-13,28 28 28,29 29 29
KELVIN GASTELUM,IAN HEINISCH,2021-02-13,29 30 29,28 27 28
MAKI PITOLO,JULIAN MARQUEZ,2021-02-13,20 20 20,18 18 18
RICKY SIMON,BRIAN KELLEHER,2021-02-13,30 30 30,27 27 27
CHARLES JOURDAIN,MARCELO ROJO,2021-03-13,19 19 19,19 19 19
MISHA CIRKUNOV,RYAN SPANN,2021-03-13,- - -,- - -
DAN IGE,GAVIN TUCKER,2021-03-13,- - -,- - -
RANI YAHYA,RAY RODRIGUEZ,2021-03-13,10 10 10,9 9 9
MANEL KAPE,MATHEUS NICOLAU,2021-03-13,29 28 28,28 29 29
CORTNEY CASEY,JJ ALDRICH,2021-03-13,28 28 29,29 29 28
NASRAT HAQPARAST,RAFA GARCIA,2021-03-13,30 29 29,27 28 28
JONATHAN MARTINEZ,DAVEY GRANT,2021-03-13,10 10 10,9 9 9
LEON EDWARDS,BELAL MUHAMMAD,2021-03-13,10 10 10,9 9 9
MATTHEW SEMELSBERGER,JASON WITT,2021-03-13,- - -,- - -
GLORIA DE PAULA,JINH YU FREY,2021-03-13,28 28 28,29 29 29
JEREMIAH WELLS,DARREN STEWART,2021-03-13,- - -,- - -
ANGELA HILL,ASHLEY YODER,2021-03-13,30 30 30,27 27 27
ALEX PEREIRA,JAMAHAL HILL,2024-04-13,- - -,- - -
KING GREEN,JIM MILLER,2024-04-13,29 30 29,27 25 26
DEIVESON FIGUEIREDO,CODY GARBRANDT,2024-04-13,9 9 9,10 10 10
JESSICA ANDRADE,MARINA RODRIGUEZ,2024-04-13,29 28 29,28 29 28
JALIN TURNER,RENATO MOICANO,2024-04-13,10 10 10,9 9 9
CALVIN KATTAR,ALJAMAIN STERLING,2024-04-13,27 27 27,30 30 30
JIRI PROCHAZKA,ALEKSANDAR RAKIC,2024-04-13,9 9 9,10 10 10
HOLLY HOLM,KAYLA HARRISON,2024-04-13,9 8 8,10 10 10
SODIQ YUSUFF,DIEGO LOPES,2024-04-13,- - -,- - -
BO NICKAL,CODY BRUNDAGE,2024-04-13,10 10 10,9 9 9
CHARLES OLIVEIRA,ARMAN TSARUKYAN,2024-04-13,29 28 28,28 29 29
ZHANG WEILI,YAN XIAONAN,2024-04-13,49 49 49,45 45 45
JUSTIN GAETHJE,MAX HOLLOWAY,2024-04-13,37 37 38,39 39 38
MATT BROWN,COURT MCGEE,2023-05-13,- - -,- - -
KARL WILLIAMS,CHASE SHERMAN,2023-05-13,30 30 29,27 27 28
JAIRZINHO ROZENSTRUIK,JAILTON ALMEIDA,2023-05-13,- - -,- - -
JI YEON KIM,MANDY BOHM,2023-05-13,28 27 27,27 28 28
CODY STAMANN,DOUGLAS SILVA DE ANDRADE,2023-05-13,28 28 28,29 29 29
CARLOS ULBERG,IHOR POTIERIA,2023-05-13,- - -,- - -
TIM MEANS,ALEX MORONO,2023-05-13,10 10 10,9 9 9
DANIEL RODRIGUEZ,IAN MACHADO GARRY,2023-05-13,- - -,- - -
ANTHONY SMITH,JOHNNY WALKER,2023-05-13,28 27 27,29 30 30
BRYAN BATTLE,GABE GREEN,2023-05-13,- - -,- - -
JESSICA-ROSE CLARK,TAINARA LISBOA,2023-05-13,18 18 18,20 20 20
JOSH FREMD,ANDRE PETROSKI,2024-07-13,27 27 27,30 30 30
EVAN ELDER,DARRIUS FLOWERS,2024-07-13,10 10 10,9 9 9
LUANA SANTOS,MARIYA AGAPOVA,2024-07-13,- - -,- - -
MONTEL JACKSON,DA'MON BLACKSHEAR,2024-07-13,- - -,- - -
JULIAN EROSA,CHRISTIAN RODRIGUEZ,2024-07-13,- - -,- - -
ABDUL RAZAK ALHASSAN,CODY BRUNDAGE,2024-07-13,- - -,- - -
SANTIAGO PONZINIBBIO,MUSLIM SALIKHOV,2024-07-13,28 29 28,29 28 29
JASMINE JASUDAVICIUS,FATIMA KLINE,2024-07-13,30 30 30,27 27 27
JOSHUA VAN,CHARLES JOHNSON,2024-07-13,18 19 20,20 19 18
ROSE NAMAJUNAS,TRACY CORTEZ,2024-07-13,49 49 48,46 46 47
DREW DOBER,JEAN SILVA,2024-07-13,18 18 18,20 20 20
GABRIEL BONFIM,ANGE LOOSA,2024-07-13,30 30 29,27 27 28
GABRIEL BENITEZ,CHARLIE ONTIVEROS,2022-08-13,- - -,- - -
DEVIN CLARK,AZAMAT MURZAKANOV,2022-08-13,18 18 18,20 20 20
PRISCILA CACHOEIRA,ARIANE DA SILVA,2022-08-13,- - -,- - -
ODE OSBOURNE,TYSON NAM,2022-08-13,- - -,- - -
YAZMIN JAUREGUI,IASMIN LUCINDO,2022-08-13,29 30 29,28 27 28
CYNTHIA CALVILLO,NINA NUNES,2022-08-13,28 29 27,29 28 30
MARTIN BUDAY,LUKASZ BRZESKI,2022-08-13,29 28 29,28 29 28
NATE LANDWEHR,DAVID ONAMA,2022-08-13,28 29 29,28 27 27
JASON WITT,JOSH QUINLAN,2022-08-13,- - -,- - -
YOUSSEF ZALAL,DA'MON BLACKSHEAR,2022-08-13,28 28 28,28 28 29
MARLON VERA,DOMINICK CRUZ,2022-08-13,28 28 28,29 29 29
ANGELA HILL,LOOPY GODINEZ,2022-08-13,29 29 29,28 28 28
BRUNO SILVA,GERALD MEERSCHAERT,2022-08-13,18 18 18,20 20 20
THIAGO MOISES,JOEL ALVAREZ,2021-11-13,- - -,- - -
CYNTHIA CALVILLO,ANDREA LEE,2021-11-13,18 18 18,20 20 20
SONG YADONG,JULIO ARCE,2021-11-13,10 10 10,9 9 9
MIGUEL BAEZA,KHAOS WILLIAMS,2021-11-13,18 19 19,20 19 19
MAX HOLLOWAY,YAIR RODRIGUEZ,2021-11-13,48 49 48,47 46 47
FELICIA SPENCER,LEAH LETSON,2021-11-13,20 20 20,18 18 18
BEN ROTHWELL,MARCOS ROGERIO DE LIMA,2021-11-13,- - -,- - -
MARC DIAKIESE,RAFAEL ALVES,2021-11-13,- - -,- - -
KENNEDY NZECHUKWU,DA WOON JUNG,2021-11-13,- - -,- - -
CORTNEY CASEY,LIANA JOJUA,2021-11-13,30 30 30,27 27 27
SEAN WOODSON,COLLIN ANGLIN,2021-11-13,- - -,- - -
DAN IGE,DAMON JACKSON,2023-01-14,10 10 10,9 9 9
SEAN STRICKLAND,NASSOURDINE IMAVOV,2023-01-14,48 49 49,47 46 46
KETLEN VIEIRA,RAQUEL PENNINGTON,2023-01-14,28 28 29,29 29 28
DAN ARGUETA,NICK AGUIRRE,2023-01-14,30 30 30,27 27 27
ALLAN NASCIMENTO,CARLOS HERNANDEZ,2023-01-14,- - -,- - -
PUNAHELE SORIANO,ROMAN KOPYLOV,2023-01-14,9 9 9,10 10 10
CHARLES JOHNSON,JIMMY FLICK,2023-01-14,- - -,- - -
UMAR NURMAGOMEDOV,RAONI BARCELOS,2023-01-14,- - -,- - -
JAVID BASHARAT,MATEUS MENDONCA,2023-01-14,30 30 29,27 27 28
MATEUSZ REBECKI,NICK FIORE,2023-01-14,30 30 30,26 27 27
CLAUDIO RIBEIRO,ABDUL RAZAK ALHASSAN,2023-01-14,9 9 9,10 10 10
TATSURO TAIRA,CARLOS CANDELARIO,2022-05-14,30 30 30,26 27 27
NICK MAXIMOV,ANDRE PETROSKI,2022-05-14,- -,- -
JAN BLACHOWICZ,ALEKSANDAR RAKIC,2022-05-14,19 19 19,19 19 19
DAVEY GRANT,LOUIS SMOLKA,2022-05-14,19 19 20,19 19 18
RYAN SPANN,ION CUTELABA,2022-05-14,- - -,- - -
KATLYN CERMINARA,AMANDA RIBAS,2022-05-14,28 29 29,29 28 28
FRANK CAMACHO,MANUEL TORRES,2022-05-14,- - -,- - -
VIRNA JANDIROBA,ANGELA HILL,2022-05-14,30 30 30,27 27 27
MICHAEL JOHNSON,ALAN PATRICK,2022-05-14,10 10 10,9 9 9
JAKE HADLEY,ALLAN NASCIMENTO,2022-05-14,27 27 27,30 30 30
VIVIANE ARAUJO,ANDREA LEE,2022-05-14,29 29 29,28 27 27
DANIEL ZELLHUBER,ESTEBAN RIBOVICS,2024-09-14,28 29 28,29 28 29
BRIAN ORTEGA,DIEGO LOPES,2024-09-14,26 27 27,30 30 30
SEAN O'MALLEY,MERAB DVALISHVILI,2024-09-14,46 47 47,49 48 48
YAZMIN JAUREGUI,KETLEN SOUZA,2024-09-14,- - -,- - -
MANUEL TORRES,IGNACIO BAHAMONDES,2024-09-14,- - -,- - -
EDGAR CHAIREZ,JOSHUA VAN,2024-09-14,28 28 28,29 29 29
ALEXA GRASSO,VALENTINA SHEVCHENKO,2024-09-14,29 29 29,28 28 28
RONALDO RODRIGUEZ,ODE OSBOURNE,2024-09-14,29 29 29,27 28 27
IRENE ALDANA,NORMA DUMONT,2024-09-14,27 27 27,30 30 30
RAUL ROSAS JR.,AORIQILENG,2024-09-14,29 29 29,28 28 28
CHRISTIAN RODRIGUEZ,CAMERON SAAIMAN,2023-10-14,30 29 30,27 28 27
DARREN ELKINS,TJ BROWN,2023-10-14,19 20 20,19 18 18
TAINARA LISBOA,RAVENA OLIVEIRA,2023-10-14,29 29 29,28 28 28
SODIQ YUSUFF,EDSON BARBOZA,2023-10-14,46 46 46,48 48 49
JENNIFER MAIA,VIVIANE ARAUJO,2023-10-14,28 28 28,29 29 29
TERRANCE MCKINNEY,BRENDON MAROTTE,2023-10-14,- - -,- - -
ANDRE PETROSKI,MICHEL PEREIRA,2023-10-14,- - -,- - -
CHRIS GUTIERREZ,ALATENGHEILI,2023-10-14,30 30 30,27 27 27
IRINA ALEKSEEVA,MELISSA MULLINS,2023-10-14,28 27 28,29 30 29
JONATHAN MARTINEZ,ADRIAN YANEZ,2023-10-14,10 10 10,9 9 9
ASHLEY YODER,EMILY DUCOTE,2023-10-14,27 28 28,30 29 29
KAY HANSEN,CORY MCKENNA,2020-11-14,28 28 28,29 29 29
RANDA MARKOS,KANAKO MURATA,2020-11-14,27 27 27,30 30 30
ALEX MORONO,RHYS MCKEE,2020-11-14,30 30 30,27 27 27
GERALDO DE FREITAS,TONY GRAVELY,2020-11-14,27 29 28,30 28 29
ASHLEY YODER,MIRANDA GRANGER,2020-11-14,30 29 29,26 27 27
BRENDAN ALLEN,SEAN STRICKLAND,2020-11-14,9 9 9,10 10 10
ABDUL RAZAK ALHASSAN,KHAOS WILLIAMS,2020-11-14,- - -,- - -
PAUL FELDER,RAFAEL DOS ANJOS,2020-11-14,48 45 45,47 50 50
DON'TALE MAYES,ROQUE MARTINEZ,2020-11-14,30 29 30,27 28 27
SEAN O'MALLEY,MARLON VERA,2020-08-15,- - -,- - -
STIPE MIOCIC,DANIEL CORMIER,2020-08-15,49 49 48,46 46 47
JUNIOR DOS SANTOS,JAIRZINHO ROZENSTRUIK,2020-08-15,10 10 9,9 9 10
HERBERT BURNS,DANIEL PINEDA,2020-08-15,8 8 8,10 10 10
CHRIS DAUKAUS,PARKER PORTER,2020-08-15,- - -,- - -
KAI KAMAKA,TONY KELLEY,2020-08-15,29 29 29,28 28 28
JOHN DODSON,MERAB DVALISHVILI,2020-08-15,27 27 27,30 30 30
JIM MILLER,VINC PICHEL,2020-08-15,27 28 28,29 29 29
FELICE HERRIG,VIRNA JANDIROBA,2020-08-15,- - -,- - -
TJ BROWN,DANNY CHAVEZ,2020-08-15,28 28 28,29 29 29
ASHLEY YODER,LIVINHA SOUZA,2020-08-15,28 27 28,29 30 29
CALVIN KATTAR,GIGA CHIKADZE,2022-01-15,50 50 50,45 45 44
BRANDON ROYVAL,ROGERIO BONTORIN,2022-01-15,29 28 29,28 29 28
JAKE COLLIER,CHASE SHERMAN,2022-01-15,- -,- -
BILL ALGEO,JOANDERSON BRITO,2022-01-15,30 29 29,27 28 28
JAMIE PICKETT,JOSEPH HOLMES,2022-01-15,29 29 29,28 28 28
DAKOTA BUSH,VIACHESLAV BORSHCHEV,2022-01-15,- - -,- - -
KATLYN CERMINARA,JENNIFER MAIA,2022-01-15,30 30 30,27 27 27
TJ BROWN,CHARLES ROSA,2022-01-15,29 29 29,28 28 28
BRIAN KELLEHER,KEVIN CROOM,2022-01-15,30 30 29,27 27 28
COURT MCGEE,RAMIZ BRAHIMAJ,2022-01-15,30 30 30,27 27 27
PEDRO MUNHOZ,CHRIS GUTIERREZ,2023-04-15,30 30 30,27 27 27
CLAY GUIDA,RAFA GARCIA,2023-04-15,27 27 27,30 30 30
AARON PHILLIPS,GASTON BOLANOS,2023-04-15,28 27 27,29 30 30
JOSELYNE EDWARDS,LUCIE PUDILOVA,2023-04-15,29 28 29,28 29 28
BRUNA BRASIL,DENISE GOMES,2023-04-15,9 9 9,10 10 10
LANDO VANNATA,DANIEL ZELLHUBER,2023-04-15,27 28 27,29 29 30
BILL ALGEO,TJ BROWN,2023-04-15,9 9 9,10 10 10
MAX HOLLOWAY,ARNOLD ALLEN,2023-04-15,49 48 49,46 47 46
EDSON BARBOZA,BILLY QUARANTILLO,2023-04-15,- - -,- - -
BRANDON ROYVAL,MATHEUS NICOLAU,2023-04-15,- - -,- - -
TANNER BOSER,ION CUTELABA,2023-04-15,- - -,- - -
GILLIAN ROBERTSON,PIERA RODRIGUEZ,2023-04-15,10 9 10,9 10 9
ZAK CUMMINGS,ED HERMAN,2023-04-15,20 20 20,17 16 17
DUSTIN JACOBY,AZAMAT MURZAKANOV,2023-04-15,28 28 28,29 29 29
JACARE SOUZA,ANDRE MUNIZ,2021-05-15,- - -,- - -
LANDO VANNATA,MIKE GRUNDY,2021-05-15,29 27 30,28 30 27
ANDREA LEE,ANTONINA SHEVCHENKO,2021-05-15,10 10 10,9 9 9
JORDAN WRIGHT,JAMIE PICKETT,2021-05-15,- - -,- - -
CHRISTOS GIAGOS,SEAN SORIANO,2021-05-15,9 9 10,10 10 9
KEVIN AGUILAR,TUCKER LUTZ,2021-05-15,27 30 28,30 28 29
SHANE BURGOS,EDSON BARBOZA,2021-05-15,18 19 18,20 19 20
KATLYN CERMINARA,VIVIANE ARAUJO,2021-05-15,29 29 30,28 28 27
GINA MAZANY,PRISCILA CACHOEIRA,2021-05-15,10 10 10,9 9 9
CHARLES OLIVEIRA,MICHAEL CHANDLER,2021-05-15,8 8 9,10 10 10
TONY FERGUSON,BENEIL DARIUSH,2021-05-15,27 27 27,30 30 30
MATT SCHNELL,ROGERIO BONTORIN,2021-05-15,27 28 27,30 29 30
DOUGLAS SILVA DE ANDRADE,MILES JOHNS,2024-06-15,27 27 28,30 30 29
MELQUIZAEL COSTA,SHAYILAN NUERDANBIEKE,2024-06-15,29 29 29,28 28 28
ALEX PEREZ,TATSURO TAIRA,2024-06-15,10 10 10,9 9 9
ASU ALMABAYEV,JOSE JOHNSON,2024-06-15,30 30 30,27 27 27
JOSEFINE KNUTSSON,JULIA POLASTRI,2024-06-15,29 29 29,28 28 28
JOSH QUINLAN,ADAM FUGITT,2024-06-15,28 28 29,29 29 28
JOSEFINE KNUTSSON,JULIA POLASTRI,2024-06-15,29 29 29,28 28 28
BRADY HIESTAND,GARRETT ARMFIELD,2024-06-15,19 19 19,19 19 19
TIMMY CUAMBA,LUCAS ALMEIDA,2024-06-15,28 28 28,29 29 29
JEKA SARAGIH,WESTIN WILSON,2024-06-15,- - -,- - -
CARLI JUDICE,GABRIELLA FERNANDES,2024-06-15,28 29 28,29 28 29
JIMMY FLICK,NATE MANESS,2024-06-15,27 27 28,30 30 29
VIKTORIIA DUDAKOVA,ISTELA NUNES,2023-07-15,- -,- -
ASHLEE EVANS-SMITH,AILIN PEREZ,2023-07-15,25 25 26,30 30 30
TUCKER LUTZ,MELSIK BAGHDASARYAN,2023-07-15,28 28 28,29 29 29
TYSON NAM,AZAT MAKSUM,2023-07-15,28 28 29,29 29 28
NORMA DUMONT,CHELSEA CHANDLER,2023-07-15,30 30 30,27 27 27
NAZIM SADYKHOV,TERRANCE MCKINNEY,2023-07-15,9 9 9,10 10 10
ALEXANDER MUNOZ,CARL DEATON,2023-07-15,30 30 29,26 27 28
JACK DELLA MADDALENA,BASSIL HAFEZ,2023-07-15,28 29 29,29 28 28
HOLLY HOLM,MAYRA BUENO SILVA,2023-07-15,10 10 10,9 9 9
OTTMAN AZAITAR,FRANCISCO PRADO,2023-07-15,- - -,- - -
ALBERT DURAEV,JUNYONG PARK,2023-07-15,9 10 6,10 9 10
AUSTIN LINGO,MELQUIZAEL COSTA,2023-07-15,26 27 27,30 30 30
EVAN ELDER,GENARO VALDEZ,2023-07-15,30 29 29,26 28 28
CUB SWANSON,JONATHAN MARTINEZ,2022-10-15,9 9 9,10 10 10
JORDAN WRIGHT,DUSKO TODOROVIC,2022-10-15,10 10 10,9 9 8
ALEXA GRASSO,VIVIANE ARAUJO,2022-10-15,50 49 49,45 46 46
MISHA CIRKUNOV,ALONZO MENIFIELD,2022-10-15,- - -,- - -
RAPHAEL ASSUNCAO,VICTOR HENRY,2022-10-15,30 30 30,27 27 27
NICK MAXIMOV,JACOB MALKOUN,2022-10-15,27 27 27,30 30 30
MANA MARTINEZ,BRANDON DAVIS,2022-10-15,29 29 28,28 28 29
JOANDERSON BRITO,LUCAS ALEXANDER,2022-10-15,- - -,- - -
PIERA RODRIGUEZ,SAM HUGHES,2022-10-15,29 29 29,28 28 28
MIKE JACKSON,PETE RODRIGUEZ,2022-10-15,- - -,- - -
TATSURO TAIRA,CJ VERGARA,2022-10-15,10 10 10,9 9 9
STIPE MIOCIC,DANIEL CORMIER,2020-08-15,49 49 48,46 46 47
JUNIOR DOS SANTOS,JAIRZINHO ROZENSTRUIK,2020-08-15,10 10 10,9 9 10
CHRIS DAUKUS,PARKER PORTER,2020-08-15,- - -,- - -
KAI KAMAKA,TONY KELLEY,2020-08-15,29 29 29,28 28 28
JOSH CULIBAO,DANNY SILVA,2024-03-16,28 29 28,29 28 29
JAQUELINE AMORIM,CORY MCKENNA,2024-03-16,- - -,- - -
TAI TUIVASA,MARCIN TYBURA,2024-03-16,- - -,- - -
OVINCE SAINT PREUX,KENNEDY NZECHUKWU,2024-03-16,29 28 29,28 29 28
BRYAN BATTLE,ANGE LOOSA,2024-03-16,10 10 10,9 9 9
CHRISTIAN RODRIGUEZ,ISAAC DULGARIAN,2024-03-16,28 27 28,27 28 27
PANNIE KIANZAD,MACY CHIASSON,2024-03-16,- - -,- - -
JAFEL FILHO,ODE OSBOURNE,2024-03-16,- - -,- - -
JOSIANE NUNES,CHELSEA CHANDLER,2024-03-16,28 28 28,29 29 29
GERALD MEERSCHAERT,BRYAN BARBERENA,2024-03-16,10 10 10,9 9 9
THIAGO MOISES,MITCH RAMIREZ,2024-03-16,20 20 20,18 18 18
CHARALAMPOS GRIGORIOU,CHAD ANHELIGER,2024-03-16,28 27 28,29 30 29
NATAN LEVY,MIKE DAVIS,2024-03-16,9 9 9,10 10 10
MIGUEL BAEZA,ANDRE FIALHO,2022-04-16,- - -,- - -
DRAKKAR KLOSE,BRANDON JENKINS,2022-04-16,10 10 10,8 8 8
RAFA GARCIA,JESSE RONSON,2022-04-16,10 10 10,9 9 9
MAYRA BUENO SILVA,WU YANAN,2022-04-16,29 29 30,28 28 27
JORDAN LEAVITT,TREY OGDEN,2022-04-16,29 29 28,28 28 29
CHRIS BARNETT,MARTIN BUDAY,2022-04-16,27 27 27,30 30 30
DEVIN CLARK,WILLIAM KNIGHT,2022-04-16,19 19 19,19 19 19
LINA LANSBERG,PANNIE KIANZAD,2022-04-16,28 28 28,29 29 29
MOUNIR LAZZEZ,ANGE LOOSA,2022-04-16,30 30 30,27 27 27
PAT SABATINI,TJ LARAMIE,2022-04-16,30 30 30,26 26 26
CAIO BORRALHO,GADZHI OMARGADZHIEV,2022-04-16,29 29 29,27 27 27
VICENTE LUQUE,BELAL MUHAMMAD,2022-04-16,46 46 47,49 49 48
ISTELA NUNES,SAM HUGHES,2022-04-16,27 27 28,29 29 28
ALATENGHEILI,KEVIN CROOM,2022-04-16,- - -,- - -
PUNAHELE SORIANO,DALCHA LUNGIAMBULA,2022-07-16,9 9 6,10 10 10
LAUREN MURPHY,MIESHA TATE,2022-07-16,30 29 30,27 28 27
JESSICA PENNE,EMILY DUCOTE,2022-07-16,28 28 27,29 29 30
RICKY SIMON,JACK SHORE,2022-07-16,10 10 10,9 9 9
BILL ALGEO,HERBERT BURNS,2022-07-16,10 10 10,9 9 9
DWIGHT GRANT,DUSTIN STOLTZFUS,2022-07-16,28 28 28,29 29 29
DUSTIN JACOBY,DA WOON JUNG,2022-07-16,- - -,- - -
BRIAN ORTEGA,YAIR RODRIGUEZ,2022-07-16,- - -,- - -
MATT SCHNELL,SUMUDAERJI,2022-07-16,10 10 10,9 9 9
SHANE BURGOS,CHARLES JOURDAIN,2022-07-16,29 29 28,28 28 28
LI JINGLIANG,MUSLIM SALIKHOV,2022-07-16,9 9 9,10 10 10
MICHELLE WATERSON-GOMEZ,AMANDA LEMOS,2022-07-16,10 10 9,9 9 10
JOSEFINE KNUTSSON,MARNIC MANN,2023-09-16,30 30 30,24 25 27
DANIEL ZELLHUBER,CHRISTOS GIAGOS,2023-09-16,9 9 9,10 10 10
ALEX REYES,CHARLIE CAMPBELL,2023-09-16,- - -,- - -
TRACY CORTEZ,JASMINE JASUDAVICIUS,2023-09-16,30 30 29,27 27 28
RAUL ROSAS JR.,TERRENCE MITCHELL,2023-09-16,- - -,- - -
FERNANDO PADILLA,KYLE NELSON,2023-09-16,28 28 27,29 29 30
LOOPY GODINEZ,ELISE REED,2023-09-16,10 10 10,8 9 8
EDGAR CHAIREZ,DANIEL LACERDA,2023-09-16,- - -,- - -
ROMAN KOPYLOV,JOSH FREMD,2023-09-16,10 10 10,9 9 9
ALEXA GRASSO,VALENTINA SHEVCHENKO,2023-09-16,47 47 48,47 48 47
KEVIN HOLLAND,JACK DELLA MADDALENA,2023-09-16,29 28 28,28 29 29
ANDREW SANCHEZ,BRUNO SILVA,2021-10-16,19 19 20,19 19 18
NATE LANDWEHR,LUDOVIT KLEIN,2021-10-16,20 20 19,18 18 19
LOOPY GODINEZ,LUANA CAROLINA,2021-10-16,28 28 28,29 29 29
ANDREI ARLOVSKI,CARLOS FELIPE,2021-10-16,29 29 29,28 28 28
ASPEN LADD,NORMA DUMONT,2021-10-16,46 46 47,49 49 48
DANNY ROBERTS,RAMAZAN EMEEV,2021-10-16,28 30 29,29 27 28
JIM MILLER,ERICK GONZALEZ,2021-10-16,10 9 9,9 10 10
BATGEREL DANAA,BRANDON DAVIS,2021-10-16,- - -,- - -
ISTELA NUNES,ARIANE CARNELOSSI,2021-10-16,19 19 20,19 19 18
MANON FIOROT,MAYRA BUENO SILVA,2021-10-16,30 30 30,26 27 27
LEON EDWARDS,COLBY COVINGTON,2023-12-16,49 49 49,46 46 46
TAGIR ULANBEKOV,CODY DURDEN,2023-12-16,10 10 10,9 9 9
ANDRE FILI,LUCAS ALMEIDA,2023-12-16,- - -,- - -
ALONZO MENIFIELD,DUSTIN JACOBY,2023-12-16,29 29 29,28 28 28
MARTIN BUDAY,SHAMIL GAZIEV,2023-12-16,8 8 8,10 10 10
IRENE ALDANA,KAROL ROSA,2023-12-16,29 29 29,28 28 28
CASEY O'NEILL,ARIANE DA SILVA,2023-12-16,9 9 9,10 10 10
CODY GARBRANDT,BRIAN KELLEHER,2023-12-16,- - -,- - -
TONY FERGUSON,PADDY PIMBLETT,2023-12-16,27 27 27,30 30 30
JOSH EMMETT,BRYCE MITCHELL,2023-12-16,- - -,- - -
SHAVKAT RAKHMONOV,STEPHEN THOMPSON,2023-12-16,10 10 10,9 9 9
ALEXANDRE PANTOJA,BRANDON ROYVAL,2023-12-16,49 50 50,46 45 45
ALEXANDER VOLKANOVSKI,ILIA TOPURIA,2024-02-17,10 10 10,9 9 9
OBAN ELLIOTT,VAL WOODBURN,2024-02-17,30 29 30,27 28 27
ANDREA LEE,MIRANDA MAVERICK,2024-02-17,28 27 27,29 30 30
JOSH QUINLAN,DANNY BARLOW,2024-02-17,18 18 18,20 20 20
RINYA NAKAMURA,CARLOS VERA,2024-02-17,30 30 30,27 27 27
ZHANG MINGYANG,BRENDSON RIBEIRO,2024-02-17,- - -,- - -
MARCOS ROGERIO DE LIMA,JUNIOR TAFA,2024-02-17,10 10 10,9 9 8
AMANDA LEMOS,MACKENZIE DERN,2024-02-17,29 29 29,28 28 28
ROBERT WHITTAKER,PAULO COSTA,2024-02-17,29 29 30,28 28 27
GEOFF NEAL,IAN MACHADO GARRY,2024-02-17,27 29 27,30 28 30
ANTHONY HERNANDEZ,ROMAN KOPYLOV,2024-02-17,10 10 9,9 9 10
MERAB DVALISHVILI,HENRY CEJUDO,2024-02-17,29 29 29,28 28 28
AUSTIN HUBBARD,DAKOTA BUSH,2021-04-17,29 29 29,28 28 28
TONY GRAVELY,ANTHONY BIRCHAK,2021-04-17,10 10 10,9 9 8
ABDUL RAZAK ALHASSAN,JACOB MALKOUN,2021-04-17,27 27 27,30 30 30
LUIS PENA,ALEXANDER MUNOZ,2021-04-17,28 29 29,29 28 28
ANDREI ARLOVSKI,CHASE SHERMAN,2021-04-17,29 29 29,28 28 28
ROBERT WHITTAKER,KELVIN GASTELUM,2021-04-17,50 50 50,45 45 45
TRACY CORTEZ,JUSTINE KISH,2021-04-17,29 28 30,28 29 27
ALEXANDR ROMANOV,JUAN ESPINO,2021-04-17,29 19 29,28 19 28
BARTOSZ FABINSKI,GERALD MEERSCHAERT,2021-04-17,- - -,- - -
JESSICA PENNE,LOOPY GODINEZ,2021-04-17,29 29 28,28 28 29
ARMEN PETROSYAN,CHRISTIAN LEROY DUNCAN,2023-06-17,29 29 30,28 28 27
ARMAN TSARUKYAN,JOAQUIM SILVA,2023-06-17,19 19 19,19 19 19
MARVIN VETTORI,JARED CANNONIER,2023-06-17,45 45 46,49 49 48
MANUEL TORRES,NIKOLAS MOTTA,2023-06-17,- - -,- - -
PAT SABATINI,LUCAS ALMEIDA,2023-06-17,10 10 10,8 8 8
NICOLAS DALBY,MUSLIM SALIKHOV,2023-06-17,29 30 30,28 27 27
JIMMY FLICK,ALESSANDRO COSTA,2023-06-17,9 9 9,10 10 10
CARLOS HERNANDEZ,DENYS BONDAR,2023-06-17,30 29 30,27 28 27
KYUNG HO KANG,CRISTIAN QUINONEZ,2023-06-17,- - -,- - -
TEREZA BLEDA,GABRIELLA FERNANDES,2023-06-17,30 30 30,27 27 27
DAN ARGUETA,RONNIE LAWRENCE,2023-06-17,- - -,- - -
ZAC PAUGA,MODESTAS BUKAUSKAS,2023-06-17,28 28 27,29 29 30
FRANCISCO FIGUEIREDO,MALCOLM GORDON,2021-07-17,27 28 28,30 29 29
DANIEL RODRIGUEZ,PRESTON PARSONS,2021-07-17,- - -,- - -
KHALID TAHA,SERGEY MOROZOV,2021-07-17,30 29 29,27 28 28
AMANDA LEMOS,MONTSERRAT CONEJO RUIZ,2021-07-17,- - -,- - -
JEREMY STEPHENS,MATEUSZ GAMROT,2021-07-17,- - -,- - -
MARION RENEAU,MIESHA TATE,2021-07-17,18 18 18,20 20 20
RODOLFO VIEIRA,DUSTIN STOLTZFUS,2021-07-17,19 19 19,19 19 19
GABRIEL BENITEZ,BILLY QUARANTILLO,2021-07-17,18 18 18,20 20 20
ISLAM MAKHACHEV,THIAGO MOISES,2021-07-17,30 30 30,27 27 27
NIKOLAS MOTTA,CAMERON VANCAMP,2022-09-17,- - -,- - -
TONY GRAVELY,JAVID BASHARAT,2022-09-17,28 28 28,29 29 29
DAMON JACKSON,PAT SABATINI,2022-09-17,- - -,- - -
ANTHONY HERNANDEZ,MARC-ANDRE BARRIAULT,2022-09-17,20 20 20,18 18 18
MARIYA AGAPOVA,GILLIAN ROBERTSON,2022-09-17,10 10 10,9 9 9
TREY OGDEN,DANIEL ZELLHUBER,2022-09-17,30 29 30,27 28 27
TREVIN GILES,LOUIS COSCE,2022-09-17,29 30 29,28 27 28
DENISE GOMES,LOMA LOOKBOONMEE,2022-09-17,27 27 28,30 30 29
CORY SANDHAGEN,SONG YADONG,2022-09-17,38 39 38,38 37 38
ANDRE FILI,BILL ALGEO,2022-09-17,29 28 29,28 29 28
CHIDI NJOKUANI,GREGORY RODRIGUES,2022-09-17,9 9 9,10 10 10
JOE PYFER,ALEN AMEDOVSKI,2022-09-17,- - -,- - -
TANNER BOSER,RODRIGO NASCIMENTO,2022-09-17,29 28 27,28 29 30
DREW DOBER,KING GREEN,2022-12-17,9 9 9,10 10 10
ALEX CACERES,JULIAN EROSA,2022-12-17,- - -,- - -
ARMAN TSARUKYAN,DAMIR ISMAGULOV,2022-12-17,30 30 30,27 27 27
AMIR ALBAZI,ALESSANDRO COSTA,2022-12-17,20 19 19,18 19 19
JARED CANNONIER,SEAN STRICKLAND,2022-12-17,49 46 49,46 49 46
RAFA GARCIA,MAHESHATE,2022-12-17,30 30 30,27 27 27
BRYAN BATTLE,RINAT FAKHRETDINOV,2022-12-17,25 25 27,30 30 30
SAID NURMAGOMEDOV,SAIDYOKUB KAKHRAMONOV,2022-12-17,9 9 9,10 10 10
JAKE MATTHEWS,MATTHEW SEMELSBERGER,2022-12-17,28 28 27,29 29 30
CODY BRUNDAGE,MICHAL OLEKSIEJCZUK,2022-12-17,- - -,- - -
DAVID DVORAK,MANEL KAPE,2022-12-17,27 27 28,30 30 29
SERGEY MOROZOV,JOURNEY NEWSON,2022-12-17,30 29 29,27 28 28
CHEYANNE VLISMAS,CORY MCKENNA,2022-12-17,28 28 28,29 29 29
NAZIM SADYKHOV,EVAN ELDER,2023-02-18,18 18 18,20 20 20
JIM MILLER,ALEXANDER HERNANDEZ,2023-02-18,28 27 27,29 30 30
JOSH PARISIAN,JAMAL POGUES,2023-02-18,28 27 27,29 30 30
WILLIAM KNIGHT,MARCIN PRACHNIO,2023-02-18,27 27,30 30
JESSICA ANDRADE,ERIN BLANCHFIELD,2023-02-18,10 9 9,9 10 10
JORDAN WRIGHT,ZAC PAUGA,2023-02-18,27 28 27,30 29 30
AJ FLETCHER,THEMBA GORIMBO,2023-02-18,10 10 10,9 9 9
OVINCE SAINT PREUX,PHILIPE LINS,2023-02-18,- - -,- - -
CLAYTON CARPENTER,JUANCAMILO RONDEROS,2023-02-18,- - -,- - -
LINA LANSBERG,MAYRA BUENO SILVA,2023-02-18,9 9 6,10 10 10
JAMALL EMMERS,KHUSEIN ASKHABOV,2023-02-18,30 30 30,27 27 27
LEON EDWARDS,KAMARU USMAN,2023-03-18,4948 48 47,46 46 47
JULIANA MILLER,VERONICA HARDY,2023-03-18,27 27 27,30 30 30
JUSTIN GAETHJE,RAFAEL FIZIEV,2023-03-18,29 28 29,28 28 28
JENNIFER MAIA,CASEY O'NEILL,2023-03-18,29 29 30,28 28 27
GUNNAR NELSON,BRYAN BARBERENA,2023-03-18,- - -,- - -
JOANNE WOOD,LUANA CAROLINA,2023-03-18,29 30 28,28 27 29
CHRIS DUNCAN,OMAR MORALES,2023-03-18,29 29 27,28 28 30
SAM PATTERSON,YANAL ASHMOUZ,2023-03-18,- - -,- - -
JAI HERBERT,LUDOVIT KLEIN,2023-03-18,28 29 28,28 27 28
JACK SHORE,MAKWAN AMIRKHANI,2023-03-18,9 9 9,10 10 10
JAKE HADLEY,MALCOLM GORDON,2023-03-18,- - -,- - -
CHRISTIAN LEROY DUNCAN,DUSKO TODOROVIC,2023-03-18,- - -,- - -
MARVIN VETTORI,ROMAN DOLIDZE,2023-03-18,29 29 30,28 28 27
LERONE MURPHY,GABRIEL SANTOS,2023-03-18,28 29 29,29 28 28
MUHAMMAD MOKAEV,JAFEL FILHO,2023-03-18,19 20 19,19 18 19
EDSON BARBOZA,LERONE MURPHY,2024-05-18,46 45 45,49 50 50
PIERA RODRIGUEZ,ARIANE CARNELOSSI,2024-05-18,10 10 10,9 9 9
ALATENGHEILI,KLEYDSON RODRIGUES,2024-05-18,30 30 29,27 27 28
ADRIAN YANEZ,VINICIUS SALVADOR,2024-05-18,- - -,- - -
LUANA PINHEIRO,ANGELA HILL,2024-05-18,9 9 9,10 10 10
THEMBA GORIMBO,RAMIZ BRAHIMAJ,2024-05-18,30 30 30,27 27 27
KHAOS WILLIAMS,CARLSTON HARRIS,2024-05-18,- - -,- - -
VICTOR MARTINEZ,TOM NOLAN,2024-05-18,- - -,- - -
VANESSA DEMOPOULOS,EMILY DUCOTE,2024-05-18,28 29 29,29 28 28
OUMAR SY,TUCO TOKKOS,2024-05-18,- - -,- - -
ABUS MAGOMEDOV,WARLLEY ALVES,2024-05-18,30 30 30,26 26 26
TAMIRES VIDAL,MELISSA GATTO,2024-05-18,18 18 18,20 20 20
COURT MCGEE,JEREMIAH WELLS,2022-06-18,- - -,- - -
ROMAN DOLIDZE,KYLE DAUKAUS,2022-06-18,- - -,- - -
JASMINE JASUDAVICIUS,NATALIA SILVA,2022-06-18,26 27 27,30 30 30
EDDIE WINELAND,CODY STAMANN,2022-06-18,- - -,- - -
JULIAN MARQUEZ,GREGORY RODRIGUES,2022-06-18,- - -,- - -
ADRIAN YANEZ,TONY KELLEY,2022-06-18,- - -,- - -
PHIL HAWES,DERON WINN,2022-06-18,10 10 10,8 9 9
TIM MEANS,KEVIN HOLLAND,2022-06-18,9 9 9,10 10 10
CALVIN KATTAR,JOSH EMMETT,2022-06-18,47 48 47,48 47 48
JOAQUIN BUCKLEY,ALBERT DURAEV,2022-06-18,20 20 20,18 18 18
DAMIR ISMAGULOV,GURAM KUTATELADZE,2022-06-18,28 29 30,29 28 27
RICARDO RAMOS,DANNY CHAVEZ,2022-06-18,- - -,- - -
MARIA OLIVEIRA,GLORIA DE PAULA,2022-06-18,29 28 29,28 29 28
CASEY O'NEILL,LUANA SANTOS,2024-08-18,30 30 30,26 27 27
JOSH CULIBAO,RICARDO RAMOS,2024-08-18,29 28 28,28 29 29
JACK JENKINS,HERBERT BURNS,2024-08-18,20 20 20,18 17 18
TOM NOLAN,ALEX REYES,2024-08-18,30 30 29,27 27 28
JUNIOR TAFA,VALTER WALKER,2024-08-18,- - -,- - -
LI JINGLIANG,CARLOS PRATES,2024-08-18,9 9 9,10 10 10
MATEUSZ GAMROT,DAN HOOKER,2024-08-18,28 28 29,29 29 28
TAI TUIVASA,JAIRZINHO ROZENSTRUIK,2024-08-18,30 28 27,27 29 30
DRICUS DU PLESSIS,ISRAEL ADESANYA,2024-08-18,28 29 29,29 28 28
KAI KARA-FRANCE,STEVE ERCEG,2024-08-18,- - -,- - -
STEWART NICOLL,JESUS AGUILAR,2024-08-18,- - -,- - -
SONG KENAN,RICKY GLENN,2024-08-18,29 30 30,28 26 27
PANNIE KIANZAD,RAQUEL PENNINGTON,2021-09-18,28 28 28,29 29 29
MIKE RODRIGUEZ,TAFON NCHUKWI,2021-09-18,27 27 27,30 30 30
RONGZHU,BRANDON JENKINS,2021-09-18,20 20 20,18 18 17
MONTEL JACKSON,JP BUYS,2021-09-18,30 30 30,27 27 27
JOAQUIN BUCKLEY,ANTONIO ARROYO,2021-09-18,18 19 19,20 19 19
NATE MANESS,TONY GRAVELY,2021-09-18,9 9 9,10 10 10
ARIANE DA SILVA,MANDY BOHM,2021-09-18,30 30 30,27 27 27
ARMAN TSARUKYAN,CHRISTOS GIAGOS,2021-09-18,- - -,- - -
ANTHONY SMITH,RYAN SPANN,2021-09-18,- - -,- - -
GUSTAVO LOPEZ,ALATENG HEILI,2021-09-18,28 28 28,28 28 28
EMILY WHITMIRE,HANNAH GOLDY,2021-09-18,- - -,- - -
ION CUTELABA,DEVIN CLARK,2021-09-18,29 29 30,26 27 26
IMPA KASANGANAY,CARLSTON HARRIS,2021-09-18,- - -,- - -
ERIN BLANCHFIELD,SARAH ALPAR,2021-09-18,30 30 30,25 25 26
KATLYN CERMINARA,JESSICA ANDRADE,2020-10-18,- - -,- - -
BRIAN ORTEGA,CHAN SUNG JUNG,2020-10-18,50 50 50,45 45 45
CLAUDIO SILVA,JAMES KRAUSE,2020-10-18,27 27 27,30 30 30
GADZHIMURAD ANTIGULOV,MAXIM GRISHIN,2020-10-18,9 9 9,10 10 10
JAMIE MULLARKEY,FARES ZIAM,2020-10-18,28 28 28,29 29 29
JIMMY CRUTE,MODESTAS BUKAUSKAS,2020-10-18,- - -,- - -
SAID NURMAGOMEDOV,MARK STRIEGL,2020-10-18,- - -,- - -
THOMAS ALMEIDA,JONATHAN MARTINEZ,2020-10-18,27 27 27,30 30 30
MATEUSZ GAMROT,GURAM KUTATELADZE,2020-10-18,29 28 28,28 29 29
JUNYONG PARK,JOHN PHILLIPS,2020-10-18,30 30 30,25 25 25
GILLIAN ROBERTSON,POLIANA BOTELHO,2020-10-18,29 29 29,27 27 28
PAYTON TALBOTT,NICK AGUIRRE,2023-11-18,19 19 19,19 19 19
CHASE HOOPER,JORDAN LEAVITT,2023-11-18,- - -,- - -
BRENDAN ALLEN,PAUL CRAIG,2023-11-18,20 20 20,18 17 17
MICHAEL MORALES,JAKE MATTHEWS,2023-11-18,29 29 30,28 28 27
CHARLES JOHNSON,RAFAEL ESTEVAM,2023-11-18,28 28 28,29 29 29
LUANA PINHEIRO,AMANDA RIBAS,2023-11-18,19 19 19,19 19 19
UROS MEDIC,MYKTYBEK OROLBAI,2023-11-18,9 10 9,10 9 10
TREY OGDEN,NIKOLAS MOTTA,2023-11-18,20 19 20,18 19 18
JEKA SARAGIH,LUCAS ALEXANDER,2023-11-18,- - -,- - -
LUCIE PUDILOVA,AILIN PEREZ,2023-11-18,27 28 28,29 29 29
CHAD ANHELIGER,JOSE JOHNSON,2023-11-18,18 18 18,20 20 20
JONATHAN PEARCE,JOANDERSON BRITO,2023-11-18,10 9 9,9 10 10
CHRISTIAN LEROY DUNCAN,DENIS TIULIULIN,2023-11-18,10 10 10,9 9 9
MICK PARKIN,CAIO MACHADO,2023-11-18,29 29 29,28 28 28
CHARLES JOURDAIN,ANDRE EWELL,2021-12-18,30 30 29,27 26 27
DERRICK LEWIS,CHRIS DAUKAUS,2021-12-18,- - -,- - -
SIJARA EUBANKS,MELISSA GATTO,2021-12-18,19 19 19,19 19 19
STEPHEN THOMPSON,BELAL MUHAMMAD,2021-12-18,25 26 26,30 30 30
RAPHAEL ASSUNCAO,RICKY SIMON,2021-12-18,9 9 9,10 10 10
AMANDA LEMOS,ANGELA HILL,2021-12-18,28 30 29,29 27 28
DUSTIN STOLTZFUS,GERALD MEERSCHAERT,2021-12-18,19 19 20,19 19 18
JORDAN LEAVITT,MATT SAYLES,2021-12-18,10 10 10,9 9 9
JUSTIN TAFA,HARRY HUNSUCKER,2021-12-18,- - -,- - -
DON'TALE MAYES,JOSH PARISIAN,2021-12-18,20 20 20,18 18 18
CUB SWANSON,DARREN ELKINS,2021-12-18,- - -,- - -
DIEGO FERREIRA,MATEUSZ GAMROT,2021-12-18,9 9 9,10 10 10
RAQUEL PENNINGTON,MACY CHIASSON,2021-12-18,9 10 10,10 9 9
ARNOLD ALLEN,DAN HOOKER,2022-03-19,- - -,- - -
ALEXANDER VOLKOV,TOM ASPINALL,2022-03-19,- - -,- - -
MOLLY MCCANN,LUANA CAROLINA,2022-03-19,20 20 20,18 18 17
GUNNAR NELSON,TAKASHI SATO,2022-03-19,30 30 30,26 26 26
JAI HERBERT,ILIA TOPURIA,2022-03-19,10 10 10,9 9 9
MUHAMMAD MOKAEV,CODY DURDEN,2022-03-19,- - -,- - -
CORY MCKENNA,ELISE REED,2022-03-19,30 28 28,27 29 29
EDSON BARBOZA,LUANA CAROLINA,2022-03-19,20 20 20,18 18 17
PADDY PIMBLETT,KAZULA VARGAS,2022-03-19,- - -,- - -
SHAMIL ABDURAKHIMOV,SERGEI PAVLOVICH,2022-03-19,- - -,- - -
JACK SHORE,TIMUR VALIEV,2022-03-19,29 29 29,28 28 27
MIKE GRUNDY,MAKWAN AMIRKHANI,2022-03-19,- - -,- - -
NIKITA KRYLOV,PAUL CRAIG,2022-03-19,- - -,- - -
WELLINGTON TURMAN,BRUNO SILVA,2021-06-19,- - -,- - -
MATT BROWN,DHIEGO LIMA,2021-06-19,9 9 9,10 10 10
CASEY O'NEILL,LARA PROCOPIO,2021-06-19,19 19 19,19 19 19
JOAQUIM SILVA,RICKY GLENN,2021-06-19,- - -,- - -
JULIAN EROSA,SEUNGWOO CHOI,2021-06-19,- - -,- - -
JOSH PARISIAN,ROQUE MARTINEZ,2021-06-19,29 29 28,28 28 29
KHAOS WILLIAMS,MATTHEW SEMELSBERGER,2021-06-19,30 29 29,27 28 28
MARLON VERA,DAVEY GRANT,2021-06-19,29 30 29,28 26 27
ALEKSA CAMUR,NICOLAE NEGUMEREANU,2021-06-19,28 29 28,29 28 29
CHAN SUNG JUNG,DAN IGE,2021-06-19,48 49 49,47 46 46
ALEKSEI OLEINIK,SERGHEI SPIVAC,2021-06-19,28 28 28,29 29 29
KANAKO MURATA,VIRNA JANDIROBA,2021-06-19,19 18 18,19 20 20
ZHANG WEILI,AMANDA LEMOS,2023-08-19,50 49 50,43 45 44
KURT HOLOBAUGH,AUSTIN HUBBARD,2023-08-19,9 9 9,10 10 10
BRAD KATONA,CODY GIBSON,2023-08-19,29 30 29,28 27 28
NEIL MAGNY,IAN MACHADO GARRY,2023-08-19,26 26 24,30 30 30
ANDREA LEE,NATALIA SILVA,2023-08-19,27 27 27,30 30 30
MARLON VERA,PEDRO MUNHOZ,2023-08-19,30 30 29,27 27 28
DA'MON BLACKSHEAR,MARIO BAUTISTA,2023-08-19,28 28 27,29 29 30
ANDRE PETROSKI,GERALD MEERSCHAERT,2023-08-19,28 29 29,29 28 28
ALJAMAIN STERLING,SEAN O'MALLEY,2023-08-19,10 10 10,9 9 9
KARINE SILVA,MARYNA MOROZ,2023-08-19,- - -,- - -
CHRIS WEIDMAN,BRAD TAVARES,2023-08-19,27 27 27,30 30 30
GREGORY RODRIGUES,DENIS TIULIULIN,2023-08-19,- - -,- - -
ANDRE EWELL,IRWIN RIVERA,2020-09-19,28 29 29,29 28 28
COLBY COVINGTON,TYRON WOODLEY,2020-09-19,40 40 40,35 35 35
DONALD CERRONE,NIKO PRICE,2020-09-19,28 28 29,28 28 27
TYSON NAM,JEROME RIVERA,2020-09-19,9 9 9,10 10 10
DARRICK MINNER,TJ LARAMIE,2020-09-19,- - -,- - -
JOURNEY NEWSON,RANDY COSTA,2020-09-19,- - -,- - -
MIRSAD BEKTIC,DAMON JACKSON,2020-09-19,20 20 20,18 18 18
JORDAN ESPINOSA,DAVID DVORAK,2020-09-19,27 27 27,30 30 30
MAYRA BUENO SILVA,MARA ROMERO BORELLA,2020-09-19,- - -,- - -
JESSICA-ROSE CLARK,SARAH ALPAR,2020-09-19,20 20 20,18 17 18
KEVIN HOLLAND,DARREN STEWART,2020-09-19,28 29 29,29 28 28
MACKENZIE DERN,RANDA MARKOS,2020-09-19,- - -,- - -
KHAMZAT CHIMAEV,GERALD MEERSCHAERT,2020-09-19,- - -,- - -
JOHNNY WALKER,RYAN SPANN,2020-09-19,- - -,- - -
CHARLES JOHNSON,SUMUDAERJI,2024-10-19,29 29 29,28 28 28
JAKE HADLEY,CAMERON SMOTHERMAN,2024-10-19,26 27 27,30 29 29
MELISSA MARTINEZ,ALICE ARDELEAN,2024-10-19,30 30 30,27 27 27
JESSICA PENNE,ELISE REED,2024-10-19,28 28 28,29 29 29
AUSTEN LANE,ROBELIS DESPAIGNE,2024-10-19,29 29 29,28 28 28
JOSELYNE EDWARDS,TAMIRES VIDAL,2024-10-19,20 20 20,18 18 18
ROB FONT,KYLER PHILLIPS,2024-10-19,29 29 29,28 28 28
ANTHONY HERNANDEZ,MICHEL PEREIRA,2024-10-19,40 39 40,35 34 35
BRAD KATONA,JEAN MATSUMOTO,2024-10-19,28 28 28,29 29 29
DARREN ELKINS,DANIEL PINEDA,2024-10-19,29 29 29,28 28 28
MATHEUS NICOLAU,ASU ALMABAYEV,2024-10-19,28 28 28,29 29 29
ANDRE FIALHO,MUSLIM SALIKHOV,2022-11-19,18 18 18,19 19 19
JACK DELLA MADDALENA,DANNY ROBERTS,2022-11-19,- - -,- - -
JENNIFER MAIA,MARYNA MOROZ,2022-11-19,29 30 29,28 27 28
CHARLES JOHNSON,ZHALGAS ZHUMAGULOV,2022-11-19,29 28 29,28 29 28
KENNEDY NZECHUKWU,ION CUTELABA,2022-11-19,9 9 9,10 10 10
CHASE SHERMAN,WALDO CORTES-ACOSTA,2022-11-19,28 28 27,29 29 30
NATALIA SILVA,TEREZA BLEDA,2022-11-19,19 19 19,19 19 19
BRADY HIESTAND,FERNIE GARCIA,2022-11-19,29 29 29,28 28 28
VINCE MORALES,MILES JOHNS,2022-11-19,28 28 27,29 29 30
RICKY TURCIOS,KEVIN NATIVIDAD,2022-11-19,29 29 28,28 28 29
VANESSA DEMOPOULOS,MARIA OLIVEIRA,2022-11-19,29 29 29,28 28 28
DERON WINN,ANTONIO ARROYO,2020-12-19,29 29 29,28 28 28
SIJARA EUBANKS,PANNIE KIANZAD,2020-12-19,28 28 28,29 29 29
JIMMY FLICK,CODY DURDEN,2020-12-19,- - -,- - -
MARCIN TYBURA,GREG HARDY,2020-12-19,9 9 9,10 10 10
ANTHONY PETTIS,ALEX MORONO,2020-12-19,29 29 29,28 28 28
CHRISTOS GIAGOS,CARLTON MINUS,2020-12-19,29 30 29,28 26 27
JOSE ALDO,MARLON VERA,2020-12-19,29 29 29,28 28 28
STEPHEN THOMPSON,GEOFF NEAL,2020-12-19,50 50 50,45 45 45
MICHEL PEREIRA,KHAOS WILLIAMS,2020-12-19,29 29 29,28 28 28
MARLON MORAES,ROB FONT,2020-12-19,- - -,- - -
GILLIAN ROBERTSON,TAILA SANTOS,2020-12-19,26 26 28,30 30 29
TAFON NCHUKWI,JAMIE PICKETT,2020-12-19,30 30 30,26 25 26
UMAR NURMAGOMEDOV,SERGEY MOROZOV,2021-01-20,9 10 10,10 9 9
VICTORIA LEONARDO,MANON FIOROT,2021-01-20,9 9 8,10 10 10
ROXANNE MODAFFERI,VIVIANE ARAUJO,2021-01-20,27 27 26,30 30 30
IKE VILLANUEVA,VINICIUS MOREIRA,2021-01-20,10 10 9,9 9 10
LERONE MURPHY,DOUGLAS SILVA DE ANDRADE,2021-01-20,29 29 30,28 28 27
MATT SCHNELL,TYSON NAM,2021-01-20,29 28 29,28 29 28
MICHAEL CHIESA,NEIL MAGNY,2021-01-20,49 49 49,46 46 46
OMARI AKHMEDOV,TOM BREESE,2021-01-20,10 10 10,9 9 9
RICKY SIMON,GAETANO PIRRELLO,2021-01-20,10 10 10,9 9 9
WARLLEY ALVES,MOUNIR LAZZEZ,2021-01-20,- - -,- - -
MIKE DAVIS,MASON JONES,2021-01-20,29 29 29,28 28 28
FRANCISCO FIGUEIREDO,JEROME RIVERA,2021-01-20,29 29 29,28 28 28
SUMUDAERJI,ZARRUKH ADASHEV,2021-01-20,29 29 30,28 28 27
DALCHA LUNGIAMBULA,MARKUS PEREZ,2021-01-20,29 29 29,28 28 28
SHANA DOBSON,CASEY O'NEILL,2021-02-20,9 9 9,10 10 10
NATE LANDWEHR,JULIAN EROSA,2021-02-20,- - -,- - -
SERGHEI SPIVAC,JARED VANDERAA,2021-02-20,10 10 10,9 9 9
JARED GORDON,DANNY CHAVEZ,2021-02-20,30 29 30,27 28 27
EDDIE WINELAND,JOHN CASTANEDA,2021-02-20,- - -,- - -
ANDREI ARLOVSKI,TOM ASPINALL,2021-02-20,9 9 9,10 10 10
AIEMANN ZAHABI,DRAKO RODRIGUEZ,2021-02-20,- - -,- - -
CHAS SKELLY,JAMALL EMMERS,2021-02-20,- - -,- - -
PHIL HAWES,NASSOURDINE IMAVOV,2021-02-20,29 29 28,28 28 28
CURTIS BLAYDES,DERRICK LEWIS,2021-02-20,10 10 10,9 9 9
KETLEN VIEIRA,YANA SANTOS,2021-02-20,28 28 28,29 29 29
ALEKSEI OLEINIK,CHRIS DAUKAUS,2021-02-20,- - -,- - -
CHARLES ROSA,DARRICK MINNER,2021-02-20,26 27 27,30 29 30
SONG KENAN,MAX GRIFFIN,2021-03-20,- - -,- - -
CHEYANNE VLISMAS,MONTSERRAT CONEJO RUIZ,2021-03-20,28 27 28,29 29 29
TAI TUIVASA,HARRY HUNSUCKER,2021-03-20,- - -,- - -
ADRIAN YANEZ,GUSTAVO LOPEZ,2021-03-20,20 20 20,18 18 18
BRUNO SILVA,JP BUYS,2021-03-20,10 10 10,9 9 9
DEREK BRUNSON,KEVIN HOLLAND,2021-03-20,49 49 49,45 46 46
MONTEL JACKSON,JESSE STRADER,2021-03-20,- - -,- - -
TREVIN GILES,ROMAN DOLIDZE,2021-03-20,29 29 29,28 28 28
MARION RENEAU,MACY CHIASSON,2021-03-20,28 28 28,29 29 29
LEONARDO SANTOS,GRANT DAWSON,2021-03-20,19 18 18,19 20 20
TAKASHI SATO,THEMBA GORIMBO,2023-05-20,27 27 27,30 30 30
EMILY DUCOTE,LOOPY GODINEZ,2023-05-20,27 28 28,30 29 29
EDMEN SHAHBAZYAN,ANTHONY HERNANDEZ,2023-05-20,18 18 18,19 19 19
DIEGO FERREIRA,MICHAEL JOHNSON,2023-05-20,9 9 10,10 10 9
ANDRE FIALHO,JOAQUIN BUCKLEY,2023-05-20,10 10 9,9 9 10
MAHESHATE,VIACHESLAV BORSHCHEV,2023-05-20,9 9 9,10 10 10
KAROLINA KOWALKIEWICZ,VANESSA DEMOPOULOS,2023-05-20,30 30 30,27 27 27
MACKENZIE DERN,ANGELA HILL,2023-05-20,49 49 49,44 44 43
NATALIA SILVA,VICTORIA LEONARDO,2023-05-20,- - -,- - -
CHASE HOOPER,NICK FIORE,2023-05-20,30 30 30,27 26 27
ORION COSCE,GILBERT URBINA,2023-05-20,8 8 9,10 10 10
ILIR LATIFI,RODRIGO NASCIMENTO,2023-05-20,28 28 29,29 29 28
MIRANDA MAVERICK,DIONE BARBOSA,2024-07-20,29 30 30,28 27 27
LOIK RADZHABOV,TREY OGDEN,2024-07-20,28 27 28,29 30 29
BRIAN KELLEHER,CODY GIBSON,2024-07-20,- - -,- - -
JEONGYEONG LEE,HYDER AMIL,2024-07-20,- - -,- - -
LUANA CAROLINA,LUCIE PUDILOVA,2024-07-20,29 30 29,28 27 28
CODY DURDEN,BRUNO SILVA,2024-07-20,10 10 10,9 9 9
DOOHO CHOI,BILL ALGEO,2024-07-20,10 9 9,9 10 10
MOHAMMED USMAN,THOMAS PETERSEN,2024-07-20,27 27 27,30 30 30
KURT HOLOBAUGH,KAYNAN KRUSCHEWSKY,2024-07-20,29 29 29,28 28 28
STEVE GARCIA,SEUNGWOO CHOI,2024-07-20,- - -,- - -
AMANDA LEMOS,VIRNA JANDIROBA,2024-07-20,9 9 10,10 10 9
AJ FLETCHER,ANGE LOOSA,2022-08-20,27 28 28,29 29 29
SEAN WOODSON,LUIS SALDANA,2022-08-20,29 28 27,27 28 29
AMIR ALBAZI,FRANCISCO FIGUEIREDO,2022-08-20,- - -,- - -
AORIQILENG,JAY PERRIN,2022-08-20,29 29 29,28 28 28
DANIEL LACERDA,VICTOR ALTAMIRANO,2022-08-20,- - -,- - -
JOSE ALDO,MERAB DVALISHVILI,2022-08-20,28 27 28,29 30 29
PAULO COSTA,LUKE ROCKHOLD,2022-08-20,30 30 30,27 27 27
KAMARU USMAN,LEON EDWARDS,2022-08-20,39 39 39,37 37 37
TYSON PEDRO,HARRY HUNSUCKER,2022-08-20,- - -,- - -
WU YANAN,LUCIE PUDILOVA,2022-08-20,9 9 9,10 10 10
MARCIN TYBURA,ALEXANDR ROMANOV,2022-08-20,29 28 29,28 28 28
LEONARDO SANTOS,JARED GORDON,2022-08-20,27 27 27,30 30 30
JOANNE WOOD,TAILA SANTOS,2021-11-20,- - -,- - -
RANI YAHYA,KYUNG HO KANG,2021-11-20,29 29 29,28 28 28
MICHAEL CHIESA,SEAN BRADY,2021-11-20,28 28 28,29 29 29
KETLEN VIEIRA,MIESHA TATE,2021-11-20,48 48 49,47 47 46
DAVEY GRANT,ADRIAN YANEZ,2021-11-20,28 28 30,29 29 27
LUANA PINHEIRO,SAM HUGHES,2021-11-20,29 30 30,28 27 27
PAT SABATINI,TUCKER LUTZ,2021-11-20,30 30 30,26 27 27
LOMA LOOKBOONMEE,LOOPY GODINEZ,2021-11-20,27 27 27,30 30 30
RAFA GARCIA,NATAN LEVY,2021-11-20,29 29 29,28 28 28
CODY DURDEN,AORIQILENG,2021-11-20,29 29 29,28 28 28
SHAYILAN NUERDANBIEKE,SEAN SORIANO,2021-11-20,29 29 29,28 28 28
JOSIANE NUNES,ZARAH FAIRN,2023-01-21,29 29 29,28 28 28
SAIMON OLIVEIRA,DANIEL MARCOS,2023-01-21,9 9 9,10 10 10
THIAGO MOISES,MELQUIZAEL COSTA,2023-01-21,10 10 10,9 9 9
GABRIEL BONFIM,MOUNIR LAZZEZ,2023-01-21,- - -,- - -
LUAN LACERDA,CODY STAMANN,2023-01-21,28 28 28,29 29 29
SHAMIL ABDURAKHIMOV,JAILTON ALMEIDA,2023-01-21,8 9 8,10 10 10
MAURICIO RUA,IHOR POTIERIA,2023-01-21,- - -,- - -
GREGORY RODRIGUES,BRUNNO FERREIRA,2023-01-21,- - -,- - -
GLOVER TEIXEIRA,JAMAHAL HILL,2023-01-21,44 44 44,50 50 50
PAUL CRAIG,JOHNNY WALKER,2023-01-21,- - -,- - -
LAUREN MURPHY,JESSICA ANDRADE,2023-01-21,25 26 25,30 30 30
GILBERT BURNS,NEIL MAGNY,2023-01-21,- - -,- - -
DEIVESON FIGUEIREDO,BRANDON MORENO,2023-01-21,27 28 28,29 29 29
ISMAEL BONFIM,TERRANCE MCKINNEY,2023-01-21,10 10 10,9 9 9
WARLLEY ALVES,NICOLAS DALBY,2023-01-21,28 29 28,29 28 29
ELISE REED,SAM HUGHES,2022-05-21,18 17 18,20 20 20
SANTIAGO PONZINIBBIO,MICHEL PEREIRA,2022-05-21,28 27 29,29 30 28
OMAR MORALES,UROS MEDIC,2022-05-21,9 10 10,10 9 9
JAILTON ALMEIDA,PARKER PORTER,2022-05-21,- - -,- - -
HOLLY HOLM,KETLEN VIEIRA,2022-05-21,47 47 48,48 48 47
JONATHAN MARTINEZ,VINCE MORALES,2022-05-21,30 30 30,27 27 27
CHASE HOOPER,FELIPE COLARES,2022-05-21,19 20 19,19 18 19
JOSEPH HOLMES,ALEN AMEDOVSKI,2022-05-21,- - -,- - -
ERYK ANDERS,JUNYONG PARK,2022-05-21,29 28 28,28 29 29
CHIDI NJOKUANI,DUSKO TODOROVIC,2022-05-21,- - -,- - -
POLYANA VIANA,TABATHA RICCI,2022-05-21,28 28 28,29 29 29
JARED CANNONIER,KELVIN GASTELUM,2021-08-21,48 48 48,47 47 47
SASHA PALATNIKOV,RAMIZ BRAHIMAJ,2021-08-21,- - -,- - -
BRIAN KELLEHER,DOMINGO PILARTE,2021-08-21,30 30 30,27 27 27
CLAY GUIDA,MARK MADSEN,2021-08-21,28 27 29,29 30 28
PARKER PORTER,CHASE SHERMAN,2021-08-21,30 30 29,27 27 28
BEA MALECKI,JOSIANE NUNES,2021-08-21,- - -,- - -
VINC PICHEL,AUSTIN HUBBARD,2021-08-21,30 30 30,27 27 27
ROOSEVELT ROBERTS,IGNACIO BAHAMONDES,2021-08-21,18 19 18,20 19 20
WILLIAM KNIGHT,FABIO CHERANT,2021-08-21,- - -,- - -
TREVIN JONES,SAIDYOKUB KAKHRAMONOV,2021-08-21,18 18 19,20 20 19
ALEXANDRE PANTOJA,BRANDON ROYVAL,2021-08-21,10 9 10,9 10 9
AUSTIN LINGO,LUIS SALDANA,2021-08-21,29 29 29,28 28 28
ISLAM MAKHACHEV,ALEXANDER VOLKANOVSKI,2023-10-21,- - -,- - -
KAMARU USMAN,KHAMZAT CHIMAEV,2023-10-21,27 28 27,29 28 29
MAGOMED ANKALAEV,JOHNNY WALKER,2023-10-21,- -,- -
MOHAMMAD YAHYA,TREVOR PEEK,2023-10-21,28 27 27,29 30 30
TIM ELLIOTT,MUHAMMAD MOKAEV,2023-10-21,19 20 20,19 18 18
IKRAM ALISKEROV,WARLLEY ALVES,2023-10-21,- -,- -
SAID NURMAGOMEDOV,MUIN GAFUROV,2023-10-21,- - -,- - -
JAVID BASHARAT,VICTOR HENRY,2023-10-21,10 9 10,9 10 9
ABU AZAITAR,SEDRIQUES DUMAS,2023-10-21,28 28 28,29 29 29
VIKTORIIA DUDAKOVA,JINH YU FREY,2023-10-21,29 29 29,28 28 28
SHARA MAGOMEDOV,BRUNO SILVA,2023-10-21,30 30 30,27 27 27
NATHANIEL WOOD,MUHAMMAD NAIMOV,2023-10-21,28 28 28,29 29 29
MIKE BREEDEN,ANSHUL JUBLI,2023-10-21,18 18 18,20 20 20
KYLE DAUKAUS,DUSTIN STOLTZFUS,2020-11-21,30 30 30,27 27 26
LOUIS COSCE,SASHA PALATNIKOV,2020-11-21,18 18 19,20 20 19
VALENTINA SHEVCHENKO,JENNIFER MAIA,2020-11-21,49 49 49,46 46 46
DEIVESON FIGUEIREDO,ALEX PEREZ,2020-11-21,- - -,- - -
KATLYN CERMINARA,CYNTHIA CALVILLO,2020-11-21,30 30 30,27 27 27
MIKE PERRY,TIM MEANS,2020-11-21,28 27 28,29 30 29
MAURICIO RUA,PAUL CRAIG,2020-11-21,9 10 9,10 9 10
BRANDON MORENO,BRANDON ROYVAL,2020-11-21,- - -,- - -
ALAN JOUBAN,JARED GOODEN,2020-11-21,30 30 30,27 27 27
DANIEL RODRIGUEZ,NICOLAS DALBY,2020-11-21,27 28 28,30 29 29
JOAQUIN BUCKLEY,JORDAN WRIGHT,2020-11-21,10 10 10,9 8 9
ANTONINA SHEVCHENKO,ARIANE DA SILVA,2020-11-21,10 10 10,9 9 9
BRANDON MORENO,DEIVESON FIGUEIREDO,2022-01-22,47 47 47,48 48 48
FRANCIS NGANNOU,CIRYL GANE,2022-01-22,48 49 48,47 46 47
SILVANA GOMEZ JUAREZ,VANESSA DEMOPOULOS,2022-01-22,- - -,- - -
RAONI BARCELOS,VICTOR HENRY,2022-01-22,27 27 27,30 30 30
MICHEL PEREIRA,ANDRE FIALHO,2022-01-22,29 29 29,28 28 28
TONY GRAVELY,SAIMON OLIVEIRA,2022-01-22,30 30 30,27 27 27
CODY STAMANN,SAID NURMAGOMEDOV,2022-01-22,- - -,- - -
JACK DELLA MADDALENA,PETE RODRIGUEZ,2022-01-22,- - -,- - -
MICHAEL MORALES,TREVIN GILES,2022-01-22,- - -,- - -
MATT FREVOLA,GENARO VALDEZ,2022-01-22,- - -,- - -
KAY HANSEN,JASMINE JASUDAVICIUS,2022-01-22,27 28 28,30 29 29
RICKY GLENN,CHRISTOS GIAGOS,2023-04-22,- - -,- - -
RANI YAHYA,MONTEL JACKSON,2023-04-22,- - -,- - -
FRANCIS MARSHALL,WILLIAM GOMIS,2023-04-22,28 29 28,29 28 29
SERGEI PAVLOVICH,CURTIS BLAYDES,2023-04-22,- - -,- - -
BRADY HIESTAND,BATGEREL DANAA,2023-04-22,18 17 18,20 20 20
MOHAMMED USMAN,JUNIOR TAFA,2023-04-22,29 29 29,28 28 28
KAROL ROSA,NORMA DUMONT,2023-04-22,28 28 28,29 29 29
BRAD TAVARES,BRUNO SILVA,2023-04-22,- - -,- - -
NINA NUNES,JARED GORDON,2023-04-22,- - -,- - -
JEREMIAH WELLS,MATTHEW SEMELSBERGER,2023-04-22,30 30 28,27 27 29
IASMIN LUCINDO,BROGAN WALKER,2023-04-22,30 30 30,27 27 27
JACK HERMANSSON,EDMEN SHAHBAZYAN,2021-05-22,29 29 29,27 27 27
BEN ROTHWELL,CHRIS BARNETT,2021-05-22,10 10 10,9 9 9
RAFAEL ALVES,DAMIR ISMAGULOV,2021-05-22,28 28 28,29 29 29
ROB FONT,CODY GARBRANDT,2021-05-22,48 50 50,47 45 45
DAVID DVORAK,JUANCAMILO RONDEROS,2021-05-22,- - -,- - -
RICARDO RAMOS,BILL ALGEO,2021-05-22,30 29 30,27 28 27
FELICIA SPENCER,NORMA DUMONT,2021-05-22,27 29 28,30 28 29
JOSH CULIBAO,SHAYILAN NUERDANBIEKE,2021-05-22,29 29 29,28 28 28
YAN XIAONAN,CARLA ESPARZA,2021-05-22,8 9 9,10 10 10
COURT MCGEE,CLAUDIO SILVA,2021-05-22,29 30 30,27 26 26
BRUNO SILVA,VICTOR RODRIGUEZ,2021-05-22,- - -,- - -
JUSTIN TAFA,JARED VANDERAA,2021-05-22,27 28 27,30 29 30
MAGOMED GADZHINYASULOV,BRENDSON RIBEIRO,2024-06-22,29 29 28,28 28 28
XIAO LONG,CHANG HO LEE,2024-06-22,29 28 28,28 29 29
RINAT FAKHRETDINOV,NICOLAS DALBY,2024-06-22,29 29 28,28 28 29
KYUNG HO KANG,MUIN GAFUROV,2024-06-22,27 27 27,30 30 30
SHARA MAGOMEDOV,ANTONIO TROCOLI,2024-06-22,19 20 20,19 18 18
JOHNNY WALKER,VOLKAN OEZDEMIR,2024-06-22,- - -,- - -
MUHAMMAD NAIMOY,FELIPE LIMA,2024-06-22,20 19 18,18 19 20
MODESTAS BUKAUSKAS,JARED GORDON,2024-06-22,29 29 28,28 28 29
EDMEN SHAHBAZYAN,ALEXANDER VOLKOV,2024-06-22,27 28 27,30 29 30
KEVIN HOLLAND,DANIEL RODRIGUEZ,2024-06-22,29 30 30,28 27 27
MANON FIOROT,IKRAM ALISKEROV,2024-06-22,- - -,- - -
SHAUNA BANNON,BRUNA BRASIL,2023-07-22,28 27 28,29 30 29
JAFEL FILHO,DANIEL BAREZ,2023-07-22,- - -,- - -
JAI HERBERT,FARES ZIAM,2023-07-22,28 27 28,29 30 29
PAUL CRAIG,ANDRE MUNIZ,2023-07-22,9 9 9,10 10 10
MOLLY MCCANN,JULIJA STOLIARENKO,2023-07-22,- - -,- - -
DANNY ROBERTS,JONNY PARSONS,2023-07-22,10 9 10,9 10 9
MARC DIAKIESE,JOEL ALVAREZ,2023-07-22,9 9 10,10 10 9
NATHANIEL WOOD,ANDRE FILI,2023-07-22,29 29 29,28 28 28
DAVEY GRANT,DANIEL MARCOS,2023-07-22,29 28 28,28 29 29
TOM ASPINALL,MARCIN TYBURA,2023-07-22,- - -,- - -
LERONE MURPHY,JOSH CULIBAO,2023-07-22,30 30 30,26 27 26
MICK PARKIN,JAMAL POGUES,2023-07-22,30 30 30,27 27 27
MAKHMUD MURADOV,BRYAN BARBERENA,2023-07-22,30 30 30,27 27 27
CHRIS DUNCAN,YANAL ASHMOUZ,2023-07-22,29 30 30,28 27 27
KETLEN VIEIRA,PANNIE KIANZAD,2023-07-22,29 29 29,28 28 28
EDMEN SHAHBAZYAN,AJ DOBSON,2024-03-23,- - -,- - -
PAYTON TALBOTT,CAMERON SAAIMAN,2024-03-23,10 10 10,9 9 9
MOHAMMED USMAN,MICK PARKIN,2024-03-23,28 28 28,29 29 29
MONTSERRAT RENDON,DARIA ZHELEZNIAKOVA,2024-03-23,28 28 28,29 29 29
IGOR SEVERINO,ANDRE LIMA,2024-03-23,9 9 10,10 10 9
JARNO ERRENS,STEVEN NGUYEN,2024-03-23,30 30 30,27 27 27
KARL WILLIAMS,JUSTIN TAFA,2024-03-23,30 29 29,27 28 28
MILES JOHNS,CODY GIBSON,2024-03-23,30 30 30,27 27 27
BILLY QUARANTILLO,YOUSSEF ZALAL,2024-03-23,9 9 9,10 10 10
FERNANDO PADILLA,LUIS PAJUELO,2024-03-23,- - -,- - -
AMANDA RIBAS,ROSE NAMAJUNAS,2024-03-23,46 47 46,49 48 49
RICARDO RAMOS,JULIAN EROSA,2024-03-23,- -,- -
KURT HOLOBAUGH,TREY OGDEN,2024-03-23,27 27 27,30 30 30
JORDAN WRIGHT,MARC-ANDRE BARRIAULT,2022-04-23,- - -,- - -
LANDO VANNATA,CHARLES JOURDAIN,2022-04-23,- - -,- - -
TYSON PEDRO,IKE VILLANUEVA,2022-04-23,- - -,- - -
AMANDA LEMOS,JESSICA ANDRADE,2022-04-23,- - -,- - -
DWIGHT GRANT,SERGEY KHANDOZHKO,2022-04-23,10 10 10,9 9 9
CLAY GUIDA,CLAUDIO PUELLES,2022-04-23,- - -,- - -
AORIQILENG,CAMERON ELSE,2022-04-23,- - -,- - -
PRESTON PARSONS,EVAN ELDER,2022-04-23,30 30 30,26 27 27
MAYCEE BARBER,MONTANA DE LA ROSA,2022-04-23,30 30 30,27 27 27
MARCIN PRACHNIO,PHILIPE LINS,2022-04-23,28 28 28,29 29 29
DEAN BARRY,MIKE JACKSON,2022-04-23,- - -,- - -
MAKWAN AMIRKHANI,JONATHAN PEARCE,2022-07-23,9 9 9,10 10 10
MUHAMMAD MOKAEV,CHARLES JOHNSON,2022-07-23,30 30 30,27 27 27
JAI HERBERT,KYLE NELSON,2022-07-23,29 29 29,28 28 28
PAUL CRAIG,VOLKAN OEZDEMIR,2022-07-23,27 27 27,30 30 30
MASON JONES,LUDOVIT KLEIN,2022-07-23,27 27 27,30 30 30
MANDY BOHM,VICTORIA LEONARDO,2022-07-23,27 27 27,30 30 30
CURTIS BLAYDES,TOM ASPINALL,2022-07-23,- - -,- - -
NATHANIEL WOOD,CHARLES ROSA,2022-07-23,30 30 30,26 26 27
CLAUDIO SILVA,NICOLAS DALBY,2022-07-23,28 28 27,29 29 29
MARC DIAKIESE,DAMIR HADZOVIC,2022-07-23,30 30 30,27 26 26
NIKITA KRYLOV,ALEXANDER GUSTAFSSON,2022-07-23,- - -,- - -
MOLLY MCCANN,HANNAH GOLDY,2022-07-23,- - -,- - -
PADDY PIMBLETT,JORDAN LEAVITT,2022-07-23,10 10 10,9 9 9
JACK HERMANSSON,CHRIS CURTIS,2022-07-23,29 30 29,28 27 28
BRYAN BATTLE,AJ FLETCHER,2023-09-23,9 9 9,10 10 10
RICARDO RAMOS,CHARLES JOURDAIN,2023-09-23,- - -,- - -
MOHAMMED USMAN,JAKE COLLIER,2023-09-23,29 30 29,28 27 28
MARINA RODRIGUEZ,MICHELLE WATERSON-GOMEZ,2023-09-23,10 10 10,8 8 8
BRYCE MITCHELL,DAN IGE,2023-09-23,30 29 29,27 28 28
JACOB MALKOUN,CODY BRUNDAGE,2023-09-23,- - -,- - -
DAN ARGUETA,MILES JOHNS,2023-09-23,27 27 28,30 30 29
TIM MEANS,ANDRE FIALHO,2023-09-23,20 20 20,18 18 18
RAFAEL FIZIEV,MATEUSZ GAMROT,2023-09-23,10 10 10,9 10 9
TAMIRES VIDAL,MONTSERRAT RENDON,2023-09-23,28 29 28,29 28 29
MIZUKI,HANNAH GOLDY,2023-09-23,29 29 29,28 28 28
NICOLAE NEGUMEREANU,IKE VILLANUEVA,2021-10-23,- - -,- - -
FRANCISCO TRINALDO,DWIGHT GRANT,2021-10-23,29 27 29,27 29 27
JUNYONG PARK,GREGORY RODRIGUES,2021-10-23,9 9 9,10 10 10
MASON JONES,DAVID ONAMA,2021-10-23,29 29 29,28 28 28
ALEX CACERES,SEUNGWOO CHOI,2021-10-23,9 9 9,9 9 9
JESSICA-ROSE CLARK,JOSELYNE EDWARDS,2021-10-23,29 30 30,28 27 27
PAULO COSTA,MARVIN VETTORI,2021-10-23,4746 47.46 746,48 48 48
GRANT DAWSON,RICKY GLENN,2021-10-23,29 28 28,28 28 28
JONATHAN MARTINEZ,ZVIAD LAZISHVILI,2021-10-23,30 29 29,27 28 28
LIVINHA SOUZA,RANDA MARKOS,2021-10-23,28 27 27,29 30 30
KHAMA WORTHY,JAI HERBERT,2021-10-23,- - -,- - -
JEFF MOLINA,DANIEL LACERDA,2021-10-23,10 10 10,9 9 9
JAMIE PICKETT,LAUREANO STAROPOLI,2021-10-23,29 30 30,28 27 27
TABATHA RICCI,MARIA OLIVEIRA,2021-10-23,30 30 30,27 27 27
VOLKAN OEZDEMIR,NIKITA KRYLOV,2022-10-23,27 28 28,30 29 29
ABUBAKAR NURMAGOMEDOV,GADZHI OMARGADZHIEV,2022-10-23,29 30 29,28 27 28
MAKHMUD MURADOV,CAIO BORRALHO,2022-10-23,27 27 28,30 30 29
BELAL MUHAMMAD,SEAN BRADY,2022-10-23,10 9 10,6 10 9
KAROL ROSA,LINA LANSBERG,2022-10-23,29 28 29,27 28 27
ALJAMAIN STERLING,TJ DILLASHAW,2022-10-23,10 10 10,8 8 8
PETR YAN,SEAN O'MALLEY,2022-10-23,28 28 29,29 29 28
KATLYN CERMINARA,MANON FIOROT,2022-10-23,28 28 28,29 29 29
BENEIL DARIUSH,MATEUSZ GAMROT,2022-10-23,30 30 29,27 27 28
MUHAMMAD MOKAEV,MALCOLM GORDON,2022-10-23,20 20 20,18 18 18
ARMEN PETROSYAN,AJ DOBSON,2022-10-23,30 30 30,27 27 27
CHARLES OLIVEIRA,ISLAM MAKHACHEV,2022-10-23,9 9 9,10 10 10
DUSTIN POIRIER,CONOR MCGREGOR,2021-01-24,9 9 9,10 10 10
DAN HOOKER,MICHAEL CHANDLER,2021-01-24,- - -,- - -
JESSICA EYE,JOANNE WOOD,2021-01-24,28 27 27,29 30 30
AMIR ALBAZI,ZHALGAS ZHUMAGULOV,2021-01-24,29 29 29,28 28 28
NIK LENTZ,MOVSAR EVLOEV,2021-01-24,28 29 28,29 28 29
MARINA RODRIGUEZ,AMANDA RIBAS,2021-01-24,9 9 9,10 10 10
ANDREW SANCHEZ,MAKHMUD MURADOV,2021-01-24,18 18 19,20 20 19
KHALIL ROUNTREE JR.,MARCIN PRACHNIO,2021-01-24,28 28 28,29 29 29
JULIANNA PENA,SARA MCMANN,2021-01-24,19 19 19,19 19 19
ARMAN TSARUKYAN,MATT FREVOLA,2021-01-24,30 30 30,27 26 27
BRAD TAVARES,ANTONIO CARLOS JUNIOR,2021-01-24,30 29 30,27 28 27
ERIK SILVA,MUHAMMAD NAIMOV,2024-02-24,- - -,- - -
BRANDON MORENO,BRANDON ROYVAL,2024-02-24,47 49 47,48 46 48
CRISTIAN QUINONEZ,RAONI BARCELOS,2024-02-24,19 19 20,19 19 18
JESUS AGUILAR,MATEUS MENDONCA,2024-02-24,29 29 28,28 28 29
MANUEL TORRES,CHRIS DUNCAN,2024-02-24,- - -,- - -
YAZMIN JAUREGUI,SAM HUGHES,2024-02-24,30 30 30,27 27 27
EDGAR CHAIREZ,DANIEL LACERDA,2024-02-24,- - -,- - -
CLAUDIO PUELLES,FARES ZIAM,2024-02-24,29 27 28,28 30 29
VICTOR ALTAMIRANO,FELIPE DOS SANTOS,2024-02-24,30 28 28,27 29 29
YAIR RODRIGUEZ,BRIAN ORTEGA,2024-02-24,18 19 19,18 19 19
DANIEL ZELLHUBER,FRANCISCO PRADO,2024-02-24,29 29 30,28 28 26
RONALDO RODRIGUEZ,DENYS BONDAR,2024-02-24,9 9 9,10 10 10
KAZULA VARGAS,RONGZHU,2021-04-24,30 29 29,26 28 28
BATGEREL DANAA,KEVIN NATIVIDAD,2021-04-24,10 8 10,8 10 8
KARL ROBERSON,BRENDAN ALLEN,2021-04-24,8 8 8,10 10 10
PAT SABATINI,TRISTAN CONNELLY,2021-04-24,29 29 30,28 28 27
ANTHONY SMITH,JIMMY CRUTE,2021-04-24,10 10 10,9 9 9
URIAH HALL,CHRIS WEIDMAN,2021-04-24,3 8 7,8 10 10
ZHANG WEILI,ROSE NAMAJUNAS,2021-04-24,- - -,- - -
ALEX OLIVEIRA,RANDY BROWN,2021-04-24,9 8,10 10
DWIGHT GRANT,STEFAN SEKULIC,2021-04-24,28 29 29,29 28 28
KAMARU USMAN,JORGE MASVIDAL,2021-04-24,10 9 20,9 10 17
VALENTINA SHEVCHENKO,JESSICA ANDRADE,2021-04-24,20 20 20,17 17 17
AORIQILENG,JEFF MOLINA,2021-04-24,27 28 28,29 29 29
LIANG NA,ARIANE CARNELOSSI,2021-04-24,8 19 10,10 19 9
JOSH EMMETT,ILIA TOPURIA,2023-06-24,44 42 45,50 50 49
ZHALGAS ZHUMAGULOV,JOSHUA VAN,2023-06-24,28 28 29,29 29 28
TABATHA RICCI,GILLIAN ROBERTSON,2023-06-24,29 30 29,28 27 28
AMANDA RIBAS,MAYCEE BARBER,2023-06-24,9 9 9,10 10 10
RANDY BROWN,WELLINGTON TURMAN,2023-06-24,29 29 29,28 28 28
CODY BRUNDAGE,SEDRIQUES DUMAS,2023-06-24,27 28 27,30 29 30
MATEUSZ REBECKI,LOIK RADZHABOV,2023-06-24,10 10 10,9 9 9
DAVID ONAMA,GABRIEL SANTOS,2023-06-24,9 9 9,10 10 10
AUSTEN LANE,JUSTIN TAFA,2023-06-24,- - -,- - -
BRENDAN ALLEN,BRUNO SILVA,2023-06-24,- - -,- - -
NEIL MAGNY,PHIL ROWE,2023-06-24,28 29 29,29 28 28
TREVOR PEEK,CHEPE MARISCAL,2023-06-24,27 27 27,30 30 30
JAMALL EMMERS,JACK JENKINS,2023-06-24,28 30 28,29 27 29
PUNAHELE SORIANO,BRENDAN ALLEN,2021-07-24,27 28 27,30 29 30
ADRIAN YANEZ,RANDY COSTA,2021-07-24,9 9 9,10 10 10
DARREN ELKINS,DARRICK MINNER,2021-07-24,9 9 9,10 10 10
MIRANDA MAVERICK,MAYCEE BARBER,2021-07-24,28 28 29,29 29 28
MICKEY GALL,JORDAN WILLIAMS,2021-07-24,- - -,- - -
KYLER PHILLIPS,RAULIAN PAIVA,2021-07-24,28 28 28,29 28 29
CORY SANDHAGEN,TJ DILLASHAW,2021-07-24,48 47 47,47 48 48
NASSOURDINE IMAVOV,IAN HEINISCH,2021-07-24,10 10 10,9 9 9
JULIO ARCE,ANDRE EWELL,2021-07-24,10 10 10,9 9 9
SIJARA EUBANKS,ELISE REED,2021-07-24,- - -,- - -
DIANA BELBITA,HANNAH GOLDY,2021-07-24,30 30 30,27 27 27
KAAN OFLI,MAIRON SANTOS,2024-08-24,9 9 9,10 10 10
ROBERT VALENTIN,RYAN LODER,2024-08-24,9 9 9,10 10 10
EDMEN SHAHBAZYAN,GERALD MEERSCHAERT,2024-08-24,10 10 10,9 9 9
NEIL MAGNY,MICHAEL MORALES,2024-08-24,- - -,- - -
DENNIS BUZUKJA,FRANCIS MARSHALL,2024-08-24,29 27 28,28 30 29
ZACHARY REESE,JOSE DANIEL MEDINA,2024-08-24,30 30 30,27 27 27
WANG CONG,VICTORIA LEONARDO,2024-08-24,- - -,- - -
ZYGIMANTAS RAMASKA,NATHAN FLETCHER,2024-08-24,- - -,- - -
VIACHESLAV BORSHCHEV,JAMES LLONTOP,2024-08-24,30 29 28,27 28 29
JACQUELINE CAVALCANTI,JOSIANE NUNES,2024-08-24,30 29 27,27 28 30
JARED CANNONIER,CAIO BORRALHO,2024-08-24,45 46 45,49 48 49
ANGELA HILL,TABATHA RICCI,2024-08-24,28 28 28,29 29 29
ALEX OLIVEIRA,SHAVKAT RAKHMONOV,2020-10-24,- - -,- - -
DA-UN JUNG,SAM ALVEY,2020-10-24,28 28 29,28 29 28
LIANA JOJUA,MIRANDA MAVERICK,2020-10-24,9 9 8,10 10 10
JOEL ALVAREZ,ALEXANDER YAKOVLEV,2020-10-24,- - -,- - -
ALEXANDER VOLKOV,WALT HARRIS,2020-10-24,10 10 10,9 9 9
JACOB MALKOUN,PHIL HAWES,2020-10-24,- - -,- - -
ROBERT WHITTAKER,JARED CANNONIER,2020-10-24,29 29 29,28 28 28
KHABIB NURMAGOMEDOV,JUSTIN GAETHJE,2020-10-24,9 10 9,10 9 10
LAUREN MURPHY,LILIYA SHAKIROVA,2020-10-24,10 10 10,9 9 9
MAGOMED ANKALAEV,ION CUTELABA,2020-10-24,- - -,- - -
NATHANIEL WOOD,CASEY KENNEY,2020-10-24,28 28 27,29 29 30
STEFAN STRUVE,TAI TUIVASA,2020-10-24,- - -,- - -
AUGUSTO SAKAI,DON'TALE MAYES,2023-02-25,30 30 30,27 27 27
ANDRE MUNIZ,BRENDAN ALLEN,2023-02-25,19 18 18,19 20 20
RAFAEL ALVES,NURULLO ALIEV,2023-02-25,27 27 28,29 29 28
MIKE MALOTT,YOHAN LAINESSE,2023-02-25,- - -,- - -
TATIANA SUAREZ,MONTANA DE LA ROSA,2023-02-25,10 10 10,9 9 9
JOE SOLECKI,CARL DEATON,2023-02-25,10 10 10,9 9 9
ERICK GONZALEZ,TREVOR PEEK,2023-02-25,- - -,- - -
JASMINE JASUDAVICIUS,GABRIELLA FERNANDES,2023-02-25,30 30 30,26 26 26
ODE OSBOURNE,CHARLES JOHNSON,2023-02-25,28 29 29,29 28 28
JORDAN LEAVITT,VICTOR MARTINEZ,2023-02-25,- - -,- - -
TREVIN GILES,PRESTON PARSONS,2023-03-25,29 28 29,28 29 28
STEVEN PETERSON,LUCAS ALEXANDER,2023-03-25,27 27 27,30 30 30
CHIDI NJOKUANI,ALBERT DURAEV,2023-03-25,10 10 9,9 9 10
DANIEL PINEDA,TUCKER LUTZ,2023-03-25,10 10 9,9 9 10
HOLLY HOLM,YANA SANTOS,2023-03-25,30 30 30,26 27 27
MARLON VERA,CORY SANDHAGEN,2023-03-25,46 45 48,49 50 47
NATE LANDWEHR,AUSTIN LINGO,2023-03-25,9 9 9,10 10 10
ANDREA LEE,MAYCEE BARBER,2023-03-25,29 28 27,28 29 30
CJ VERGARA,DANIEL LACERDA,2023-03-25,9 8 9,10 10 10
VICTOR ALTAMIRANO,VINICIUS SALVADOR,2023-03-25,29 29 29,28 28 28
BRIAN KELLEHER,MARIO BAUTISTA,2022-06-25,- - -,- - -
VANESSA DEMOPOULOS,JINH YU FREY,2022-06-25,28 29 30,29 28 27
NEIL MAGNY,SHAVKAT RAKHMONOV,2022-06-25,9 9 9,10 10 10
ARMAN TSARUKYAN,MATEUSZ GAMROT,2022-06-25,47 47 47,48 48 48
NATE MANESS,UMAR NURMAGOMEDOV,2022-06-25,25 27 26,30 30 30
CHRIS CURTIS,RODOLFO VIEIRA,2022-06-25,29 29 29,28 28 28
THIAGO MOISES,CHRISTOS GIAGOS,2022-06-25,- - -,- - -
JOSH PARISIAN,ALAN BAUDOT,2022-06-25,9 9 10,10 10 9
CARLOS ULBERG,TAFON NCHUKWI,2022-06-25,- - -,- - -
SHAYILAN NUERDANBIEKE,TJ BROWN,2022-06-25,29 29 29,28 28 28
JP BUYS,CODY DURDEN,2022-06-25,- - -,- - -
RAULIAN PAIVA,SERGEY MOROZOV,2022-06-25,28 28 28,29 29 29
DAN HOOKER,NASRAT HAQPARAST,2021-09-25,30 30 30,27 27 26
MARLON MORAES,MERAB DVALISHVILI,2021-09-25,10 10 9,9 9 10
SHAMIL ABDURAKHIMOV,CHRIS DAUKAUS,2021-09-25,8 9 9,10 10 10
ROXANNE MODAFFERI,TAILA SANTOS,2021-09-25,30 30 30,27 27 27
JONATHAN PEARCE,OMAR MORALES,2021-09-25,10 10 10,9 9 9
MATTHEW SEMELSBERGER,MARTIN SANO,2021-09-25,- - -,- - -
UROS MEDIC,JALIN TURNER,2021-09-25,- - -,- - -
CODY BRUNDAGE,NICK MAXIMOV,2021-09-25,28 28 28,29 29 29
NICK DIAZ,ROBBIE LAWLER,2021-09-25,19 19 18,19 19 20
VALENTINA SHEVCHENKO,LAUREN MURPHY,2021-09-25,- - -,- - -
ALEXANDER VOLKANOVSKI,BRIAN ORTEGA,2021-09-25,49 50 50,46 44 45
JESSICA ANDRADE,CYNTHIA CALVILLO,2021-09-25,- -,- -
CURTIS BLAYDES,JAIRZINHO ROZENSTRUIK,2021-09-25,30 30 30,27 27 27
LUIS SALDANA,BRUNO SOUZA,2022-03-26,29 29 29,28 28 28
MARC DIAKIESE,VIACHESLAV BORSHCHEV,2022-03-26,30 30 30,27 27 27
NEIL MAGNY,MAX GRIFFIN,2022-03-26,29 28 29,28 29 28
MATHEUS NICOLAU,DAVID DVORAK,2022-03-26,29 29 29,28 28 28
MATT BROWN,BRYAN BARBERENA,2022-03-26,28 29 28,29 28 29
ALIASKHAB KHIZRIEV,DENIS TIULIULIN,2022-03-26,10 10 10,9 9 9
JENNIFER MAIA,MANON FIOROT,2022-03-26,27 27 27,30 30 30
ASKAR ASKAROV,KAI KARA-FRANCE,2022-03-26,28 28 28,29 29 29
CURTIS BLAYDES,CHRIS DAUKAUS,2022-03-26,10 10 10,9 9 9
JOANNE WOOD,ALEXA GRASSO,2022-03-26,- - -,- - -
SARA MCMANN,KAROL ROSA,2022-03-26,29 29 29,28 28 28
CHRIS GUTIERREZ,BATGEREL DANAA,2022-03-26,9 9 9,10 10 10
ANDRE FILI,DANIEL PINEDA,2021-06-26,10 10 10,8 9 9
TIM MEANS,NICOLAS DALBY,2021-06-26,29 29 29,28 28 28
KENNEDY NZECHUKWU,DANILO MARQUES,2021-06-26,18 19 18,20 19 20
RENATO MOICANO,JAI HERBERT,2021-06-26,10 10 10,9 9 9
TANNER BOSER,OVINCE SAINT PREUX,2021-06-26,10 10 10,9 9 9
RAONI BARCELOS,TIMUR VALIEV,2021-06-26,28 28 28,29 29 28
CIRYL GANE,ALEXANDER VOLKOV,2021-06-26,50 50 49,45 45 46
JULIA AVILA,JULIJA STOLIARENKO,2021-06-26,18 19 20,20 19 18
MARCIN PRACHNIO,IKE VILLANUEVA,2021-06-26,9 9 9,10 10 10
CHARLES ROSA,JUSTIN JAYNES,2021-06-26,30 28 29,27 29 28
YANCY MEDEIROS,DAMIR HADZOVIC,2021-06-26,28 28 28,29 29 29
SHAVKAT RAKHMONOV,MICHEL PRAZERES,2021-06-26,10 10 10,9 9 9
WARLLEY ALVES,JEREMIAH WELLS,2021-06-26,9 9 9,10 10 10
SONG KENAN,ROLANDO BEDOYA,2023-08-26,29 29 29,28 28 28
CHIDI NJOKUANI,MICHAL OLEKSIEJCZUK,2023-08-26,- - -,- - -
SEUNGWOO CHOI,JARNO ERRENS,2023-08-26,30 29 29,27 28 28
LIANG NA,JJ ALDRICH,2023-08-26,10 10 9,9 9 10
BILLY RAY GOFF,YUSAKU KINOSHITA,2023-08-26,- - -,- - -
MAX HOLLOWAY,CHAN SUNG JUNG,2023-08-26,19 20 20,19 17 18
ANTHONY SMITH,RYAN SPANN,2023-08-26,29 29 28,28 28 29
RINYA NAKAMURA,FERNIE GARCIA,2023-08-26,30 30 30,26 27 27
GIGA CHIKADZE,ALEX CACERES,2023-08-26,30 30 30,27 27 27
WALDO CORTES-ACOSTA,LUKASZ BRZESKI,2023-08-26,- - -,- - -
TOSHIOMI KAZAMA,GARRETT ARMFIELD,2023-08-26,- - -,- - -
JUNIOR TAFA,PARKER PORTER,2023-08-26,- - -,- - -
ERIN BLANCHFIELD,TAILA SANTOS,2023-08-26,29 29 29,28 28 28
ROBERT WHITTAKER,KHAMZAT CHIMAEV,2024-10-26,- - -,- - -
MAGOMED ANKALAEV,ALEKSANDAR RAKIC,2024-10-26,29 29 29,28 28 28
SHARA MAGOMEDOV,ARMEN PETROSYAN,2024-10-26,10 10 10,9 9 9
LERONE MURPHY,DAN IGE,2024-10-26,29 29 29,28 28 28
ILIA TOPURIA,MAX HOLLOWAY,2024-10-26,20 20 19,18 18 19
ABUS MAGOMEDOV,BRUNNO FERREIRA,2024-10-26,19 19 19,19 19 19
MATEUSZ REBECKI,MYKTYBEK OROLBAI,2024-10-26,29 29 28,28 28 29
KENNEDY NZECHUKWU,CHRIS BARNETT,2024-10-26,- - -,- - -
FARID BASHARAT,VICTOR HUGO,2024-10-26,30 29 29,27 28 28
IBO ASLAN,RAFAEL CERQUEIRA,2024-10-26,- - -,- - -
ISMAIL NAURDIEV,BRUNO SILVA,2024-10-26,30 30 30,27 27 27
RINAT FAKHRETDINOV,CARLOS LEAL,2024-10-26,29 30 29,28 27 28
GEOFF NEAL,RAFAEL DOS ANJOS,2024-10-26,- - -,- - -
VINCE CACHERO,RONNIE LAWRENCE,2021-02-27,18 18 18,20 20 20
DUSTIN JACOBY,MAXIM GRISHIN,2021-02-27,29 29 29,28 28 28
JAIRZINHO ROZENSTRUIK,CIRYL GANE,2021-02-27,45 45 45,50 50 50
NIKITA KRYLOV,MAGOMED ANKALAEV,2021-02-27,28 28 28,29 29 29
MONTANA DE LA ROSA,MAYRA BUENO SILVA,2021-02-27,28 27 28,28 28 28
ALEXIS DAVIS,SABINA MAZO,2021-02-27,30 30 30,27 26 27
ALEXANDER HERNANDEZ,THIAGO MOISES,2021-02-27,27 27 28,30 30 29
PEDRO MUNHOZ,JIMMIE RIVERA,2021-02-27,29 30 30,28 27 27
ALEX CACERES,KEVIN CROOM,2021-02-27,30 30 30,26 26 27
STIPE MIOCIC,FRANCIS NGANNOU,2021-03-27,9 9 9,10 10 10
MARC-ANDRE BARRIAULT,ABU AZAITAR,2021-03-27,19 19 19,19 19 19
GILLIAN ROBERTSON,MIRANDA MAVERICK,2021-03-27,27 28 27,30 29 30
JAMIE MULLARKEY,KHAMA WORTHY,2021-03-27,- - -,- - -
SEAN O'MALLEY,THOMAS ALMEIDA,2021-03-27,19 20 20,18 18 17
SHANE YOUNG,OMAR MORALES,2021-03-27,27 27 27,30 30 30
MODESTAS BUKAUSKAS,MICHAL OLEKSIEJCZUK,2021-03-27,28 28 29,29 29 28
TYRON WOODLEY,VICENTE LUQUE,2021-03-27,- - -,- - -
JARED GOODEN,ABUBAKAR NURMAGOMEDOV,2021-03-27,27 27 27,30 30 30
ALONZO MENIFIELD,FABIO CHERANT,2021-03-27,- - -,- - -
GABRIEL BENITEZ,MAHESHATE,2024-04-27,29 28 28,28 29 29
RYAN SPANN,BOGDAN GUSKOV,2024-04-27,10 10 10,9 9 9
MATHEUS NICOLAU,ALEX PEREZ,2024-04-27,9 9 9,10 10 10
TIM MEANS,UROS MEDIC,2024-04-27,- - -,- - -
JONATHAN PEARCE,DAVID ONAMA,2024-04-27,28 28 28,29 29 29
RANI YAHYA,VICTOR HENRY,2024-04-27,18 17 19,19 20 19
AUSTIN HUBBARD,MICHAL FIGLAK,2024-04-27,29 29 29,28 28 28
IVANA PETROVIC,LIANG NA,2024-04-27,19 19 19,19 18 18
ARIANE DA SILVA,KARINE SILVA,2024-04-27,28 27 28,29 30 29
AUSTEN LANE,JHONATA DINIZ,2024-04-27,10 10 10,8 9 9
JAMES LLONTOP,CHRIS PADILLA,2024-04-27,- - -,- - -
DON'TALE MAYES,CAIO MACHADO,2024-04-27,29 29 29,28 28 28
MARNIC MANN,KETLEN SOUZA,2024-04-27,27 27 27,30 30 30
MUHAMMAD MOKAEV,MANEL KAPE,2024-07-27,29 30 29,28 27 28
LEON EDWARDS,BELAL MUHAMMAD,2024-07-27,47 47 46,48 48 49
JAKE HADLEY,CAOLAN LOUGHRAN,2024-07-27,29 30 30,28 27 27
KING GREEN,PADDY PIMBLETT,2024-07-27,- - -,- - -
TOM ASPINALL,CURTIS BLAYDES,2024-07-27,- - -,- - -
SHAUNA BANNON,ALICE ARDELEAN,2024-07-27,30 29 28,27 28 29
JULIO ARCE,BELAL MUHAMMAD,2024-07-27,47 47 46,48 48 49
MODESTAS BUKAUSKAS,MARCIN PRACHNIO,2024-07-27,19 20 19,19 18 19
ARNOLD ALLEN,GIGA CHIKADZE,2024-07-27,29 29 29,28 28 28
CHRISTIAN LEROY DUNCAN,GREGORY RODRIGUES,2024-07-27,27 27 27,30 30 30
OBAN ELLIOTT,PRESTON PARSONS,2024-07-27,30 29 30,27 28 27
NATHANIEL WOOD,DANIEL PINEDA,2024-07-27,29 29 29,27 27 28
SAM PATTERSON,KIEFER CROSBIE,2024-07-27,- - -,- - -
MICK PARKIN,LUKASZ BRZESKI,2024-07-27,- - -,- - -
MOLLY MCCANN,BRUNA BRASIL,2024-07-27,27 28 27,30 29 30
KAI KARA-FRANCE,BRANDON ROYVAL,2020-09-27,9 9 9,10 10 10
DOMINICK REYES,JAN BLACHOWICZ,2020-09-27,10 9 9,9 10 10
ISRAEL ADESANYA,PAULO COSTA,2020-09-27,10 10 10,9 9 9
HAKEEM DAWODU,ZUBAIRA TUKHUGOV,2020-09-27,29 30 28,28 27 29
KETLEN VIEIRA,SIJARA EUBANKS,2020-09-27,29 29 29,28 28 28
BRAD RIDDELL,ALEX DA SILVA,2020-09-27,29 29 29,28 28 28
DIEGO SANCHEZ,JAKE MATTHEWS,2020-09-27,26 26 26,30 30 30
KHADIS IBRAGIMOV,DANILO MARQUES,2020-09-27,28 28 27,29 29 30
JUAN ESPINO,JEFF HUGHES,2020-09-27,- - -,- - -
SHANE YOUNG,LUDOVIT KLEIN,2020-09-27,- - -,- - -
WILLIAM KNIGHT,ALEKSA CAMUR,2020-09-27,29 30 30,28 27 27
MANA MARTINEZ,GUIDO CANNETTI,2021-08-28,29 28 29,28 29 28
JAMALL EMMERS,PAT SABATINI,2021-08-28,- - -,- - -
JJ ALDRICH,VANESSA DEMOPOULOS,2021-08-28,30 30 30,27 27 27
SAM ALVEY,WELLINGTON TURMAN,2021-08-28,27 27 28,28 28 27
DUSTIN JACOBY,DARREN STEWART,2021-08-28,- - -,- - -
KEVIN LEE,DANIEL RODRIGUEZ,2021-08-28,28 28 28,29 29 29
ANDRE PETROSKI,MICHEAL GILLMORE,2021-08-28,19 20 19,19 18 19
ALESSIO DI CHIRICO,ABDUL RAZAK ALHASSAN,2021-08-28,- - -,- - -
MAKHMUD MURADOV,GERALD MEERSCHAERT,2021-08-28,10 10 10,9 9 9
BRYAN BATTLE,GILBERT URBINA,2021-08-28,9 10 9,10 9 10
RICKY TURCIOS,BRADY HIESTAND,2021-08-28,29 28 29,28 29 28
EDSON BARBOZA,GIGA CHIKADZE,2021-08-28,18 18 18,20 20 20
WILLIAM GOMIS,JOANDERSON BRITO,2024-09-28,29 28 29,28 29 28
NASSOURDINE IMAVOV,BRENDAN ALLEN,2024-09-28,29 29 29,28 28 28
BOLAJI OKI,CHRIS DUNCAN,2024-09-28,- - -,- - -
RENATO MOICANO,BENOIT SAINT DENIS,2024-09-28,19 19 19,18 18 18
AILIN PEREZ,DARIA ZHELEZNIAKOVA,2024-09-28,- - -,- - -
MORGAN CHARRIERE,GABRIEL MIRANDA,2024-09-28,10 10 10,9 9 9
KEVIN JOUSSET,BRYAN BATTLE,2024-09-28,9 10 10,10 10 9
TAYLOR LAPILUS,VINCE MORALES,2024-09-28,30 30 30,27 27 27
FARES ZIAM,MATT FREVOLA,2024-09-28,20 20 20,18 18 17
DANIEL BAREZ,VICTOR ALTAMIRANO,2024-09-28,29 29 29,28 28 28
NORA CORNOLLE,JACQUELINE CAVALCANTI,2024-09-28,29 28 28,28 29 29
ION CUTELABA,IVAN ERSLAN,2024-09-28,28 29 29,29 28 28
LUDOVIT KLEIN,ROOSEVELT ROBERTS,2024-09-28,30 29 29,27 28 28
OUMAR SY,DA WOON JUNG,2024-09-28,30 30 30,27 27 27
ANTHONY SMITH,DEVIN CLARK,2020-11-28,- - -,- - -
MIGUEL BAEZA,TAKASHI SATO,2020-11-28,10 10 10,9 9 9
GINA MAZANY,RACHAEL OSTOVICH,2020-11-28,20 20 20,18 18 18
MARTIN DAY,ANDERSON DOS SANTOS,2020-11-28,- - -,- - -
SUMUDAERJI,MALCOLM GORDON,2020-11-28,- - -,- - -
LUKE SANDERS,NATE MANESS,2020-11-28,10 10 10,9 9 9
JONATHAN PEARCE,KAI KAMAKA,2020-11-28,9 9 9,10 10 10
ASHLEE EVANS-SMITH,NORMA DUMONT,2020-11-28,26 26 26,30 30 30
JOSH PARISIAN,PARKER PORTER,2020-11-28,26 27 28,30 30 29
SPIKE CARLYLE,BILL ALGEO,2020-11-28,27 27 27,30 30 30
CODY DURDEN,CHARLES JOHNSON,2023-04-29,30 30 30,27 27 27
MARTIN BUDAY,JAKE COLLIER,2023-04-29,29 29 29,28 28 28
HAILEY COWAN,JAMEY-LYN HORTH,2023-04-29,28 28 28,29 29 29
MARCOS ROGERIO DE LIMA,WALDO CORTES-ACOSTA,2023-04-29,29 29 29,28 28 28
JOSH QUINLAN,TREY WATERS,2023-04-29,27 27 27,30 30 30
JULIAN EROSA,FERNANDO PADILLA,2023-04-29,- - -,- - -
JOURNEY NEWSON,MARCUS MCGHEE,2023-04-29,9 9 9,10 10 10
STEPHANIE EGGER,IRINA ALEKSEEVA,2023-04-29,- - -,- - -
RODOLFO VIEIRA,CODY BRUNDAGE,2023-04-29,9 9 9,10 10 10
CAIO BORRALHO,MICHAL OLEKSIEJCZUK,2023-04-29,10 10 10,9 9 9
SONG YADONG,RICKY SIMON,2023-04-29,40 39 40,36 37 36
REI TSURUYA,CARLOS HERNANDEZ,2024-06-29,29 29 29,28 28 28
ANDREI ARLOVSKI,MARTIN BUDAY,2024-06-29,28 29 27,29 28 30
ANTHONY SMITH,ROMAN DOLIDZE,2024-06-29,27 28 28,30 29 29
MAYRA BUENO SILVA,MACY CHIASSON,2024-06-29,10 10 10,9 9 9
JOE PYFER,MARC-ANDRE BARRIAULT,2024-06-29,- - -,- - -
IAN MACHADO GARRY,MICHAEL PAGE,2024-06-29,29 29 29,28 28 28
PAYTON TALBOTT,YANIS GHEMMOURI,2024-06-29,- - -,- - -
DAN IGE,DIEGO LOPES,2024-06-29,28 28 28,29 29 29
MAGOMED GADZHIYASULOV,BRENDSON RIBEIRO,2024-06-22,29 29 28,28 28 28
MUHAMMAD NAIMOV,FELIPE LIMA,2024-06-22,20 19 18,18 19 20
ALEX PEREIRA,JIRI PROCHAZKA,2024-06-29,10 10 10,9 9 9
ROBERT WHITTAKER,IKRAM ALISKEROV,2024-06-22,- - -,- - -
MICHELLE WATERSON-GOMEZ,GILLIAN ROBERTSON,2024-06-29,27 27 26,30 30 30
SERGEI PAVLOVICH,ALEXANDER VOLKOV,2024-06-22,27 28 27,30 29 30
KELVIN GASTELUM,DANIEL RODRIGUEZ,2024-06-22,29 30 30,28 27 27
NASRAT HAQPARAST,JARED GORDON,2024-06-22,29 29 28,28 28 29
XIAO LONG,CHANGHO LEE,2024-06-22,29 28 28,28 29 29
CHARLES JOURDAIN,JEAN SILVA,2024-06-29,9 9 9,10 10 10
RICKY SIMON,VINICIUS OLIVEIRA,2024-06-29,27 28 27,30 29 30
CUB SWANSON,ANDRE FILI,2024-06-29,28 29 28,29 28 29
MICHAEL CHIESA,KEVIN HOLLAND,2023-07-29,- - -,- - -
DUSTIN POIRIER,JUSTIN GAETHJE,2023-07-29,10 10 9,9 9 10
JAN BLACHOWICZ,ALEX PEREIRA,2023-07-29,28 28 29,29 29 28
TONY FERGUSON,KING GREEN,2023-07-29,17 18 19,20 20 19
GABRIEL BONFIM,TREVIN GILES,2023-07-29,- - -,- - -
CJ VERGARA,VINICIUS SALVADOR,2023-07-29,29 29 29,28 28 28
ROMAN KOPYLOV,CLAUDIO RIBEIRO,2023-07-29,9 10 9,10 9 10
JAKE MATTHEWS,DARRIUS FLOWERS,2023-07-29,10 10 10,9 9 9
MATTHEW SEMELSBERGER,UROS MEDIC,2023-07-29,19 19 19,19 19 19
MIRANDA MAVERICK,PRISCILA CACHOEIRA,2023-07-29,20 20 20,18 18 18
DERRICK LEWIS,MARCOS ROGERIO DE LIMA,2023-07-29,- - -,- - -
SEAN BRADY,CHRISTIAN AGUILERA,2020-08-29,10 10 10,9 9 9
POLYANA VIANA,EMILY WHITMIRE,2020-08-29,- - -,- - -
ROBBIE LAWLER,NEIL MAGNY,2020-08-29,27 27 27,30 30 30
JI YEON KIM,ALEXA GRASSO,2020-08-29,27 27 27,30 30 30
ANTHONY SMITH,ALEKSANDAR RAKIC,2020-08-29,26 27 27,30 30 30
RICARDO LAMAS,BILL ALGEO,2020-08-29,29 29 29,27 27 27
MALLORY MARTIN,HANNAH CIFERS,2020-08-29,8 8 8,10 10 10
MAKI PITOLO,IMPA KASANGANAY,2020-08-29,27 27 27,30 30 30
ALEX CACERES,AUSTIN SPRINGER,2020-08-29,- - -,- - -
ALESSIO DI CHIRICO,ZAK CUMMINGS,2020-08-29,28 28 27,29 29 30
JOSH FREMD,TRESEAN GORE,2022-10-29,9 9 10,10 10 ‘9
WALDO CORTES-ACOSTA,JARED VANDERAA,2022-10-29,29 29 30,28 28 27
DUSTIN JACOBY,KHALIL ROUNTREE JR.,2022-10-29,28 28 29,29 29 28
PHIL HAWES,ROMAN DOLIDZE,2022-10-29,- - -,- - -
CODY DURDEN,CARLOS MOTA,2022-10-29,29 ‘30 29,28 27 28
CHASE HOOPER,STEVE GARCIA,2022-10-29,- - -,- - -
ANDREI ARLOVSKI,MARCOS ROGERIO DE LIMA,2022-10-29,- - -,- - -
JOSEPH HOLMES,JUNYONG PARK,2022-10-29,10 9 10,9 10 9
CHRISTIAN RODRIGUEZ,JOSHUA WEEMS,2022-10-29,- - -,- - -
TIM MEANS,MAX GRIFFIN,2022-10-29,28 27 29,29 30 28
CALVIN KATTAR,ARNOLD ALLEN,2022-10-29,9 9 9,10 10 10
NURSULTON RUZIBOEV,SEDRIQUES DUMAS,2024-03-30,- - -,- - -
CHRIS WEIDMAN,BRUNO SILVA,2024-03-30,30 30 30,27 27 27
ERIN BLANCHFIELD,MANON FIOROT,2024-03-30,45 45 45,50 50 50
VICENTE LUQUE,JOAQUIN BUCKLEY,2024-03-30,9 10 9,10 9 10
JULIO ARCE,HERBERT BURNS,2024-03-30,10 9 10,9 10 98
DENNIS BUZUKJA,CONNOR MATTHEWS,2024-03-30,20 20 20,18 18 18
VIRNA JANDIROBA,LOOPY GODINEZ,2024-03-30,29 30 29,28 27 28
NATE LANDWEHR,JAMALL EMMERS,2024-03-30,- - -,- - -
IBO ASLAN,ANTON TURKALJ,2024-03-30,20 20 19,18 18 19
BILL ALGEO,KYLE NELSON,2024-03-30,- - -,- - -
CHIDI NJOKUANI,RHYS MCKEE,2024-03-30,30 30 28,27 27 29
ANDRE PETROSKI,JACOB MALKOUN,2024-03-30,10 10 10,9 9 9
ANGEL PACHECO,CAOLAN LOUGHRAN,2024-03-30,27 27 26,30 30 30
ANDREI ARLOVSKI,JAKE COLLIER,2022-04-30,27 29 29,30 28 28
ROB FONT,MARLON VERA,2022-04-30,47 46 46,48 49 49
ANDRE FILI,JOANDERSON BRITO,2022-04-30,- -,- -
JARED GORDON,GRANT DAWSON,2022-04-30,18 18 18,20 20 20
GINA MAZANY,SHANNA YOUNG,2022-04-30,10 10 10,9 9 9
KRZYSZTOF JOTKO,GERALD MEERSCHAERT,2022-04-30,30 30 30,27 27 27
DARREN ELKINS,TRISTAN CONNELLY,2022-04-30,30 30 30,27 27 27
NATAN LEVY,MIKE BREEDEN,2022-04-30,29 29 30,28 28 27
GABE GREEN,YOHAN LAINESSE,2022-04-30,9 9 9,10 10 10
ALEXANDR ROMANOV,CHASE SHERMAN,2022-04-30,- - -,- - -
DANIEL LACERDA,FRANCISCO FIGUEIREDO,2022-04-30,- - -,- - -
ALEX MORONO,MATTHEW SEMELSBERGER,2022-07-30,29 30 29,28 27 28
MAGOMED ANKALAEV,ANTHONY SMITH,2022-07-30,10 10 10,9 9 9
JULIANNA PENA,AMANDA NUNES,2022-07-30,45 43 44,50 50 50
DREW DOBER,RAFAEL ALVES,2022-07-30,19 20 19,19 18 19
DON'TALE MAYES,HAMDY ABDELWAHAB,2022-07-30,28 29 28,29 28 29
BRANDON MORENO,KAI KARA-FRANCE,2022-07-30,19 18 20,19 20 18
NICOLAE NEGUMEREANU,IHOR POTIERIA,2022-07-30,10 10 10,9 9 9
JOSELYNE EDWARDS,JI YEON KIM,2022-07-30,30 29 28,27 28 29
DRAKKAR KLOSE,RAFA GARCIA,2022-07-30,29 29 29,28 28 28
MICHAEL MORALES,ADAM FUGITT,2022-07-30,20 19 19,18 19 19
ORION COSCE,BLOOD DIAMOND,2022-07-30,29 29 29,28 28 28
ALEXANDRE PANTOJA,ALEX PEREZ,2022-07-30,- - -,- - -
DERRICK LEWIS,SERGEI PAVLOVICH,2022-07-30,- - -,- - -
MAGOMED ANKALAEV,VOLKAN OEZDEMIR,2021-10-30,29 30 30,28 27 27
LI JINGLIANG,KHAMZAT CHIMAEV,2021-10-30,- - -,- - -
AMANDA RIBAS,VIRNA JANDIROBA,2021-10-30,29 29 29,28 28 28
RICARDO RAMOS,ZUBAIRA TUKHUGOV,2021-10-30,28 28 28,29 29 29
ISLAM MAKHACHEV,DAN HOOKER,2021-10-30,- - -,- - -
MAKWAN AMIRKHANI,LERONE MURPHY,2021-10-30,10 10 10,9 9 9
SHAMIL GAMZATOV,MICHAL OLEKSIEJCZUK,2021-10-30,- - -,- - -
ALEXANDER VOLKOV,MARCIN TYBURA,2021-10-30,30 30 29,27 27 28
ALBERT DURAEV,ROMAN KOPYLOV,2021-10-30,29 30 29,27 27 27
ELIZEU ZALESKI DOS SANTOS,BENOIT SAINT DENIS,2021-10-30,29 29 29,26 26 26
PETR YAN,CORY SANDHAGEN,2021-10-30,49 49 49,46 46 46
HU YAOZONG,ANDRE PETROSKI,2021-10-30,18 17 17,20 20 20
TAGIR ULANBEKOV,ALLAN NASCIMENTO,2021-10-30,28 29 29,29 28 28
JAN BLACHOWICZ,GLOVER TEIXEIRA,2021-10-30,9 9 9,10 10 10
URIAH HALL,SEAN STRICKLAND,2021-07-31,44 46 45,50 49 50
CHEYANNE VLISMAS,GLORIA DE PAULA,2021-07-31,- - -,- - -
RYAN BENOIT,ZARRUKH ADASHEV,2021-07-31,27 28 27,30 29 30
PHIL ROWE,ORION COSCE,2021-07-31,9 9 9,10 10 10
JINH YU FREY,ASHLEY YODER,2021-07-31,30 30 30,27 27 27
DANNY CHAVEZ,KAI KAMAKA,2021-07-31,27 28 28,29 28 28
NIKLAS STOLZE,JARED GOODEN,2021-07-31,- - -,- - -
COLLIN ANGLIN,MELSIK BAGHDASARYAN,2021-07-31,9 9 9,10 10 10
CHRIS GRUETZEMACHER,RAFA GARCIA,2021-07-31,29 29 29,28 28 28
BRYAN BARBERENA,JASON WITT,2021-07-31,27 28 28,29 29 28
MILES JOHNS,KEVIN NATIVIDAD,2020-10-31,20 20 20,18 18 18
DUSTIN JACOBY,JUSTIN LEDET,2020-10-31,- - -,- - -
SEAN STRICKLAND,JACK MARSHMAN,2020-10-31,30 30 30,27 27 27
URIAH HALL,ANDERSON SILVA,2020-10-31,28 29 29,29 28 28
COLE WILLIAMS,JASON WITT,2020-10-31,8 9 8,10 10 10
ADRIAN YANEZ,VICTOR RODRIGUEZ,2020-10-31,- - -,- - -
CHRIS GRUETZEMACHER,ALEXANDER HERNANDEZ,2020-10-31,- - -,- - -
BRYCE MITCHELL,ANDRE FILI,2020-10-31,29 30 30,28 27 27
MAURICE GREENE,GREG HARDY,2020-10-31,9 9 9,10 10 10
KING GREEN,THIAGO MOISES,2020-10-31,28 28 28,29 29 29
KEVIN HOLLAND,CHARLIE ONTIVEROS,2020-10-31,- - -,- - -
ALEX CACERES,CHASE HOOPER,2020-06-06,30 30 30,27 27 27
JUSSIER FORMIGA,ALEX PEREZ,2020-06-06,- - -,- - -
ALJAMAIN STERLING,CODY SANDHAGEN,2020-06-06,- - -,- - -
AMANDA NUNES,FELICIA SPENCER,2020-06-06,50 50 50,44 44 44
RAPHAEL ASSUNCAO,CODY GARBRANDT,2020-06-06,9 9 9,10 10 10
CODY STAMANN,BRIAN KELLEHER,2020-06-06,30 30 30,27 27 27
ALONZO MENIFIELD,DEVIN CLARK,2020-06-06,28 27 28,29 30 29
EVAN DUNHAM,HERBERT BURNS,2020-06-06,- - -,- - -
IAN HEINISH,GERALD MEERSCHAERT,2020-06-06,- - -,- - -
CHARLES BYRD,MAKI PITOLO,2020-06-06,10 10 10,9 9 9
NEIL MAGNY,TONY MARTIN,2020-06-06,29 30 30,28 27 27
EDDIE WINELAND,SEAN O’MALLEY,2020-06-06,- - -,- - -
ALEX VOLKANOVSKI,MAX HOLLOWAY,2020-11-07,48 47 48,47 48 47
KAMARU USMAN,JORGE MASVIDAL,2020-11-07,50 50 49,45 45 46
MARCIN TYBURA,MAXIN GRISHIN,2020-11-07,30 30 30,27 26 27
PETR YAN,JOSE ALDO,2020-11-07,39 39 39,37 37 37
SEAN STRICKLAND,DRICUS DU PLESSIS,2024-01-20,47 47 48,48 48 47
RAQUEL PENNINGTON,MAYRA BUENO SILVA,2024-01-20,49 49 49,46 46 45
NEIL MAGNY,MIKE MALOTT,2024-01-20,18 18 18,20 20 20
CHRIS CURTIS,MARC-ANDRE BARRIAULT,2024-01-20,30 28 30,27 29 27
ARNOLD ALLEN,MOVSAR EVLOEV,2024-01-20,28 28 28,29 29 29
BRAD KATONA,GARRETT ARMFIELD,2024-01-20,28 28 28,29 29 29
CHARLES JOURDAIN,SEAN WOODSON,2024-01-20,28 28 29,29 29 28
SERHIY SIDEY,RAMON TAVERAS,2024-01-20,29 28 28,28 29 29
GILLIAN ROBERTSON,POLYANA VIANA,2024-01-20,10 10 10,9 9 9
YOHAN LAINESSE,SAM PATTERSON,2024-01-20,- - -,- - -
JASMINE JASUDAVICIUS,PRISCILA CACHOEIRA,2024-01-20,20 20 20,16 16 15
MALCOLM GORDON,JIMMY FLICK,2024-01-20,10 10 10,9 9 9
ISLAM MAKHACHEV,KING GREEN,2022-02-26,- - -,- - -
MISHA CIRKUNOV,WELLINGTON TURMAN,2022-02-26,10 10 10,9 9 9
JI YEON KIM,PRISCILA CACHOEIRA,2022-02-26,28 28 28,29 29 29
ARMAN TSARUKYAN,JOEL ALVAREZ,2022-02-26,10 10 10,9 9 9
ARMEN PETROSYAN,GREGORY RODRIGUES,2022-02-26,29 28 30,28 29 27
RONGZHU,IGNACIO BAHAMONDES,2022-02-26,18 18 18,20 20 20
JOSIANE NUNES,RAMONA PASCUAL,2022-02-26,30 30 30,27 26 27
TERRANCE MCKINNEY,FARES ZIAM,2022-02-26,- - -,- - -
ALEJANDRO PEREZ,JONATHAN MARTINEZ,2022-02-26,28 28 27,29 29 30
RAMIZ BRAHIMAJ,MICHEAL GILLMORE,2022-02-26,- - -,- - -
VICTOR ALTAMIRANO,CARLOS HERNANDEZ,2022-02-26,28 27 29,29 30 28
JOHNNY WALKER,JAMAHAL HILL,2022-02-19,- - -,- - -
KYLE DAUKAUS,JAMIE PICKETT,2022-02-19,- - -,- - -
PARKER PORTER,ALAN BAUDOT,2022-02-19,29 29 29,28 28 28
JIM MILLER,NIKOLAS MOTTA,2022-02-19,10 9 10,9 10 9
JOAQUIN BUCKLEY,ABDUL RAZAK ALHASSAN,2022-02-19,29 28 29,28 29 28
GABRIEL BENITEZ,DAVID ONAMA,2022-02-19,- - -,- - -
JESSICA-ROSE CLARK,STEPHANIE EGGER,2022-02-19,- - -,- - -
CHAS SKELLY,MARK STRIEGL,2022-02-19,10 9 9,9 10 10
DIANA BELBITA,GLORIA DE PAULA,2022-02-19,28 28 28,29 29 29
CHAD ANHELIGER,JESSE STRADER,2022-02-19,19 18 19,19 20 19
JONATHAN PEARCE,CHRISTIAN RODRIGUEZ,2022-02-19,29 29 30,28 28 27
MARIO BAUTISTA,JAY PERRIN,2022-02-19,30 30 30,27 27 26
JACK HERMANSSON,SEAN STRICKLAND,2022-02-05,46 48 46,49 47 49
PUNAHELE SORIANO,NICK MAXIMOV,2022-02-05,29 27 28,28 30 29
SHAVKAT RAKHMONOV,CARLSTON HARRIS,2022-02-05,- - -,- - -
SAM ALVEY,BRENDAN ALLEN,2022-02-05,9 9 9,10 10 10
TRESEAN GORE,BRYAN BATTLE,2022-02-05,28 28 28,29 29 29
JULIAN EROSA,STEVEN PETERSON,2022-02-05,28 29 29,29 28 28
MILES JOHNS,JOHN CASTANEDA,2022-02-05,18 18 18,20 20 20
HAKEEM DAWODU,MICHAEL TRIZANO,2022-02-05,30 30 30,27 27 27
CHIDI NJOKUANI,MARC-ANDRE BARRIAULT,2022-02-05,- - -,- - -
ALEXIS DAVIS,JULIJA STOLIARENKO,2022-02-05,29 29 30,27 27 27
JAILTON ALMEIDA,DANILO MARQUES,2022-02-05,- - -,- - -
JASON WITT,PHIL ROWE,2022-02-05,10 10 10,9 9 9
MALCOLM GORDON,DENYS BONDAR,2022-02-05,- - -,- - -
MAX HOLLOWAY,CALVIN KATTAR,2021-01-16,50 50 50,43 43 42
CARLOS CONDIT,MATT BROWN,2021-01-16,30 30 30,27 27 27
SANTIAGO PONZINIBBIO,LI JINGLIANG,2021-01-16,- - -,- - -
JOAQUIN BUCKLEY,ALESSIO DI CHIRICO,2021-01-16,- - -,- - -
PUNAHELE SORIANO,DUSKO TODOROVIC,2021-01-16,- - -,- - -
WU YANAN,JOSELYNE EDWARDS,2021-01-16,27 28 27,30 29 30
CARLOS FELIPE,JUSTIN TAFA,2021-01-16,29 28 29,28 29 28
DAVID ZAWADA,RAMAZAN EMEEV,2021-01-16,29 28 28,28 29 29
SARAH MORAS,VANESSA MELO,2021-01-16,27 28 28,30 29 29
JACOB KILBURN,AUSTIN LINGO,2021-01-16,27 26 26,30 30 30
PEDRO MUNHOZ,FRANKIE EDGAR,2020-08-23,47 47 49,48 48 46
MARCIN PRACHNIO,MIKE RODRIGUEZ,2020-08-23,- - -,- - -
AUSTIN HUBBARD,JOE SOLECKI,2020-08-23,- - -,- - -
MARIYA AGAPOVA,SHANA DOBSON,2020-08-23,10 10 10,9 9 9
DANIEL RODRIGUEZ,DWIGHT GRANT,2020-08-23,- - -,- - -
AMANDA LEMOS,MIZUKI,2020-08-23,30 30 30,27 27 27
IKE VILLANUEVA,JORDAN WRIGHT,2020-08-23,- - -,- - -
CARLTON MINUS,MATTHEW SEMELSBERGER,2020-08-23,26 27 28,30 30 29
