,fighter_key,fighter_id,fighter_name,wins,losses,draws,date_of_birth,height_cm,peso_kg,reach_cm,stance,slpm,sapm,str_acc_num,str_def,takedowns_avg,takedowns_acc_num,takedowns_def,sub_avg
0,AALON CRUZ,003d82fa384ca1d0,Aalon Cruz,8.0,4.0,0.0,1989-09-20,182.88,65.77083999999999,198.12,Switch,7.58,8.88,39.0,58%,0.0,0.0,0%,0.0
1,AARON BRINK,cf1a88371c8cb690,Aaron Brink,26.0,26.0,0.0,1974-11-12,190.5,92.98636,,Orthodox,3.49,5.71,42.0,57%,0.0,0.0,0%,0.0
2,AARON ELY,1741343f0ca34dd5,Aaron Ely,0.0,0.0,0.0,1989-03-18,172.72,,,,0.82,0.66,15.0,69%,2.47,100.0,50%,4.9
3,AARON JEFFERY,ccdcb20370be62a3,Aaron Jeffery,0.0,0.0,0.0,1992-11-14,187.96,,185.42,Orthodox,6.21,4.14,84.0,39%,0.0,0.0,75%,0.0
4,AARON LANFRANCO,d73e856f150744b2,Aaron Lanfranco,0.0,0.0,0.0,1986-08-26,,,,,0.0,0.0,0.0,0%,0.0,0.0,0%,0.0
5,AARON MILLER,a4d055f1435d6d75,Aaron Miller,0.0,0.0,0.0,1980-05-23,175.26,,,,0.0,0.0,0.0,0%,0.0,0.0,0%,0.0
6,AARON PHILLIPS,34c2b3656f88f7ef,Aaron Phillips,12.0,5.0,0.0,1989-08-05,175.26,61.23492,180.34,Southpaw,1.65,3.44,56.0,39%,0.0,0.0,44%,0.4
7,AARON PICO,5537efc6e496dd84,Aaron Pico,13.0,5.0,0.0,1996-09-23,172.72,65.77083999999999,177.8,Orthodox,6.16,3.11,53.0,45%,6.54,50.0,0%,0.0
8,AARON RILEY,f2c8ebbeafd45f2b,Aaron Riley,30.0,14.0,1.0,1980-12-09,172.72,70.30676,175.26,Southpaw,3.45,3.78,34.0,61%,1.18,34.0,60%,0.1
9,AARON ROSA,11f8860028b68fcf,Aaron Rosa,18.0,6.0,0.0,1983-05-28,193.04,92.98636,195.58,Orthodox,4.03,4.41,47.0,45%,0.36,33.0,85%,0.4
10,AARON SIMPSON,d5f820c11a121050,Aaron Simpson,12.0,5.0,0.0,1974-07-20,182.88,77.11064,185.42,Orthodox,3.6,2.53,52.0,56%,3.78,34.0,83%,0.5
11,AARON TAU,7abf7f8778472b7b,Aaron Tau,0.0,0.0,0.0,1993-08-21,162.56,,167.64,Switch,,,,,,,,
12,AARON TRUJILLO,cc18abc046b382c9,Aaron Trujillo,0.0,0.0,0.0,,165.1,,,,0.0,0.0,0.0,0%,0.0,0.0,0%,0.0
13,AARON WETHERSPOON,1ce7998e0a215caa,Aaron Wetherspoon,0.0,0.0,0.0,1978-07-21,,,,,2.27,4.33,32.0,45%,0.0,0.0,77%,0.0
14,AARON WILKINSON,338a11d3674eb2d4,Aaron Wilkinson,11.0,7.0,0.0,1987-01-31,177.8,70.30676,,Orthodox,0.0,0.0,0.0,100%,7.32,100.0,0%,0.0
15,ABDELLAH ER-RAMY,b593cd58b0afffb0,Abdellah Er-Ramy,0.0,0.0,0.0,1996-09-19,182.88,,187.96,Orthodox,,,,,,,,
16,ABDUL AZEEM BADAKHSHI,968764372c49eab6,Abdul Azeem Badakhshi,0.0,0.0,0.0,,,,,,,,,,,,,
17,ABDUL RAKHMAN YAKHYAEV,95aff2fd8d09a5f0,Abdul Rakhman Yakhyaev,0.0,0.0,0.0,2001-01-03,187.96,92.98636,198.12,Orthodox,8.64,2.22,68.0,59%,11.11,75.0,100%,7.4
18,ABDUL RAZAK ALHASSAN,eae431e70064e046,Abdul Razak Alhassan,12.0,7.0,0.0,1985-08-11,177.8,83.91452,185.42,Orthodox,4.54,5.11,48.0,53%,0.72,28.0,42%,0.0
19,ABDUL-KAREEM AL-SELWADY,597499ac7a5aac62,Abdul-Kareem Al-Selwady,15.0,4.0,0.0,1995-04-10,172.72,70.30676,175.26,Orthodox,4.14,3.6,34.0,59%,2.32,30.0,20,0.0
20,ABDUL-KERIM EDILOV,37e03538c960bac6,Abdul-Kerim Edilov,17.0,4.0,0.0,1991-11-25,187.96,92.98636,,Orthodox,10.22,0.13,61.0,92%,3.98,100.0,0%,2.0
21,ABEL CULLUM,2f8f3c69522db931,Abel Cullum,0.0,0.0,0.0,1987-04-21,170.18,,,Orthodox,1.82,1.23,40.0,46%,4.01,52.0,0%,2.8
22,ABEL TRUJILLO,e14b5aa06eea9653,Abel Trujillo,15.0,8.0,0.0,1983-09-18,172.72,70.30676,177.8,Orthodox,2.65,2.31,41.0,59%,2.18,45.0,40%,0.4
23,ABNER LLOVERAS,6448e57a9533b7e4,Abner Lloveras,20.0,9.0,1.0,1982-09-04,180.34,70.30676,,,6.27,6.87,49.0,43%,2.0,20.0,0%,0.0
24,ABONGO HUMPHREY,cb1b4d237b0079e6,Abongo Humphrey,0.0,0.0,0.0,1977-05-27,180.34,,,Orthodox,1.45,3.83,40.0,46%,1.41,37.0,33%,3.8
25,ABRAM TORRES,e175a261a280f7cb,Abram Torres,0.0,0.0,0.0,1982-10-29,177.8,,,,0.0,0.0,0.0,0%,0.0,0.0,0%,0.0
26,ABU AZAITAR,46d0a888d87d91ac,Abu Azaitar,14.0,4.0,1.0,1986-03-10,175.26,83.91452,193.04,Orthodox,3.2,1.27,37.0,57%,1.0,100.0,25%,0.0
27,ABUBAKAR NURMAGOMEDOV,029e1293e609fd74,Abubakar Nurmagomedov,17.0,4.0,1.0,1989-11-13,180.34,77.11064,182.88,Orthodox,1.41,0.71,44.0,81%,5.29,100.0,0%,0.0
28,ABUBAKAR VAGAEV,f7adc1fd115f8fdd,Abubakar Vagaev,0.0,0.0,0.0,1993-04-14,,,,,,,,,,,,
29,ABUS MAGOMEDOV,36b8f265bcd1b7a4,Abus Magomedov,28.0,6.0,1.0,1990-09-02,187.96,83.91452,198.12,Orthodox,3.06,3.34,48.0,56%,2.5,59.0,100%,0.6
30,ACACIO DOS SANTOS,957562fdf68a725a,Acacio Dos Santos,0.0,0.0,0.0,1991-09-29,193.04,,200.66,Orthodox,,,,,,,,
31,ACHILLES ESTREMADURA,41f3cfdab0b22236,Achilles Estremadura,0.0,0.0,0.0,1992-03-11,177.8,,172.72,Orthodox,,,,,,,,
32,ACHMED LABASANOV,b3fb8d2293e17a59,Achmed Labasanov,0.0,0.0,0.0,1978-04-24,190.5,,,Orthodox,0.75,1.1,39.0,46%,3.0,100.0,0%,0.8
33,ADAM ANTOLIN,25b31165758402dd,Adam Antolin,0.0,0.0,0.0,1982-02-28,165.1,,160.02,Orthodox,5.73,5.0,52.0,69%,0.0,0.0,100%,0.0
34,ADAM BRAMHALD,3c99bd6cb5d835ef,Adam Bramhald,0.0,0.0,0.0,1994-03-24,177.8,,177.8,Orthodox,,,,,,,,
35,ADAM CELLA,b27b8881d7444114,Adam Cella,6.0,8.0,0.0,1985-06-26,187.96,77.11064,,,1.91,2.61,42.0,51%,3.92,75.0,50%,1.3
36,ADAM FUGITT,a01a62132460a98d,Adam Fugitt,10.0,5.0,0.0,1989-01-12,185.42,77.11064,195.58,Southpaw,4.59,4.54,46.0,51%,1.83,25.0,50,0.0
37,ADAM HUNTER,edc9eb3051f444fa,Adam Hunter,0.0,0.0,0.0,1983-10-16,185.42,,,Orthodox,0.0,0.0,0.0,0%,0.0,0.0,0%,0.0
38,ADAM KHALIEV,1aba18b5f15d4956,Adam Khaliev,0.0,0.0,0.0,1984-04-16,182.88,,,Orthodox,0.0,0.0,0.0,0%,0.0,0.0,0%,0.0
39,ADAM LIVINGSTON,515890922fe9ce96,Adam Livingston,0.0,0.0,0.0,2001-08-15,187.96,,180.34,Orthodox,,,,,,,,
40,ADAM LYNN,edfe95e3c33a4bf8,Adam Lynn,0.0,0.0,0.0,1977-11-16,177.8,,,Orthodox,1.47,6.95,63.0,10%,0.0,0.0,50%,0.0
41,ADAM MEREDITH,c1135a6892e916db,Adam Meredith,0.0,0.0,0.0,1987-12-07,187.96,,,,2.63,2.11,50.0,55%,7.89,100.0,100%,7.9
42,ADAM MILSTEAD,72ffecf712673af1,Adam Milstead,8.0,4.0,0.0,1987-07-03,190.5,92.98636,193.04,Orthodox,3.85,4.79,46.0,43%,0.0,0.0,64%,0.0
43,ADAM PICCOLOTTI,fa399f7f6e17f7f5,Adam Piccolotti,0.0,0.0,0.0,1988-10-23,180.34,,,,4.61,2.83,50.0,71%,2.96,60.0,100%,3.0
44,ADAM SCHINDLER,89ea01f5a7ada40c,Adam Schindler,0.0,0.0,0.0,1983-05-19,172.72,,,,0.0,0.0,0.0,0%,0.0,0.0,0%,0.0
45,ADAM SMITH,754968e325d6f60d,Adam Smith,0.0,0.0,0.0,,,,,,0.0,0.0,0.0,0%,0.0,0.0,0%,0.0
46,ADAM STEELE,16044bd8762cf794,Adam Steele,0.0,0.0,0.0,,,,,,0.0,0.0,0.0,0%,0.0,0.0,0%,0.0
47,ADAM WIECZOREK,efa1f6b42c86793c,Adam Wieczorek,10.0,2.0,0.0,1992-02-05,195.58,113.398,205.74,Orthodox,1.68,1.87,38.0,48%,0.41,33.0,58%,0.4
48,ADAM YANDIEV,0a95c474e61a6c44,Adam Yandiev,9.0,1.0,0.0,1988-08-07,175.26,83.91452,187.96,Orthodox,0.18,6.14,8.0,36%,0.0,0.0,25%,0.0
49,ADILET NURMATOV,689502703bbfe5f2,Adilet Nurmatov,0.0,0.0,0.0,1997-08-02,,,,,,,,,,,,
50,ADIN DUENAS,cb6c45b26b0a877a,Adin Duenas,0.0,0.0,0.0,1988-07-02,167.64,,,,0.0,0.0,0.0,0%,0.0,0.0,0%,0.0
51,ADLAN AMAGOV,1e327b281ef6a745,Adlan Amagov,14.0,2.0,1.0,1986-10-30,187.96,77.11064,193.04,Orthodox,3.29,0.82,47.0,78%,5.84,56.0,100%,0.0
52,ADLI EDWARDS,e6904a03a66e711d,Adli Edwards,0.0,0.0,0.0,1989-08-28,,,,,0.0,0.0,0.0,0%,0.0,0.0,0%,0.0
53,ADRIAN DIAZ,bfa8f263815cfa2e,Adrian Diaz,0.0,0.0,0.0,1988-04-26,177.8,,,Southpaw,0.48,3.84,42.0,51%,2.4,50.0,0%,0.0
54,ADRIAN LUNA MARTINETTI,45806de624c017a7,ADRIAN LUNA MARTINETTI,0.0,0.0,0.0,1995-08-20,170.18,61.23492,180.34,Orthodox,8.8,9.3,58.0,47%,2.0,33.0,100%,0.0
55,ADRIAN SERRANO,e7ec11096eac0282,Adrian Serrano,56.0,29.0,4.0,1963-12-23,172.72,77.11064,,,0.0,0.0,0.0,0%,0.0,0.0,0%,0.0
56,ADRIAN YANEZ,0232cabbc30a2372,Adrian Yanez,17.0,6.0,0.0,1993-11-29,170.18,61.23492,177.8,Orthodox,4.69,2.31,44.0,55%,0.0,0.0,100%,0.0
57,ADRIANO MARTINS,7dcf06c1967801c1,Adriano Martins,28.0,9.0,0.0,1982-12-16,177.8,70.30676,182.88,Southpaw,1.8,2.14,38.0,65%,0.83,80.0,81%,0.4
58,ADRIANO SANTOS,c6e6926a81adcd00,Adriano Santos,0.0,1.0,0.0,,184.14999999999998,83.91452,,,0.0,0.0,0.0,0%,0.0,0.0,0%,0.0
59,ADRIENNA JENKINS,dae85a6a83f53215,Adrienna Jenkins,0.0,0.0,0.0,1981-07-22,172.72,,,,0.0,0.0,0.0,0%,0.0,0.0,0%,0.0
60,AGULALI,b2efa582adf73604,Agulali,0.0,0.0,0.0,2005-04-07,175.26,,170.18,Switch,,,,,,,,
61,AHEJIANG AILINUER,ff584c17bccbae0b,Ahejiang Ailinuer,0.0,0.0,0.0,,,,,,,,,,,,,
62,AHMAD HASSANZADA,bf7a64d9ae343e86,Ahmad Hassanzada,0.0,0.0,0.0,1996-11-20,185.42,,190.5,Orthodox,,,,,,,,
63,AIEMANN ZAHABI,24656ef4d605c96f,Aiemann Zahabi,13.0,2.0,0.0,1987-11-19,172.72,61.23492,172.72,Orthodox,4.47,4.11,48.0,68%,0.12,14.0,83%,0.0
64,AILIN PEREZ,06e4245d16fc5315,Ailin Perez,12.0,2.0,0.0,1994-10-05,165.1,61.23492,167.64,Switch,3.1,1.79,54.0,55%,4.68,46.0,66,0.2
65,AILIYA MURATBEK,9b6dcc335ad03696,Ailiya Muratbek,0.0,0.0,0.0,,,,,,,,,,,,,
66,AISLING DALY,e50cd77732d39967,Aisling Daly,16.0,6.0,0.0,1987-12-24,157.48,52.16308,162.56,Orthodox,2.92,1.4,52.0,55%,2.15,41.0,33%,0.9
67,AJ CUNNINGHAM,d1053e55f00e53fe,AJ Cunningham,11.0,5.0,0.0,1994-09-07,177.8,61.23492,180.34,Orthodox,4.22,6.31,29.0,48%,0.0,0.0,46,0.5
68,AJ DOBSON,009c4420727149ea,AJ Dobson,7.0,3.0,0.0,1992-01-18,185.42,83.91452,193.04,Orthodox,4.29,5.31,46.0,46%,1.67,75.0,65,0.3
69,AJ FLETCHER,725b1abc9a39d873,AJ Fletcher,10.0,3.0,0.0,1997-02-18,177.8,77.11064,170.18,Switch,3.36,4.61,49.0,46%,1.54,35.0,33,0.9
70,AJ FONSECA,0adf1aacda5e26ac,AJ Fonseca,0.0,0.0,0.0,,162.56,,,,0.0,0.0,0.0,0%,0.0,0.0,0%,0.0
71,AJ MATTHEWS,18e4f61f16f458c6,AJ Matthews,0.0,0.0,0.0,1988-01-23,180.34,,,,5.11,4.96,52.0,51%,0.0,0.0,100%,0.0
72,AJ MCKEE,f3ec0214794a699e,AJ McKee,0.0,0.0,0.0,1995-04-07,177.8,,,,2.75,0.92,32.0,80%,11.01,100.0,100%,11.0
73,AJ SISCOE,fce9b4056a8ef559,AJ Siscoe,0.0,0.0,0.0,1990-09-20,170.18,,,,0.0,0.0,0.0,0%,0.0,0.0,0%,0.0
74,AJI SUSILO,22af3546bd967280,Aji Susilo,0.0,0.0,0.0,1974-12-25,177.8,,,,0.0,0.0,0.0,0%,0.0,0.0,0%,0.0
75,AKBARH ARREOLA,c136b2a8852da5bd,Akbarh Arreola,23.0,11.0,1.0,1983-01-14,177.8,70.30676,180.34,Southpaw,2.32,4.01,45.0,56%,1.07,100.0,33%,0.4
76,AKIHIRO GONO,b2acebbef8da14ea,Akihiro Gono,35.0,21.0,8.0,1974-10-07,170.18,77.11064,172.72,Switch,2.18,2.67,48.0,63%,1.01,84.0,46%,0.5
77,AKIHITO TANAKA,1bf49bf829964144,Akihito Tanaka,0.0,0.0,0.0,1983-03-09,,,,Southpaw,0.19,2.05,50.0,38%,5.59,66.0,0%,0.0
78,AKIRA CORASSANI,3f52ce18fb98008f,Akira Corassani,12.0,6.0,0.0,1982-08-27,172.72,65.77083999999999,172.72,Orthodox,3.25,4.91,45.0,50%,0.7,28.0,86%,0.0
79,AKIRA KIKUCHI,9c37681096c6f3a9,Akira Kikuchi,0.0,0.0,0.0,1978-07-23,172.72,,,Orthodox,3.67,0.4,56.0,14%,2.0,40.0,100%,0.0
80,AKIRA SHOJI,b0c95dc8e858452c,Akira Shoji,0.0,0.0,0.0,1974-01-31,172.72,,,Orthodox,1.03,2.63,34.0,53%,1.79,73.0,82%,0.4
81,AKITOSHI TAMURA,c95fbc085e17a532,Akitoshi Tamura,0.0,0.0,0.0,1980-05-31,175.26,,177.8,Orthodox,3.73,1.94,43.0,78%,0.0,0.0,20%,1.0
82,AKIYO NISHIURA,6c9383ffab2725a5,Akiyo Nishiura,0.0,0.0,0.0,1983-08-08,172.72,,,Southpaw,1.59,1.26,57.0,57%,0.0,0.0,52%,0.3
83,AL IAQUINTA,59279a7c978f7da0,Al Iaquinta,14.0,7.0,1.0,1987-04-30,177.8,70.30676,177.8,Orthodox,4.06,4.44,40.0,61%,0.64,18.0,74%,0.2
84,AL MATAVAO,eec3fe66a8b11a26,Al Matavao,0.0,0.0,0.0,1994-02-23,172.72,,170.18,Orthodox,7.84,6.7,46.0,58%,0.0,0.0,0%,0.0
85,ALAIN VAN DER MERCKT,f6bbc6ba4f06ad60,Alain Van der Merckt,0.0,0.0,0.0,1993-06-11,,,,,,,,,,,,
86,ALAN BAUDOT,c9a94278df042f46,Alan Baudot,8.0,3.0,0.0,1988-02-01,190.5,110.222856,200.66,Orthodox,1.89,10.11,25.0,36%,0.0,0.0,0%,0.0
87,ALAN BELCHER,4130a743d9d22163,Alan Belcher,18.0,8.0,0.0,1984-04-24,187.96,83.91452,190.5,Orthodox,2.7,3.1,41.0,59%,0.44,26.0,55%,0.9
88,ALAN GOMEZ,0a66de3a797cf73a,Alan Gomez,0.0,0.0,0.0,,,,,,0.0,0.0,0.0,0%,0.0,0.0,0%,0.0
89,ALAN HIRO,483b3170b3c05cf0,Alan Hiro,0.0,0.0,0.0,1986-04-04,165.1,,,Orthodox,0.0,0.0,0.0,0%,0.0,0.0,0%,0.0
90,ALAN JOUBAN,cf65d56b0755ed3b,Alan Jouban,17.0,7.0,0.0,1981-11-25,182.88,77.11064,185.42,Southpaw,5.67,3.77,50.0,60%,0.51,44.0,58%,0.3
91,ALAN OMER,f2ad06f1007c481a,Alan Omer,20.0,5.0,0.0,1988-09-14,177.8,65.77083999999999,,Orthodox,3.49,2.21,55.0,64%,1.69,42.0,66%,0.0
92,ALAN PATRICK,cd7763bcadb5d4c8,Alan Patrick,15.0,4.0,0.0,1983-07-19,180.34,70.30676,187.96,Southpaw,1.79,2.64,40.0,43%,3.48,38.0,50%,0.3
93,ALATENGHEILI,1897b7b913736a7c,Alatengheili,17.0,10.0,2.0,1991-12-14,165.1,61.23492,167.64,Orthodox,2.82,5.12,32.0,57%,1.74,43.0,75,0.0
94,ALAVUTDIN GADJIEV,a7a79b8efbceaaac,Alavutdin Gadjiev,0.0,0.0,0.0,1982-06-23,187.96,,,Orthodox,0.99,0.99,27.0,57%,0.0,0.0,50%,0.0
95,ALBERT CHENG,d8d7b24d276c8cb0,Albert Cheng,7.0,4.0,0.0,1985-02-07,180.34,77.11064,,Orthodox,1.0,2.6,41.0,71%,0.0,0.0,0%,0.0
96,ALBERT DURAEV,6b7c7460855dbbb9,Albert Duraev,16.0,5.0,0.0,1989-01-05,180.34,83.91452,190.5,Orthodox,2.99,3.01,40.0,59%,1.97,29.0,66,0.6
97,ALBERT MORALES,544d7460b3e44393,Albert Morales,7.0,4.0,1.0,1991-05-25,175.26,61.23492,182.88,Orthodox,3.81,3.96,35.0,56%,0.91,35.0,70%,0.2
98,ALBERT RIOS,868a78f2e810a837,Albert Rios,0.0,0.0,0.0,,172.72,,,,0.0,0.0,0.0,0%,0.0,0.0,0%,0.0
99,ALBERT TADEVOSYAN,6751b11102b6adfe,Albert Tadevosyan,0.0,0.0,0.0,1992-04-12,,,,,,,,,,,,
100,ALBERT TUMENOV,ff6a1f63c254127e,Albert Tumenov,18.0,4.0,0.0,1991-12-26,180.34,77.11064,185.42,Orthodox,3.76,3.34,42.0,58%,0.2,20.0,75%,0.0
101,ALBERTA CERRA LEON,6e02c318762f52f1,Alberta Cerra Leon,0.0,1.0,0.0,,172.72,107.954896,,,0.0,0.0,0.0,0%,0.0,0.0,0%,0.0
102,ALBERTO CRANE,25433871e4eee0f4,Alberto Crane,15.0,5.0,0.0,1976-07-14,165.1,70.30676,,Orthodox,0.43,2.61,25.0,57%,0.0,0.0,50%,4.0
103,ALBERTO MINA,4b1d46a1b5c0fd11,Alberto Mina,13.0,1.0,0.0,1982-05-02,182.88,77.11064,195.58,Orthodox,3.23,3.7,38.0,47%,1.85,20.0,50%,0.0
104,ALBERTO MONTES,a112097ad877a48f,Alberto Montes,0.0,0.0,0.0,1994-05-31,170.18,65.77083999999999,175.26,Orthodox,0.0,0.0,0.0,0%,0.0,0.0,0%,0.0
105,ALBERTO UDA,8f2deefe8c5dfb5d,Alberto Uda,12.0,2.0,0.0,1984-08-08,190.5,83.91452,,Orthodox,1.79,3.49,52.0,45%,2.83,50.0,66%,0.0
106,ALDEN CORIA,5e9ca8dd7d783a75,Alden Coria,0.0,0.0,0.0,1998-04-24,172.72,56.699,170.18,Orthodox,,,,,,,,
107,ALEJANDRO FLORES,d23d5960ac5e117c,Alejandro Flores,0.0,0.0,0.0,1991-08-06,177.8,,185.42,Orthodox,3.66,2.02,40.0,54%,0.0,0.0,0%,0.0
108,ALEJANDRO GARCIA,e5dc36e0aba7e9da,Alejandro Garcia,0.0,0.0,0.0,1980-10-20,170.18,,,,1.22,1.14,62.0,65%,8.55,87.0,66%,0.0
109,ALEJANDRO PEREZ,80daefbed11ce998,Alejandro Perez,23.0,9.0,1.0,1989-09-02,167.64,61.23492,170.18,Orthodox,3.52,2.94,35.0,64%,0.52,20.0,73%,0.1
110,ALEJANDRO VILLALOBOS,2e88f2030d8a928a,Alejandro Villalobos,0.0,0.0,0.0,1979-10-26,170.18,,,,3.93,4.07,46.0,67%,1.0,50.0,0%,0.0
111,ALEKSA CAMUR,c2a670b22d2e196f,Aleksa Camur,6.0,3.0,0.0,1995-09-25,185.42,92.98636,187.96,Orthodox,3.94,2.49,54.0,57%,0.84,33.0,20%,0.0
112,ALEKSANDAR RAKIC,333b9e5c723ac873,Aleksandar Rakic,14.0,5.0,0.0,1992-02-06,193.04,92.98636,198.12,Orthodox,4.23,2.23,52.0,52%,0.75,25.0,90%,0.2
113,ALEKSANDER EMELIANENKO,f54200f1dfb9b5d4,Aleksander Emelianenko,0.0,0.0,0.0,1981-08-02,198.12,,,Orthodox,2.75,1.7,41.0,65%,2.32,72.0,66%,0.9
114,ALEKSANDRA ALBU,e76d9f656ceb82ab,Aleksandra Albu,3.0,2.0,0.0,1990-07-14,157.48,52.16308,160.02,Orthodox,4.83,5.56,47.0,38%,2.27,50.0,77%,0.4
115,ALEKSANDRE TOPURIA,4a6dff1b260bcf61,Aleksandre Topuria,6.0,1.0,0.0,1996-01-28,170.18,61.23492,172.72,Orthodox,2.73,2.53,51.0,70%,1.0,50.0,100,0.0
116,ALEKSEI KUNCHENKO,e2ccd9a9ace60de7,Aleksei Kunchenko,20.0,2.0,0.0,1984-05-02,172.72,77.11064,177.8,Orthodox,3.67,2.83,44.0,63%,0.25,33.0,80%,0.0
117,ALEKSEI OLEINIK,98c23cb6da5b3352,Aleksei Oleinik,60.0,17.0,1.0,1977-06-20,187.96,108.86207999999999,203.2,Orthodox,3.47,3.85,50.0,44%,2.38,46.0,33%,2.4
118,ALEN AMEDOVSKI,70fa1c64a2c439ef,Alen Amedovski,8.0,4.0,0.0,1988-04-06,177.8,83.91452,187.96,Orthodox,0.52,3.14,28.0,37%,0.0,0.0,0%,0.0
119,ALESSANDRO COSTA,3fa97913cfd205d3,Alessandro Costa,14.0,4.0,0.0,1996-01-28,162.56,56.699,170.18,Orthodox,3.86,3.7,46.0,56%,0.77,26.0,86%,0.4
120,ALESSIO DI CHIRICO,77d7295d1b22c694,Alessio Di Chirico,13.0,7.0,0.0,1989-12-12,182.88,83.91452,187.96,Orthodox,3.3,3.24,41.0,62%,1.62,45.0,83%,0.0
121,ALESSIO SAKARA,7f955f71fa2ce7ac,Alessio Sakara,19.0,11.0,0.0,1981-09-02,182.88,83.91452,182.88,Orthodox,3.96,2.8,47.0,59%,2.18,78.0,62%,0.0
122,ALEX ANDRADE,1562b12763cc8d67,Alex Andrade,10.0,5.0,0.0,1974-05-14,180.34,90.7184,,Orthodox,0.2,2.6,36.0,53%,0.0,0.0,25%,0.8
123,ALEX CACERES,7aa3d6964eff4877,Alex Caceres,21.0,15.0,0.0,1988-06-20,177.8,65.77083999999999,185.42,Southpaw,4.1,2.82,50.0,65%,0.57,78.0,64%,0.8
124,ALEX CHAMBERS,26b63bc5c0c1f65d,Alex Chambers,5.0,5.0,0.0,1978-10-25,160.02,52.16308,160.02,Southpaw,2.97,5.1,54.0,50%,2.31,41.0,53%,1.0
125,ALEX CRISPIN,8944a0f9b2f0ce6d,Alex Crispin,0.0,0.0,0.0,,,,,,0.0,0.0,0.0,0%,0.0,0.0,0%,0.0
126,ALEX DA SILVA,c3ded6f7155f9ea4,Alex Da Silva,21.0,4.0,0.0,1996-02-04,172.72,70.30676,185.42,Orthodox,2.07,2.65,46.0,55%,2.75,43.0,77%,0.4
127,ALEX DUNWORTH,31732a614e7a3d1d,Alex Dunworth,0.0,0.0,0.0,,172.72,,,,1.94,8.71,31.0,35%,0.0,0.0,50%,0.0
128,ALEX ENLUND,d238217e0f8ea8e1,Alex Enlund,0.0,0.0,0.0,1987-05-27,177.8,,,Orthodox,0.0,0.0,0.0,0%,0.0,0.0,0%,0.0
129,ALEX GARCIA,a2b12c3f3d60ff69,Alex Garcia,15.0,6.0,0.0,1987-07-14,175.26,77.11064,182.88,Orthodox,1.81,3.03,31.0,59%,3.72,52.0,66%,0.1
130,ALEX GILPIN,762c69860eef65d8,Alex Gilpin,0.0,0.0,0.0,1992-03-26,170.18,,,Orthodox,6.8,12.29,54.0,42%,2.17,25.0,0%,2.2
131,ALEX GORGEES,803bebcfb6d6f506,Alex Gorgees,6.0,1.0,0.0,1995-08-11,187.96,70.30676,187.96,Switch,0.67,2.27,32.0,38%,0.0,0.0,54%,0.0
132,ALEX HIGLEY,2af2d675f7d847e3,Alex Higley,0.0,0.0,0.0,,177.8,,,,0.29,1.74,100.0,60%,0.0,0.0,0%,0.0
133,ALEX HUDDLESTON,8b9197746bd3e005,Alex Huddleston,0.0,0.0,0.0,1986-08-11,200.66,,,,2.47,2.59,42.0,67%,0.0,0.0,0%,0.9
134,ALEX HUNTER,baa5358456803df8,Alex Hunter,2.0,0.0,0.0,,175.26,102.511792,,Orthodox,0.0,0.0,0.0,0%,0.0,0.0,0%,0.0
135,ALEX KARALEXIS,e361e5c858af6ff1,Alex Karalexis,10.0,6.0,0.0,1977-09-20,172.72,70.30676,167.64,Orthodox,2.57,2.39,42.0,54%,2.7,45.0,86%,0.9
136,ALEX MORONO,cdb96af67d096b1e,Alex Morono,24.0,12.0,0.0,1990-08-16,180.34,77.11064,182.88,Orthodox,4.96,3.69,42.0,56%,0.44,28.0,47%,0.4
137,ALEX NICHOLSON,2b6d855c6e280fb1,Alex Nicholson,7.0,4.0,0.0,1990-05-02,193.04,83.91452,195.58,Orthodox,4.12,4.65,43.0,47%,0.0,0.0,50%,0.5
138,ALEX OLIVEIRA,57b10fca4f9c9a7a,Alex Oliveira,22.0,12.0,1.0,1988-02-21,180.34,77.11064,193.04,Orthodox,2.87,2.18,50.0,48%,2.41,37.0,63%,0.6
139,ALEX PEREIRA,e5549c82bfb5582d,Alex Pereira,12.0,3.0,0.0,1987-07-07,193.04,92.98636,200.66,Orthodox,5.01,3.72,61.0,52%,0.11,50.0,80%,0.2
140,ALEX PEREZ,ab2b4ff41d6ebe0f,Alex Perez,25.0,9.0,0.0,1992-03-21,167.64,56.699,165.1,Orthodox,4.22,3.24,45.0,58%,2.07,45.0,74%,0.8
141,ALEX REYES,dc07493a87dc0a6e,Alex Reyes,13.0,5.0,0.0,1986-10-02,180.34,70.30676,185.42,Orthodox,4.56,8.35,46.0,38%,0.0,0.0,0%,0.0
142,ALEX RICCI,bf9bc96336922271,Alex Ricci,10.0,5.0,0.0,1982-07-21,180.34,70.30676,,Orthodox,2.48,2.53,41.0,64%,0.0,0.0,64%,0.0
143,ALEX SCHOENAUER,fdfef29ba17ee525,Alex Schoenauer,15.0,10.0,0.0,1976-05-05,190.5,83.91452,,Orthodox,1.22,2.27,40.0,42%,0.0,0.0,22%,4.9
144,ALEX SERDYUKOV,253d3f9e97ca149a,Alex Serdyukov,0.0,0.0,0.0,1980-05-24,187.96,,187.96,Orthodox,4.94,3.1,48.0,46%,1.84,55.0,67%,1.8
145,ALEX SOTO,d18dbcb0f8e2b55d,Alex Soto,8.0,3.0,1.0,1984-02-15,172.72,61.23492,,Southpaw,2.95,5.02,25.0,59%,2.82,30.0,0%,0.0
146,ALEX STIEBLING,df5a77121ba84a5d,Alex Stiebling,19.0,11.0,1.0,1976-12-26,187.96,92.98636,,Southpaw,1.77,1.45,42.0,52%,0.35,66.0,66%,0.7
147,ALEX TORRES,e4e0f310b3cf23a8,Alex Torres,5.0,4.0,0.0,1988-05-29,177.8,65.77083999999999,,Orthodox,2.47,2.73,37.0,69%,2.0,22.0,50%,0.0
148,ALEX WHITE,c17041f1bb5768d8,Alex White,13.0,6.0,0.0,1988-10-22,182.88,70.30676,180.34,Southpaw,3.76,3.07,42.0,60%,0.92,28.0,71%,0.5
149,ALEX ZUNIGA,02d808afb96669de,Alex Zuniga,0.0,0.0,0.0,,,,,,0.0,0.0,0.0,0%,0.0,0.0,0%,0.0
150,ALEXA GRASSO,e8b731feff72294b,Alexa Grasso,16.0,5.0,1.0,1993-08-09,165.1,56.699,167.64,Orthodox,4.96,3.61,43.0,64%,0.28,40.0,60%,0.6
151,ALEXANDER CRISPIM,15dedd05f8bcb475,Alexander Crispim,0.0,0.0,0.0,1977-04-04,,,,,0.0,0.0,0.0,0%,0.0,0.0,0%,0.0
152,ALEXANDER GUSTAFSSON,3c6976f8182d9527,Alexander Gustafsson,18.0,8.0,0.0,1987-01-15,195.58,92.98636,200.66,Orthodox,4.02,3.42,40.0,51%,1.54,39.0,83%,0.4
153,ALEXANDER HERNANDEZ,262a7d06203657e6,Alexander Hernandez,17.0,8.0,0.0,1992-10-01,175.26,70.30676,182.88,Orthodox,4.23,4.45,40.0,59%,1.05,35.0,68%,0.1
154,ALEXANDER MORGAN,938ea36fe9c269f0,Alexander Morgan,0.0,0.0,0.0,1991-05-14,177.8,,180.34,Orthodox,,,,,,,,
155,ALEXANDER MUNOZ,f8f1ec513bcfef43,Alexander Munoz,7.0,2.0,0.0,1990-02-27,175.26,70.30676,182.88,Switch,3.27,5.23,40.0,52%,2.5,35.0,0%,0.0
156,ALEXANDER OTSUKA,865aa315ea62c511,Alexander Otsuka,0.0,0.0,0.0,1971-07-17,185.42,,,Orthodox,0.9,1.16,55.0,51%,1.51,43.0,53%,0.8
157,ALEXANDER POPPECK,56bf3ed155bd0fcd,Alexander Poppeck,0.0,0.0,0.0,1992-04-06,187.96,,,Orthodox,4.01,9.81,57.0,33%,0.0,0.0,0%,0.0
158,ALEXANDER SARNAVSKIY,2097b1a5ff47dfb0,Alexander Sarnavskiy,0.0,0.0,0.0,1989-01-17,180.34,,,,1.43,2.06,66.0,42%,0.0,0.0,75%,0.0
159,ALEXANDER SHLEMENKO,ed3ea649b34ddb6c,Alexander Shlemenko,0.0,0.0,0.0,1984-05-20,180.34,,,,4.36,1.71,60.0,63%,0.0,0.0,0%,0.0
160,ALEXANDER SOLDATKIN,f1451d605bad178e,Alexander Soldatkin,0.0,0.0,0.0,1993-06-10,187.96,,190.5,Orthodox,,,,,,,,
161,ALEXANDER TREVINO,73abb7a5c57fb443,Alexander Trevino,0.0,0.0,0.0,,,,,,0.0,0.0,0.0,0%,0.0,0.0,0%,0.0
162,ALEXANDER VOLKANOVSKI,e1248941344b3288,Alexander Volkanovski,27.0,4.0,0.0,1988-09-29,167.64,65.77083999999999,180.34,Orthodox,6.02,3.31,55.0,60%,2.09,34.0,72%,0.3
163,ALEXANDER VOLKOV,279566840aa55bf2,Alexander Volkov,38.0,11.0,0.0,1988-10-24,200.66,113.398,203.2,Orthodox,4.84,2.9,57.0,54%,0.54,62.0,68%,0.2
164,ALEXANDER YAKOVLEV,d06f8869449ba7bd,Alexander Yakovlev,24.0,10.0,1.0,1984-07-18,190.5,70.30676,187.96,Southpaw,1.74,2.41,47.0,58%,1.66,35.0,72%,0.1
165,ALEXANDR ROMANOV,c0badf3243907e59,Alexandr Romanov,18.0,3.0,0.0,1990-12-11,187.96,118.841104,190.5,Southpaw,4.31,1.76,39.0,43%,6.35,66.0,0%,3.2
166,ALEXANDRE BARROS,8fd1f27e86661ede,Alexandre Barros,22.0,11.0,0.0,1976-11-19,175.26,77.11064,,Southpaw,0.98,4.05,40.0,36%,1.84,50.0,100%,0.0
167,ALEXANDRE DANTAS,8dc46e9a7895ce1a,Alexandre Dantas,0.0,3.0,0.0,1979-03-01,187.96,107.954896,,Orthodox,0.21,1.87,25.0,60%,0.0,0.0,0%,3.1
168,ALEXANDRE FERREIRA,28ba5f27e473420c,Alexandre Ferreira,18.0,6.0,0.0,1979-04-25,170.18,92.98636,,Orthodox,2.57,8.14,60.0,42%,0.0,0.0,0%,0.0
169,ALEXANDRE FRANCA NOGUEIRA,4c27ca8c8481f79a,Alexandre Franca Nogueira,0.0,0.0,0.0,1978-01-15,170.18,,,Orthodox,0.6,4.18,20.0,57%,0.0,0.0,0%,0.0
170,ALEXANDRE PANTOJA,a0f0004aadf10b71,Alexandre Pantoja,30.0,5.0,0.0,1990-04-16,165.1,56.699,170.18,Orthodox,4.3,3.39,47.0,53%,0.94,35.0,68%,0.9
171,ALEXANDRU LUNGU,4887e5bc4dbb73ff,Alexandru Lungu,0.0,0.0,0.0,1974-09-03,182.88,,,Orthodox,3.61,7.22,66.0,40%,0.0,0.0,0%,0.0
172,ALEXIA THAINARA,545092d13c67aa49,Alexia Thainara,12.0,1.0,0.0,1995-11-20,162.56,52.16308,170.18,Orthodox,5.73,2.82,40.0,70%,3.07,100.0,0,2.3
173,ALEXIS DAVIS,4c2d90e335e6df19,Alexis Davis,21.0,11.0,0.0,1984-10-04,167.64,61.23492,172.72,Orthodox,4.18,4.18,47.0,55%,0.94,40.0,34%,0.8
174,ALEXIS DUFRESNE,4ae4049426e0161d,Alexis Dufresne,6.0,3.0,0.0,1990-08-31,175.26,61.23492,,Orthodox,1.33,3.33,27.0,60%,1.5,50.0,50%,0.0
175,ALFONSO ALCAREZ,1e38bba6738b7b10,Alfonso Alcarez,1.0,3.0,1.0,1970-06-10,160.02,65.77083999999999,,,0.0,0.0,0.0,0%,0.0,0.0,0%,0.0
176,ALFRED KHASHAKYAN,3929efe0c0a83d07,Alfred Khashakyan,0.0,0.0,0.0,1988-07-17,172.72,,177.8,Orthodox,6.14,6.38,42.0,40%,3.54,25.0,0%,0.0
177,ALI ALQAISI,e87a13e02c01331d,Ali AlQaisi,8.0,5.0,0.0,1990-09-23,167.64,61.23492,172.72,Orthodox,2.43,1.97,42.0,56%,3.5,29.0,60%,1.0
178,ALI BAGAUTINOV,3dd92ff9fb0412b3,Ali Bagautinov,15.0,6.0,0.0,1985-06-10,162.56,56.699,165.1,Orthodox,2.85,3.09,42.0,52%,2.51,36.0,65%,0.3
179,ALIASKHAB KHIZRIEV,7ab478c397cd68ef,Aliaskhab Khizriev,14.0,0.0,0.0,1990-08-24,175.26,83.91452,187.96,Southpaw,6.0,3.6,83.0,66%,18.0,50.0,0%,18.0
180,ALIBI IDIRIS,30cad5a751adcb48,Alibi Idiris,11.0,1.0,0.0,1994-10-22,167.64,56.699,172.72,Orthodox,3.47,3.6,50.0,53%,0.0,0.0,60,0.0
181,ALICE ARDELEAN,87f8699fdcc2c404,Alice Ardelean,10.0,7.0,0.0,1992-04-19,160.02,52.16308,157.48,Orthodox,7.0,4.97,46.0,61%,1.08,50.0,85%,0.2
182,ALICE PEREIRA,81d2c551886bd5a1,Alice Pereira,0.0,0.0,0.0,2005-12-20,172.72,61.23492,180.34,Orthodox,2.83,3.11,36.0,66%,0.0,0.0,75%,0.0
183,ALIEV MAKHMUD,3d481aa374c954a1,Aliev Makhmud,0.0,0.0,0.0,1970-02-13,167.64,,,Southpaw,1.12,2.24,30.0,36%,2.1,50.0,0%,0.0
184,ALIK LORENZ,92b5f4ee9ff40321,Alik Lorenz,0.0,0.0,0.0,1997-01-25,187.96,,195.58,Orthodox,,,,,,,,
185,ALISTAIR OVEREEM,b4ad3a06ee4d660c,Alistair Overeem,47.0,19.0,0.0,1980-05-17,193.04,120.20188,203.2,Orthodox,3.67,2.44,64.0,57%,1.42,55.0,73%,0.8
186,ALJAMAIN STERLING,cb696ebfb6598724,Aljamain Sterling,25.0,5.0,0.0,1989-07-31,170.18,65.77083999999999,180.34,Orthodox,4.26,2.15,52.0,59%,2.54,32.0,44%,0.6
187,ALLAN BEGOSSO,d6ed764f8b78d32a,Allan Begosso,0.0,0.0,0.0,1995-11-23,165.1,,167.64,Orthodox,,,,,,,,
188,ALLAN GOES,e62b36885ecdac27,Allan Goes,10.0,5.0,2.0,1971-04-20,182.88,92.98636,,Orthodox,0.64,1.35,52.0,41%,1.75,40.0,0%,2.6
189,ALLAN NASCIMENTO,253076a23d03dcd0,Allan Nascimento,21.0,6.0,0.0,1991-09-11,172.72,56.699,175.26,Orthodox,3.2,2.53,51.0,53%,1.04,20.0,41%,0.9
190,ALLAN ZUNIGA,523af801b3429015,Allan Zuniga,13.0,1.0,0.0,1992-04-04,170.18,70.30676,177.8,Orthodox,3.93,1.8,52.0,61%,0.0,0.0,57%,1.0
191,ALLEN BERUBE,aebfb84d1f6d2d8c,Allen Berube,4.0,3.0,0.0,1974-08-25,172.72,70.30676,,Orthodox,0.92,0.92,80.0,33%,6.87,100.0,0%,3.4
192,ALLEN CROWDER,a9d6e047ce48ab63,Allen Crowder,10.0,4.0,0.0,1989-11-08,190.5,111.13004,193.04,Orthodox,2.95,2.95,51.0,56%,1.85,33.0,100%,1.2
193,ALLEN FRYE JR.,73a78713bd899f4c,Allen Frye Jr.,0.0,0.0,0.0,1998-04-15,190.5,120.20188,,,,,,,,,,
194,ALONZO MARTINEZ,feffee4fc6da3aa3,Alonzo Martinez,0.0,0.0,0.0,1984-04-22,177.8,,,,3.07,7.33,27.0,52%,0.0,0.0,0%,0.0
195,ALONZO MENIFIELD,a495f599e787614f,Alonzo Menifield,17.0,5.0,1.0,1987-10-18,182.88,92.98636,193.04,Orthodox,3.84,3.81,53.0,51%,0.48,31.0,78%,0.2
196,ALPTEKIN OZKILIC,e18a19001a3f7c7d,Alptekin Ozkilic,9.0,5.0,0.0,1986-03-27,165.1,56.699,165.1,Orthodox,3.81,5.72,32.0,59%,4.21,58.0,75%,0.0
197,ALTON CUNNINGHAM,305bde44ff664788,Alton Cunningham,0.0,0.0,0.0,1993-06-24,187.96,,195.58,Orthodox,3.33,4.94,75.0,20%,1.67,10.0,100%,0.0
198,ALVARO HERRERA MENDOZA,74d35fbc9c6a61bd,Alvaro Herrera Mendoza,9.0,6.0,0.0,1990-05-14,182.88,70.30676,187.96,Orthodox,1.89,3.4,38.0,55%,0.0,0.0,33%,1.1
199,ALVIN CACDAC,ce7871949b0ed2bf,Alvin Cacdac,0.0,0.0,0.0,,167.64,,,Orthodox,1.21,0.61,66.0,0%,0.0,0.0,0%,0.0
200,ALVIN HINES,ab2a4b5e04dc5fe9,Alvin Hines,7.0,1.0,0.0,1991-10-20,187.96,120.20188,187.96,Orthodox,5.47,7.47,31.0,38%,1.0,10.0,0,0.0
201,ALVIN ROBINSON,cbe79765d44bd172,Alvin Robinson,15.0,9.0,0.0,1982-07-16,175.26,70.30676,172.72,Southpaw,1.57,1.29,50.0,51%,1.24,50.0,25%,1.2
202,AMADOR RAMIREZ,ac31f869959860bc,Amador Ramirez,0.0,0.0,0.0,1990-06-14,,,,,4.93,2.07,51.0,69%,1.0,33.0,0%,0.0
203,AMANDA COOPER,d4a31850a7457f1b,Amanda Cooper,3.0,5.0,0.0,1991-10-22,160.02,52.16308,162.56,Switch,3.55,3.2,44.0,51%,1.53,38.0,28%,1.8
204,AMANDA LEMOS,3df5493bb279226f,Amanda Lemos,15.0,4.0,1.0,1987-05-22,162.56,52.16308,165.1,Southpaw,6.21,5.39,64.0,45%,1.98,100.0,100%,0.5
205,AMANDA NUNES,80fa8218c99f9c58,Amanda Nunes,23.0,5.0,0.0,1988-05-30,172.72,61.23492,175.26,Orthodox,4.5,2.45,51.0,57%,2.5,53.0,84%,0.9
206,AMANDA RIBAS,beecb672a279223e,Amanda Ribas,13.0,7.0,0.0,1993-08-26,162.56,52.16308,167.64,Orthodox,4.25,1.78,44.0,71%,2.31,58.0,85%,1.6
207,AMAR SULOEV,7aa88401f93ce836,Amar Suloev,24.0,7.0,0.0,1976-07-01,175.26,83.007336,,Orthodox,1.98,2.19,37.0,70%,0.27,100.0,88%,0.3
208,AMAURY BITETTI,7a359ef685a304a7,Amaury Bitetti,5.0,2.0,0.0,1969-04-14,175.26,83.91452,,Orthodox,0.0,0.0,0.0,0%,0.0,0.0,0%,0.0
209,AMBER TACKETT,bb01bc3c57f39b04,Amber Tackett,0.0,0.0,0.0,1987-02-06,,,,,0.0,0.0,0.0,0%,0.0,0.0,0%,0.0
210,AMILCAR ALVES,dc5a6b2fdb27e7dc,Amilcar Alves,15.0,12.0,0.0,1988-08-08,182.88,77.11064,,Southpaw,0.5,2.02,46.0,30%,0.0,0.0,53%,0.0
211,AMIR ALBAZI,6d35bf94f7d30241,Amir Albazi,17.0,2.0,0.0,1993-10-27,165.1,56.699,172.72,Orthodox,4.06,3.15,40.0,58%,2.28,75.0,66%,0.8
212,AMIR ALIAKBARI,e17770faae3ca54c,Amir Aliakbari,0.0,0.0,0.0,1984-06-10,190.5,,,,0.0,0.0,0.0,0%,0.0,0.0,0%,0.0
213,AMIR RAHNAVARDI,bc7f7f0ba3db74d2,Amir Rahnavardi,0.0,0.0,0.0,1974-12-07,182.88,,,Orthodox,0.67,0.0,25.0,100%,0.0,0.0,50%,0.0
214,AMIR SADOLLAH,2650e2f846a30f64,Amir Sadollah,6.0,5.0,0.0,1980-08-27,177.8,77.11064,190.5,Orthodox,4.71,3.55,46.0,60%,0.57,27.0,60%,0.3
215,AMIRAN GOGOLADZE,5d1636b6c1688502,Amiran Gogoladze,0.0,0.0,0.0,1997-12-09,185.42,,187.96,Switch,,,,,,,,
216,AN TUAN HO,6c9384138c82962f,An Tuan Ho,0.0,0.0,0.0,2000-09-27,167.64,,167.64,Switch,,,,,,,,
217,ANANIAS MULUMBA,a59bc10f5e9f5fbb,Ananias Mulumba,0.0,0.0,0.0,1998-09-18,,,,,,,,,,,,
218,ANATOLY TOKOV,679ae8c4fd022c6b,Anatoly Tokov,0.0,0.0,0.0,1990-02-17,177.8,,,,3.51,0.54,72.0,66%,2.03,100.0,100%,0.0
219,ANDERSON DOS SANTOS,bbc9ab95fa766493,Anderson Dos Santos,21.0,9.0,0.0,1985-07-24,165.1,61.23492,177.8,Orthodox,2.66,4.8,28.0,55%,1.3,18.0,66%,0.9
220,ANDERSON SILVA,1f454354805b6f75,Anderson Silva,34.0,11.0,0.0,1975-04-14,187.96,83.91452,195.58,Southpaw,3.05,2.05,61.0,60%,0.5,77.0,69%,0.8
221,ANDRE AMADO,20821819c401ced8,Andre Amado,0.0,0.0,0.0,1983-10-09,182.88,,,Orthodox,2.27,5.91,24.0,63%,0.0,0.0,20%,0.0
222,ANDRE EWELL,5f6f049d54728e88,Andre Ewell,17.0,9.0,0.0,1988-01-21,172.72,65.77083999999999,190.5,Southpaw,4.42,4.25,41.0,52%,0.29,66.0,70%,0.1
223,ANDRE FIALHO,33efaf2d0941cfcf,Andre Fialho,16.0,8.0,0.0,1994-04-07,182.88,77.11064,187.96,Orthodox,3.3,6.26,41.0,45%,0.25,100.0,66,0.0
224,ANDRE FILI,8fd808923cffff82,Andre Fili,25.0,12.0,0.0,1990-06-25,180.34,65.77083999999999,187.96,Orthodox,3.89,4.55,37.0,49%,2.24,46.0,71%,0.2
225,ANDRE GALVAO,45fe6765c56d8018,Andre Galvao,0.0,0.0,0.0,1982-09-29,170.18,,,Orthodox,2.34,1.56,52.0,58%,2.02,27.0,0%,2.8
226,ANDRE GUSMAO,cc300e9aa3063431,Andre Gusmao,6.0,3.0,0.0,1977-05-19,182.88,92.98636,,Orthodox,2.79,3.28,43.0,60%,0.0,0.0,60%,0.0
227,ANDRE LIMA,b1f21ce050035d58,Andre Lima,11.0,0.0,0.0,1999-02-04,170.18,56.699,170.18,Orthodox,3.94,2.66,56.0,58%,1.11,60.0,75%,0.9
228,ANDRE MUNIZ,886264a0c9f4ea5e,Andre Muniz,24.0,7.0,0.0,1990-02-17,185.42,83.91452,198.12,Southpaw,2.21,1.8,58.0,45%,2.61,35.0,37%,2.2
229,ANDRE MUSSI,d0d43cb9b14f231c,Andre Mussi,0.0,0.0,0.0,,190.5,,,Orthodox,0.0,10.59,0.0,35%,0.0,0.0,0%,0.0
230,ANDRE PEDERNEIRAS,bba678d312590087,Andre Pederneiras,1.0,1.0,2.0,1967-03-22,172.72,70.30676,,Orthodox,0.0,0.0,0.0,0%,0.0,0.0,0%,0.0
231,ANDRE PETROSKI,5f61780fe5e9b6d0,Andre Petroski,13.0,5.0,0.0,1991-06-12,182.88,83.91452,185.42,Switch,2.75,2.99,49.0,51%,3.13,52.0,86%,1.2
232,ANDRE ROBERTS,a54a35a670d8e852,Andre Roberts,14.0,2.0,1.0,1965-02-24,187.96,156.48924,,Orthodox,0.0,0.0,0.0,0%,0.0,0.0,0%,0.0
233,ANDRE SANTOS,5b5b78116d1fc3eb,Andre Santos,0.0,0.0,0.0,1981-01-08,182.88,,,,2.77,4.17,34.0,41%,2.5,29.0,75%,0.0
234,ANDRE SOUKHAMTHATH,d0e50a3d1b250708,Andre Soukhamthath,13.0,8.0,0.0,1988-10-23,175.26,61.23492,177.8,Orthodox,2.77,4.31,44.0,49%,1.25,53.0,58%,0.2
235,ANDRE WALKER,18944a1a6ac1becf,Andre Walker,0.0,0.0,0.0,1972-11-22,180.34,,,Southpaw,2.28,4.36,31.0,34%,0.0,0.0,0%,0.0
236,ANDRE WINNER,b45d6b73f4ca4467,Andre Winner,21.0,11.0,2.0,1981-11-09,180.34,70.30676,185.42,Orthodox,2.52,4.57,33.0,51%,0.0,0.0,74%,0.0
237,ANDREA LEE,05fa626cb33d15b8,Andrea Lee,13.0,11.0,0.0,1989-02-11,167.64,56.699,175.26,Orthodox,5.58,3.83,49.0,65%,1.67,45.0,57%,0.5
238,ANDREAS GUSTAFSSON,2caf993f53541fa1,Andreas Gustafsson,12.0,3.0,0.0,1991-02-20,185.42,77.11064,185.42,Orthodox,5.82,3.63,71.0,45%,6.19,58.0,100,0.0
239,ANDREAS MICHAILIDIS,79325a3c1a5c3bf4,Andreas Michailidis,13.0,6.0,0.0,1988-07-18,182.88,77.11064,193.04,Orthodox,4.6,3.6,50.0,63%,0.0,0.0,0%,0.0
240,ANDREAS SPANG,b9eb5b4ed07d1525,Andreas Spang,0.0,0.0,0.0,1978-11-07,185.42,,,,0.0,0.0,0.0,0%,0.0,0.0,0%,0.0
241,ANDREAS STAHL,69a400af4420cd6a,Andreas Stahl,10.0,4.0,0.0,1988-05-20,180.34,77.11064,,Orthodox,2.83,4.74,37.0,57%,1.55,66.0,80%,0.0
242,ANDREI ARLOVSKI,3738e68d2261e60f,Andrei Arlovski,34.0,24.0,0.0,1979-02-04,190.5,108.86207999999999,195.58,Orthodox,3.48,2.83,44.0,57%,0.47,36.0,78%,0.3
243,ANDREI KOPYLOV,dd39f1ca787a3d9d,Andrei Kopylov,0.0,0.0,0.0,1965-07-16,187.96,,,Orthodox,0.33,4.31,66.0,40%,0.0,0.0,0%,0.0
244,ANDREI SEMENOV,5f2f0da6fd6a84fd,Andrei Semenov,34.0,9.0,2.0,1977-06-17,182.88,83.91452,,Orthodox,0.78,2.44,15.0,60%,1.74,80.0,55%,0.4
245,ANDREW CRAIG,8a70ceb3edbe757b,Andrew Craig,9.0,4.0,0.0,1986-01-15,185.42,77.11064,193.04,Orthodox,2.39,3.01,40.0,50%,0.53,37.0,72%,0.0
246,ANDREW HOLBROOK,66ab58d0b3783607,Andrew Holbrook,12.0,3.0,0.0,1986-02-06,180.34,70.30676,177.8,Southpaw,2.2,3.0,49.0,54%,0.85,18.0,10%,2.1
247,ANDREW MARTINEZ,f8c2aba4815876b5,Andrew Martinez,0.0,0.0,0.0,1999-08-21,175.26,,,,3.4,2.3,31.0,47%,1.5,50.0,0%,0.0
248,ANDREW MONTANEZ,72c9c2eadfc3277e,Andrew Montanez,0.0,0.0,0.0,,,,,,0.0,0.0,0.0,0%,0.0,0.0,0%,0.0
249,ANDREW RAMM,3b5f2faaa2f2c1f6,Andrew Ramm,0.0,0.0,0.0,1984-04-28,185.42,,,,0.0,0.0,0.0,0%,0.0,0.0,0%,0.0
250,ANDREW SANCHEZ,fccf811c1e8b01c7,Andrew Sanchez,13.0,7.0,0.0,1988-04-08,185.42,83.91452,187.96,Orthodox,4.48,5.05,42.0,51%,1.92,31.0,100%,0.0
251,ANDREW TODHUNTER,274ca7b799b402cc,Andrew Todhunter,0.0,0.0,0.0,1987-11-30,182.88,,,Switch,0.0,0.0,0.0,0%,0.0,0.0,0%,0.0
252,ANDREW VALLADEREZ,2a898bf9fb7710b3,Andrew Valladerez,0.0,0.0,0.0,1987-06-28,,,,,0.0,0.0,0.0,0%,0.0,0.0,0%,0.0
253,ANDREWS NAKAHARA,7a9ca95a92d7b64c,Andrews Nakahara,0.0,0.0,0.0,1983-03-12,185.42,,,Orthodox,2.68,1.9,44.0,57%,0.0,0.0,72%,0.4
254,ANDREY KORESHKOV,aee885b8ca29ab4f,Andrey Koreshkov,0.0,0.0,0.0,1990-08-23,182.88,,,,2.84,1.92,39.0,63%,4.8,53.0,0%,0.0
255,ANDREY PULYAEV,22e07d3da1aa3475,Andrey Pulyaev,10.0,3.0,0.0,1997-09-10,193.04,83.91452,198.12,Southpaw,3.6,2.94,55.0,55%,0.27,16.0,56%,0.0
256,ANDY ANDERSON,9199e0735b83dd32,Andy Anderson,0.0,1.0,0.0,1974-07-16,167.64,108.86207999999999,,,0.0,0.0,0.0,0%,0.0,0.0,0%,0.0
257,ANDY ENZ,993d385f5a475375,Andy Enz,10.0,4.0,0.0,1991-08-15,190.5,83.91452,198.12,Orthodox,3.51,5.32,23.0,57%,0.0,0.0,58%,0.0
258,ANDY MURAD,fd0b4e3eb18eafb7,Andy Murad,0.0,0.0,0.0,1983-02-09,175.26,,,,2.6,2.87,76.0,32%,1.0,20.0,42%,0.0
259,ANDY OGLE,b6c4451cb13c9303,Andy Ogle,9.0,6.0,0.0,1989-02-16,172.72,65.77083999999999,175.26,Orthodox,2.24,2.23,44.0,50%,1.44,26.0,58%,0.0
260,ANDY OLOGUN,e96d8538d3f9d0ed,Andy Ologun,0.0,0.0,0.0,1983-06-12,182.88,,,Orthodox,2.36,0.32,57.0,85%,0.68,100.0,80%,0.0
261,ANDY UHRICH,4a1a492f299581d9,Andy Uhrich,0.0,0.0,0.0,1985-09-13,182.88,,,,0.0,0.0,0.0,0%,0.0,0.0,0%,0.0
262,ANDY WANG,476414d2f18cd059,Andy Wang,7.0,8.0,1.0,1977-05-28,167.64,70.30676,,Orthodox,3.43,10.29,36.0,62%,0.0,0.0,0%,0.0
263,ANDY WATERS,103e2e67919379c5,Andy Waters,0.0,0.0,0.0,,182.88,,,,0.0,0.0,0.0,0%,0.0,0.0,0%,0.0
264,ANELYA TOKTOGONOVA,3a89481e3a9d47c0,Anelya Toktogonova,0.0,0.0,0.0,2005-08-01,,,,,,,,,,,,
265,ANGAD BISHT,7b4ae3fd439a05b6,Angad Bisht,0.0,0.0,0.0,1995-06-05,170.18,,170.18,Orthodox,,,,,,,,
266,ANGE LOOSA,1497e735d9f2560a,Ange Loosa,10.0,5.0,0.0,1993-03-18,177.8,77.11064,187.96,Orthodox,5.46,6.59,46.0,52%,2.53,39.0,83,0.2
267,ANGEL DE ANDA,4b450aa602611baa,Angel De Anda,0.0,0.0,0.0,1985-05-28,175.26,,,Orthodox,5.68,6.32,46.0,47%,0.0,0.0,0%,0.0
268,ANGEL PACHECO,07797f10b9569cfc,Angel Pacheco,7.0,3.0,0.0,1992-01-13,172.72,61.23492,177.8,Orthodox,9.5,11.47,39.0,41%,0.0,0.0,28,0.0
269,ANGELA HILL,f0feeb2192937424,Angela Hill,18.0,15.0,0.0,1985-01-12,160.02,52.16308,162.56,Orthodox,5.46,5.0,50.0,60%,0.76,30.0,72%,0.2
270,ANGELA MAGANA,bd878a638e0e3be3,Angela Magana,11.0,9.0,0.0,1983-08-02,154.94,52.16308,165.1,Orthodox,1.53,4.92,28.0,42%,0.4,25.0,28%,0.4
271,ANGELO ANTONIO,dbd198f780286aca,Angelo Antonio,0.0,0.0,0.0,,,,,Orthodox,1.09,7.64,50.0,50%,0.0,0.0,0%,0.0
272,ANGELO TREVINO,0cf9f5518d6063bb,Angelo Trevino,0.0,0.0,0.0,1993-06-10,180.34,,,Switch,5.19,3.9,54.0,47%,0.0,0.0,100%,0.0
273,ANGGA,d6a3e131ad4ba064,Angga,0.0,0.0,0.0,1989-01-13,170.18,,172.72,Orthodox,,,,,,,,
274,ANISTAVIO MEDEIROS,2937cb502dda0808,Anistavio Medeiros,19.0,10.0,0.0,1988-05-01,167.64,65.77083999999999,,Orthodox,3.64,5.0,44.0,47%,0.0,0.0,0%,0.0
275,ANNA ELMOSE,1536a25e16fc299b,Anna Elmose,3.0,2.0,0.0,1984-10-06,160.02,52.16308,,Orthodox,3.68,4.64,49.0,56%,0.0,0.0,33%,0.0
276,ANSAR CHALANGOV,7342fcc41a4817fa,Ansar Chalangov,14.0,5.0,0.0,1979-10-30,175.26,77.11064,,Orthodox,0.68,1.69,66.0,54%,0.0,0.0,0%,7.6
277,ANSHUL JUBLI,a72a2a769fa5a2be,Anshul Jubli,7.0,2.0,0.0,1995-01-13,182.88,70.30676,175.26,Switch,6.42,5.72,46.0,50%,0.81,18.0,63,0.4
278,ANTE DELIJA,7d8435c56043b0ae,Ante Delija,26.0,6.0,0.0,1990-08-07,190.5,108.408488,198.12,Orthodox,0.0,0.0,0.0,0%,0.0,0.0,0%,0.0
279,ANTHONY ADAMS,a77633a989013265,Anthony Adams,0.0,0.0,0.0,1988-01-13,185.42,,193.04,Orthodox,3.17,5.93,41.0,44%,0.0,0.0,0%,0.0
280,ANTHONY ALVES,bd92cf5da5413d2a,Anthony Alves,0.0,0.0,0.0,,,,,,0.0,0.0,0.0,0%,0.0,0.0,0%,0.0
281,ANTHONY AVILA,033d19259f589457,Anthony Avila,0.0,0.0,0.0,1988-12-29,170.18,,,,0.0,0.0,0.0,0%,0.0,0.0,0%,0.0
282,ANTHONY BIRCHAK,c5a126ace82a6025,Anthony Birchak,16.0,8.0,0.0,1986-05-16,172.72,61.23492,175.26,Orthodox,4.23,3.06,36.0,60%,0.6,16.0,73%,0.0
283,ANTHONY CHRISTODOULOU,4f11e9ce318ffbcb,Anthony Christodoulou,12.0,7.0,0.0,1987-07-30,175.26,70.30676,,Orthodox,2.19,5.9,26.0,45%,0.0,0.0,40%,0.0
284,ANTHONY DO,7c9aeba0c4d4bd78,Anthony Do,0.0,0.0,0.0,1993-04-11,162.56,,,,0.0,0.0,0.0,0%,0.0,0.0,0%,0.0
285,ANTHONY DRILICH,c2c4052f58f54988,Anthony Drilich,0.0,0.0,0.0,1994-03-17,165.1,,165.1,Southpaw,,,,,,,,
286,ANTHONY FIGUEROA,daff32bc96d1eabf,Anthony Figueroa,0.0,0.0,0.0,,162.56,,,Orthodox,2.37,3.77,48.0,49%,0.0,0.0,58%,0.0
287,ANTHONY GUARASCIO,dc052ab64be66e1d,Anthony Guarascio,0.0,0.0,0.0,1994-02-26,187.96,,182.88,Orthodox,,,,,,,,
288,ANTHONY HAMILTON,c727c7d31c50c4cf,Anthony Hamilton,15.0,9.0,0.0,1980-04-14,195.58,117.93392,193.04,Orthodox,3.91,3.02,65.0,45%,2.62,42.0,78%,0.0
289,ANTHONY HERNANDEZ,093e1f5bb73850be,Anthony Hernandez,15.0,2.0,0.0,1993-10-18,182.88,83.91452,190.5,Orthodox,4.92,5.09,55.0,47%,3.76,66.0,70%,1.9
290,ANTHONY IVY,3c5005b66696d790,Anthony Ivy,8.0,4.0,0.0,1990-01-23,187.96,83.91452,187.96,Orthodox,2.5,4.57,42.0,51%,4.69,20.0,100%,0.0
291,ANTHONY JOHNSON,365fee2da473b177,Anthony Johnson,22.0,6.0,0.0,1984-03-06,187.96,92.98636,198.12,Orthodox,3.25,1.83,47.0,60%,2.43,57.0,77%,0.6
292,ANTHONY LAPSLEY,f3a853544e4413c4,Anthony Lapsley,23.0,7.0,0.0,1980-02-13,175.26,77.11064,,Southpaw,0.53,0.58,34.0,66%,0.0,0.0,20%,0.0
293,ANTHONY LEONE,86b9b51a81e9c339,Anthony Leone,0.0,0.0,0.0,1987-05-27,167.64,,,Orthodox,1.94,2.52,53.0,56%,1.72,18.0,0%,0.0
294,ANTHONY MACIAS,dedc3bb440d09554,Anthony Macias,26.0,18.0,0.0,1969-07-16,175.26,83.91452,,Switch,0.0,0.0,0.0,0%,0.0,0.0,0%,0.0
295,ANTHONY MORRISON,dab0e6cb8c932162,Anthony Morrison,0.0,0.0,0.0,1984-03-29,170.18,,,Orthodox,1.7,0.49,33.0,80%,0.0,0.0,50%,0.0
296,ANTHONY NJOKUANI,6bf5a7d3e081ade2,Anthony Njokuani,16.0,12.0,0.0,1980-03-01,185.42,70.30676,190.5,Orthodox,3.94,2.41,46.0,65%,0.5,45.0,53%,0.2
297,ANTHONY PEROSH,4b4753d19489297f,Anthony Perosh,15.0,10.0,0.0,1972-10-05,190.5,92.98636,190.5,Orthodox,2.27,3.77,43.0,53%,2.03,22.0,33%,1.1
298,ANTHONY PETTIS,cbb682f5fcc44bfc,Anthony Pettis,24.0,10.0,0.0,1987-01-27,177.8,70.30676,182.88,Orthodox,3.05,3.44,47.0,54%,0.61,50.0,60%,1.1
299,ANTHONY ROCCO MARTIN,5331b25a60417ffb,Anthony Rocco Martin,17.0,6.0,0.0,1989-12-11,182.88,77.11064,185.42,Orthodox,2.68,2.59,37.0,58%,0.71,27.0,68%,1.0
300,ANTHONY ROMERO,6f81399074fcdbba,Anthony Romero,0.0,0.0,0.0,1997-02-25,180.34,,177.8,Orthodox,5.87,4.0,52.0,65%,2.0,22.0,100%,0.0
301,ANTHONY RUIZ,657c21cb133f1445,Anthony Ruiz,0.0,0.0,0.0,1977-11-03,187.96,,,Orthodox,2.56,1.67,64.0,28%,1.43,31.0,21%,0.0
302,ANTHONY SMITH,d4c9dcd330403612,Anthony Smith,38.0,22.0,0.0,1988-07-26,193.04,92.98636,193.04,Orthodox,2.94,4.38,46.0,42%,0.49,28.0,51%,0.7
303,ANTHONY TAYLOR,637a4d8825464c62,Anthony Taylor,0.0,0.0,0.0,1989-06-23,170.18,,,,0.0,0.0,0.0,0%,0.0,0.0,0%,0.0
304,ANTHONY TORRES,918d9d89d4d52acc,Anthony Torres,5.0,3.0,0.0,1978-07-31,172.72,77.11064,,Orthodox,3.54,7.52,48.0,45%,0.0,0.0,100%,2.2
305,ANTON BERZIN,8ba8e8d7eafa7267,Anton Berzin,0.0,0.0,0.0,1989-09-29,187.96,,,Orthodox,4.4,6.8,46.0,67%,2.0,28.0,0%,1.0
306,ANTON KUIVANEN,706f8e2b34e8e18b,Anton Kuivanen,24.0,10.0,0.0,1984-05-01,172.72,70.30676,182.88,Orthodox,2.27,1.63,38.0,67%,1.2,100.0,71%,0.4
307,ANTON TURKALJ,82529ce93cd9a2cf,Anton Turkalj,8.0,4.0,0.0,1996-06-10,193.04,92.98636,198.12,Orthodox,2.45,3.42,42.0,54%,4.98,41.0,16,0.0
308,ANTON ZAFIR,8c822811eedc11ad,Anton Zafir,7.0,3.0,0.0,1987-05-10,180.34,77.11064,,Orthodox,2.99,2.31,64.0,52%,6.11,60.0,0%,0.0
309,ANTONI HARDONK,69b69c0178c4004d,Antoni Hardonk,8.0,6.0,0.0,1976-02-05,193.04,111.13004,198.12,Orthodox,3.4,3.07,61.0,46%,0.0,0.0,40%,0.9
310,ANTONINA SHEVCHENKO,d7338bcb141abd2c,Antonina Shevchenko,10.0,4.0,0.0,1984-11-20,172.72,56.699,170.18,Southpaw,4.09,2.51,56.0,54%,0.65,60.0,56%,0.7
311,ANTONIO ARROYO,61fb8098ccf81c7f,Antonio Arroyo,9.0,5.0,0.0,1989-07-01,190.5,83.91452,185.42,Orthodox,3.08,1.72,70.0,44%,1.4,41.0,32%,0.3
312,ANTONIO BANUELOS,9ddfb3369a3b0394,Antonio Banuelos,20.0,11.0,1.0,1979-09-23,165.1,61.23492,160.02,Orthodox,2.69,3.15,33.0,58%,1.62,62.0,86%,0.4
313,ANTONIO BRAGA NETO,fae67903c4fe636b,Antonio Braga Neto,9.0,3.0,0.0,1987-10-29,190.5,83.91452,195.58,Orthodox,1.36,3.92,33.0,45%,3.07,37.0,0%,0.5
314,ANTONIO CARLOS JUNIOR,52e76bb4b3e852f3,Antonio Carlos Junior,11.0,5.0,0.0,1990-03-16,187.96,83.91452,200.66,Orthodox,1.95,2.14,42.0,52%,3.42,39.0,53%,0.8
315,ANTONIO CARVALHO,fef3d17e27e916e7,Antonio Carvalho,15.0,6.0,0.0,1979-05-30,175.26,65.77083999999999,177.8,Orthodox,3.03,3.62,29.0,64%,0.0,0.0,100%,0.0
316,ANTONIO DOS SANTOS,81b8b3fb019dc69d,Antonio Dos Santos,6.0,4.0,0.0,1988-07-21,177.8,83.91452,,Orthodox,5.4,3.94,51.0,43%,0.0,0.0,100%,0.0
317,ANTONIO DUARTE,29b5d32584e02d8d,Antonio Duarte,0.0,0.0,0.0,1987-03-10,170.18,,,,4.55,4.18,40.0,57%,0.0,0.0,60%,0.0
318,ANTONIO JONES,f1fd494586ab8d5f,Antonio Jones,0.0,0.0,0.0,1985-04-12,180.34,,,Orthodox,7.5,30.0,55.0,42%,0.0,0.0,0%,0.0
319,ANTONIO MCKEE,3414b50b08a10600,Antonio McKee,29.0,6.0,2.0,1970-03-12,172.72,70.30676,,Southpaw,1.37,0.74,45.0,74%,1.47,33.0,57%,0.0
320,ANTONIO MENDES,3795fca327cbcf23,Antonio Mendes,18.0,13.0,0.0,1981-04-19,190.5,92.98636,195.58,Southpaw,1.34,6.85,47.0,22%,2.51,50.0,100%,0.0
321,ANTONIO MONTEIRO,3e38b1ea16bd4d86,Antonio Monteiro,0.0,0.0,0.0,1995-07-02,170.18,,177.8,Orthodox,,,,,,,,
322,ANTONIO RODRIGO NOGUEIRA,ee9d73f4fee9cbdd,Antonio Rodrigo Nogueira,34.0,10.0,1.0,1976-06-02,190.5,108.86207999999999,195.58,Orthodox,1.95,2.4,42.0,55%,1.3,29.0,36%,2.4
323,ANTONIO SCHEMBRI,a3244e3238541482,Antonio Schembri,0.0,0.0,0.0,1974-06-01,175.26,,,Orthodox,0.72,2.12,26.0,55%,1.31,40.0,0%,0.4
324,ANTONIO SILVA,8349d55cdecd393a,Antonio Silva,19.0,12.0,1.0,1979-09-14,193.04,119.748288,208.28,Orthodox,2.89,3.09,45.0,50%,0.82,29.0,66%,0.8
325,ANTONIO TROCOLI,6d48a2df51749d91,Antonio Trocoli,12.0,5.0,0.0,1990-12-06,198.12,83.91452,200.66,Orthodox,1.27,4.56,71.0,25%,3.8,100.0,100%,3.8
326,ANTONY REA,c36e1f4fa755ffb4,Antony Rea,0.0,0.0,0.0,1976-07-15,182.88,,,Orthodox,2.89,5.42,28.0,42%,0.0,0.0,100%,0.0
327,ANTWAIN BRITT,2833f50b20e96e52,Antwain Britt,0.0,0.0,0.0,1978-05-09,185.42,,195.58,,1.46,2.81,39.0,44%,1.56,40.0,50%,0.0
328,ANVAR BOYNAZAROV,4a191f4ea2fce7fc,Anvar Boynazarov,0.0,0.0,0.0,1989-01-10,175.26,,,Orthodox,,,,,,,,
329,ANVARBEK DANIYALBEKOV,859e0dafd04fe1ca,Anvarbek Daniyalbekov,0.0,0.0,0.0,1995-05-27,,,,,,,,,,,,
330,ANYING WANG,69e8c632135af48b,Anying Wang,2.0,1.0,0.0,1991-04-04,182.88,77.11064,,Orthodox,1.32,1.63,26.0,44%,0.0,0.0,33%,0.0
331,AORI QILENG,e995cd5485ced446,Aori Qileng,0.0,0.0,0.0,1993-06-25,,,,,0.0,0.0,0.0,0%,0.0,0.0,0%,0.0
332,AORIQILENG,7d420039bbfe7c1a,Aoriqileng,25.0,12.0,0.0,1993-06-25,170.18,61.23492,175.26,Orthodox,4.4,5.66,49.0,46%,1.11,46.0,59%,0.2
333,ARIANE CARNELOSSI,c0d5c0c95c59050b,Ariane Carnelossi,15.0,3.0,0.0,1992-11-17,157.48,52.16308,154.94,Orthodox,2.68,4.69,38.0,43%,1.06,50.0,22%,0.2
334,ARIANE DA SILVA,6551c64fbcd1a467,Ariane da Silva,17.0,11.0,0.0,1994-01-26,167.64,56.699,170.18,Orthodox,4.05,4.4,41.0,50%,0.47,38.0,68,0.3
335,ARIANE LIPSKI,e30fb581d0f6e097,Ariane Lipski,0.0,0.0,0.0,1994-01-26,,,170.18,Orthodox,3.03,4.45,32.0,48%,0.27,25.0,45%,0.5
336,ARIEL BECK,b96939f2b8d88e82,Ariel Beck,4.0,5.0,0.0,1990-09-16,167.64,56.699,167.64,Southpaw,4.44,4.31,34.0,64%,0.0,0.0,0%,0.0
337,ARIEL GANDULLA,41904fc4d3f5bffc,Ariel Gandulla,0.0,0.0,0.0,1968-05-07,180.34,,,Orthodox,1.95,2.07,23.0,72%,1.88,66.0,0%,0.0
338,ARISA MATSUDA,4c33b3d37955aa85,Arisa Matsuda,0.0,0.0,0.0,1994-12-15,160.02,,162.56,Orthodox,,,,,,,,
339,ARJAN BHULLAR,7e511f8d842a109d,Arjan Bhullar,9.0,1.0,0.0,1986-05-13,185.42,111.13004,190.5,Orthodox,2.33,3.25,56.0,59%,1.73,75.0,100%,0.0
340,ARLENE BLENCOWE,35d6337320a4ae48,Arlene Blencowe,0.0,0.0,0.0,1983-04-11,165.1,,,,2.31,2.1,43.0,43%,0.0,0.0,55%,0.6
341,ARMAN ASHIMOV,d26a0988c9dc9886,Arman Ashimov,0.0,0.0,0.0,1992-01-14,167.64,,,,0.0,0.0,0.0,0%,0.0,0.0,0%,0.0
342,ARMAN TSARUKYAN,eae48ff31db420c2,Arman Tsarukyan,22.0,3.0,0.0,1996-10-11,170.18,70.30676,182.88,Orthodox,3.35,1.43,44.0,62%,3.5,35.0,78%,0.0
343,ARMANDO VILLARREAL,454c1f0b638972ab,Armando Villarreal,0.0,0.0,0.0,1989-08-08,170.18,,167.64,Southpaw,3.23,4.3,55.0,52%,3.23,25.0,0%,0.0
344,ARMEN PETROSYAN,369ea36e450ae62a,Armen Petrosyan,9.0,5.0,0.0,1990-11-03,190.5,83.91452,180.34,Orthodox,5.84,3.31,53.0,53%,0.17,33.0,41,0.0
345,ARNOLD ALLEN,040a74bb0a465c54,Arnold Allen,20.0,3.0,0.0,1994-01-22,172.72,65.77083999999999,177.8,Southpaw,3.52,3.15,43.0,60%,1.24,60.0,73%,0.3
346,ART ARCINIEGA,d25e39e74efb0a77,Art Arciniega,0.0,0.0,0.0,1981-10-15,172.72,,,,1.53,2.73,46.0,51%,0.0,0.0,50%,1.0
347,ART JIMMERSON,a5c53b3ddb31cc7d,Art Jimmerson,0.0,0.0,0.0,1963-08-04,185.42,,,Orthodox,0.0,0.0,0.0,0%,0.0,0.0,0%,0.0
348,ART SANTORE,012fc7cd0779c09a,Art Santore,0.0,0.0,0.0,1972-10-26,187.96,,,,1.4,7.31,12.0,52%,0.0,0.0,100%,0.0
349,ARTEM FROLOV,ee704df0afd74558,Artem Frolov,0.0,0.0,0.0,1991-09-07,177.8,,,,0.0,0.0,0.0,0%,0.0,0.0,0%,0.0
350,ARTEM LOBOV,02f2a9702ba3d167,Artem Lobov,13.0,15.0,1.0,1986-08-11,175.26,65.77083999999999,165.1,Southpaw,3.52,4.82,41.0,50%,0.39,25.0,52%,0.0
351,ARTEM VAKHITOV,43e549b803ec7375,Artem Vakhitov,0.0,0.0,0.0,1991-04-04,185.42,,190.5,Orthodox,,,,,,,,
352,ARTENUS YOUNG,8d4943a9ce9f521b,Artenus Young,0.0,0.0,0.0,1980-07-16,,,,,0.0,0.0,0.0,0%,0.0,0.0,0%,0.0
353,ARTHUR LOPES,2aa481e98185e261,Arthur Lopes,0.0,0.0,0.0,1993-02-17,187.96,,195.58,Southpaw,,,,,,,,
354,ARTUR MINEV,20d37922ba85e6fc,Artur Minev,0.0,0.0,0.0,2003-09-27,177.8,70.30676,175.26,Orthodox,1.02,3.57,61.0,26%,0.0,0.0,64%,0.0
355,ARTUR OUMAKHANOV,1ef0eae31904e534,Artur Oumakhanov,0.0,0.0,0.0,1979-02-27,170.18,,,Orthodox,1.2,1.67,33.0,82%,3.0,75.0,33%,0.0
356,ASBEL CANCIO,2a7afe14b3a0a058,Asbel Cancio,0.0,1.0,0.0,,177.8,102.0582,,,0.0,0.0,0.0,0%,0.0,0.0,0%,0.0
357,ASHE BOWMAN,8a0a35e7c74bebcc,Ashe Bowman,0.0,0.0,0.0,1976-11-17,175.26,,,,2.43,4.86,42.0,57%,0.0,0.0,0%,0.0
358,ASHIEK AJIM,49dea784f6cfed71,Ashiek Ajim,0.0,0.0,0.0,1994-06-19,172.72,,180.34,Switch,,,,,,,,
359,ASHKAN MOKHTARIAN,e9bc5748e6a76bb6,Ashkan Mokhtarian,13.0,3.0,0.0,1985-09-15,167.64,56.699,170.18,Southpaw,1.95,3.66,43.0,43%,0.54,16.0,33%,0.0
360,ASHLEE EVANS-SMITH,fc6e681bf6658faf,Ashlee Evans-Smith,6.0,6.0,0.0,1987-07-09,172.72,61.23492,170.18,Orthodox,4.54,4.69,34.0,55%,1.1,23.0,66%,0.0
361,ASHLEY YODER,b4c6c904a9ffc5e8,Ashley Yoder,8.0,9.0,0.0,1987-10-20,170.18,52.16308,175.26,Southpaw,2.75,3.53,39.0,46%,1.33,37.0,68%,0.7
362,ASJABHARAN,8be9deb7d6b36354,Asjabharan,0.0,0.0,0.0,1992-07-31,167.64,,,,,,,,,,,
363,ASKAR ASKAR,2abc414136504554,Askar Askar,0.0,0.0,0.0,1994-08-19,170.18,,175.26,Orthodox,0.0,0.0,0.0,0%,0.0,0.0,0%,0.0
364,ASKAR ASKAROV,b1d19449397541dc,Askar Askarov,14.0,1.0,1.0,1992-10-09,167.64,56.699,170.18,Orthodox,3.37,2.65,55.0,56%,2.75,28.0,64%,0.0
365,ASKAR MOZHAROV,e92901944ce91909,Askar Mozharov,19.0,13.0,0.0,1994-10-26,190.5,92.98636,187.96,Orthodox,0.43,4.07,18.0,13%,0.0,0.0,33,0.0
366,ASPEN LADD,d4691518d012b9e7,Aspen Ladd,9.0,3.0,0.0,1995-03-01,167.64,61.23492,167.64,Orthodox,5.22,4.84,55.0,46%,2.45,75.0,66%,1.2
367,ASSUERIO SILVA,e091482fa6648261,Assuerio Silva,16.0,8.0,0.0,1974-06-18,177.8,109.31567199999999,,Orthodox,1.42,4.2,46.0,54%,2.66,34.0,25%,1.8
368,ASU ALMABAYEV,8d3273573b85be09,Asu Almabayev,22.0,3.0,0.0,1994-01-25,162.56,56.699,165.1,Orthodox,2.28,1.94,51.0,53%,4.74,45.0,44%,1.4
369,ATEBA GAUTIER,2f815ed5f8278ba6,Ateba Gautier,8.0,1.0,0.0,2002-04-10,193.04,83.91452,205.74,Switch,4.32,2.6,43.0,54%,0.41,100.0,93%,0.0
370,ATSUSHI YAMAMOTO,351264d11286d09a,Atsushi Yamamoto,0.0,0.0,0.0,1980-10-02,167.64,,,Orthodox,1.97,1.27,39.0,70%,1.12,33.0,100%,0.0
371,AUGUSTO MENDES,3d5b1ce6097dbb49,Augusto Mendes,6.0,2.0,0.0,1983-03-03,167.64,61.23492,165.1,Orthodox,2.42,3.91,34.0,56%,1.75,33.0,80%,0.0
372,AUGUSTO MONTANO,94508d80e1f885fc,Augusto Montano,15.0,3.0,0.0,1984-10-25,185.42,77.11064,185.42,Orthodox,3.46,2.66,46.0,56%,0.0,0.0,66%,0.0
373,AUGUSTO SAKAI,441eacbe20e0e80b,Augusto Sakai,16.0,5.0,1.0,1991-05-09,190.5,120.20188,195.58,Orthodox,5.32,4.02,48.0,50%,0.15,50.0,66%,0.0
374,AURELIJUS KERPE,c1e4ae143cce7398,Aurelijus Kerpe,0.0,0.0,0.0,,,,,Orthodox,1.26,8.21,16.0,31%,0.0,0.0,0%,0.0
375,AUSTEN LANE,be9bdec19b7e9ffe,Austen Lane,13.0,7.0,0.0,1987-11-09,198.12,111.13004,203.2,Orthodox,5.26,6.32,35.0,60%,0.0,0.0,0%,0.0
376,AUSTIN ARNETT,bf0e700106d00e55,Austin Arnett,16.0,6.0,0.0,1991-10-22,182.88,65.77083999999999,182.88,Orthodox,4.52,6.38,41.0,62%,0.44,18.0,57%,0.2
377,AUSTIN BASHI,d3f89fa685bd8420,Austin Bashi,14.0,1.0,0.0,2001-09-29,167.64,65.77083999999999,177.8,Orthodox,1.75,2.34,47.0,48%,7.81,41.0,62,1.7
378,AUSTIN HUBBARD,d2cd7a69cc55e7ed,Austin Hubbard,17.0,10.0,0.0,1991-12-22,177.8,70.30676,180.34,Orthodox,3.45,2.58,48.0,58%,0.76,60.0,53%,0.0
379,AUSTIN LINGO,305d73ede05e31ad,Austin Lingo,9.0,3.0,0.0,1994-07-10,177.8,65.77083999999999,177.8,Orthodox,3.57,3.17,44.0,62%,1.0,66.0,76%,0.0
380,AUSTIN SPRINGER,37cc294027f55e4d,Austin Springer,12.0,4.0,0.0,1987-05-12,172.72,65.77083999999999,180.34,Orthodox,3.54,3.15,57.0,41%,3.37,40.0,100%,0.8
381,AUSTIN TWEEDY,885adaff8fe15cf7,Austin Tweedy,0.0,0.0,0.0,1990-09-25,175.26,,,Orthodox,4.29,6.43,66.0,0%,0.0,0.0,0%,0.0
382,AUSTIN VANDERFORD,32c3ee378671a5d9,Austin Vanderford,13.0,2.0,0.0,1990-03-21,180.34,77.11064,187.96,Orthodox,3.9,5.19,52.0,45%,0.0,0.0,100%,1.9
383,AXEL SOLA,1d2d98ddd05b38fb,Axel Sola,11.0,0.0,1.0,1997-09-17,187.96,77.11064,187.96,Southpaw,3.74,2.74,42.0,75%,1.25,25.0,0,0.0
384,AZAMAT BEKOEV,3bc3f60b21cddc6a,Azamat Bekoev,20.0,3.0,0.0,1995-12-30,182.88,83.91452,182.88,Orthodox,4.57,6.83,52.0,31%,3.48,43.0,62%,0.0
385,AZAMAT GASHIMOV,a1b0715c4fd2dbd3,Azamat Gashimov,8.0,3.0,0.0,1990-04-07,167.64,56.699,,Orthodox,1.24,4.75,21.0,53%,1.69,25.0,0%,0.0
386,AZAMAT MURZAKANOV,e90a2f22417af68e,Azamat Murzakanov,15.0,0.0,0.0,1989-04-12,177.8,92.98636,180.34,Southpaw,4.4,3.2,56.0,56%,0.68,20.0,88%,0.2
387,AZAMAT NUFTILLAEV,b37321c0bb9e8570,Azamat Nuftillaev,0.0,0.0,0.0,1994-01-01,,,,,,,,,,,,
388,AZAT MAKSUM,7f1bf0c255ec8756,Azat Maksum,15.0,2.0,0.0,1995-02-02,170.18,56.699,177.8,Southpaw,3.24,5.0,28.0,52%,2.33,28.0,85,0.3
389,AZIZ KHAYDAROV,a072b512b6f4fc42,Aziz Khaydarov,0.0,0.0,0.0,1993-09-25,180.34,,182.88,Orthodox,,,,,,,,
390,AZUNNA ANYANWU,78d48d3874dacafd,Azunna Anyanwu,14.0,5.0,0.0,1981-08-05,185.42,113.851592,,Orthodox,2.47,2.47,42.0,69%,0.65,100.0,0%,0.0
391,BAERGENG JIELEYISI,8677e67a75d65b8e,Baergeng Jieleyisi,18.0,7.0,0.0,1995-11-24,175.26,65.77083999999999,180.34,Orthodox,1.61,2.62,35.0,52%,1.73,38.0,78,0.2
392,BAHATEBOLE BATEBOLATI,8f313e9c3a39c06e,Bahatebole Batebolati,0.0,0.0,0.0,1997-09-12,172.72,,180.34,Southpaw,,,,,,,,
393,BAILEY SCHOENFELDER,b0353e7f5038dd09,Bailey Schoenfelder,0.0,0.0,0.0,1997-09-22,190.5,,193.04,Orthodox,,,,,,,,
394,BAISANGUR SUSURKAEV,d1feea7a4bdcd503,Baisangur Susurkaev,10.0,0.0,0.0,2001-01-08,187.96,83.91452,200.66,Orthodox,5.74,4.45,54.0,58%,2.09,26.0,100%,0.8
395,BALAJIN,e626e92a8f2a9737,Balajin,0.0,0.0,0.0,1992-03-31,175.26,,182.88,Orthodox,,,,,,,,
396,BAO QUACH,d365ee924f5cc3fc,Bao Quach,0.0,0.0,0.0,1979-09-04,160.02,,,Orthodox,0.0,0.0,0.0,0%,0.0,0.0,0%,0.0
397,BARB HONCHAK,472f6f6e6d962f40,Barb Honchak,10.0,4.0,0.0,1979-08-30,162.56,56.699,165.1,Orthodox,4.04,4.67,30.0,66%,0.0,0.0,0%,1.3
398,BART PALASZEWSKI,4304992c2acc187b,Bart Palaszewski,36.0,17.0,0.0,1983-05-30,175.26,65.77083999999999,177.8,Orthodox,2.67,3.97,32.0,57%,0.65,31.0,53%,0.5
399,BARTOSZ FABINSKI,e17ac6410c8377f4,Bartosz Fabinski,15.0,5.0,0.0,1986-04-26,182.88,77.11064,190.5,Orthodox,2.2,1.35,69.0,53%,7.08,69.0,80%,0.0
400,BARTOSZ SZEWCZYK,224050896306f00c,Bartosz Szewczyk,0.0,0.0,0.0,1997-09-18,193.04,,185.42,Orthodox,,,,,,,,
401,BARU HARN,848809f3986b4977,Baru Harn,0.0,0.0,0.0,1977-10-24,,,,,0.0,0.0,0.0,0%,0.0,0.0,0%,0.0
402,BAS RUTTEN,03688dc3c3af3ac1,Bas Rutten,28.0,4.0,1.0,1965-02-24,185.42,92.98636,,Orthodox,5.59,2.06,61.0,79%,0.0,0.0,0%,0.0
403,BASSIL HAFEZ,f4d92416da98804b,Bassil Hafez,9.0,4.0,1.0,1992-01-31,180.34,77.11064,182.88,Orthodox,3.71,5.68,38.0,41%,2.21,24.0,50,0.0
404,BATGEREL DANAA,3b0a516d2921e0d6,Batgerel Danaa,12.0,5.0,0.0,1989-07-04,170.18,61.23492,177.8,Orthodox,5.66,2.61,38.0,58%,0.0,0.0,57%,0.0
405,BAZIGIT ATAJEV,fd7acf42bd6e7e95,Bazigit Atajev,0.0,0.0,0.0,1979-03-12,185.42,,,Orthodox,0.87,3.14,41.0,49%,1.0,33.0,0%,0.0
406,BEA MALECKI,b60c980f79b87ce8,Bea Malecki,4.0,1.0,0.0,1991-08-23,175.26,61.23492,187.96,Orthodox,6.78,6.14,46.0,62%,0.0,0.0,78%,1.4
407,BEC RAWLINGS,907e60fd13407e1e,Bec Rawlings,7.0,8.0,0.0,1989-02-11,167.64,56.699,162.56,Orthodox,4.48,5.66,42.0,57%,0.71,40.0,68%,0.4
408,BEKZAT ALMAKHAN,a4dc0f2b95df4cc1,Bekzat Almakhan,12.0,2.0,0.0,1997-10-08,170.18,61.23492,172.72,Orthodox,2.58,4.23,39.0,52%,0.0,0.0,59%,0.0
409,BELAL MUHAMMAD,b1b0729d27936f2f,Belal Muhammad,24.0,4.0,0.0,1988-07-09,180.34,77.11064,182.88,Orthodox,4.36,3.92,42.0,55%,1.98,35.0,90%,0.1
410,BEN ALLOWAY,c4fe2e9a06ea5bcb,Ben Alloway,18.0,8.0,0.0,1981-02-19,180.34,77.11064,193.04,Orthodox,1.28,1.9,49.0,59%,0.62,50.0,26%,0.0
411,BEN ASKREN,0b31f87be71ebbb1,Ben Askren,19.0,2.0,0.0,1984-07-18,180.34,77.11064,185.42,Orthodox,3.64,5.66,49.0,36%,4.33,55.0,0%,0.9
412,BEN EARWOOD,ee457ef1e1c326c1,Ben Earwood,12.0,3.0,0.0,,172.72,77.11064,,Orthodox,0.5,0.2,55.0,33%,3.0,100.0,0%,0.0
413,BEN HOLSCHER,6070f16bcfd89fcf,Ben Holscher,0.0,0.0,0.0,,180.34,,,,0.0,0.0,0.0,0%,0.0,0.0,0%,0.0
414,BEN JOHNSTON,a2c8207ceab6736c,BEN JOHNSTON,0.0,0.0,0.0,1990-10-11,184.14999999999998,83.91452,193.04,Orthodox,1.01,1.01,75.0,29%,2.54,100.0,100%,0.0
415,BEN JONES,329aff8e958a2997,Ben Jones,0.0,0.0,0.0,,,,,,0.0,0.0,0.0,0%,0.0,0.0,0%,0.0
416,BEN LAGMAN,b40e65d71a8d4ce5,Ben Lagman,0.0,0.0,0.0,1986-09-04,187.96,,,,0.0,0.0,0.0,0%,0.0,0.0,0%,0.0
417,BEN NGUYEN,840d2c82ea68b9aa,Ben Nguyen,16.0,8.0,0.0,1988-08-03,165.1,56.699,165.1,Switch,3.51,3.01,40.0,59%,0.25,33.0,63%,1.0
418,BEN REITER,ee7b7768a4e6dc45,Ben Reiter,0.0,0.0,0.0,1987-06-27,190.5,,,,1.8,1.53,46.0,54%,7.0,43.0,0%,0.0
419,BEN ROTHWELL,bd58d34e39b7b12a,Ben Rothwell,39.0,14.0,0.0,1981-10-17,193.04,120.20188,198.12,Orthodox,3.55,4.57,41.0,46%,0.63,33.0,69%,0.3
420,BEN SAUNDERS,484acc7b0f856ce9,Ben Saunders,22.0,13.0,2.0,1983-04-13,187.96,77.11064,195.58,Orthodox,3.23,3.58,50.0,51%,0.2,40.0,66%,1.3
421,BEN SOSOLI,326f94d6cfb1bf25,Ben Sosoli,7.0,3.0,0.0,1989-12-10,182.88,120.20188,182.88,Southpaw,2.31,4.3,31.0,47%,0.0,0.0,0%,0.0
422,BEN WALL,1ad381c8994c4e5b,Ben Wall,8.0,7.0,1.0,1989-03-25,177.8,70.30676,,Orthodox,1.47,8.53,29.0,29%,0.0,0.0,100%,0.0
423,BENARDO SOPAJ,b6c37948cb226e8c,Benardo Sopaj,12.0,3.0,0.0,2000-09-25,167.64,61.23492,167.64,Orthodox,4.39,4.69,58.0,52%,2.43,60.0,76%,0.8
424,BENDY CASIMIR,ec7ac09293d26c05,Bendy Casimir,0.0,0.0,0.0,1980-06-10,165.1,,,Southpaw,0.74,3.42,27.0,54%,0.0,0.0,100%,0.0
425,BENEIL DARIUSH,08af939f41b5a57b,Beneil Dariush,23.0,6.0,1.0,1989-05-06,177.8,70.30676,182.88,Southpaw,3.74,2.63,49.0,57%,2.21,38.0,82%,0.8
426,BENITO LOPEZ,773f7feacf96153e,Benito Lopez,10.0,2.0,0.0,1994-04-06,177.8,61.23492,185.42,Switch,4.49,4.8,44.0,58%,0.0,0.0,78%,0.3
427,BENJAMIN BENNETT,7030c27fc9778964,Benjamin Bennett,0.0,0.0,0.0,1994-05-08,182.88,,185.42,Switch,,,,,,,,
428,BENJAMIN DONOVAN JOHNSTON,3261aa79bf6caa64,Benjamin Donovan Johnston,0.0,0.0,0.0,1990-10-11,,,,,,,,,,,,
429,BENJI RADACH,01b39decaf0abf6a,Benji Radach,21.0,7.0,0.0,1979-04-05,177.8,83.91452,,Orthodox,2.62,2.31,49.0,51%,1.06,41.0,71%,0.4
430,BENOIT SAINT DENIS,c2299ec916bc7c56,Benoit Saint Denis,15.0,3.0,0.0,1995-12-18,180.34,70.30676,185.42,Southpaw,5.05,4.19,55.0,42%,4.35,37.0,70,1.6
431,BENSON HENDERSON,2676b28836a5a836,Benson Henderson,24.0,7.0,0.0,1983-11-16,175.26,77.11064,177.8,Southpaw,2.93,1.79,45.0,63%,2.4,45.0,63%,0.8
432,BENTLEY SYLER,abd2109bc4cb0291,Bentley Syler,5.0,1.0,0.0,1982-12-22,162.56,56.699,,Orthodox,1.3,1.73,18.0,79%,0.0,0.0,75%,0.0
433,BERNARDO MAGALHAES,7a613f78dd7ee8f8,Bernardo Magalhaes,13.0,4.0,0.0,1981-04-08,175.26,70.30676,,Orthodox,1.8,3.37,27.0,68%,0.0,0.0,0%,0.5
434,BERTRAND AMOUSSOU,53adf5b845d91e4a,Bertrand Amoussou,0.0,0.0,0.0,1966-05-28,172.72,,,Orthodox,6.75,2.01,39.0,83%,0.0,0.0,0%,0.0
435,BESAM YOUSEF,98ec9f385cca47fc,Besam Yousef,7.0,4.0,0.0,1985-03-25,180.34,77.11064,,Orthodox,3.14,3.98,53.0,38%,1.33,66.0,50%,0.0
436,BETHE CORREIA,673ea7dcc786b1b3,Bethe Correia,11.0,6.0,1.0,1983-06-22,165.1,61.23492,162.56,Orthodox,4.39,4.56,44.0,58%,0.44,20.0,84%,0.0
437,BEVON LEWIS,899923ff6ab13917,Bevon Lewis,7.0,3.0,0.0,1991-05-05,190.5,83.91452,200.66,Orthodox,3.73,2.67,43.0,54%,0.0,0.0,66%,0.0
438,BHARAT KANDARE,efd2b3e9bb7965a4,Bharat Kandare,5.0,3.0,0.0,1987-06-20,170.18,61.23492,182.88,Orthodox,0.7,1.88,10.0,72%,0.0,0.0,0%,0.0
439,BIA MESQUITA,eff9074bc066f0f2,Bia Mesquita,0.0,0.0,0.0,1991-04-07,170.18,61.23492,170.18,Orthodox,4.52,1.27,57.0,71%,3.57,75.0,0%,3.6
440,BIBIANO FERNANDES,cbc071cb20ea59c7,Bibiano Fernandes,0.0,0.0,0.0,1980-03-30,170.18,,,Orthodox,2.91,2.02,40.0,72%,3.97,53.0,77%,0.6
441,MAGOMED BIBULATOV,87f19d19f4cb73f8,Bibulatov Magomed,14.0,2.0,0.0,1988-08-22,165.1,56.699,165.1,Orthodox,3.6,1.83,51.0,52%,2.85,40.0,75%,0.0
442,BILL ALGEO,9abc648e76c4493a,Bill Algeo,18.0,9.0,0.0,1989-06-09,182.88,65.77083999999999,185.42,Switch,6.8,5.31,56.0,38%,0.67,33.0,62%,0.0
443,BILL COOPER,78bd6940d093fd33,Bill Cooper,0.0,0.0,0.0,1984-05-05,,,,,0.0,0.0,0.0,0%,0.0,0.0,0%,0.0
444,BILL DUVALL,7df4d3c38792b083,Bill Duvall,0.0,0.0,0.0,,187.96,,,Southpaw,0.0,2.4,0.0,40%,0.0,0.0,0%,0.0
445,BILL MAHOOD,ae58685caf8e4a0d,Bill Mahood,20.0,7.0,1.0,1967-02-01,190.5,90.7184,,Orthodox,1.54,3.59,85.0,17%,0.0,0.0,0%,3.9
446,BILLY BRAND,edae6db2b3453632,Billy Brand,0.0,0.0,0.0,1996-07-03,167.64,,165.1,Orthodox,,,,,,,,
447,BILLY ELEKANA,07a74004d964c7f4,Billy Elekana,8.0,2.0,0.0,1995-05-28,190.5,92.98636,195.58,Southpaw,2.34,3.18,57.0,49%,0.64,25.0,0,0.0
448,BILLY EVANGELISTA,9766ed20b68c7c33,Billy Evangelista,0.0,0.0,0.0,1980-10-07,172.72,,172.72,Orthodox,4.51,3.96,40.0,61%,1.6,19.0,61%,0.2
449,BILLY GIOVANELLA,c1ea31a904fe08a9,Billy Giovanella,0.0,0.0,0.0,1985-08-20,172.72,,,,1.27,2.02,40.0,52%,0.87,12.0,100%,1.7
450,BILLY MILES,3c48019bc387b80c,Billy Miles,2.0,2.0,0.0,1978-04-28,177.8,77.11064,,Orthodox,0.0,1.25,0.0,33%,0.0,0.0,0%,0.0
451,BILLY PASULATAN,e5a59983f4603621,Billy Pasulatan,0.0,0.0,0.0,1991-08-07,165.1,,167.64,Switch,,,,,,,,
452,BILLY QUARANTILLO,aa171d55d4b5208f,Billy Quarantillo,18.0,7.0,0.0,1988-12-08,177.8,65.77083999999999,177.8,Orthodox,7.03,4.37,64.0,42%,1.28,31.0,57%,1.8
453,BILLY RAY GOFF,fa07345cc9db5cc9,Billy Ray Goff,9.0,4.0,0.0,1998-06-18,177.8,77.11064,182.88,Switch,7.51,5.02,46.0,59%,1.75,16.0,66,0.0
454,BILLY VAUGHAN,61428ed51f5ff465,Billy Vaughan,0.0,0.0,0.0,1983-12-02,167.64,,,,0.0,1.36,0.0,50%,0.0,0.0,0%,0.0
455,BJ PENN,73c7cfa551289285,BJ Penn,16.0,14.0,2.0,1978-12-13,175.26,70.30676,177.8,Orthodox,2.76,3.2,48.0,56%,1.19,55.0,74%,0.5
456,BLAGOY IVANOV,1788eee370f077b7,Blagoy Ivanov,19.0,6.0,0.0,1986-10-09,180.34,113.398,185.42,Southpaw,3.32,4.15,40.0,54%,1.06,54.0,75%,0.2
457,BLAIR TUGMAN,63f8775391301891,Blair Tugman,0.0,0.0,0.0,,182.88,,,,2.25,0.93,53.0,50%,7.5,60.0,0%,0.0
458,BLAKE BILDER,5095b0920a3602aa,Blake Bilder,8.0,2.0,1.0,1990-07-12,172.72,65.77083999999999,172.72,Switch,3.81,4.15,48.0,53%,0.31,7.0,71,0.6
459,BLAKE BOWMAN,a95a0504fd73bd3e,Blake Bowman,0.0,0.0,0.0,1981-06-20,187.96,,,,0.0,0.0,0.0,0%,0.0,0.0,0%,0.0
460,BLAKE WATKINS,117580b232409824,Blake Watkins,0.0,0.0,0.0,,,,,,5.45,7.64,62.0,61%,0.0,0.0,0%,0.0
461,BLAS AVENA,8753e125f4499816,Blas Avena,0.0,0.0,0.0,1983-06-30,182.88,,187.96,Orthodox,2.34,3.36,47.0,43%,2.37,80.0,50%,1.8
462,BLOOD DIAMOND,9edf2c9082cc2cd8,Blood Diamond,3.0,3.0,0.0,1988-07-10,180.34,77.11064,193.04,Switch,3.12,2.17,55.0,48%,0.0,0.0,73,0.0
463,BO CANTRELL,6750e338922a099d,Bo Cantrell,0.0,0.0,0.0,1969-02-08,187.96,,,Orthodox,3.16,12.63,16.0,0%,0.0,0.0,0%,0.0
464,BO HYUN PARK,504d3a11e4408253,Bo Hyun Park,0.0,0.0,0.0,1999-05-14,,,,,,,,,,,,
465,BO MENG,2d85fcb4468c30d7,Bo Meng,0.0,0.0,0.0,1996-04-21,,,,,,,,,,,,
466,BO NICKAL,35673bf5204524ee,Bo Nickal,7.0,1.0,0.0,1996-01-14,185.42,83.91452,193.04,Southpaw,3.36,1.93,61.0,60%,3.12,57.0,100%,2.3
467,BOB COOK,1c061eb6e29eaa0a,Bob Cook,5.0,0.0,0.0,,175.26,77.11064,,Orthodox,0.0,0.0,0.0,0%,0.0,0.0,0%,0.0
468,BOB GILSTRAP,c96518b7f6881004,Bob Gilstrap,5.0,7.0,0.0,1974-07-16,190.5,90.7184,,Orthodox,0.0,0.0,0.0,0%,0.0,0.0,0%,0.0
469,BOB SAPP,9f3d6ddef3d3cccc,Bob Sapp,0.0,0.0,0.0,1974-09-22,195.58,,,Orthodox,3.19,1.88,55.0,49%,0.58,100.0,72%,0.0
470,BOB SCHRIJBER,d86e913c548c07c2,Bob Schrijber,0.0,0.0,0.0,1965-03-03,182.88,,,Orthodox,0.0,0.0,0.0,0%,0.0,0.0,0%,0.0
471,BOBBY COOPER,1b51895e5572cfda,Bobby Cooper,0.0,0.0,0.0,1986-06-13,185.42,,,,2.87,3.4,25.0,59%,0.0,0.0,40%,1.0
472,BOBBY ESCALANTE,f7ede18b4ec4ec1f,Bobby Escalante,0.0,0.0,0.0,1989-07-11,,,,,0.0,0.0,0.0,0%,0.0,0.0,0%,0.0
473,BOBBY FLYNN,c97fc5fbf7d32b8a,Bobby Flynn,0.0,0.0,0.0,,,,,,0.38,0.77,25.0,0%,0.0,0.0,0%,0.0
474,BOBBY GREEN,965f45636b2f6efc,Bobby Green,0.0,0.0,0.0,1986-09-09,,,180.34,Orthodox,5.17,3.32,51.0,63%,1.56,41.0,72%,0.3
475,BOBBY HOFFMAN,afaad7d6a581e307,Bobby Hoffman,36.0,10.0,1.0,1968-10-28,187.96,111.13004,,Orthodox,2.02,1.32,70.0,19%,1.17,50.0,0%,1.2
476,BOBBY LASHLEY,b0826525fa17231d,Bobby Lashley,0.0,0.0,0.0,1976-07-16,190.5,,198.12,Orthodox,3.1,0.76,63.0,63%,11.47,70.0,0%,0.0
477,BOBBY MCANDREWS,ef6f45095119d416,Bobby McAndrews,0.0,0.0,0.0,,,,,Orthodox,2.56,1.03,83.0,50%,0.0,0.0,33%,7.7
478,BOBBY MOFFETT,d76ad9a08c4408ff,Bobby Moffett,13.0,5.0,0.0,1990-06-01,177.8,65.77083999999999,185.42,Orthodox,3.41,3.15,39.0,61%,2.74,66.0,66%,1.4
479,BOBBY NASH,7dfb56f24fe5ddea,Bobby Nash,8.0,4.0,0.0,1990-03-26,182.88,77.11064,187.96,Orthodox,3.42,3.95,37.0,51%,2.37,33.0,100%,1.6
480,BOBBY SANCHEZ,6a0047ac8c99fece,Bobby Sanchez,0.0,0.0,0.0,1989-12-15,170.18,,,Orthodox,0.0,0.0,0.0,100%,0.0,0.0,100%,0.0
481,BOBBY SOUTHWORTH,aee8eecfc4bfb1e7,Bobby Southworth,10.0,6.0,0.0,1969-12-16,187.96,92.98636,,Orthodox,0.99,1.38,39.0,65%,3.98,78.0,64%,1.3
482,BOBBY STACK,6436029b50a9c255,Bobby Stack,0.0,0.0,0.0,,175.26,,,Orthodox,1.0,2.89,20.0,34%,7.48,45.0,100%,0.0
483,BOBBY VOELKER,fb8a3025ae722e64,Bobby Voelker,19.0,13.0,0.0,1979-04-26,182.88,77.11064,187.96,Orthodox,4.01,5.84,35.0,42%,1.04,50.0,66%,0.0
484,BOGDAN GRAD,fb37795db81f93f3,Bogdan Grad,15.0,3.0,0.0,1995-09-28,172.72,65.77083999999999,177.8,Orthodox,4.44,5.4,51.0,49%,3.31,36.0,75,0.0
485,BOGDAN GUSKOV,ef5dcb10d2bd4b0f,Bogdan Guskov,18.0,3.0,0.0,1992-09-12,190.5,92.98636,193.04,Orthodox,4.17,3.3,55.0,45%,0.0,0.0,57,1.1
486,BOJAN MIHAJLOVIC,d6285cba1d1052e0,Bojan Mihajlovic,10.0,6.0,0.0,1980-03-30,180.34,92.98636,185.42,Orthodox,1.23,5.95,35.0,47%,0.0,0.0,33%,0.0
487,BOJAN VELICKOVIC,fcce75a25c14a804,Bojan Velickovic,15.0,6.0,1.0,1988-12-18,182.88,77.11064,193.04,Southpaw,2.18,2.31,34.0,57%,0.67,25.0,55%,0.5
488,BOLAJI OKI,4bdedbdeedff7d1d,Bolaji Oki,10.0,3.0,0.0,1995-11-15,177.8,70.30676,185.42,Orthodox,6.59,5.15,44.0,61%,1.01,60.0,66,0.0
489,BOOKER DEROUSSE,f2c91b67f71bbeab,Booker DeRousse,0.0,0.0,0.0,1981-03-23,187.96,,,,0.0,0.0,0.0,0%,0.0,0.0,0%,0.0
490,BOSTON SALMON,98e946879ba20c0f,Boston Salmon,6.0,3.0,0.0,1990-11-20,175.26,61.23492,175.26,Southpaw,4.13,7.75,37.0,59%,0.0,0.0,100%,0.0
491,BRAD BLACKBURN,7e69a4b0961aa555,Brad Blackburn,18.0,13.0,1.0,1977-05-25,177.8,77.11064,185.42,Orthodox,4.55,3.59,35.0,65%,0.93,50.0,76%,0.7
492,BRAD GUMM,4d74641fac830182,Brad Gumm,10.0,6.0,1.0,,180.34,77.11064,,Orthodox,0.0,0.0,0.0,0%,0.0,0.0,0%,0.0
493,BRAD IMES,4908c5ee68a50ee5,Brad Imes,13.0,7.0,0.0,1977-03-13,200.66,120.20188,,Orthodox,2.73,4.24,31.0,49%,1.72,71.0,0%,1.0
494,BRAD KATONA,7b433309b0fd12aa,Brad Katona,16.0,5.0,0.0,1991-12-19,167.64,61.23492,162.56,Orthodox,3.33,2.98,51.0,57%,1.25,22.0,47%,0.0
495,BRAD KOHLER,13c4313ed0f744f3,Brad Kohler,12.0,15.0,0.0,1964-05-26,175.26,99.79024,,Orthodox,0.0,0.0,0.0,0%,0.0,0.0,0%,0.0
496,BRAD MITCHELL,7263e0dc082adc87,Brad Mitchell,0.0,0.0,0.0,1974-10-10,180.34,,,,1.15,4.2,33.0,52%,0.0,0.0,100%,1.9
497,BRAD MORRIS,6803d4d6908354ac,Brad Morris,10.0,6.0,0.0,1979-11-01,187.96,92.98636,,Orthodox,0.5,6.95,62.0,27%,0.0,0.0,0%,0.0
498,BRAD PICKETT,c945adc22c2bfe8f,Brad Pickett,25.0,14.0,0.0,1978-09-24,167.64,61.23492,172.72,Orthodox,3.02,4.63,31.0,55%,2.47,44.0,58%,0.4
499,BRAD RIDDELL,37ed1ab2f8b819f4,Brad Riddell,10.0,4.0,0.0,1991-09-30,170.18,70.30676,180.34,Orthodox,4.36,2.62,50.0,53%,1.0,37.0,60%,0.0
500,BRAD ROYSTER,09f8c233de88998d,Brad Royster,0.0,0.0,0.0,,,,,,0.0,0.0,0.0,0%,0.0,0.0,0%,0.0
501,BRAD SCOTT,34e552520a934063,Brad Scott,11.0,6.0,0.0,1989-06-24,185.42,77.11064,193.04,Orthodox,3.52,4.31,41.0,57%,0.32,15.0,63%,0.7
502,BRAD TAVARES,0c6d9ea8306c029e,Brad Tavares,21.0,12.0,0.0,1987-12-21,185.42,83.91452,187.96,Orthodox,3.04,2.73,41.0,56%,0.97,27.0,79%,0.0
503,BRADY FINK,997b4f52f76a0b53,Brady Fink,0.0,0.0,0.0,1981-05-23,182.88,,,Orthodox,1.69,1.69,41.0,61%,3.63,25.0,0%,3.6
504,BRADY HIESTAND,7af33fc4435017f1,Brady Hiestand,9.0,2.0,0.0,1999-04-30,172.72,61.23492,180.34,Orthodox,2.7,3.75,50.0,51%,4.8,46.0,42,1.1
505,BRADY HUANG,1ec1b6a7a29ffc71,Brady Huang,0.0,0.0,0.0,1992-12-16,175.26,,175.26,Orthodox,4.62,10.77,37.0,30%,0.0,0.0,0%,0.0
506,BRAHYAM ZURCHER,392878af4680849f,Brahyam Zurcher,0.0,0.0,0.0,1996-03-10,177.8,,177.8,Orthodox,,,,,,,,
507,BRANDEN LEE HINKLE,06f0ffa6446c5b6d,Branden Lee Hinkle,17.0,11.0,0.0,1973-07-29,190.5,106.59412,,Orthodox,2.61,3.91,69.0,26%,4.34,57.0,66%,4.3
508,BRANDO PERICIC,d0fd0d9ee560dae7,Brando Pericic,0.0,0.0,0.0,1994-08-03,195.58,111.13004,200.66,Orthodox,11.0,4.26,57.0,58%,0.0,0.0,71%,0.0
509,BRANDON CASH,3993f7dcb7caf42a,Brandon Cash,0.0,0.0,0.0,,195.58,,,Orthodox,5.42,0.68,72.0,33%,10.17,66.0,0%,0.0
510,BRANDON DAVIS,cc351e408bbb7d43,Brandon Davis,14.0,10.0,0.0,1990-05-08,177.8,61.23492,182.88,Orthodox,4.65,4.33,35.0,60%,0.71,45.0,56%,0.1
511,BRANDON FOXWORTH,f65a0eb902f9476b,Brandon Foxworth,0.0,0.0,0.0,1979-04-28,180.34,,,Orthodox,1.33,4.59,32.0,50%,0.0,0.0,0%,0.0
512,BRANDON GAINES,8e6cfbd455f0f9c2,Brandon Gaines,0.0,0.0,0.0,1982-02-24,190.5,,,,0.0,0.0,0.0,0%,0.0,0.0,0%,0.0
513,BRANDON GIRTZ,81f1810f72df8f25,Brandon Girtz,0.0,0.0,0.0,1985-03-06,170.18,,,,2.5,1.92,60.0,47%,5.76,100.0,100%,0.0
514,BRANDON HALSEY,e763679f15326ae1,Brandon Halsey,0.0,0.0,0.0,1986-09-16,182.88,,,,1.74,0.87,47.0,65%,4.98,53.0,100%,1.2
515,BRANDON HESTER,13150cf89a5b81e0,Brandon Hester,0.0,0.0,0.0,1986-05-11,185.42,,,,3.53,0.4,53.0,68%,4.0,80.0,0%,0.0
516,BRANDON HOLMES,f295d50c56339ab6,Brandon Holmes,0.0,0.0,0.0,1997-02-05,187.96,,187.96,Orthodox,,,,,,,,
517,BRANDON JENKINS,6a8928652fc01bee,Brandon Jenkins,15.0,9.0,0.0,1991-09-30,182.88,70.30676,180.34,Switch,2.93,8.05,41.0,33%,0.0,0.0,27,0.0
518,BRANDON LEWIS,6623cb1c27025634,Brandon Lewis,0.0,0.0,0.0,1997-08-02,162.56,,177.8,Orthodox,,,,,,,,
519,BRANDON LOWE,78ac94d54aa7f378,Brandon Lowe,0.0,0.0,0.0,1990-04-24,,,,,0.0,0.0,0.0,0%,0.0,0.0,0%,0.0
520,BRANDON MAGANA,2015c944226ad2df,Brandon Magana,0.0,0.0,0.0,,,,,Orthodox,0.0,0.0,0.0,0%,0.0,0.0,0%,0.0
521,BRANDON MELENDEZ,2b06b6ad5db63348,Brandon Melendez,25.0,25.0,0.0,1983-03-24,180.34,70.30676,,Southpaw,0.84,0.56,26.0,63%,0.0,0.0,25%,0.0
522,BRANDON MICHAELS,f5e4ce11afbdfb61,Brandon Michaels,0.0,0.0,0.0,,175.26,,,,0.0,0.0,0.0,0%,0.0,0.0,0%,0.0
523,BRANDON MORENO,792be9a24df82ed6,Brandon Moreno,23.0,8.0,2.0,1993-12-07,170.18,56.699,177.8,Orthodox,3.41,3.41,38.0,59%,2.01,45.0,67%,0.6
524,BRANDON POLCARE,543cd2258f4fa339,Brandon Polcare,0.0,0.0,0.0,,,,,,0.43,0.0,50.0,0%,0.0,0.0,0%,0.0
525,BRANDON ROYVAL,6e15f63b6c2e2c15,Brandon Royval,17.0,8.0,0.0,1992-08-16,175.26,56.699,172.72,Southpaw,3.77,2.88,46.0,47%,0.79,100.0,53%,2.4
526,BRANDON SALING,a049aa06508b9c7b,Brandon Saling,0.0,0.0,0.0,1986-01-28,177.8,,,,2.88,6.08,40.0,20%,0.0,0.0,57%,0.0
527,BRANDON SAYLES,72b7c071910990b1,Brandon Sayles,0.0,0.0,0.0,1981-04-23,195.58,,,,0.0,0.0,0.0,0%,0.0,0.0,0%,0.0
528,BRANDON SENE,3ed134d85dfbd7b4,Brandon Sene,0.0,0.0,0.0,1981-05-21,180.34,,,,0.0,0.0,0.0,0%,0.0,0.0,0%,0.0
529,BRANDON SHUEY,585f9ffdb0cd0466,Brandon Shuey,0.0,0.0,0.0,1976-02-01,170.18,,,Orthodox,0.68,1.36,33.0,0%,0.0,0.0,0%,10.2
530,BRANDON THATCH,638cfec7ec559d6e,Brandon Thatch,11.0,5.0,0.0,1985-07-11,187.96,77.11064,187.96,Switch,2.7,3.63,42.0,52%,1.36,66.0,50%,0.7
531,BRANDON VERA,fa315e6c77eee106,Brandon Vera,15.0,7.0,0.0,1977-10-10,190.5,104.32616,198.12,Orthodox,3.03,2.81,56.0,52%,0.7,53.0,59%,0.2
532,BRANDON VISHER,7c4ec656d8fcb867,Brandon Visher,0.0,0.0,0.0,1984-05-06,167.64,,172.72,Orthodox,2.55,3.76,45.0,42%,0.67,20.0,0%,0.0
533,BRANDON WOLFF,aa79d5399571068e,Brandon Wolff,7.0,5.0,0.0,1975-10-18,175.26,77.11064,,Orthodox,0.47,10.91,33.0,19%,0.0,0.0,0%,0.0
534,BRANKO CIKATIC,4e5bbc4566049cbf,Branko Cikatic,0.0,0.0,0.0,1954-10-03,185.42,,,Orthodox,0.0,0.0,0.0,0%,0.0,0.0,0%,0.0
535,BRAXTON SMITH,eaa9402e5a7990ad,Braxton Smith,5.0,2.0,0.0,1990-01-01,180.34,116.573144,182.88,Orthodox,6.46,11.54,48.0,32%,0.0,0.0,100,0.0
536,BRENDAN ALLEN,2f181c0467965b98,Brendan Allen,25.0,7.0,0.0,1995-12-28,187.96,83.91452,190.5,Orthodox,3.75,3.78,52.0,47%,1.52,41.0,57%,1.1
537,BRENDAN LOUGHNANE,b788862dd1c11eac,Brendan Loughnane,17.0,3.0,0.0,1989-12-05,177.8,65.77083999999999,177.8,Switch,6.23,6.7,63.0,53%,1.5,30.0,92%,0.0
538,BRENDAN O'REILLY,494b0bfdbac74502,Brendan O'Reilly,6.0,3.0,0.0,1987-06-24,170.18,77.11064,175.26,Orthodox,1.9,2.77,47.0,39%,2.22,43.0,36%,0.6
539,BRENDAN SCHAUB,89a407032911e27e,Brendan Schaub,10.0,5.0,0.0,1983-03-18,193.04,111.13004,198.12,Orthodox,2.92,2.22,37.0,57%,2.32,46.0,72%,0.4
540,BRENDAN SEGUIN,e4bb7e483c4ad318,Brendan Seguin,0.0,0.0,0.0,1976-07-03,182.88,,,,2.6,0.6,45.0,84%,5.0,62.0,100%,0.0
541,BRENDON MAROTTE,d7fe8c6b7d2872e5,Brendon Marotte,8.0,3.0,0.0,1996-01-12,175.26,65.77083999999999,177.8,Orthodox,0.41,5.7,50.0,28%,0.0,0.0,0,0.0
542,BRENDSON RIBEIRO,49edd0d90f60fb7d,Brendson Ribeiro,17.0,9.0,0.0,1996-09-08,190.5,92.98636,205.74,Orthodox,3.04,3.91,42.0,53%,0.85,42.0,21%,0.6
543,BRENNAN WARD,67cd6495280b0a57,Brennan Ward,0.0,0.0,0.0,1988-06-28,177.8,,180.34,,7.2,2.76,60.0,52%,0.0,0.0,100%,3.6
544,BRENT PRIMUS,46caf130099206cd,Brent Primus,0.0,0.0,0.0,1985-04-12,177.8,,,,1.73,2.27,39.0,59%,5.0,38.0,0%,2.0
545,BRET BERGMARK,2891c9f7b26b26fc,Bret Bergmark,0.0,0.0,0.0,1973-11-24,175.26,,,,2.78,2.78,52.0,37%,4.17,100.0,50%,4.2
546,BRETT ALBEE,9b28292abe3166d5,Brett Albee,0.0,0.0,0.0,,,,,,0.0,0.0,0.0,0%,0.0,0.0,0%,0.0
547,BRETT COOPER,88ffe9745e218dd8,Brett Cooper,0.0,0.0,0.0,1987-07-02,182.88,,,Orthodox,0.0,0.0,0.0,0%,0.0,0.0,0%,0.0
548,BRETT JOHNS,ec52462a1b41f714,Brett Johns,17.0,2.0,0.0,1992-02-21,170.18,61.23492,180.34,Orthodox,2.86,3.84,49.0,53%,4.92,49.0,58%,1.0
549,BRETT ROGERS,9141bb39310773c7,Brett Rogers,0.0,0.0,0.0,1981-02-17,195.58,,205.74,Orthodox,3.17,3.2,44.0,46%,0.0,0.0,58%,0.0
550,BRETT TILLIS,7b461ccae8270207,Brett Tillis,0.0,0.0,0.0,,,,,,0.0,0.0,0.0,0%,0.0,0.0,0%,0.0
551,BRIAN BOWLES,b26d3e3746fb4024,Brian Bowles,10.0,3.0,0.0,1980-06-22,170.18,61.23492,177.8,Orthodox,2.36,2.98,26.0,64%,1.39,70.0,54%,1.4
552,BRIAN CAMOZZI,1999ffb5cebc314f,Brian Camozzi,7.0,5.0,0.0,1991-06-24,187.96,77.11064,198.12,Orthodox,3.15,6.39,26.0,54%,0.0,0.0,0%,0.7
553,BRIAN COBB,3138fab619faf4d1,Brian Cobb,20.0,9.0,0.0,1980-09-03,180.34,70.30676,,Orthodox,0.0,3.68,0.0,55%,5.81,50.0,0%,0.0
554,BRIAN DAVIDSON,42775dc893603154,Brian Davidson,0.0,0.0,0.0,1975-11-22,167.64,,,,0.0,0.0,0.0,0%,0.0,0.0,0%,0.0
555,BRIAN EBERSOLE,32ba186f4b0e3267,Brian Ebersole,51.0,18.0,1.0,1980-11-27,182.88,77.11064,185.42,Southpaw,2.32,2.14,49.0,56%,1.7,23.0,61%,0.1
556,BRIAN FOSTER,3dc3022232b79c7a,Brian Foster,27.0,10.0,0.0,1984-04-03,175.26,77.11064,180.34,Orthodox,3.3,1.63,39.0,65%,3.67,60.0,37%,1.8
557,BRIAN GASSAWAY,e4770d5ed44a3970,Brian Gassaway,29.0,20.0,2.0,1972-08-07,185.42,77.11064,,Orthodox,0.34,3.65,26.0,44%,0.0,0.0,42%,0.0
558,BRIAN GERAGHTY,15edcf67ccf5be84,Brian Geraghty,26.0,18.0,1.0,1980-11-04,170.18,70.30676,,Orthodox,0.47,9.77,25.0,36%,0.0,0.0,50%,0.0
559,BRIAN HOUSTON,36fbaa49a09ff997,Brian Houston,4.0,6.0,0.0,1981-04-26,187.96,83.91452,,Orthodox,1.9,3.67,35.0,53%,0.95,100.0,87%,0.0
560,BRIAN JOHNSTON,1c3f5e85b59ec710,Brian Johnston,5.0,5.0,0.0,1968-07-28,190.5,104.32616,,Orthodox,0.0,0.0,0.0,0%,0.0,0.0,0%,0.0
561,BRIAN KELLEHER,7be14eaed4c74856,Brian Kelleher,24.0,16.0,0.0,1986-08-19,167.64,61.23492,167.64,Switch,3.92,5.47,39.0,53%,1.0,25.0,59%,0.7
562,BRIAN LO-A-NJOE,7abce81b72fbbd9b,Brian Lo-A-Njoe,0.0,0.0,0.0,1976-01-22,170.18,,,Orthodox,3.87,0.0,42.0,0%,0.0,0.0,66%,0.0
563,BRIAN MCLAUGHLIN,6488729da7ac1c79,Brian McLaughlin,0.0,0.0,0.0,1984-05-12,175.26,,,,0.0,0.0,0.0,0%,0.0,0.0,0%,0.0
564,BRIAN MELANCON,eee7dafac7d672b5,Brian Melancon,7.0,3.0,0.0,1982-05-28,172.72,77.11064,,Orthodox,4.18,3.64,49.0,64%,2.02,100.0,66%,0.0
565,BRIAN ORTEGA,def8166ff24bd237,Brian Ortega,16.0,5.0,0.0,1991-02-21,172.72,65.77083999999999,175.26,Switch,4.29,6.28,38.0,52%,0.8,21.0,56%,1.1
566,BRIAN ROGERS,f304aff405c4a8fa,Brian Rogers,0.0,0.0,0.0,1984-02-15,180.34,,,,4.79,5.76,38.0,58%,1.22,50.0,100%,0.6
567,BRIAN SCHWARTZ,99c80d2bd5dbe5a9,Brian Schwartz,0.0,0.0,0.0,,190.5,,,Orthodox,1.27,0.87,44.0,45%,0.0,0.0,50%,1.0
568,BRIAN SLEEMAN,9db861c26b63daa8,Brian Sleeman,0.0,0.0,0.0,,172.72,,,,4.0,1.85,48.0,70%,9.23,100.0,100%,0.0
569,BRIAN STANN,579fcdfcabd23a7b,Brian Stann,12.0,6.0,0.0,1980-09-24,185.42,92.98636,187.96,Orthodox,3.28,2.65,42.0,59%,0.12,12.0,60%,0.3
570,BRIAN WARREN,c4c4c7dd26c15d91,Brian Warren,0.0,0.0,0.0,1974-06-05,182.88,,,Orthodox,1.16,4.63,21.0,57%,0.0,0.0,0%,0.0
571,BRIANNA FORTINO,b53c46f613f6f248,Brianna Fortino,9.0,3.0,0.0,1993-08-04,152.4,52.16308,157.48,Southpaw,3.53,3.23,41.0,57%,2.5,45.0,66,0.0
572,BRIANNA VAN BUREN,d8a82e0761b8a291,Brianna Van Buren,0.0,0.0,0.0,1993-08-04,,,157.48,Southpaw,3.53,3.23,41.0,57%,2.5,45.0,66%,0.0
573,BRISTOL MARUNDE,a17322f99ddfd8e9,Bristol Marunde,16.0,10.0,0.0,1982-04-20,185.42,77.11064,190.5,Orthodox,1.42,4.4,21.0,47%,1.6,33.0,14%,0.0
574,BROCK JARDINE,64959f90b6dd9759,Brock Jardine,12.0,6.0,0.0,1985-07-10,180.34,77.11064,,Orthodox,1.06,3.34,30.0,56%,0.0,0.0,14%,0.8
575,BROCK LARSON,5eedbf1e9601be35,Brock Larson,42.0,10.0,0.0,1977-08-23,180.34,77.11064,180.34,Southpaw,1.39,1.5,46.0,55%,2.67,34.0,43%,2.0
576,BROCK LESNAR,513c6f1715e547a8,Brock Lesnar,5.0,3.0,0.0,1977-07-12,190.5,120.20188,205.74,Orthodox,3.53,2.11,72.0,50%,3.9,55.0,60%,0.5
577,BRODIE FARBER,91d73ee59347ac16,Brodie Farber,16.0,7.0,0.0,1980-07-05,185.42,77.11064,,Orthodox,1.69,2.17,45.0,53%,0.9,50.0,20%,0.9
578,BROGAN WALKER,4333a8e70a672eb7,Brogan Walker,8.0,4.0,0.0,1988-08-02,162.56,56.699,170.18,Switch,2.04,3.7,30.0,47%,0.0,0.0,11,0.0
579,BROK WEAVER,7c9f96f9a6a5cd50,Brok Weaver,15.0,6.0,0.0,1991-12-05,182.88,70.30676,185.42,Southpaw,4.78,4.35,64.0,46%,0.41,10.0,66%,0.4
580,BRONSON MOHIKA,65239fccecd03404,Bronson Mohika,0.0,0.0,0.0,,,,,,0.0,0.0,0.0,0%,0.0,0.0,0%,0.0
581,BROOKE MAYO,1b41c21d947d6f2f,Brooke Mayo,0.0,0.0,0.0,1992-08-10,170.18,,,,1.92,3.2,34.0,63%,3.2,60.0,0%,2.1
582,BRUNA BRASIL,7138a15258dabf20,Bruna Brasil,11.0,5.0,1.0,1993-09-07,167.64,52.16308,165.1,Orthodox,2.66,3.82,56.0,52%,1.46,64.0,53,0.2
583,BRUNNO FERREIRA,1e719d4b676dc19a,Brunno Ferreira,14.0,2.0,0.0,1992-11-04,177.8,83.91452,182.88,Orthodox,3.27,3.75,49.0,51%,1.0,22.0,50%,0.6
584,BRUNO ASSIS,ff222167cce02919,Bruno Assis,0.0,0.0,0.0,1992-05-23,187.96,,,Orthodox,1.27,3.2,43.0,36%,2.0,50.0,66%,1.0
585,BRUNO CARVALHO,456c02115efc4a01,Bruno Carvalho,0.0,0.0,0.0,1982-06-07,172.72,,,,0.6,0.93,45.0,53%,0.0,0.0,66%,4.0
586,BRUNO KOREA,6c011be66326ad97,Bruno Korea,7.0,3.0,0.0,1991-06-28,167.64,61.23492,165.1,,2.12,3.96,34.0,42%,0.0,0.0,25,0.0
587,BRUNO LOPES,0abcf6bc47191219,Bruno Lopes,14.0,2.0,0.0,1993-04-24,187.96,92.98636,187.96,Orthodox,2.81,3.38,43.0,57%,2.51,33.0,100,0.0
588,BRUNO OLIVEIRA,1e85912c9bab7e2b,Bruno Oliveira,0.0,0.0,0.0,1984-05-02,193.04,,203.2,Orthodox,3.44,4.92,33.0,54%,0.0,0.0,0%,0.0
589,BRUNO RODRIGUES,1ea4c78fe8c5aa3e,Bruno Rodrigues,0.0,0.0,0.0,1991-06-28,,,,,2.01,3.42,34.0,40%,0.0,0.0,25%,0.0
590,BRUNO SANTOS,da1d8d76404bb6b5,Bruno Santos,15.0,2.0,0.0,1987-07-17,175.26,83.91452,,Orthodox,1.18,2.27,46.0,56%,3.0,37.0,66%,0.3
591,BRUNO SILVA,294aa73dbf37d281,Bruno Silva,14.0,7.0,2.0,1990-03-16,162.56,56.699,165.1,Orthodox,3.86,5.35,48.0,41%,0.77,22.0,74%,0.0
592,BRUNO SOUZA,0e5c4e72237461bb,Bruno Souza,10.0,3.0,0.0,1996-03-07,177.8,65.77083999999999,177.8,Orthodox,3.73,5.3,39.0,45%,0.5,16.0,60,0.0
593,BRYAN BAKER,898337ef520fe4d3,Bryan Baker,0.0,0.0,0.0,1985-10-13,190.5,,,Orthodox,1.78,2.83,52.0,45%,0.44,50.0,37%,0.9
594,BRYAN BARBERENA,a331233f597090a5,Bryan Barberena,18.0,12.0,0.0,1989-05-03,182.88,83.91452,182.88,Southpaw,5.48,4.7,48.0,45%,0.23,28.0,60%,0.5
595,BRYAN BATTLE,f626118b6da0e020,Bryan Battle,13.0,2.0,0.0,1994-09-21,185.42,83.91452,195.58,Orthodox,5.12,4.11,52.0,44%,0.77,17.0,53,0.4
596,BRYAN CARAWAY,5ef0088c1b19beeb,Bryan Caraway,21.0,9.0,0.0,1984-08-04,172.72,61.23492,172.72,Orthodox,2.53,3.61,34.0,54%,2.57,25.0,80%,0.8
597,BRYAN HUMES,b9c75e7fc910f587,Bryan Humes,0.0,0.0,0.0,,,,,,0.0,0.0,0.0,0%,0.0,0.0,0%,0.0
598,BRYAN PARDOE,56116537d71a578c,Bryan Pardoe,0.0,0.0,0.0,1968-10-22,185.42,,,Orthodox,1.11,4.59,36.0,45%,4.75,40.0,33%,0.0
599,BRYAN TRAVERS,008cf84faae9c7a5,Bryan Travers,0.0,0.0,0.0,1983-04-11,,,,,2.33,3.93,48.0,55%,2.0,28.0,63%,0.0
600,BRYAN VETELL,13a0fb8fbdafb54f,Bryan Vetell,0.0,0.0,0.0,1977-07-26,190.5,,,Southpaw,2.74,2.13,60.0,41%,0.0,0.0,0%,0.0
601,BRYANNA FISSORI,5517bd590dbbe1f8,Bryanna Fissori,0.0,0.0,0.0,1985-03-03,162.56,,,,1.4,1.2,46.0,57%,2.0,25.0,50%,0.0
602,BRYCE MEJIA,6eae26c44e505775,Bryce Mejia,0.0,0.0,0.0,,185.42,,,,3.49,6.98,62.0,50%,0.0,0.0,0%,0.0
603,BRYCE MITCHELL,d9c6f19f958643e9,Bryce Mitchell,18.0,4.0,0.0,1994-10-04,177.8,61.23492,177.8,Southpaw,2.19,1.51,59.0,58%,3.12,36.0,38%,1.3
604,BRYSON KAMAKA,9336e86cfd4ceaa1,Bryson Kamaka,0.0,0.0,0.0,,180.34,,,Orthodox,9.47,12.63,60.0,0%,0.0,0.0,100%,0.0
605,BU-KYUNG JUNG,b35d1650c78c2948,Bu-Kyung Jung,0.0,0.0,0.0,1978-05-26,170.18,,,Orthodox,0.63,1.85,36.0,56%,1.1,75.0,0%,1.5
606,BUBBA BUSH,132505067f08c54d,Bubba Bush,8.0,3.0,0.0,1985-07-24,182.88,83.91452,,Orthodox,0.63,7.01,55.0,25%,2.82,50.0,60%,0.0
607,BUBBA JENKINS,5e841bb3752b6e86,Bubba Jenkins,0.0,0.0,0.0,1988-02-05,170.18,,,,2.41,1.58,37.0,67%,7.23,68.0,100%,0.0
608,BUBBA PUGH,6cf2352cdb3de59d,Bubba Pugh,0.0,0.0,0.0,,177.8,,,,2.87,2.6,67.0,23%,4.0,57.0,80%,0.0
609,BUCK MEREDITH,36120738148f203f,Buck Meredith,0.0,0.0,0.0,1982-05-17,187.96,,,,0.0,0.0,0.0,0%,0.0,0.0,0%,0.0
610,BUDDY ROBERTS,b2a2da86546ddb19,Buddy Roberts,12.0,3.0,0.0,1982-10-17,187.96,83.91452,,Orthodox,2.17,2.08,34.0,70%,0.0,0.0,76%,0.7
611,BYRON BLOODWORTH,ecdf14f4f8643d39,Byron Bloodworth,6.0,3.0,0.0,1983-08-16,172.72,61.23492,,Orthodox,1.82,5.18,28.0,50%,0.0,0.0,0%,0.0
612,CAIN CARRIZOSA,064b7dc68d786254,Cain Carrizosa,10.0,3.0,0.0,1986-07-22,172.72,70.30676,,Orthodox,2.72,5.8,42.0,51%,0.0,0.0,14%,0.0
613,CAIN VELASQUEZ,0ff11cc094e887bc,Cain Velasquez,14.0,3.0,0.0,1982-07-28,185.42,108.86207999999999,195.58,Orthodox,6.37,2.33,57.0,57%,5.13,45.0,85%,0.4
614,CAIO BITTENCOURT,a653cb5eb4b39339,Caio Bittencourt,0.0,0.0,0.0,1991-05-22,182.88,,190.5,Orthodox,,,,,,,,
615,CAIO BORRALHO,4126a78111c0855a,Caio Borralho,17.0,2.0,0.0,1993-01-16,185.42,83.91452,190.5,Southpaw,3.44,2.5,56.0,60%,1.28,48.0,76,0.4
616,CAIO MACHADO,89839250eb25c9c1,Caio Machado,8.0,4.0,1.0,1994-07-20,193.04,113.398,198.12,Southpaw,5.82,2.87,53.0,63%,0.0,0.0,82,0.0
617,CAIO MAGALHAES,0c5c66ddd1886b83,Caio Magalhaes,10.0,3.0,0.0,1987-12-14,185.42,83.91452,185.42,Orthodox,2.27,2.78,40.0,56%,1.05,15.0,58%,1.6
618,CAL WORSHAM,de3ed2e152520c8d,Cal Worsham,13.0,10.0,0.0,1963-06-11,180.34,104.32616,,Orthodox,0.0,0.0,0.0,0%,0.0,0.0,0%,0.0
619,CALE YARBROUGH,a0b91014e9d16a76,Cale Yarbrough,8.0,3.0,0.0,1986-12-27,185.42,83.91452,,Orthodox,3.16,10.0,27.0,72%,0.0,0.0,0%,0.0
620,CALEN BORN,3c85e04b08a05751,Calen Born,0.0,0.0,0.0,1988-05-24,172.72,,182.88,Switch,0.0,0.0,0.0,0%,0.0,0.0,0%,0.0
621,CALLAN POTTER,8fc9ae9c7527dfcb,Callan Potter,18.0,9.0,0.0,1984-06-09,182.88,77.11064,182.88,Orthodox,3.18,4.72,50.0,58%,3.29,66.0,100%,0.0
622,CALVIN KATTAR,751de04455cfaac0,Calvin Kattar,23.0,10.0,0.0,1988-03-26,180.34,65.77083999999999,182.88,Orthodox,5.07,8.16,42.0,50%,0.37,30.0,89%,0.0
623,CAM ROWSTON,8ebc3a8da015d70c,Cam Rowston,0.0,0.0,0.0,1995-01-19,190.5,83.91452,198.12,Orthodox,4.6,2.12,48.0,52%,1.34,44.0,33%,0.3
624,CAM TEAGUE,b47c9ea5f2895d6e,Cam Teague,0.0,0.0,0.0,1998-02-13,177.8,,175.26,Orthodox,,,,,,,,
625,CAMERON CHURCH,f197ce0cbe69996d,Cameron Church,0.0,0.0,0.0,1990-09-27,180.34,,182.88,Orthodox,4.0,4.93,40.0,50%,0.0,0.0,60%,1.0
626,CAMERON DOLLAR,3bbcd63a016d9715,Cameron Dollar,11.0,5.0,0.0,1987-05-12,180.34,70.30676,,Orthodox,5.04,2.94,38.0,61%,0.0,0.0,0%,0.0
627,CAMERON ELSE,5f3da9a9610d8969,Cameron Else,10.0,6.0,0.0,1987-04-27,175.26,61.23492,180.34,Switch,1.92,5.58,36.0,58%,0.0,0.0,0%,0.0
628,CAMERON OLSON,5a9104718439ef44,Cameron Olson,0.0,0.0,0.0,1989-11-22,185.42,,190.5,Orthodox,3.13,2.2,47.0,57%,3.0,42.0,100%,1.0
629,CAMERON SAAIMAN,3c8a5200436e19f3,Cameron Saaiman,9.0,3.0,0.0,2000-12-20,172.72,61.23492,170.18,Southpaw,5.3,4.14,46.0,51%,0.89,28.0,47,0.7
630,CAMERON SMOTHERMAN,5c84f673b7bb7c15,Cameron Smotherman,12.0,6.0,0.0,1997-09-17,175.26,61.23492,175.26,Orthodox,3.97,3.57,37.0,58%,0.0,0.0,62%,0.0
631,CAMERON VANCAMP,87e2468b986ebb79,Cameron VanCamp,15.0,7.0,1.0,1993-04-27,187.96,70.30676,187.96,Switch,5.31,6.41,47.0,40%,0.0,0.0,0,0.0
632,CANAAN KAWAIHAE,58d42b9e920b25fc,Canaan Kawaihae,0.0,0.0,0.0,1997-08-26,182.88,,180.34,Southpaw,2.33,5.4,72.0,34%,0.0,0.0,100%,0.0
633,CAOL UNO,eb1723480fa2f96c,Caol Uno,33.0,19.0,5.0,1975-05-08,170.18,70.30676,177.8,Southpaw,1.91,1.9,49.0,50%,1.95,31.0,37%,0.5
634,CAOLAN LOUGHRAN,42ac4020cba261ad,Caolan Loughran,10.0,2.0,0.0,1996-05-18,167.64,61.23492,172.72,Orthodox,4.73,5.2,42.0,52%,3.0,34.0,87,0.0
635,CARINA DAMM,033343da4c0cff8a,Carina Damm,0.0,0.0,0.0,1979-02-16,162.56,,,,0.0,0.0,0.0,0%,0.0,0.0,0%,0.0
636,CARL DEATON,914a897455693650,Carl Deaton,17.0,7.0,0.0,1989-11-24,170.18,70.30676,175.26,Orthodox,1.53,1.85,31.0,61%,0.0,0.0,50,0.0
637,CARL MALENKO,a314687f372b2cec,Carl Malenko,0.0,0.0,0.0,,180.34,,,Orthodox,0.0,0.0,0.0,0%,0.0,0.0,0%,0.0
638,CARL SEUMANUTAFA,dadaeb402526dca5,Carl Seumanutafa,0.0,0.0,0.0,1983-06-15,185.42,,,Orthodox,0.0,3.33,0.0,75%,0.0,0.0,0%,0.0
639,CARL TOOMEY,5ee87e0432205755,Carl Toomey,0.0,0.0,0.0,1972-03-15,,,,,0.0,0.0,0.0,0%,0.0,0.0,0%,0.0
640,CARLA ESPARZA,d910665038efc639,Carla Esparza,20.0,8.0,0.0,1987-10-10,154.94,52.16308,160.02,Orthodox,2.29,2.85,42.0,53%,3.44,35.0,48%,0.3
641,CARLI JUDICE,f1ab6f37492c630a,Carli Judice,5.0,2.0,0.0,1999-03-02,170.18,56.699,172.72,Southpaw,10.73,8.08,52.0,55%,0.7,25.0,77,0.0
642,CARLO PEDERSOLI JR.,198994b47f395af0,Carlo Pedersoli Jr.,11.0,3.0,0.0,1993-06-08,180.34,77.11064,190.5,Southpaw,4.17,4.12,37.0,61%,2.91,44.0,0%,0.0
643,CARLO PRATER,4f853e98886283cf,Carlo Prater,31.0,18.0,1.0,1981-06-25,180.34,70.30676,182.88,Switch,2.03,4.07,47.0,35%,0.43,9.0,57%,1.7
644,CARLOS BARRETO,a220be6d41d6f97d,Carlos Barreto,14.0,9.0,0.0,1968-07-22,193.04,104.32616,,Orthodox,0.0,0.0,0.0,0%,0.0,0.0,0%,0.0
645,CARLOS CALDERON,7d4d7583df7eebf9,Carlos Calderon,0.0,0.0,0.0,1996-02-10,180.34,,180.34,Southpaw,,,,,,,,
646,CARLOS CANDELARIO,760a55d5b6098cbe,Carlos Candelario,8.0,3.0,0.0,1991-06-04,172.72,56.699,172.72,Southpaw,3.87,1.67,47.0,57%,0.0,0.0,46%,0.0
647,CARLOS CONDIT,f9f07bb5a43535ed,Carlos Condit,32.0,14.0,0.0,1984-04-26,187.96,77.11064,190.5,Orthodox,3.63,2.49,39.0,56%,0.62,54.0,39%,1.0
648,CARLOS EDUARDO ROCHA,4f736494fc733095,Carlos Eduardo Rocha,9.0,4.0,0.0,1981-07-12,177.8,77.11064,185.42,Orthodox,1.24,1.85,34.0,55%,0.0,0.0,52%,1.4
649,CARLOS FELIPE,a2ea77e974c5889f,Carlos Felipe,11.0,2.0,0.0,1995-01-12,182.88,111.13004,190.5,Orthodox,4.42,4.6,45.0,47%,0.0,0.0,70%,0.0
650,CARLOS HERNANDEZ,798e48f9e7f6ba22,Carlos Hernandez,10.0,5.0,0.0,1993-10-25,172.72,56.699,170.18,Orthodox,3.83,3.5,45.0,50%,1.56,21.0,65,0.2
651,CARLOS HUACHIN,225def29ecfe0fc1,Carlos Huachin,10.0,5.0,1.0,1996-06-04,162.56,61.23492,170.18,Southpaw,2.1,4.8,21.0,50%,0.0,0.0,66%,0.0
652,CARLOS LEAL,28d421729451c8ca,Carlos Leal,22.0,7.0,0.0,1994-05-04,180.34,77.11064,187.96,Orthodox,9.57,7.61,50.0,53%,0.75,25.0,90,0.0
653,CARLOS MOTA,b15862fcd6ded451,Carlos Mota,8.0,2.0,0.0,1995-04-15,162.56,56.699,175.26,Orthodox,0.8,1.13,41.0,54%,0.0,0.0,50,1.0
654,CARLOS NEWTON,952f6fa06f25a0ec,Carlos Newton,16.0,14.0,0.0,1976-08-17,175.26,77.11064,,Orthodox,0.65,1.55,41.0,44%,2.47,70.0,43%,0.9
655,CARLOS PRATES,7ee0fd831c0fe7c3,Carlos Prates,22.0,7.0,0.0,1993-08-17,185.42,77.11064,198.12,Switch,4.41,4.3,54.0,47%,0.18,100.0,77%,0.0
656,CARLOS ULBERG,9014c02eff8b3d62,Carlos Ulberg,13.0,1.0,0.0,1990-11-07,193.04,92.98636,195.58,Orthodox,6.57,4.03,55.0,51%,0.53,60.0,85%,0.2
657,CARLOS VERA,07f959e6596307bb,Carlos Vera,12.0,4.0,0.0,1987-11-05,167.64,61.23492,175.26,Orthodox,1.53,2.79,57.0,49%,0.0,0.0,25,1.6
658,CARLOS ZEVALLOS,cbf69fa846c7e3ee,Carlos Zevallos,0.0,0.0,0.0,1978-09-05,182.88,,,Orthodox,4.36,2.28,65.0,68%,0.0,0.0,100%,0.0
659,CARLS JOHN DE TOMAS,2a4200ead401a9ce,Carls John De Tomas,6.0,2.0,0.0,1996-08-28,165.1,56.699,180.34,Southpaw,1.74,3.93,37.0,44%,1.37,33.0,66%,0.0
660,CARLSTON HARRIS,a53d30163304aa6e,Carlston Harris,19.0,7.0,0.0,1987-07-09,182.88,77.11064,193.04,Orthodox,3.34,3.5,42.0,51%,1.13,20.0,55%,0.5
661,CARLTON JONES,f117c3e8c1aa7b9e,Carlton Jones,0.0,0.0,0.0,,185.42,,,Orthodox,2.32,3.58,41.0,56%,4.02,50.0,57%,2.7
662,CARLTON MINUS,40d8b74488743800,Carlton Minus,10.0,3.0,0.0,1993-04-26,177.8,77.11064,190.5,Orthodox,3.5,4.97,40.0,50%,0.0,0.0,58%,0.0
663,CARMELO MARRERO,aa03a3ca00ac6827,Carmelo Marrero,16.0,6.0,0.0,1981-01-26,182.88,92.98636,185.42,Orthodox,0.84,2.04,34.0,54%,3.21,36.0,36%,0.9
664,CAROL FORO,77ba5b2939c4018b,Carol Foro,0.0,0.0,0.0,1997-03-21,157.48,,154.94,Orthodox,,,,,,,,
665,CAROS FODOR,01d2ed8c502e3828,Caros Fodor,11.0,6.0,0.0,1984-01-07,175.26,70.30676,187.96,Orthodox,2.76,2.83,54.0,54%,2.1,25.0,50%,0.0
666,CARTER WILLIAMS,b8e2f10efb6eca85,Carter Williams,0.0,0.0,0.0,1980-03-30,185.42,,,Orthodox,1.55,2.32,36.0,58%,2.9,33.0,100%,0.0
667,CASEY HUFFMAN,737d93a42b8c2e94,Casey Huffman,0.0,0.0,0.0,,190.5,,,,0.0,0.0,0.0,0%,0.0,0.0,0%,0.0
668,CASEY KENNEY,e7bba7ce4d6c7b07,Casey Kenney,16.0,4.0,1.0,1991-03-20,170.18,61.23492,172.72,Southpaw,4.81,4.3,42.0,59%,1.1,39.0,59%,0.5
669,CASEY O'NEILL,04835018f90b118c,Casey O'Neill,10.0,2.0,0.0,1997-10-07,167.64,56.699,175.26,Orthodox,5.64,1.84,72.0,42%,6.91,66.0,0%,1.7
670,CASEY OLSON,7613773461b276f4,Casey Olson,0.0,0.0,0.0,,170.18,,,Orthodox,2.48,0.0,60.0,100%,3.54,57.0,100%,1.8
671,CASEY RYAN,5b1b383265433f51,Casey Ryan,0.0,0.0,0.0,1987-06-27,,,,,0.0,0.0,0.0,0%,0.0,0.0,0%,0.0
672,CAT ZINGANO,3ecd936bd8814108,Cat Zingano,10.0,4.0,0.0,1982-07-01,167.64,65.77083999999999,172.72,Southpaw,2.57,1.63,61.0,47%,2.77,65.0,42%,0.8
673,CATHAL PENDRED,99c7610aa74995d3,Cathal Pendred,17.0,4.0,1.0,1987-09-02,185.42,77.11064,190.5,Orthodox,2.49,3.01,44.0,55%,2.46,23.0,83%,0.4
674,CB DOLLAWAY,5d7bdab5e03e3216,CB Dollaway,17.0,9.0,0.0,1983-08-10,187.96,83.91452,193.04,Orthodox,2.65,2.58,47.0,54%,3.55,54.0,62%,1.2
675,CEDRIC DOUMBE,5159e6ee100c717e,Cedric Doumbe,0.0,0.0,0.0,1992-08-13,177.8,,,,,,,,,,,
676,CESAR ALMEIDA,64d47ef881a437a4,Cesar Almeida,7.0,1.0,0.0,1988-03-28,185.42,83.91452,187.96,Orthodox,4.16,2.32,58.0,48%,0.0,0.0,60,0.3
677,CESAR ARZAMENDIA,49f78022126bf4a4,Cesar Arzamendia,8.0,3.0,0.0,1991-01-31,180.34,70.30676,,Orthodox,5.37,5.2,45.0,56%,7.32,75.0,0%,2.4
678,CESAR GRACIE,079488710f012779,Cesar Gracie,0.0,0.0,0.0,,177.8,,,Orthodox,0.0,17.14,0.0,50%,0.0,0.0,0%,0.0
679,CESAR MARSCUCCI,e8efeb9cf33b1941,Cesar Marscucci,3.0,2.0,0.0,,,,,,0.0,0.0,0.0,0%,0.0,0.0,0%,0.0
680,CEZAR FERREIRA,dbc17725b887860a,Cezar Ferreira,13.0,8.0,0.0,1985-02-15,185.42,83.91452,198.12,Southpaw,1.9,2.44,42.0,53%,2.69,53.0,84%,0.5
681,CEZARY OLEKSIEJCZUK,084532da3d25f3b8,Cezary Oleksiejczuk,0.0,0.0,0.0,2000-01-06,190.5,83.91452,190.5,Southpaw,,,,,,,,
682,CHAD ANHELIGER,c7c39e2fb70248b3,Chad Anheliger,13.0,8.0,0.0,1986-12-01,167.64,61.23492,162.56,Orthodox,3.11,2.76,46.0,53%,0.68,30.0,38,0.5
683,CHAD COOK,e6daf9cdbf0da889,Chad Cook,0.0,0.0,0.0,1979-11-07,187.96,,,,0.0,0.0,0.0,0%,0.0,0.0,0%,0.0
684,CHAD CORVIN,1267b631db78665a,Chad Corvin,0.0,0.0,0.0,,195.58,,,,0.0,0.0,0.0,0%,0.0,0.0,0%,0.0
685,CHAD GEORGE,14e797332ea32cdb,Chad George,0.0,0.0,0.0,1982-04-30,167.64,,172.72,Southpaw,1.26,1.11,50.0,65%,3.08,46.0,0%,1.3
686,CHAD GRIGGS,fdf18227faa596dd,Chad Griggs,11.0,3.0,0.0,1978-05-15,185.42,92.98636,185.42,Orthodox,2.67,2.22,50.0,46%,1.51,66.0,41%,0.0
687,CHAD HANEKOM,98533a2738124a0d,Chad Hanekom,0.0,0.0,0.0,1990-04-20,193.04,,187.96,Orthodox,,,,,,,,
688,CHAD JOHNSON,6ce9a012e4c6020c,Chad Johnson,0.0,0.0,0.0,1986-07-22,187.96,,203.2,Orthodox,5.92,7.8,68.0,40%,0.0,0.0,0%,0.0
689,CHAD LAPRISE,c03a5022f8439f2a,Chad Laprise,13.0,4.0,0.0,1986-07-23,177.8,77.11064,180.34,Orthodox,4.78,3.59,42.0,65%,1.05,54.0,78%,0.0
690,CHAD LEONHARDT,657d0ed181f04215,Chad Leonhardt,0.0,0.0,0.0,1980-02-19,182.88,,,,0.0,0.0,0.0,0%,0.0,0.0,0%,0.0
691,CHAD MENDES,b5b684eac99ae0a3,Chad Mendes,18.0,5.0,0.0,1985-05-01,167.64,65.77083999999999,167.64,Orthodox,2.78,2.35,49.0,67%,4.13,55.0,100%,0.3
692,CHAD REINER,d8022d5526b1d937,Chad Reiner,33.0,18.0,0.0,1981-06-29,180.34,77.11064,,Orthodox,0.53,1.97,20.0,46%,0.99,33.0,25%,2.0
693,CHAD ROBICHAUX,b2aa1e07b5b3306e,Chad Robichaux,0.0,0.0,0.0,1975-08-18,162.56,,,,0.0,0.0,0.0,0%,0.0,0.0,0%,0.0
694,CHAD SUTTON,556347e2b0e33979,Chad Sutton,0.0,0.0,0.0,1982-08-07,185.42,,,,0.0,0.0,0.0,0%,0.0,0.0,0%,0.0
695,CHAD VANCE,26d61e92a6069cd2,Chad Vance,0.0,0.0,0.0,,182.88,,,Orthodox,0.0,0.0,0.0,0%,0.0,0.0,0%,0.0
696,CHAD W. SAUNDERS,4fe9492959834bf7,Chad W. Saunders,0.0,0.0,0.0,,177.8,,,Orthodox,0.0,0.0,0.0,0%,0.0,0.0,0%,0.0
697,CHAEL SONNEN,48d1f690b763934c,Chael Sonnen,29.0,15.0,1.0,1977-04-03,185.42,92.98636,185.42,Southpaw,3.08,1.1,43.0,62%,3.81,59.0,66%,0.4
698,CHALID ARRAB,770b9d4813c25902,Chalid Arrab,0.0,0.0,0.0,1975-05-28,180.34,,,Orthodox,1.56,1.63,34.0,56%,3.05,75.0,37%,1.0
699,CHAN SUNG JUNG,c451d67c09c55418,Chan Sung Jung,17.0,8.0,0.0,1987-03-17,170.18,65.77083999999999,182.88,Orthodox,4.15,4.01,41.0,56%,0.62,41.0,75%,0.5
700,CHAN-MI JEON,24174a3f44ce8e03,Chan-Mi Jeon,5.0,2.0,0.0,1997-08-28,165.1,52.16308,,Orthodox,6.23,7.77,31.0,55%,0.0,0.0,0%,0.0
701,CHANCE FARRAR,49c7236c737d7e59,Chance Farrar,0.0,0.0,0.0,1975-09-11,175.26,,,Southpaw,0.81,2.21,22.0,67%,3.02,100.0,0%,0.0
702,CHANCE RENCOUNTRE,1ddb480b601cefb1,Chance Rencountre,14.0,4.0,0.0,1986-12-31,187.96,77.11064,190.5,Southpaw,1.1,3.62,20.0,49%,1.35,26.0,16%,0.3
703,CHANDLER COLE,5d8a9c95af50280a,Chandler Cole,0.0,0.0,0.0,1995-01-09,177.8,,182.88,Orthodox,,,,,,,,
704,CHANGHO LEE,117a06469813e4ef,ChangHo Lee,11.0,1.0,0.0,1994-05-09,172.72,61.23492,175.26,Orthodox,4.92,2.35,67.0,39%,3.27,33.0,37,0.4
705,CHANGMIN YOON,29ab96eae72bad9f,ChangMin Yoon,0.0,0.0,0.0,1994-05-10,172.72,,177.8,Orthodox,,,,,,,,
706,CHARALAMPOS GRIGORIOU,68b8ebdfce9dbb61,Charalampos Grigoriou,8.0,5.0,0.0,1992-03-31,170.18,61.23492,170.18,Orthodox,2.62,3.97,48.0,46%,2.62,80.0,90,0.0
707,CHARLENE GELLNER,effd0b70e6749ab2,Charlene Gellner,0.0,0.0,0.0,,157.48,,,,2.01,3.24,42.0,43%,0.0,0.0,0%,1.7
708,CHARLES BENNETT,8dc4f34c1f50d00d,Charles Bennett,0.0,0.0,0.0,1979-11-23,172.72,,,Orthodox,1.39,1.35,39.0,64%,2.02,100.0,36%,2.0
709,CHARLES BYRD,76ee3d666c648f6b,Charles Byrd,10.0,7.0,0.0,1983-10-11,177.8,83.91452,185.42,Orthodox,3.43,2.63,55.0,55%,2.5,50.0,40%,1.5
710,CHARLES JOHNSON,814e5233e2acf2ee,Charles Johnson,18.0,7.0,0.0,1991-01-10,175.26,56.699,177.8,Switch,4.54,3.88,49.0,55%,0.47,16.0,66%,0.4
711,CHARLES JOURDAIN,f1d64ae34e088832,Charles Jourdain,16.0,8.0,1.0,1995-11-27,175.26,61.23492,175.26,Switch,5.36,4.11,49.0,56%,0.38,21.0,46%,0.6
712,CHARLES MCCARTHY,da97d6c97d09c030,Charles McCarthy,10.0,5.0,0.0,1980-08-06,177.8,83.91452,180.34,Orthodox,0.18,4.03,12.0,56%,2.67,60.0,0%,2.7
713,CHARLES MCTORRY,acd8a53f7c0ce85e,Charles McTorry,0.0,0.0,0.0,,,,,,0.0,0.0,0.0,0%,0.0,0.0,0%,0.0
714,CHARLES OLIVEIRA,07225ba28ae309b6,Charles Oliveira,35.0,11.0,0.0,1989-10-17,177.8,70.30676,187.96,Orthodox,3.22,2.94,52.0,54%,2.64,44.0,57%,2.8
715,CHARLES RADTKE,feedf3053472fe56,Charles Radtke,10.0,5.0,0.0,1990-07-09,175.26,77.11064,182.88,Orthodox,2.5,2.45,53.0,54%,1.99,44.0,100%,0.5
716,CHARLES ROSA,40093d1d2d78394e,Charles Rosa,14.0,8.0,0.0,1986-08-24,175.26,65.77083999999999,175.26,Switch,3.11,3.78,37.0,48%,1.76,32.0,40%,1.0
717,CHARLIE BRENNEMAN,98f6da59d765ec94,Charlie Brenneman,19.0,8.0,0.0,1981-02-09,177.8,70.30676,177.8,Orthodox,1.52,1.55,56.0,46%,4.23,42.0,72%,0.0
718,CHARLIE CAMPBELL,b39f7a6c2be17ee8,Charlie Campbell,9.0,2.0,0.0,1995-07-03,182.88,70.30676,182.88,Orthodox,5.55,3.73,54.0,55%,2.95,40.0,71,0.0
719,CHARLIE KOHLER,5717efc6f271cd52,Charlie Kohler,0.0,0.0,0.0,1976-07-16,175.26,,,Orthodox,0.81,4.31,33.0,46%,0.0,0.0,0%,4.0
720,CHARLIE ONTIVEROS,318572f6f74b760d,Charlie Ontiveros,11.0,9.0,0.0,1991-07-04,187.96,70.30676,187.96,Switch,0.33,4.18,40.0,19%,0.0,0.0,0%,0.0
721,CHARLIE VALENCIA,8a0be41c0380188d,Charlie Valencia,12.0,7.0,0.0,1974-10-31,160.02,61.23492,162.56,Orthodox,2.58,2.61,37.0,77%,1.4,53.0,75%,0.5
722,CHARLIE WARD,e81dd0bb8a64b550,Charlie Ward,3.0,3.0,0.0,1980-12-17,180.34,77.11064,,Orthodox,1.64,7.21,19.0,53%,0.0,0.0,0%,0.0
723,CHARON SPAIN,c278e8843b8abfec,Charon Spain,0.0,0.0,0.0,1988-03-11,175.26,,,,0.0,0.0,0.0,0%,0.0,0.0,0%,0.0
724,CHAS SKELLY,4bd6b4800070b069,Chas Skelly,19.0,3.0,0.0,1985-05-11,180.34,65.77083999999999,182.88,Orthodox,2.02,3.35,40.0,48%,1.71,34.0,33%,2.4
725,CHASE BEEBE,b16a7e6a627e9789,Chase Beebe,0.0,0.0,0.0,1985-03-29,170.18,,170.18,Orthodox,2.17,1.64,38.0,69%,2.49,42.0,41%,0.9
726,CHASE GIBSON,09439946214993bc,Chase Gibson,0.0,0.0,0.0,1990-02-07,177.8,,182.88,Orthodox,3.13,6.4,54.0,52%,0.0,0.0,0%,0.0
727,CHASE GORMLEY,052ceb8976695342,Chase Gormley,14.0,6.0,0.0,1983-08-11,190.5,120.20188,,Orthodox,3.6,6.03,42.0,44%,3.12,42.0,0%,1.0
728,CHASE HOOPER,971246648e162f0d,Chase Hooper,16.0,4.0,1.0,1999-09-13,185.42,70.30676,187.96,Southpaw,4.43,3.95,45.0,38%,0.32,7.0,66%,2.2
729,CHASE SHERMAN,01b352b6a9074d5c,Chase Sherman,16.0,12.0,0.0,1989-11-16,193.04,113.398,198.12,Orthodox,6.02,5.55,45.0,52%,0.0,0.0,77%,0.0
730,CHASE WALDON,aeb6c57b9bd8bc3a,Chase Waldon,0.0,0.0,0.0,1986-09-19,185.42,,190.5,Orthodox,1.03,6.72,28.0,38%,7.76,33.0,0%,0.0
731,CHASEN BLAIR,0f4a536507f33576,Chasen Blair,0.0,0.0,0.0,1998-10-14,177.8,,180.34,Orthodox,,,,,,,,
732,CHATT LAVENDER,5449dcccd972ff83,Chatt Lavender,0.0,0.0,0.0,1976-05-24,172.72,,,,0.0,0.0,0.0,0%,0.0,0.0,0%,0.0
733,CHE MILLS,6cadfd8f1d9e7685,Che Mills,16.0,10.0,0.0,1982-09-29,185.42,77.11064,193.04,Orthodox,2.08,2.87,52.0,43%,1.18,66.0,58%,0.0
734,CHEICK KONGO,1eacf73d6a0055dc,Cheick Kongo,27.0,10.0,2.0,1975-05-17,193.04,108.86207999999999,208.28,Orthodox,3.33,1.28,56.0,54%,2.3,56.0,52%,0.2
735,CHEL ERWIN-DAVIS,c26ea30823f37316,Chel Erwin-Davis,0.0,0.0,0.0,1986-07-10,182.88,,,,4.06,1.13,54.0,61%,4.25,100.0,50%,1.4
736,CHELSEA CHANDLER,af9efbfd63d39734,Chelsea Chandler,6.0,4.0,0.0,1990-11-23,172.72,61.23492,172.72,Southpaw,3.52,4.27,45.0,40%,0.81,60.0,25%,0.3
737,CHELSEA HACKETT,184b7a36d50dcc5e,Chelsea Hackett,0.0,0.0,0.0,1998-08-16,162.56,,167.64,Switch,2.58,4.85,51.0,46%,0.0,0.0,57%,0.0
738,CHEPE MARISCAL,e0c6edcb5b5d0b90,Chepe Mariscal,18.0,6.0,0.0,1992-10-27,170.18,65.77083999999999,175.26,Orthodox,4.95,3.07,56.0,51%,2.85,39.0,73,0.2
739,CHEYANNE BUYS,6d96ef7753be8b8b,Cheyanne Buys,0.0,0.0,0.0,1995-06-25,,,160.02,Switch,4.1,1.67,53.0,65%,0.0,0.0,60%,0.0
740,CHEYANNE VLISMAS,4959f10a62f3fec3,Cheyanne Vlismas,7.0,3.0,0.0,1995-06-25,160.02,52.16308,160.02,Switch,4.93,2.57,50.0,64%,0.25,33.0,66,0.2
741,CHEYDEN LEIALOHA,98cbbc06074c68a4,Cheyden Leialoha,0.0,0.0,0.0,1994-03-15,172.72,,185.42,Orthodox,1.87,3.2,28.0,53%,2.0,33.0,71%,0.0
742,CHI LEWIS-PARRY,a307a10414d0ad00,Chi Lewis-Parry,0.0,0.0,0.0,1983-08-10,205.74,,,,0.0,0.0,0.0,0%,0.0,0.0,0%,0.0
743,CHIBWIKEM ONYENEGECHA,887e09328cd63df1,Chibwikem Onyenegecha,0.0,0.0,0.0,1994-04-18,190.5,,,Orthodox,5.6,3.4,55.0,52%,0.0,0.0,100%,0.0
744,CHICO CAMUS,32be4b7f7de1c905,Chico Camus,17.0,7.0,0.0,1985-01-26,167.64,56.699,167.64,Orthodox,2.58,2.46,41.0,64%,0.77,40.0,72%,0.4
745,CHIDI NJOKUANI,c68c68efaa5ca6ef,Chidi Njokuani,25.0,11.0,0.0,1988-12-31,190.5,77.11064,203.2,Orthodox,1.93,1.73,51.0,49%,0.0,0.0,80%,0.0
746,CHRIS AMARANTE,ee0b69e307c857e5,Chris Amarante,0.0,0.0,0.0,,,,,,0.0,0.0,0.0,0%,0.0,0.0,0%,0.0
747,CHRIS AVILA,4665cbf36b08193b,Chris Avila,5.0,4.0,0.0,1993-01-16,177.8,65.77083999999999,,Orthodox,2.37,4.17,30.0,48%,0.0,0.0,46%,0.0
748,CHRIS BARNETT,7a5e8c94a86f9895,Chris Barnett,23.0,9.0,0.0,1986-06-14,175.26,120.20188,190.5,Orthodox,4.21,6.53,47.0,39%,0.0,0.0,33,0.0
749,CHRIS BARNHIZER,91e69a1c3c87325b,Chris Barnhizer,0.0,0.0,0.0,,,,,,0.0,0.0,0.0,0%,0.0,0.0,0%,0.0
750,CHRIS BEAL,55f446032177b119,Chris Beal,10.0,5.0,0.0,1985-08-06,170.18,56.699,175.26,Orthodox,3.45,3.18,35.0,61%,1.6,58.0,78%,0.2
751,CHRIS BIRCHLER,8a22c6b4d29880a3,Chris Birchler,0.0,0.0,0.0,1987-06-05,190.5,,,Switch,9.35,14.83,46.0,35%,0.0,0.0,0%,0.0
752,CHRIS BOSTICK,239224bedeb2c7a4,Chris Bostick,0.0,0.0,0.0,,,,,,0.0,0.0,0.0,0%,0.0,0.0,0%,0.0
753,CHRIS BRENNAN,b19fc66613dc75b9,Chris Brennan,21.0,13.0,1.0,1971-10-12,172.72,77.11064,,Orthodox,0.6,0.97,40.0,50%,0.0,0.0,25%,2.1
754,CHRIS BROWN,9e2624ac992660c6,Chris Brown,0.0,0.0,0.0,,,,,,0.0,0.0,0.0,0%,0.0,0.0,0%,0.0
755,CHRIS CAMOZZI,6c2030e0a143a94b,Chris Camozzi,24.0,13.0,0.0,1986-11-20,187.96,83.91452,190.5,Orthodox,3.57,2.96,44.0,56%,0.27,19.0,57%,0.5
756,CHRIS CARIASO,b2e3aca4cd363477,Chris Cariaso,17.0,8.0,0.0,1981-05-27,160.02,56.699,162.56,Southpaw,3.35,2.23,43.0,61%,1.11,39.0,57%,0.8
757,CHRIS CLEMENTS,e5ecaf884b6da2bc,Chris Clements,12.0,6.0,0.0,1976-02-09,177.8,77.11064,177.8,Orthodox,3.2,2.37,49.0,44%,0.0,0.0,32%,0.3
758,CHRIS COGGINS,a0c29b13f7a5df32,Chris Coggins,0.0,0.0,0.0,1989-10-09,,,,,0.0,0.0,0.0,0%,0.0,0.0,0%,0.0
759,CHRIS CONDO,41e77dc504a192c6,Chris Condo,0.0,1.0,0.0,,182.88,151.95332,,Orthodox,0.0,0.0,0.0,0%,0.0,0.0,0%,0.0
760,CHRIS COPE,8c8c92a12621d7e0,Chris Cope,8.0,4.0,0.0,1983-03-05,182.88,77.11064,182.88,Orthodox,3.96,4.82,26.0,50%,0.0,0.0,80%,0.0
761,CHRIS CULLEY,e59b13321562eed3,Chris Culley,0.0,0.0,0.0,1986-03-25,,,,,0.0,0.0,0.0,0%,0.0,0.0,0%,0.0
762,CHRIS CURTIS,5442f1bc4b47eaf3,Chris Curtis,32.0,12.0,0.0,1987-07-15,177.8,77.11064,190.5,Orthodox,7.23,5.34,70.0,60%,0.0,0.0,0%,0.0
763,CHRIS DAUKAUS,d0aaedcf7ccd0b45,Chris Daukaus,12.0,7.0,0.0,1989-09-25,190.5,92.98636,193.04,Orthodox,11.78,3.22,61.0,65%,0.0,0.0,100%,0.0
764,CHRIS DE LA ROCHA,e51ee8ded927fc51,Chris de la Rocha,5.0,3.0,0.0,1979-05-15,190.5,113.398,203.2,Orthodox,4.08,6.37,45.0,43%,2.02,30.0,33%,1.0
765,CHRIS DEMPSEY,dfae5da5676e4194,Chris Dempsey,11.0,5.0,0.0,1987-09-08,177.8,83.91452,182.88,Orthodox,2.25,2.82,32.0,65%,2.64,23.0,16%,0.0
766,CHRIS DRUMM,5fd834edd92c9e50,Chris Drumm,0.0,0.0,0.0,,172.72,,,,0.0,0.0,0.0,0%,0.0,0.0,0%,0.0
767,CHRIS DUNCAN,fd406a32a6fb3a29,Chris Duncan,14.0,2.0,0.0,1993-05-10,177.8,70.30676,180.34,Orthodox,4.83,4.57,45.0,50%,2.92,40.0,55%,0.6
768,CHRIS EWERT,54c2576b7f2f1f57,Chris Ewert,0.0,0.0,0.0,1993-09-06,182.88,,190.5,Orthodox,,,,,,,,
769,CHRIS FISHGOLD,bebb4ae55ac2bf6f,Chris Fishgold,18.0,4.0,1.0,1992-06-06,172.72,65.77083999999999,172.72,Orthodox,2.01,2.7,32.0,46%,2.59,46.0,44%,1.3
770,CHRIS GRUETZEMACHER,feaf00f3373435d6,Chris Gruetzemacher,15.0,5.0,0.0,1986-06-16,172.72,70.30676,172.72,Orthodox,7.02,5.54,57.0,55%,0.0,0.0,62%,0.0
771,CHRIS GUILLEN,da0f33e4255f99eb,Chris Guillen,0.0,0.0,0.0,1972-12-09,182.88,,,Orthodox,0.82,1.91,27.0,36%,0.0,0.0,0%,0.0
772,CHRIS GUTIERREZ,45f0cc9d18f35137,Chris Gutierrez,22.0,6.0,2.0,1991-04-22,175.26,61.23492,170.18,Orthodox,4.3,2.45,57.0,59%,0.57,60.0,73%,0.2
773,CHRIS HASEMAN,5bd533d50c8e7b8a,Chris Haseman,20.0,17.0,0.0,1969-06-02,180.34,92.98636,,Orthodox,0.93,4.67,70.0,28%,0.0,0.0,40%,2.0
774,CHRIS HAWK,9460c867aae1987e,Chris Hawk,0.0,0.0,0.0,1985-12-20,185.42,,,,0.0,0.0,0.0,0%,0.0,0.0,0%,0.0
775,CHRIS HEATHERLY,bad8be5827ea1bf1,Chris Heatherly,9.0,4.0,0.0,1987-11-24,175.26,70.30676,,Orthodox,1.08,2.67,45.0,52%,3.39,50.0,100%,0.7
776,CHRIS HERRERA,f71028a6e5128856,Chris Herrera,0.0,0.0,0.0,1984-04-23,177.8,,,,2.04,3.35,37.0,48%,1.8,100.0,100%,0.0
777,CHRIS HOFMANN,33fb306278dbb3e5,Chris Hofmann,0.0,0.0,0.0,1989-11-18,182.88,,182.88,Orthodox,,,,,,,,
778,CHRIS HOLDSWORTH,fc60ecf0671b9489,Chris Holdsworth,6.0,0.0,0.0,1987-10-24,180.34,61.23492,,,1.85,1.94,29.0,58%,3.38,62.0,100%,2.0
779,CHRIS HONEYCUTT,4d2e3320d815f687,Chris Honeycutt,0.0,0.0,0.0,1988-07-25,177.8,,185.42,,2.99,1.41,44.0,66%,3.4,45.0,75%,0.0
780,CHRIS HORODECKI,e29cf523ebd155c5,Chris Horodecki,0.0,0.0,0.0,1987-09-24,175.26,,175.26,Orthodox,4.59,3.16,41.0,65%,1.52,55.0,37%,0.9
781,CHRIS INDICH,d5b7fac960e58920,Chris Indich,6.0,4.0,0.0,1987-04-22,177.8,77.11064,,,1.31,4.32,30.0,43%,0.75,50.0,50%,1.5
782,CHRIS INMAN,f0a381ba65d2a933,Chris Inman,0.0,0.0,0.0,,,,,,0.0,0.0,0.0,0%,0.0,0.0,0%,0.0
783,CHRIS JONES,509319d35664369e,Chris Jones,0.0,0.0,0.0,1981-11-16,175.26,,,,0.0,0.0,0.0,0%,0.0,0.0,0%,0.0
784,CHRIS KELADES,56c9acc4e86046a2,Chris Kelades,9.0,3.0,0.0,1981-02-21,170.18,56.699,172.72,Orthodox,2.4,2.64,43.0,48%,1.04,18.0,53%,0.3
785,CHRIS LEBEN,d43a048a880efdff,Chris Leben,22.0,11.0,0.0,1980-07-21,180.34,83.91452,185.42,Southpaw,2.87,2.87,42.0,52%,1.14,41.0,53%,0.8
786,CHRIS LIGUORI,0e31bfd26cc8c503,Chris Liguori,15.0,10.0,0.0,,175.26,83.91452,,Orthodox,0.29,1.44,33.0,0%,0.0,0.0,50%,0.0
787,CHRIS LYTLE,91acd6910b802a9e,Chris Lytle,31.0,18.0,5.0,1974-08-18,180.34,77.11064,172.72,Orthodox,3.76,3.03,45.0,58%,0.7,55.0,55%,2.4
788,CHRIS MANUEL,a23e63184c65f5b8,Chris Manuel,0.0,0.0,0.0,1987-07-21,175.26,,,Orthodox,2.53,2.67,40.0,66%,1.0,20.0,100%,0.0
789,CHRIS MICKLE,f903967fd320da38,Chris Mickle,0.0,0.0,0.0,1983-07-10,175.26,,,Orthodox,3.03,9.7,27.0,48%,0.0,0.0,0%,0.0
790,CHRIS MIERZWIAK,2b284840ca89876a,Chris Mierzwiak,0.0,0.0,0.0,1988-02-14,185.42,,,,1.6,1.73,61.0,48%,2.0,28.0,0%,1.0
791,CHRIS PADILLA,06626b6287e1ae1e,Chris Padilla,16.0,6.0,0.0,1995-09-14,175.26,70.30676,187.96,Orthodox,6.19,4.88,54.0,49%,1.13,28.0,80%,0.3
792,CHRIS PRICE,0597a4528ebd1307,Chris Price,19.0,4.0,0.0,1982-11-09,187.96,83.91452,,Southpaw,1.44,2.59,66.0,48%,0.0,0.0,33%,2.2
793,CHRIS SANFORD,29f935654825331b,Chris Sanford,5.0,1.0,0.0,1968-03-12,180.34,83.91452,,Orthodox,0.23,3.22,50.0,17%,0.0,0.0,0%,3.5
794,CHRIS SAUNDERS,b35a159f525764eb,Chris Saunders,16.0,8.0,0.0,1986-03-11,172.72,70.30676,,,1.48,2.96,22.0,75%,3.7,100.0,0%,0.0
795,CHRIS SOLOMON,324c7a749128df8d,Chris Solomon,0.0,0.0,0.0,,180.34,,,,0.0,2.8,0.0,37%,0.0,0.0,33%,0.0
796,CHRIS SPANG,411d012af19ecb59,Chris Spang,6.0,3.0,0.0,1987-11-26,187.96,77.11064,,Orthodox,1.83,1.95,36.0,60%,0.0,0.0,50%,0.9
797,CHRIS TICKLE,1d1b85389a05df69,Chris Tickle,9.0,9.0,0.0,1982-02-01,175.26,70.30676,,,1.07,1.13,40.0,43%,1.0,25.0,20%,2.0
798,CHRIS TUCHSCHERER,df05aa15b2d66f57,Chris Tuchscherer,21.0,4.0,0.0,1975-09-08,187.96,117.026736,193.04,Orthodox,1.35,3.17,31.0,47%,1.19,18.0,0%,0.6
799,CHRIS WADE,c8097968da5e5f13,Chris Wade,12.0,3.0,0.0,1987-09-30,177.8,70.30676,177.8,Orthodox,1.7,1.75,53.0,51%,2.6,51.0,55%,1.1
800,CHRIS WEIDMAN,3a8176e15b9887c1,Chris Weidman,16.0,8.0,0.0,1984-06-17,187.96,83.91452,198.12,Orthodox,3.03,3.15,43.0,52%,3.93,47.0,65%,0.9
801,CHRIS WILSON,a56607a451e4c70d,Chris Wilson,18.0,10.0,0.0,1977-06-07,185.42,77.11064,190.5,Orthodox,2.32,1.36,50.0,55%,1.31,50.0,60%,1.6
802,CHRIS WRIGHT,7182146226dabe22,Chris Wright,0.0,0.0,0.0,1985-06-28,,,,,0.0,0.0,0.0,0%,0.0,0.0,0%,0.0
803,CHRIS YEE,920632ca1b78fae5,Chris Yee,0.0,0.0,0.0,,175.26,,,,0.0,0.0,0.0,0%,0.0,0.0,0%,0.0
804,CHRISTIAN AGUILERA,ae071698e1a3ccd4,Christian Aguilera,14.0,8.0,0.0,1991-11-25,175.26,77.11064,182.88,Switch,3.35,4.89,41.0,46%,0.0,0.0,0%,0.0
805,CHRISTIAN COLOMBO,9123c54d0a2b72dd,Christian Colombo,8.0,3.0,1.0,1980-07-01,195.58,120.20188,,Orthodox,2.76,4.02,44.0,42%,0.0,0.0,33%,0.0
806,CHRISTIAN EDWARDS,f5d82eccdea4e2dd,Christian Edwards,0.0,0.0,0.0,1998-11-05,177.8,92.98636,198.12,Southpaw,2.4,2.4,50.0,55%,0.0,0.0,0%,0.0
807,CHRISTIAN LEROY DUNCAN,a93f94c923c3a9cb,Christian Leroy Duncan,12.0,2.0,0.0,1995-07-24,187.96,83.91452,200.66,Switch,4.83,2.94,59.0,51%,0.22,11.0,71,0.0
808,CHRISTIAN LOHSEN,4ab36d70d1b28b58,Christian Lohsen,0.0,0.0,0.0,1995-01-24,187.96,,195.58,Southpaw,5.27,6.93,49.0,44%,0.0,0.0,0%,2.0
809,CHRISTIAN MORECRAFT,80779d7441af1b52,Christian Morecraft,8.0,3.0,0.0,1986-09-08,198.12,117.93392,205.74,Orthodox,2.82,2.46,34.0,46%,3.26,66.0,50%,2.2
810,CHRISTIAN OCON,2d6d6ffe5a446ea2,Christian Ocon,0.0,0.0,0.0,1996-02-05,172.72,,175.26,Orthodox,1.73,5.27,53.0,34%,0.0,0.0,63%,0.0
811,CHRISTIAN RODRIGUEZ,5ec591b78349ba7e,Christian Rodriguez,12.0,4.0,0.0,1997-12-17,170.18,65.77083999999999,180.34,Orthodox,3.9,2.94,50.0,56%,1.81,40.0,67%,1.1
812,CHRISTIAN UFLACKER,10ccf4ec9913cadc,Christian Uflacker,0.0,0.0,0.0,1985-08-04,180.34,,,,0.0,0.0,0.0,0%,0.0,0.0,0%,0.0
813,CHRISTIAN WELLISCH,f1b2a4365799c48b,Christian Wellisch,8.0,5.0,0.0,1975-09-13,187.96,106.140528,195.58,Orthodox,3.12,3.04,27.0,56%,1.22,42.0,45%,1.2
814,CHRISTIEN SAVOIE,67f0d1b1b0b39bec,Christien Savoie,0.0,0.0,0.0,1992-08-29,180.34,,182.88,Orthodox,,,,,,,,
815,CHRISTINA MARKS,c7be22a47a58365a,Christina Marks,8.0,9.0,0.0,1985-11-08,170.18,56.699,175.26,Orthodox,5.0,3.0,58.0,64%,7.5,100.0,0%,0.0
816,CHRISTOPHE LENINGER,7269329bd87eb479,Christophe Leninger,3.0,4.0,0.0,,182.88,90.7184,,Southpaw,0.0,0.0,0.0,0%,0.0,0.0,0%,0.0
817,CHRISTOPHER ALVIDREZ,f4abf9aeda861283,Christopher Alvidrez,0.0,0.0,0.0,1996-12-27,182.88,,187.96,Orthodox,,,,,,,,
818,CHRISTOPHER LOPEZ,5148a665aa527865,Christopher Lopez,0.0,0.0,0.0,1986-01-30,177.8,,,,0.0,0.0,0.0,0%,0.0,0.0,0%,0.0
819,CHRISTOS GIAGOS,de45aaae23dfa392,Christos Giagos,20.0,12.0,0.0,1990-01-23,177.8,70.30676,180.34,Orthodox,2.88,2.59,41.0,51%,3.11,39.0,50%,0.3
820,CHUCK GRIGSBY,7fb4234670271505,Chuck Grigsby,0.0,0.0,0.0,1972-08-15,198.12,,,Orthodox,0.71,3.29,16.0,46%,0.0,0.0,66%,0.0
821,CHUCK LIDDELL,a390eb8a9b2df298,Chuck Liddell,21.0,8.0,0.0,1969-12-17,187.96,92.98636,193.04,Orthodox,2.97,2.71,35.0,56%,0.44,75.0,81%,0.0
822,CHUCK O'NEIL,56bc9ccb609df534,Chuck O'Neil,17.0,9.0,0.0,1985-09-22,187.96,77.11064,,,3.13,4.4,37.0,72%,0.0,0.0,0%,0.0
823,CHUNGRENG KOREN,000774e57404d8c7,Chungreng Koren,0.0,0.0,0.0,1998-02-01,,,,,,,,,,,,
824,CINDY DANDOIS,9eef6584fab21fbb,Cindy Dandois,8.0,3.0,0.0,1984-10-26,170.18,61.23492,,Orthodox,3.13,3.4,32.0,58%,5.0,55.0,0%,0.0
825,CIRYL GANE,787bb1f087ccff8a,Ciryl Gane,13.0,2.0,0.0,1990-04-12,193.04,111.13004,205.74,Orthodox,5.4,2.31,61.0,60%,0.66,23.0,47%,0.6
826,CJ FERNANDES,979f7edbb6980b0d,CJ Fernandes,14.0,8.0,3.0,1977-11-13,187.96,77.11064,,,0.0,0.0,0.0,0%,0.0,0.0,0%,0.0
827,CJ HAMILTON,7da5839b223f3728,CJ Hamilton,0.0,0.0,0.0,1986-10-07,170.18,,172.72,Switch,2.47,3.93,31.0,58%,0.0,0.0,62%,0.0
828,CJ KEITH,c0eecd851dbf3146,CJ Keith,8.0,4.0,0.0,1986-08-09,182.88,70.30676,,Orthodox,0.86,1.82,50.0,50%,0.0,0.0,62%,0.0
829,CJ MARSH,4c91eb190d5e0dd9,CJ Marsh,0.0,0.0,0.0,,,,,,0.0,0.0,0.0,0%,0.0,0.0,0%,0.0
830,CJ VERGARA,077e3ace32b72be9,CJ Vergara,12.0,7.0,1.0,1991-06-18,167.64,56.699,172.72,Orthodox,5.02,4.69,56.0,53%,0.0,0.0,60,0.2
831,CLAUDE PATRICK,56116a79e4deed06,Claude Patrick,14.0,2.0,0.0,1980-06-14,180.34,77.11064,190.5,Orthodox,1.8,0.89,55.0,69%,2.32,53.0,84%,1.7
832,CLAUDIA GADELHA,ec34349e7dffcde7,Claudia Gadelha,18.0,5.0,0.0,1988-12-07,162.56,52.16308,160.02,Orthodox,3.31,4.57,41.0,57%,3.03,42.0,58%,0.7
833,CLAUDIA LEITE,90550a08f0b02b6f,Claudia Leite,0.0,0.0,0.0,1996-11-04,160.02,,162.56,Orthodox,,,,,,,,
834,CLAUDIO MATTOS,6e2b1d631832921d,Claudio Mattos,0.0,0.0,0.0,,,,,Orthodox,0.0,3.53,0.0,0%,0.0,0.0,0%,0.0
835,CLAUDIO PUELLES,d747eb273a40a920,Claudio Puelles,13.0,4.0,0.0,1996-04-21,177.8,70.30676,182.88,Southpaw,1.95,3.73,44.0,50%,3.06,36.0,0%,1.3
836,CLAUDIO RIBEIRO,972c456ff38b2015,Claudio Ribeiro,11.0,5.0,0.0,1992-07-17,185.42,83.91452,195.58,Orthodox,3.59,4.9,51.0,30%,0.56,50.0,66,0.0
837,CLAUDIO SILVA,6f7c616b98e18c29,Claudio Silva,14.0,4.0,0.0,1982-09-06,180.34,77.11064,180.34,Southpaw,3.14,3.12,42.0,43%,3.01,28.0,66%,1.6
838,CLAUDIONOR FONTINELLE,7a82635ffa9b59fe,Claudionor Fontinelle,0.0,0.0,0.0,1974-03-22,165.1,,,Orthodox,2.62,10.25,42.0,28%,0.0,0.0,0%,0.0
839,CLAY COLLARD,cc900c6a71ed23f3,Clay Collard,14.0,7.0,0.0,1993-03-10,180.34,65.77083999999999,185.42,Orthodox,4.22,5.0,32.0,50%,2.81,39.0,71%,0.5
840,CLAY FRENCH,73321668ff977f1b,Clay French,0.0,0.0,0.0,1980-10-07,170.18,,,Southpaw,1.52,1.27,50.0,16%,0.0,0.0,100%,0.0
841,CLAY GUIDA,c47df9303d318c67,Clay Guida,38.0,22.0,0.0,1981-12-08,170.18,70.30676,177.8,Orthodox,2.44,2.57,34.0,63%,3.36,38.0,68%,0.7
842,CLAY HARVISON,83a477a7dba1ca58,Clay Harvison,13.0,6.0,0.0,1980-09-25,185.42,77.11064,187.96,Orthodox,3.29,3.91,48.0,58%,0.66,100.0,68%,1.3
843,CLAY MITCHELL,3d960455f880bb25,Clay Mitchell,0.0,0.0,0.0,1983-08-18,187.96,,,,1.63,0.0,85.0,0%,0.0,0.0,100%,4.1
844,CLAYTON CARPENTER,b62d5280966b2460,Clayton Carpenter,8.0,1.0,0.0,1996-06-09,167.64,56.699,167.64,Orthodox,3.88,4.47,50.0,49%,1.75,35.0,50%,1.0
845,CLAYTON MACFARLANE,39831e62d12e7ad1,Clayton MacFarlane,0.0,0.0,0.0,,,,,,1.33,1.82,52.0,55%,1.05,33.0,37%,0.0
846,CLEBER LUCIANO,9bdebbf2735d14c2,Cleber Luciano,0.0,0.0,0.0,1973-12-15,167.64,,,,0.0,0.0,0.0,0%,0.0,0.0,0%,0.0
847,CLIFFORD STARKS,5abf827d62f98fee,Clifford Starks,13.0,3.0,0.0,1981-04-25,182.88,83.91452,198.12,Orthodox,1.94,2.49,33.0,58%,1.94,100.0,60%,0.0
848,CLINT CORONEL,fe67cd6423f7a8ad,Clint Coronel,0.0,0.0,0.0,1981-06-15,,,,,4.93,5.6,32.0,66%,0.0,0.0,66%,0.0
849,CLINT GODFREY,bd85ca0bb4f26cfc,Clint Godfrey,0.0,0.0,0.0,1982-10-21,167.64,,,Southpaw,0.57,0.96,31.0,65%,0.85,25.0,50%,0.0
850,CLINT HESTER,92b62174c175ce19,Clint Hester,11.0,6.0,0.0,1986-11-21,187.96,92.98636,195.58,Orthodox,3.36,3.44,42.0,56%,1.02,35.0,60%,0.0
851,CM PUNK,a8c9d16fe2a14d72,CM Punk,0.0,1.0,0.0,1978-10-26,185.42,77.11064,185.42,Orthodox,1.1,4.87,23.0,40%,0.87,11.0,0%,0.0
852,CODALE FORD,5340123d826ceadb,Codale Ford,0.0,0.0,0.0,1979-05-13,175.26,,,,0.0,0.0,0.0,0%,0.0,0.0,0%,0.0
853,CODY BRUNDAGE,f14f644d41ade29f,Cody Brundage,11.0,7.0,1.0,1994-05-16,182.88,83.91452,182.88,Orthodox,2.5,2.95,51.0,50%,1.8,41.0,66%,0.5
854,CODY CANTERBURY,23100e8f71f25a4a,Cody Canterbury,0.0,0.0,0.0,,172.72,,,,0.0,0.0,0.0,0%,0.0,0.0,0%,0.0
855,CODY CARRILLO,9346efb4bbaedd08,Cody Carrillo,0.0,0.0,0.0,1982-04-15,177.8,,,,0.0,0.0,0.0,0%,0.0,0.0,0%,0.0
856,CODY CHOVANCEK,3c4320a1b6106611,Cody Chovancek,0.0,0.0,0.0,1998-07-24,172.72,,170.18,Switch,,,,,,,,
857,CODY DONOVAN,7bc96507e4b38d3b,Cody Donovan,8.0,5.0,0.0,1981-02-20,190.5,92.98636,187.96,Orthodox,5.61,5.44,59.0,45%,1.67,28.0,0%,1.7
858,CODY DURDEN,7f6ed67d3ed3c036,Cody Durden,17.0,8.0,1.0,1991-03-29,170.18,56.699,170.18,Southpaw,3.24,3.94,44.0,50%,3.99,49.0,56%,0.7
859,CODY EAST,5713c1d2fac539ac,Cody East,12.0,3.0,0.0,1988-06-29,190.5,111.13004,,Orthodox,4.15,7.32,43.0,40%,3.97,100.0,16%,0.0
860,CODY FLOYD,8164250600b7c91b,Cody Floyd,0.0,0.0,0.0,1988-07-18,,,,,0.0,0.0,0.0,0%,0.0,0.0,0%,0.0
861,CODY GARBRANDT,d8c7c61b176e3994,Cody Garbrandt,14.0,7.0,0.0,1991-07-07,172.72,61.23492,165.1,Orthodox,3.35,3.33,37.0,65%,0.84,33.0,100%,0.0
862,CODY GIBSON,700a674c042b7a96,Cody Gibson,22.0,11.0,0.0,1987-09-11,177.8,61.23492,180.34,Orthodox,2.47,2.54,31.0,63%,1.85,38.0,58%,0.4
863,CODY HADDON,8e6654e9f0461b8f,Cody Haddon,8.0,1.0,0.0,1998-09-08,170.18,61.23492,175.26,Orthodox,8.84,2.72,56.0,62%,2.96,35.0,83%,0.6
864,CODY LAW,e3162dbdbfd78287,Cody Law,0.0,0.0,0.0,1995-03-24,,,,,,,,,,,,
865,CODY MCKENZIE,7be63795363029e8,Cody McKenzie,16.0,10.0,0.0,1987-12-16,182.88,70.30676,182.88,Switch,1.74,2.5,34.0,67%,2.5,25.0,14%,2.5
866,CODY PFISTER,5904b0b38dc6718d,Cody Pfister,13.0,6.0,1.0,1990-07-12,177.8,70.30676,185.42,Orthodox,1.41,2.8,25.0,51%,2.82,30.0,0%,0.0
867,CODY SONS,3324129f3745b300,Cody Sons,0.0,0.0,0.0,1994-04-04,175.26,,,,0.0,0.0,0.0,0%,0.0,0.0,0%,0.0
868,CODY STAMANN,bf7ad5628363eec9,Cody Stamann,21.0,8.0,1.0,1989-11-09,167.64,61.23492,162.56,Orthodox,4.14,3.18,48.0,63%,3.03,46.0,80%,0.0
869,COLBY COVINGTON,dc9572dd6ec74859,Colby Covington,17.0,5.0,0.0,1988-02-22,180.34,77.11064,182.88,Orthodox,4.12,2.86,38.0,55%,4.61,50.0,75%,0.1
870,COLBY THICKNESSE,ed7d329d7c29428d,Colby Thicknesse,7.0,1.0,0.0,1999-06-23,170.18,61.23492,175.26,Orthodox,3.24,2.93,41.0,54%,0.67,7.0,33%,1.7
871,COLE ESCOVEDO,5df17b3620145578,Cole Escovedo,17.0,9.0,0.0,1981-08-30,170.18,61.23492,182.88,Orthodox,1.77,4.32,43.0,49%,0.43,33.0,13%,0.0
872,COLE MILLER,282fa667ff9c51ed,Cole Miller,21.0,11.0,0.0,1984-04-26,185.42,65.77083999999999,185.42,Orthodox,3.0,3.88,33.0,59%,0.6,36.0,38%,1.8
873,COLE PROVINCE,2a470ad41c22c25a,Cole Province,0.0,0.0,0.0,1981-01-17,175.26,,172.72,Orthodox,1.47,2.72,44.0,43%,2.4,50.0,83%,1.0
874,COLE SMITH,56709e66f1c6008f,Cole Smith,7.0,2.0,0.0,1989-04-05,180.34,61.23492,170.18,Orthodox,1.78,1.96,35.0,49%,1.67,33.0,45%,1.7
875,COLE WILLIAMS,f9a20a17d712ef7c,Cole Williams,11.0,3.0,0.0,1983-12-15,182.88,77.11064,185.42,Orthodox,0.31,5.34,27.0,23%,0.0,0.0,25%,0.0
876,COLIN FLETCHER,7d09200f6a77b20e,Colin Fletcher,14.0,8.0,0.0,1983-01-08,187.96,70.30676,,Orthodox,3.1,2.97,34.0,62%,0.0,0.0,27%,0.0
877,COLIN ROBINSON,1a1a4d7a29041d77,Colin Robinson,10.0,12.0,0.0,1968-11-27,193.04,110.222856,,Orthodox,6.19,7.91,69.0,37%,2.58,100.0,50%,5.2
878,COLLEEN SCHNEIDER,aa943b9bc00cb0ed,Colleen Schneider,0.0,0.0,0.0,1982-03-12,,,,,2.17,2.5,48.0,50%,2.5,50.0,60%,0.0
879,COLLEY BRADFORD,fbbb9d2bf674ef61,Colley  Bradford,0.0,0.0,0.0,,,,,,0.43,1.73,25.0,50%,19.42,50.0,100%,0.0
880,COLLEYBRADFORD,1433786ac76cf777,ColleyBradford,0.0,0.0,0.0,,170.18,,,,,,,,,,,
881,COLLIN ANGLIN,047a91d3d9c79b05,Collin Anglin,8.0,3.0,0.0,1993-02-20,175.26,65.77083999999999,180.34,Orthodox,5.87,3.47,55.0,58%,3.0,75.0,100%,0.0
882,COLLIN HART,16bf6a73bdd302cd,Collin Hart,6.0,3.0,1.0,1989-10-12,185.42,83.91452,,Orthodox,6.33,7.53,44.0,51%,2.0,16.0,50%,0.0
883,COLLIN HUCKBODY,f372a848d250e006,Collin Huckbody,0.0,0.0,0.0,1994-09-29,190.5,,193.04,Orthodox,2.05,2.73,60.0,42%,10.23,100.0,0%,20.4
884,COLTIN COLE,cecd72feb0d640e3,Coltin Cole,0.0,0.0,0.0,1989-04-24,,,,,0.0,0.0,0.0,0%,0.0,0.0,0%,0.0
885,COLTON SMITH,2e25c1d983c26311,Colton Smith,7.0,4.0,0.0,1987-08-14,182.88,70.30676,180.34,Orthodox,1.64,2.3,41.0,51%,4.09,36.0,25%,1.4
886,CONNOR MATTHEWS,36e78278a77006d4,Connor Matthews,7.0,4.0,0.0,1992-05-31,172.72,65.77083999999999,180.34,Switch,4.82,6.06,43.0,55%,3.24,55.0,46,0.7
887,CONOR HEUN,fdb02029556ff4ed,Conor Heun,0.0,0.0,0.0,1979-02-11,177.8,,,Orthodox,2.92,3.66,36.0,54%,2.45,31.0,33%,0.3
888,CONOR MCGREGOR,f4c49976c75c5ab2,Conor McGregor,22.0,6.0,0.0,1988-07-14,175.26,70.30676,187.96,Southpaw,5.32,4.54,49.0,54%,0.7,55.0,67%,0.0
889,CONSTANTINOS PHILIPPOU,05560764359161e4,Constantinos Philippou,13.0,5.0,0.0,1979-11-29,180.34,83.91452,185.42,Orthodox,2.19,2.73,35.0,54%,0.4,42.0,65%,0.3
890,COREY ANDERSON,5e4eec08896c9423,Corey Anderson,14.0,5.0,0.0,1989-09-22,190.5,92.98636,200.66,Orthodox,4.43,2.22,46.0,59%,4.89,50.0,83%,0.0
891,COREY HILL,abbc737317f66b81,Corey Hill,6.0,9.0,0.0,1978-10-03,193.04,70.30676,203.2,Orthodox,3.57,1.61,46.0,70%,3.02,80.0,100%,0.0
892,CORINNE LAFRAMBOISE,fbe9f4efc2153be2,Corinne Laframboise,0.0,0.0,0.0,1989-05-25,162.56,,165.1,Orthodox,,,,,,,,
893,CORTAVIOUS ROMIOUS,8173f134396cb971,Cortavious Romious,9.0,4.0,0.0,1994-01-06,162.56,61.23492,172.72,Southpaw,1.91,3.46,38.0,39%,2.29,66.0,64,0.8
894,CORTEZ COLEMAN,ffb20ae0db47ebe6,Cortez Coleman,0.0,0.0,0.0,1982-01-28,185.42,,,,0.0,0.0,0.0,0%,0.0,0.0,0%,0.0
895,CORTNEY CASEY,5f179af5fffeb9f6,Cortney Casey,10.0,10.0,0.0,1987-05-05,170.18,56.699,170.18,Orthodox,4.33,4.19,38.0,52%,0.28,27.0,38%,0.6
896,CORY DEVELA,48544433372ecfa6,Cory Devela,0.0,0.0,0.0,1984-08-05,152.4,,,Orthodox,4.07,4.0,41.0,47%,1.07,12.0,62%,0.0
897,CORY HENDRICKS,9ab9912e0f8fa6d6,Cory Hendricks,3.0,1.0,0.0,1988-05-10,190.5,92.98636,,Switch,3.13,4.07,39.0,42%,0.0,0.0,100%,0.0
898,CORY MCKENNA,3351aa64aa83c4d9,Cory McKenna,8.0,4.0,0.0,1999-07-11,160.02,52.16308,147.32,Orthodox,3.47,3.03,44.0,45%,0.5,50.0,71%,0.0
899,CORY PETERSON,5df10509264586e5,Cory Peterson,0.0,0.0,0.0,1979-02-04,210.82,,,Orthodox,2.17,6.51,60.0,40%,0.0,0.0,0%,0.0
900,CORY SANDHAGEN,65f09bacd3957381,Cory Sandhagen,18.0,5.0,0.0,1992-04-20,180.34,61.23492,177.8,Switch,6.85,3.89,48.0,59%,1.07,50.0,30%,0.5
901,CORY WALMSLEY,83c6c3e0f8bde8ee,Cory Walmsley,8.0,2.0,0.0,,182.88,92.98636,,Orthodox,0.79,1.18,100.0,50%,0.0,0.0,0%,0.0
902,COTY WHEELER,e57f0b06ea39e360,Coty Wheeler,0.0,0.0,0.0,1978-10-11,167.64,,170.18,Orthodox,1.88,3.16,22.0,59%,0.87,37.0,33%,2.6
903,COURT MCGEE,523fa774700d7d3f,Court McGee,23.0,14.0,0.0,1984-12-12,180.34,77.11064,190.5,Orthodox,4.9,3.94,36.0,61%,1.6,21.0,63%,0.4
904,COURTNEY BUCK,3feed7d02711d8b7,Courtney Buck,0.0,0.0,0.0,1982-03-19,177.8,,,Orthodox,1.49,3.24,28.0,54%,0.0,0.0,33%,0.0
905,COURTNEY TURNER,56f4b81ec4db61af,Courtney Turner,0.0,3.0,0.0,,187.96,,,,0.0,0.0,0.0,0%,0.0,0.0,0%,0.0
906,CRAFTON WALLACE,bf41b5131545da12,Crafton Wallace,18.0,6.0,1.0,1975-11-10,182.88,83.91452,,Orthodox,1.55,2.36,44.0,47%,0.0,0.0,42%,0.0
907,CRAIG JONES,e947b563eb744a21,Craig Jones,0.0,0.0,0.0,1991-07-17,,,,,,,,,,,,
908,CRAIG OXLEY,4bb9d7a32d02a03e,Craig Oxley,0.0,0.0,0.0,1973-02-14,175.26,,,,0.0,0.0,0.0,0%,0.0,0.0,0%,0.0
909,CRAIG WHITE,3dd949593346dbc3,Craig White,14.0,9.0,0.0,1990-07-01,187.96,77.11064,193.04,Orthodox,1.23,3.28,40.0,39%,0.0,0.0,50%,0.8
910,CRAIG ZELLNER,3794e5e0bb0defb6,Craig Zellner,0.0,0.0,0.0,1976-09-09,187.96,,,Orthodox,0.61,4.65,9.0,61%,0.0,0.0,0%,0.0
911,CREZIO DE SOUZA,3746e21bb508391a,Crezio de Souza,0.0,0.0,0.0,,,,,Orthodox,0.0,0.0,0.0,0%,0.0,0.0,0%,0.0
912,CRISTIAN PEREZ,d84033157714ee94,Cristian Perez,0.0,0.0,0.0,1999-08-17,175.26,,182.88,Orthodox,,,,,,,,
913,CRISTIAN QUINONEZ,7debc13b36343605,Cristian Quinonez,18.0,5.0,0.0,1996-04-26,172.72,61.23492,177.8,Orthodox,4.19,4.55,40.0,55%,1.37,37.0,84,0.0
914,CRISTIANE JUSTINO,634bb0de2eb043b4,Cristiane Justino,21.0,2.0,0.0,1985-07-09,172.72,65.77083999999999,172.72,Orthodox,7.28,2.25,52.0,64%,0.66,55.0,94%,0.4
915,CRISTIANO MARCELLO,ff4c3ab594c7fac3,Cristiano Marcello,13.0,6.0,0.0,1977-12-03,175.26,70.30676,182.88,Orthodox,2.56,3.61,33.0,58%,0.44,11.0,20%,0.9
916,CRISTINA STANCIU,175852708cb55776,Cristina Stanciu,5.0,2.0,0.0,1994-03-29,160.02,52.16308,,Orthodox,2.5,3.07,50.0,52%,0.85,100.0,40%,1.7
917,CROSLEY GRACIE,52d92050a046bc17,Crosley Gracie,0.0,0.0,0.0,1979-07-18,175.26,,,Orthodox,1.69,1.54,37.0,60%,3.46,85.0,50%,0.6
918,CUB SWANSON,d247691a6c0e9034,Cub Swanson,30.0,14.0,0.0,1983-11-02,172.72,65.77083999999999,177.8,Orthodox,4.84,3.99,51.0,59%,1.0,50.0,63%,0.4
919,CUNG LE,d4f364dd076bb0e2,Cung Le,9.0,3.0,0.0,1972-05-25,175.26,83.91452,177.8,Southpaw,4.36,2.98,48.0,66%,1.37,71.0,88%,0.3
920,CURT WARBURTON,2721bb808bb2523c,Curt Warburton,13.0,6.0,0.0,,182.88,70.30676,185.42,Orthodox,2.13,3.44,42.0,43%,2.35,50.0,83%,0.9
921,CURTIS BLAYDES,fa6796c55d6c5440,Curtis Blaydes,19.0,5.0,0.0,1991-02-18,193.04,120.20188,203.2,Orthodox,4.18,2.76,52.0,53%,5.12,47.0,35%,0.0
922,CURTIS MILLENDER,f1928a52590c5532,Curtis Millender,17.0,5.0,0.0,1987-12-01,187.96,77.11064,193.04,Orthodox,3.86,2.95,46.0,61%,0.43,100.0,57%,0.0
923,CURTIS STOUT,e09dbbd5fe3f0fe2,Curtis Stout,11.0,12.0,1.0,1973-11-07,185.42,83.91452,,Southpaw,0.69,3.2,67.0,29%,0.0,0.0,20%,0.0
924,CYBORG ABREU,f689bd7bbd14b392,Cyborg Abreu,0.0,0.0,0.0,1980-12-20,,,,,,,,,,,,
925,CYNTHIA CALVILLO,98215d037be5bcb7,Cynthia Calvillo,9.0,6.0,1.0,1987-07-13,162.56,52.16308,162.56,Orthodox,4.18,3.52,41.0,67%,1.85,44.0,71%,1.1
926,CYRIL ASKER,9be6020024133293,Cyril Asker,9.0,4.0,0.0,1985-12-24,182.88,112.037224,187.96,Orthodox,3.35,5.82,39.0,35%,4.41,62.0,100%,0.9
927,CYRILLE DIABATE,43563a32c3f10e95,Cyrille Diabate,19.0,10.0,1.0,1973-10-06,198.12,92.98636,205.74,Southpaw,4.06,1.78,71.0,60%,1.17,83.0,53%,0.2
928,CYRILLO PADILHA,856c4d2668a875f9,Cyrillo Padilha,0.0,0.0,0.0,1978-01-23,180.34,,,,0.0,0.0,0.0,0%,0.0,0.0,0%,0.0
929,DA WOON JUNG,74f9448b97bf8bec,Da Woon Jung,15.0,6.0,1.0,1993-12-07,193.04,92.98636,198.12,Orthodox,3.24,4.23,40.0,49%,1.59,47.0,75,0.2
930,DA'MON BLACKSHEAR,da22387a0407a2dc,Da'Mon Blackshear,17.0,8.0,1.0,1994-08-12,177.8,61.23492,182.88,Switch,4.33,4.19,45.0,52%,1.48,33.0,71,1.5
931,DA-UN JUNG,ede93492123f301b,Da-Un Jung,0.0,0.0,0.0,1993-12-07,,,198.12,Orthodox,5.06,5.38,43.0,55%,0.0,0.0,83%,0.5
932,DAE WON KIM,354808cf38d9d73c,Dae Won Kim,0.0,0.0,0.0,1979-11-01,180.34,,,Orthodox,1.75,2.51,32.0,36%,3.43,42.0,0%,0.0
933,DAERMISI ZHAWUPASI,fd52e5f9ab25c94c,Daermisi Zhawupasi,0.0,0.0,0.0,1999-09-15,172.72,,172.72,Switch,,,,,,,,
934,DAGIISUREN CHAGNAADORJ,70186298465de3f3,Dagiisuren Chagnaadorj,0.0,0.0,0.0,1999-12-31,,,,,,,,,,,,
935,DAICHI ABE,5140122c3eecd307,Daichi Abe,6.0,2.0,0.0,1991-11-27,180.34,77.11064,180.34,Orthodox,3.8,4.49,33.0,56%,0.33,50.0,0%,0.0
936,DAICHI KAMIYA,a497e228cce8a64f,Daichi Kamiya,0.0,0.0,0.0,1999-04-19,172.72,,172.72,Southpaw,,,,,,,,
937,DAIJIRO MATSUI,cd42bbe8887bba90,Daijiro Matsui,0.0,0.0,0.0,1972-12-05,175.26,,,Orthodox,0.84,1.69,45.0,55%,1.83,30.0,43%,0.4
938,DAIJU TAKASE,4f74c8be51db8a37,Daiju Takase,12.0,15.0,2.0,1978-04-20,182.88,77.11064,,Southpaw,0.49,1.64,30.0,47%,0.84,17.0,21%,1.2
939,DAIKI HATA,c76ceda100ac0fad,Daiki Hata,0.0,0.0,0.0,1982-08-24,167.64,,,Orthodox,1.44,1.42,39.0,55%,0.67,100.0,35%,0.7
940,DAISUKE NAKAMURA,a196332ee4aa8a82,Daisuke Nakamura,0.0,0.0,0.0,1980-06-10,170.18,,,Orthodox,0.94,1.38,30.0,61%,0.46,40.0,30%,3.6
941,DAISUKE SUGIE,8215e4fe24e8e81b,Daisuke Sugie,0.0,0.0,0.0,1980-10-12,167.64,,,Orthodox,0.0,0.22,0.0,80%,3.27,50.0,0%,3.3
942,DAKOTA BUSH,3033c1c080672475,Dakota Bush,8.0,4.0,0.0,1994-06-09,177.8,70.30676,185.42,Orthodox,2.77,4.42,38.0,41%,2.4,33.0,0,0.0
943,DAKOTA COCHRANE,8fa7e0bc052185ce,Dakota Cochrane,0.0,0.0,0.0,1986-05-01,172.72,,,,2.66,2.66,75.0,30%,4.43,33.0,0%,0.0
944,DAKOTA HOPE,6142edbd477d20c9,Dakota Hope,0.0,0.0,0.0,1997-01-29,177.8,65.77083999999999,172.72,,7.07,7.0,41.0,33%,1.0,33.0,100%,0.0
945,DALCHA LUNGIAMBULA,ce632027bf2a871b,Dalcha Lungiambula,11.0,6.0,0.0,1987-07-31,172.72,83.91452,193.04,Orthodox,1.85,2.27,50.0,43%,2.07,50.0,75%,0.0
946,DALE HARTT,058e4e08a1ad8aba,Dale Hartt,6.0,3.0,0.0,1979-04-04,177.8,70.30676,175.26,Orthodox,1.14,1.55,35.0,66%,1.22,100.0,25%,2.5
947,DAMACIO PAGE,c96e2ae6021144a1,Damacio Page,19.0,10.0,0.0,1982-09-30,167.64,61.23492,167.64,Orthodox,2.05,2.47,38.0,51%,2.63,64.0,23%,0.9
948,DAMARQUES JOHNSON,322a56923b396b4d,DaMarques Johnson,15.0,15.0,0.0,1982-06-28,185.42,77.11064,190.5,Orthodox,2.11,3.75,37.0,51%,1.18,55.0,19%,0.7
949,DAMIAN GRABOWSKI,3f11b5d4bd76a6d9,Damian Grabowski,20.0,5.0,0.0,1980-05-12,185.42,109.31567199999999,190.5,Orthodox,4.0,7.65,36.0,51%,0.0,0.0,0%,0.0
950,DAMIAN PINAS,fdd22e895a70e4a8,Damian Pinas,0.0,0.0,0.0,2002-03-12,185.42,83.91452,200.66,Orthodox,,,,,,,,
951,DAMIAN STASIAK,42a7e90605df3c8a,Damian Stasiak,10.0,6.0,0.0,1990-02-20,165.1,61.23492,177.8,Orthodox,1.86,3.1,36.0,52%,2.64,35.0,43%,0.6
952,DAMIEN BROWN,d024ed963e8bf7ea,Damien Brown,17.0,12.0,0.0,1984-12-25,177.8,70.30676,172.72,Orthodox,3.66,4.86,38.0,50%,0.68,27.0,53%,0.7
953,DAMIEN TRITES,cb1c09c8126dbee0,Damien Trites,0.0,0.0,0.0,1979-08-23,180.34,,,,0.0,0.0,0.0,0%,0.0,0.0,0%,0.0
954,DAMION DOUGLAS,ce3b669e39418414,Damion Douglas,0.0,0.0,0.0,1982-08-16,,,,,0.0,0.0,0.0,0%,0.0,0.0,0%,0.0
955,DAMIR HADZOVIC,38c626ca912c7bac,Damir Hadzovic,14.0,8.0,0.0,1986-08-08,175.26,70.30676,177.8,Orthodox,2.99,2.99,46.0,66%,0.68,60.0,39%,0.2
956,DAMIR ISMAGULOV,135d124172a0bea3,Damir Ismagulov,24.0,3.0,0.0,1991-02-03,177.8,70.30676,187.96,Orthodox,3.76,1.87,43.0,69%,1.67,31.0,100%,0.0
957,DAMIR MIRENIC,992c82450d96f726,Damir Mirenic,0.0,0.0,0.0,1974-08-02,182.88,,,Orthodox,0.84,9.86,50.0,35%,0.0,0.0,0%,0.0
958,DAMON JACKSON,29af297d9f1de0f8,Damon Jackson,23.0,8.0,1.0,1988-08-08,180.34,70.30676,180.34,Switch,2.46,3.63,35.0,45%,1.14,20.0,35%,2.7
959,DAMON WILSON,81254702b51cc832,Damon Wilson,0.0,0.0,0.0,1993-04-29,175.26,,175.26,Switch,,,,,,,,
960,DAMONTE ROBINSON,2782235b078b72a7,Damonte Robinson,0.0,0.0,0.0,1995-06-10,182.88,,195.58,,0.0,0.0,0.0,0%,0.0,0.0,0%,0.0
961,DAN ARGUETA,e4ba58725825412d,Dan Argueta,9.0,3.0,0.0,1993-08-13,170.18,61.23492,172.72,Southpaw,2.48,3.44,43.0,50%,4.36,35.0,55,1.4
962,DAN BARRERA,f12f979b657ab876,Dan Barrera,3.0,1.0,0.0,1980-12-23,175.26,77.11064,,Orthodox,0.8,1.2,70.0,28%,1.0,8.0,0%,0.0
963,DAN BOBISH,f348d05403fad037,Dan Bobish,17.0,9.0,0.0,1970-01-26,187.96,156.48924,,Southpaw,2.06,1.74,44.0,34%,2.44,42.0,0%,1.6
964,DAN CHARLES,32a4f1235f0dad73,Dan Charles,0.0,0.0,0.0,1985-09-24,187.96,,,,2.82,3.51,45.0,44%,0.0,0.0,31%,0.0
965,DAN CHRISTISON,b369533a577fa97c,Dan Christison,20.0,7.0,0.0,1972-04-26,203.2,120.20188,,Orthodox,4.23,3.88,51.0,54%,0.0,0.0,37%,1.1
966,DAN CRAMER,480b702debcb5433,Dan Cramer,11.0,4.0,0.0,1985-10-31,187.96,77.11064,,Orthodox,0.97,2.1,30.0,31%,0.0,0.0,66%,0.5
967,DAN EVENSEN,dd8aec6de7035943,Dan Evensen,11.0,4.0,0.0,1974-06-01,190.5,113.398,,Orthodox,0.27,3.86,10.0,38%,0.0,0.0,0%,4.0
968,DAN HARDY,473ce3aa581251a2,Dan Hardy,25.0,10.0,0.0,1982-05-17,182.88,77.11064,187.96,Orthodox,2.46,3.44,35.0,51%,0.73,35.0,35%,0.4
969,DAN HENDERSON,1ccf4e7caff270df,Dan Henderson,32.0,15.0,0.0,1970-08-24,180.34,83.91452,187.96,Orthodox,2.44,2.7,47.0,51%,1.52,52.0,57%,0.3
970,DAN HOOKER,193b9d1858bc4df3,Dan Hooker,24.0,12.0,0.0,1990-02-13,182.88,70.30676,190.5,Switch,4.95,4.92,48.0,51%,0.72,34.0,79%,0.3
971,DAN IGE,82a5152216251682,Dan Ige,19.0,10.0,0.0,1991-08-06,170.18,65.77083999999999,180.34,Orthodox,3.95,3.36,46.0,58%,1.68,27.0,59%,0.5
972,DAN LAUZON,4c8d6fde2dde07c4,Dan Lauzon,17.0,6.0,0.0,1988-03-30,177.8,70.30676,,Orthodox,1.34,4.09,25.0,61%,1.63,33.0,80%,2.7
973,DAN MANASOIU,eefc73b53d4a05d7,Dan Manasoiu,0.0,0.0,0.0,,,,,,,,,,,,,
974,DAN MILLER,d0c29452d3272603,Dan Miller,14.0,8.0,0.0,1981-06-30,185.42,83.91452,187.96,Orthodox,2.03,3.06,36.0,49%,1.67,54.0,47%,1.8
975,DAN MOLINA,606136dee6f6ecea,Dan Molina,0.0,0.0,0.0,1984-06-14,177.8,,,,0.0,5.58,0.0,60%,0.0,0.0,0%,20.9
976,DAN MORET,66e98b3bb5fc5250,Dan Moret,13.0,6.0,0.0,1986-11-21,182.88,70.30676,185.42,Southpaw,2.67,3.56,43.0,43%,1.25,27.0,45%,0.4
977,DAN O'CONNOR,69ea0119f6f0dfe0,Dan O'Connor,0.0,0.0,0.0,1982-11-17,162.56,,,,4.0,5.1,56.0,54%,0.0,0.0,100%,0.0
978,DAN SEVERN,c670aa48827d6be6,Dan Severn,101.0,19.0,1.0,1958-06-08,187.96,113.398,,Southpaw,0.0,0.0,0.0,0%,0.0,0.0,0%,0.0
979,DAN STITTGEN,cc3147b49c7d7d92,Dan Stittgen,12.0,5.0,0.0,1980-11-17,185.42,77.11064,,Orthodox,2.97,4.42,46.0,37%,0.78,100.0,100%,0.0
980,DANIEL ACACIO,1c5879330d42255f,Daniel Acacio,0.0,0.0,0.0,1977-12-27,172.72,,,Orthodox,3.52,2.85,36.0,62%,0.33,20.0,81%,0.0
981,DANIEL ALLEN,adf9a901308fb8e3,Daniel Allen,0.0,0.0,0.0,1992-08-10,182.88,,190.5,Southpaw,,,,,,,,
982,DANIEL BAREZ,e8fe9c15d348e778,Daniel Barez,17.0,7.0,0.0,1988-12-10,167.64,56.699,167.64,Orthodox,4.6,6.93,48.0,50%,1.71,29.0,80%,0.5
983,DANIEL CORMIER,d967f0128c323de6,Daniel Cormier,22.0,3.0,0.0,1979-03-20,180.34,106.59412,182.88,Orthodox,4.25,2.92,52.0,54%,1.83,44.0,80%,0.4
984,DANIEL FRUNZA,7cec3c4a5e7b6d68,Daniel Frunza,9.0,3.0,0.0,1994-04-13,185.42,77.11064,185.42,Orthodox,6.3,6.67,40.0,56%,0.0,0.0,60,0.0
985,DANIEL GALLEMORE,96706c75a2b14164,Daniel Gallemore,0.0,0.0,0.0,1985-06-14,195.58,,,,3.1,6.0,41.0,52%,0.0,0.0,0%,0.0
986,DANIEL GRACIE,82d6a9ae41aac3f7,Daniel Gracie,0.0,0.0,0.0,1972-06-28,187.96,,,Orthodox,1.9,1.33,38.0,59%,0.36,100.0,80%,2.1
987,DANIEL JOLLY,eeabcd4dc6619129,Daniel Jolly,5.0,3.0,0.0,1984-09-03,185.42,92.98636,190.5,Orthodox,1.32,3.39,46.0,44%,2.83,33.0,50%,0.0
988,DANIEL KELLY,bdcbb976816fd256,Daniel Kelly,13.0,4.0,0.0,1977-10-31,182.88,83.91452,177.8,Southpaw,3.62,4.64,38.0,61%,1.86,34.0,78%,0.3
989,DANIEL LACERDA,31bb0772f21cabd8,Daniel Lacerda,11.0,6.0,0.0,1996-06-05,167.64,56.699,177.8,Switch,3.95,8.28,45.0,34%,2.32,50.0,0,1.2
990,DANIEL MARCOS,850266b3dc4e506e,Daniel Marcos,17.0,1.0,0.0,1993-03-07,170.18,61.23492,175.26,Orthodox,5.11,3.88,53.0,61%,0.99,46.0,84,0.0
991,DANIEL MCWILLIAMS,7b03d9df5910917d,Daniel McWilliams,0.0,0.0,0.0,1983-01-14,185.42,,,,3.36,0.0,77.0,0%,0.0,0.0,100%,21.6
992,DANIEL OMIELANCZUK,470fedbc8563ac47,Daniel Omielanczuk,19.0,8.0,1.0,1982-08-31,182.88,112.037224,187.96,Southpaw,3.09,3.29,57.0,47%,0.56,26.0,68%,0.1
993,DANIEL PEREIRA,44f46b0592ca0814,Daniel Pereira,0.0,0.0,0.0,1990-12-13,177.8,,,,0.0,0.0,0.0,0%,0.0,0.0,0%,0.0
994,DANIEL PINEDA,361d49960a196976,Daniel Pineda,28.0,17.0,0.0,1985-08-06,170.18,65.77083999999999,175.26,Orthodox,3.41,2.72,49.0,44%,1.55,29.0,44%,1.8
995,DANIEL PUDER,66e0a70352fef46a,Daniel Puder,0.0,0.0,0.0,1981-10-09,190.5,,,Orthodox,2.77,1.17,68.0,38%,1.21,50.0,81%,9.0
996,DANIEL ROBERTS,22edaf53ad59a967,Daniel Roberts,15.0,7.0,0.0,1980-08-05,177.8,77.11064,187.96,Southpaw,0.73,2.27,20.0,46%,2.46,44.0,40%,2.5
997,DANIEL RODRIGUEZ,8a1f3b5c526cd6e6,Daniel Rodriguez,20.0,5.0,0.0,1986-12-31,185.42,77.11064,187.96,Southpaw,7.68,6.12,46.0,57%,1.34,62.0,90%,0.3
998,DANIEL SANTOS,b67d6bacc68d4c92,Daniel Santos,13.0,2.0,0.0,1995-03-12,170.18,65.77083999999999,170.18,Orthodox,5.15,5.38,40.0,50%,2.6,33.0,73%,0.0
999,DANIEL SARAFIAN,7e47047d0971d566,Daniel Sarafian,10.0,6.0,0.0,1982-08-21,175.26,83.91452,185.42,Orthodox,2.23,3.1,46.0,58%,0.36,7.0,53%,0.7
1000,DANIEL SCHMITT,bd02e222a6166d50,Daniel Schmitt,0.0,0.0,0.0,,,,,,0.0,0.0,0.0,0%,0.0,0.0,0%,0.0
1001,DANIEL SPITZ,f86cb5f25d545e0e,Daniel Spitz,6.0,3.0,0.0,1990-07-31,200.66,111.13004,208.28,Orthodox,2.6,5.3,35.0,46%,0.74,66.0,0%,0.0
1002,DANIEL SPOHN,87f3bbf52e6c9dc9,Daniel Spohn,15.0,6.0,0.0,1984-10-12,193.04,92.98636,200.66,Southpaw,2.42,1.6,49.0,53%,0.0,0.0,28%,2.5
1003,DANIEL STRAUS,15347cd4cdf01b03,Daniel Straus,0.0,0.0,0.0,1984-07-27,170.18,,180.34,,4.76,2.99,43.0,57%,0.84,15.0,81%,1.1
1004,DANIEL SWAIN,cc39185f2d7d89e4,Daniel Swain,0.0,0.0,0.0,1991-01-30,175.26,,177.8,Orthodox,0.8,3.2,44.0,40%,0.0,0.0,0%,6.0
1005,DANIEL TEYMUR,fbf0537e420e698e,Daniel Teymur,7.0,4.0,0.0,1988-02-03,165.1,65.77083999999999,175.26,Orthodox,3.08,3.93,46.0,56%,0.56,18.0,60%,0.3
1006,DANIEL WEICHEL,7b9dade6bedaabbe,Daniel Weichel,0.0,0.0,0.0,1984-11-22,177.8,,177.8,,5.71,4.05,42.0,61%,0.84,50.0,83%,0.0
1007,DANIEL ZELLHUBER,4148802ae4a50768,Daniel Zellhuber,15.0,3.0,0.0,1999-07-07,185.42,70.30676,195.58,Switch,5.83,5.91,39.0,56%,0.15,25.0,94,0.1
1008,DANIELLE TAYLOR,b76c6268dc1d3c05,Danielle Taylor,9.0,4.0,0.0,1989-10-25,152.4,52.16308,152.4,Orthodox,2.75,3.31,29.0,71%,0.2,20.0,70%,0.2
1009,DANIIL DONCHENKO,70dd69b6a703257e,Daniil Donchenko,0.0,0.0,0.0,2001-08-04,180.34,77.11064,180.34,Orthodox,8.07,2.8,62.0,70%,0.58,33.0,75%,0.0
1010,DANILLO VILLEFORT,fd87b1bbfcde9d5e,Danillo Villefort,15.0,5.0,0.0,1983-05-08,185.42,83.91452,,Orthodox,2.86,2.4,37.0,68%,1.71,66.0,33%,1.7
1011,DANILO BELLUARDO,c3f6db17cea09ca7,Danilo Belluardo,12.0,5.0,0.0,1994-07-21,182.88,70.30676,187.96,Southpaw,1.52,4.79,61.0,41%,3.5,100.0,50%,0.0
1012,DANILO MARQUES,687c15b2eddfaa63,Danilo Marques,11.0,4.0,0.0,1985-12-26,198.12,92.98636,195.58,Orthodox,1.81,1.41,88.0,50%,4.83,34.0,0%,1.2
1013,DANILO SUZART,3d99e5aa85d7576a,Danilo Suzart,0.0,0.0,0.0,1991-12-04,182.88,,,Orthodox,,,,,,,,
1014,DANNI MCCORMACK,2a9f9db24cd032ba,Danni McCormack,0.0,0.0,0.0,1990-03-15,162.56,,157.48,Southpaw,,,,,,,,
1015,DANNY ABBADI,15df64c02b6b0fde,Danny Abbadi,4.0,6.0,0.0,1983-07-03,180.34,70.30676,,Orthodox,3.29,4.41,38.0,57%,0.0,0.0,77%,0.0
1016,DANNY BARLOW,b7c5eb7cdbac6a63,Danny Barlow,9.0,1.0,0.0,1995-08-02,187.96,83.91452,200.66,Southpaw,5.62,3.7,50.0,51%,0.0,0.0,100,0.0
1017,DANNY CASTILLO,d1e7fc58d4225cdf,Danny Castillo,17.0,10.0,0.0,1979-08-25,175.26,70.30676,180.34,Orthodox,2.57,1.96,42.0,62%,2.95,38.0,63%,0.2
1018,DANNY CHAVEZ,0de720c0f1d4ab9c,Danny Chavez,11.0,5.0,1.0,1987-03-14,172.72,65.77083999999999,170.18,Orthodox,2.93,4.17,39.0,53%,2.5,100.0,84%,0.0
1019,DANNY DAVIS,570d40f993171b19,Danny Davis,0.0,0.0,0.0,1982-07-28,187.96,,,,0.0,0.0,0.0,0%,0.0,0.0,0%,0.0
1020,DANNY DOWNES,a66395395b5f1394,Danny Downes,8.0,3.0,0.0,1986-04-08,182.88,70.30676,182.88,Orthodox,1.66,3.53,34.0,37%,0.0,0.0,37%,0.5
1021,DANNY HENRY,f7d73e452b064bf2,Danny Henry,12.0,4.0,0.0,1988-07-17,182.88,65.77083999999999,185.42,Orthodox,5.2,4.16,51.0,45%,0.74,33.0,50%,2.2
1022,DANNY MARTINEZ,8a9c6c4301f6d088,Danny Martinez,21.0,8.0,0.0,1985-06-14,167.64,56.699,170.18,Orthodox,2.73,3.77,28.0,63%,3.0,45.0,36%,0.0
1023,DANNY MITCHELL,c06d554ce1713fd3,Danny Mitchell,19.0,9.0,1.0,1986-08-08,187.96,77.11064,,Orthodox,2.53,2.53,49.0,52%,0.0,0.0,100%,3.0
1024,DANNY NAVARRO,618f72750ec50b05,Danny Navarro,0.0,0.0,0.0,1983-05-27,177.8,,,,3.83,4.62,32.0,57%,2.17,25.0,100%,0.0
1025,DANNY ROBERTS,a6cba6bb66c1a8c9,Danny Roberts,18.0,8.0,0.0,1987-07-14,185.42,77.11064,187.96,Southpaw,3.41,3.08,44.0,55%,0.18,6.0,53%,0.4
1026,DANNY SABATELLO,cb7ee07982de2a28,Danny Sabatello,0.0,0.0,0.0,1993-03-31,177.8,,180.34,Orthodox,2.07,0.2,57.0,25%,3.0,75.0,100%,1.0
1027,DANNY SILVA,d964a59c48381cb6,Danny Silva,10.0,2.0,0.0,1997-01-30,180.34,65.77083999999999,177.8,Switch,6.67,7.47,55.0,61%,2.0,33.0,81,0.2
1028,DANTE RIVERA,288aaa8f82040e02,Dante Rivera,16.0,7.0,0.0,1974-12-08,185.42,83.91452,,Southpaw,2.27,4.0,53.0,25%,0.0,0.0,16%,0.0
1029,DANYELLE WOLF,a7e3f02fe2b2fe30,Danyelle Wolf,1.0,1.0,0.0,1983-09-08,180.34,65.77083999999999,177.8,Orthodox,3.4,5.67,28.0,44%,0.0,0.0,100%,1.0
1030,DANYLO VOIEVODKIN,d73a7c36746fbc5b,Danylo Voievodkin,0.0,0.0,0.0,2000-07-19,193.04,,198.12,Southpaw,,,,,,,,
1031,DARIA ZHELEZNIAKOVA,07047eb7d17fb0a2,Daria Zhelezniakova,10.0,2.0,0.0,1996-01-23,175.26,61.23492,172.72,Orthodox,4.13,3.38,40.0,64%,0.31,100.0,50%,0.0
1032,DARIAN WEEKS,326a001926ffb7ec,Darian Weeks,5.0,3.0,0.0,1993-11-23,180.34,77.11064,182.88,Orthodox,4.49,4.56,51.0,51%,2.0,30.0,100,0.0
1033,DARION ABBEY,4961467134abd8be,Darion Abbey,0.0,0.0,0.0,1993-02-25,187.96,,203.2,Orthodox,,,,,,,,
1034,DARKO STOSIC,025f0b1b58fbad01,Darko Stosic,13.0,4.0,0.0,1992-02-09,182.88,92.98636,193.04,Orthodox,2.61,4.04,45.0,58%,3.42,50.0,83%,0.0
1035,DARON CRUICKSHANK,5f99b2bafb10305f,Daron Cruickshank,18.0,10.0,0.0,1985-06-11,172.72,70.30676,182.88,Switch,2.88,2.98,38.0,57%,2.04,41.0,60%,0.2
1036,DARREL GHOLAR,a24e080000fa7a35,Darrel Gholar,5.0,6.0,0.0,,172.72,87.996848,,Orthodox,0.0,0.0,0.0,0%,0.0,0.0,0%,0.0
1037,DARRELL HORCHER,18e8b7070228e728,Darrell Horcher,13.0,4.0,0.0,1987-07-28,177.8,70.30676,177.8,Southpaw,2.05,4.21,44.0,39%,0.35,50.0,47%,0.7
1038,DARRELL MONTAGUE,bffeb123b21c9aad,Darrell Montague,13.0,5.0,0.0,1987-11-03,167.64,56.699,170.18,Southpaw,1.92,5.38,25.0,52%,0.72,25.0,33%,1.4
1039,DARREN ELKINS,92a9aa9c93192871,Darren Elkins,29.0,12.0,0.0,1984-05-16,177.8,65.77083999999999,180.34,Orthodox,3.5,3.08,38.0,52%,2.7,33.0,58%,1.2
1040,DARREN STEWART,a17ad5a5048e8c3f,Darren Stewart,12.0,8.0,0.0,1990-12-30,182.88,92.98636,187.96,Orthodox,3.09,3.09,44.0,50%,1.5,40.0,65%,0.1
1041,DARREN TILL,9ce6d5a03af801b7,Darren Till,18.0,5.0,1.0,1992-12-24,182.88,83.91452,187.96,Southpaw,2.27,2.99,46.0,58%,0.54,41.0,82%,0.0
1042,DARREN UYENOYAMA,6546af7ab545b90c,Darren Uyenoyama,10.0,6.0,0.0,1979-10-15,167.64,56.699,165.1,Orthodox,1.34,2.21,39.0,66%,1.42,33.0,35%,0.7
1043,DARRICK MINNER,34e516ab361afb1c,Darrick Minner,26.0,14.0,0.0,1990-04-28,170.18,65.77083999999999,175.26,Orthodox,3.24,1.4,70.0,43%,3.0,62.0,60%,3.6
1044,DARRILL SCHOONOVER,5a558ba1ff5e9121,Darrill Schoonover,14.0,8.0,0.0,1985-07-18,187.96,99.79024,,Orthodox,1.2,4.35,33.0,38%,0.0,0.0,50%,1.1
1045,DARRION CALDWELL,b7dc25ee40ee8334,Darrion Caldwell,0.0,0.0,0.0,1987-12-19,177.8,,,,0.85,0.57,34.0,60%,3.41,66.0,100%,0.8
1046,DARRIUS FLOWERS,65db4065e2bc107d,Darrius Flowers,12.0,8.0,1.0,1994-08-25,175.26,70.30676,180.34,Orthodox,3.13,5.35,50.0,42%,1.65,44.0,66%,0.4
1047,DARRYL COBB,dc6d8256ee3dfba5,Darryl Cobb,0.0,0.0,0.0,1980-08-04,175.26,,,,0.0,0.0,0.0,0%,0.0,0.0,0%,0.0
1048,DASHAWN BOATWRIGHT,046a85108610c0d2,Dashawn Boatwright,0.0,0.0,0.0,1988-02-29,182.88,,,Orthodox,0.0,52.5,0.0,12%,0.0,0.0,0%,0.0
1049,DASHON JOHNSON,36207c58e854cae5,Dashon Johnson,9.0,2.0,0.0,1988-01-25,170.18,65.77083999999999,,Orthodox,1.01,3.83,69.0,35%,0.85,33.0,63%,0.8
1050,DAVE BENETEAU,9fd1f08dd4aec14a,Dave Beneteau,6.0,5.0,1.0,1968-07-16,187.96,113.398,,Orthodox,0.0,0.0,0.0,0%,0.0,0.0,0%,0.0
1051,DAVE BERRY,b3bbe88fecd6a0d2,Dave Berry,0.0,1.0,0.0,,,,,,0.0,0.0,0.0,0%,0.0,0.0,0%,0.0
1052,DAVE COCHRAN,6dbb1107de9a4a08,Dave Cochran,0.0,0.0,0.0,1973-05-10,167.64,,,,0.0,0.0,0.0,0%,0.0,0.0,0%,0.0
1053,DAVE COURCHAINE,79ab17db3b40831a,Dave Courchaine,0.0,0.0,0.0,1983-02-08,172.72,,,,0.0,0.0,0.0,0%,0.0,0.0,0%,0.0
1054,DAVE DALGLIESH,ddbd0d6259ce57cc,Dave Dalgliesh,0.0,0.0,0.0,1978-04-05,187.96,,,Orthodox,0.0,1.85,0.0,50%,0.0,0.0,0%,0.0
1055,DAVE GALERA,0876d21328cf4a45,Dave Galera,5.0,1.0,0.0,1978-01-12,180.34,61.23492,,Orthodox,1.67,0.53,69.0,33%,0.0,0.0,14%,2.0
1056,DAVE HERMAN,cbd6f1abf955e628,Dave Herman,22.0,6.0,0.0,1984-10-03,193.04,109.76926399999999,195.58,Orthodox,4.98,3.78,60.0,48%,1.49,100.0,58%,0.0
1057,DAVE JANSEN,335ad945324c3a2e,Dave Jansen,0.0,0.0,0.0,1979-08-21,175.26,,185.42,Orthodox,2.94,3.67,33.0,58%,2.79,28.0,38%,0.9
1058,DAVE MARTIN,92c96df8bdab5fea,Dave Martin,0.0,0.0,0.0,,182.88,,,,0.0,0.0,0.0,0%,0.0,0.0,0%,0.0
1059,DAVE MENNE,275cafc9de131c83,Dave Menne,45.0,17.0,2.0,1974-07-29,177.8,77.11064,,Orthodox,1.84,1.99,44.0,42%,0.46,50.0,57%,2.5
1060,DAVE PHILLIPS,99020eeb8cd5689d,Dave Phillips,0.0,0.0,0.0,1980-01-12,182.88,,,Orthodox,0.0,2.0,0.0,25%,0.0,0.0,0%,10.0
1061,DAVE RICKELS,98b76850b5f1e836,Dave Rickels,0.0,0.0,0.0,1989-01-05,180.34,,,,4.29,5.53,59.0,42%,0.0,0.0,25%,0.0
1062,DAVE STRASSER,980b4e712489098e,Dave Strasser,25.0,8.0,0.0,1969-07-13,177.8,77.11064,,Orthodox,3.04,1.88,45.0,59%,0.72,33.0,33%,0.0
1063,DAVE TERREL,b9aa0024f295609e,Dave Terrel,0.0,0.0,0.0,1978-05-10,172.72,,,Southpaw,2.62,2.8,43.0,48%,3.28,38.0,100%,0.0
1064,DAVE ZITANICK,be124bdd60fab7d5,Dave Zitanick,0.0,0.0,0.0,1980-03-05,,,,,0.0,0.0,0.0,0%,0.0,0.0,0%,0.0
1065,DAVEY GRANT,113df4fde64735c6,Davey Grant,17.0,7.0,0.0,1985-12-18,172.72,61.23492,175.26,Orthodox,5.58,4.04,45.0,54%,0.95,38.0,65%,0.2
1066,DAVI BITTENCOURT,dd6ec6f941c3a414,Davi Bittencourt,0.0,0.0,0.0,1994-10-12,165.1,,165.1,Orthodox,,,,,,,,
1067,DAVI RAMOS,0052de90691d4a93,Davi Ramos,10.0,4.0,0.0,1986-11-05,167.64,70.30676,177.8,Orthodox,2.64,3.44,37.0,56%,1.95,40.0,83%,0.6
1068,DAVID ABBOTT,b361180739bed4b0,David Abbott,10.0,15.0,0.0,1965-04-26,182.88,120.20188,,Switch,1.35,3.55,30.0,38%,1.07,33.0,66%,0.0
1069,DAVID AVELLAN,956dcac65e7b34d6,David Avellan,0.0,0.0,0.0,1981-07-07,175.26,,,Orthodox,3.33,10.0,25.0,57%,0.0,0.0,0%,0.0
1070,DAVID BARON,80c0bed43da0e27b,David Baron,17.0,4.0,1.0,1973-02-15,167.64,70.30676,,Switch,1.17,2.1,30.0,56%,0.0,0.0,14%,0.7
1071,DAVID BARRIOS,e6015889f50075d2,David Barrios,0.0,0.0,0.0,,167.64,,,,0.0,0.0,0.0,0%,0.0,0.0,0%,0.0
1072,DAVID BIELKHEDEN,1efa064872f089d0,David Bielkheden,24.0,12.0,0.0,1979-06-06,177.8,70.30676,180.34,Orthodox,1.11,1.64,57.0,54%,2.65,63.0,14%,0.0
1073,DAVID BLANCO,ebf298f8ac7e232b,David Blanco,0.0,0.0,0.0,,170.18,,,,0.0,0.0,0.0,0%,0.0,0.0,0%,0.0
1074,DAVID BRANCH,d2c55d1d2e67773b,David Branch,22.0,6.0,0.0,1981-09-26,185.42,83.91452,198.12,Orthodox,1.66,1.91,39.0,56%,2.55,32.0,43%,0.0
1075,DAVID DODD,c2a7623f398d9bd7,David Dodd,4.0,7.0,0.0,1973-09-22,187.96,90.7184,,Orthodox,0.0,0.0,0.0,0%,0.0,0.0,0%,0.0
1076,DAVID DOUGLAS,7cf0944b88966118,David Douglas,0.0,0.0,0.0,1981-08-16,180.34,,,,0.0,0.0,0.0,0%,0.0,0.0,0%,0.0
1077,DAVID DVORAK,9ada30894bf04e19,David Dvorak,20.0,6.0,0.0,1992-06-05,165.1,56.699,172.72,Orthodox,4.5,3.17,48.0,63%,0.0,0.0,75%,0.0
1078,DAVID GARDNER,70167689d6a01793,David Gardner,0.0,0.0,0.0,1977-05-17,180.34,,,Orthodox,0.17,0.34,100.0,0%,0.0,0.0,66%,0.0
1079,DAVID GOMEZ,489413d3be819647,David Gomez,0.0,0.0,0.0,1983-08-08,,,,,0.0,0.0,0.0,0%,0.0,0.0,0%,0.0
1080,DAVID HEATH,4f95f74620a6b7a4,David Heath,18.0,7.0,0.0,1976-02-10,180.34,92.98636,182.88,Orthodox,1.48,5.16,30.0,49%,0.33,50.0,57%,1.0
1081,DAVID HOOD,5af480a3b2e1726b,David Hood,1.0,3.0,0.0,,182.88,90.7184,,,0.0,0.0,0.0,0%,0.0,0.0,0%,0.0
1082,DAVID HULETT,b0718335e9868cfd,David Hulett,0.0,0.0,0.0,1980-09-07,177.8,,,,0.0,0.0,0.0,0%,0.0,0.0,0%,0.0
1083,DAVID KAPLAN,5669b828e7e11329,David Kaplan,3.0,4.0,0.0,1979-11-16,170.18,70.30676,,Orthodox,2.88,4.32,46.0,67%,4.88,43.0,0%,0.7
1084,DAVID LEE,8caca5857ce0e30b,David Lee,12.0,10.0,0.0,,177.8,70.30676,,Orthodox,1.49,3.31,50.0,42%,0.0,0.0,50%,0.0
1085,DAVID LEVICKI,49590e0508b2c19f,David Levicki,1.0,3.0,0.0,,195.58,124.7378,,,0.0,0.0,0.0,0%,0.0,0.0,0%,0.0
1086,DAVID LOISEAU,22e47b53e4ceb27c,David Loiseau,23.0,11.0,0.0,1979-12-17,182.88,83.91452,193.04,Orthodox,1.59,3.64,44.0,43%,0.43,42.0,36%,0.1
1087,DAVID MARSHALL,0a2813f89a758ff7,David Marshall,0.0,0.0,0.0,1984-08-24,187.96,,,,0.0,0.0,0.0,0%,0.0,0.0,0%,0.0
1088,DAVID MARTINEZ,9a97acbfd5a08bfa,David Martinez,12.0,1.0,0.0,1998-08-03,165.1,61.23492,170.18,Orthodox,5.4,2.7,52.0,67%,0.0,0.0,100,0.0
1089,DAVID MGOYAN,8f003ef7e0d9a139,David Mgoyan,0.0,0.0,0.0,2004-06-25,175.26,,177.8,Orthodox,,,,,,,,
1090,DAVID MICHAUD,49f4b511932f71e9,David Michaud,11.0,3.0,0.0,1988-11-10,175.26,70.30676,,Orthodox,3.25,4.45,43.0,54%,2.53,58.0,77%,0.7
1091,DAVID MITCHELL,8f3df4c579cfbb69,David Mitchell,22.0,7.0,0.0,1979-10-24,182.88,77.11064,190.5,Orthodox,1.74,2.06,32.0,55%,0.66,50.0,29%,2.0
1092,DAVID ONAMA,ffe9703408fb5964,David Onama,14.0,2.0,0.0,1994-06-07,180.34,65.77083999999999,187.96,Orthodox,5.24,4.73,50.0,52%,1.08,30.0,52,0.5
1093,DAVID RASOURI,31e1ea6fe6b682f8,David Rasouri,0.0,0.0,0.0,,170.18,,,,0.0,0.0,0.0,0%,0.0,0.0,0%,0.0
1094,DAVID ROBERTS,775bad6d700d2302,David Roberts,5.0,8.0,0.0,1975-11-15,185.42,77.11064,,Orthodox,0.0,0.0,0.0,0%,0.0,0.0,0%,0.0
1095,DAVID SMITH,e955046551f8c7dd,David Smith,0.0,0.0,0.0,,,,,,0.0,0.0,0.0,0%,0.0,0.0,0%,0.0
1096,DAVID TERRELL,4123fd4dcc1fe937,David Terrell,6.0,2.0,0.0,1978-01-09,185.42,83.91452,,Southpaw,2.34,2.71,63.0,37%,5.54,50.0,0%,5.5
1097,DAVID TEYMUR,2747c60e42d9d75f,David Teymur,8.0,2.0,0.0,1989-05-01,175.26,70.30676,185.42,Southpaw,4.69,3.53,43.0,55%,0.94,33.0,77%,0.0
1098,DAVID VELASQUEZ,09c44b317c98bf96,David Velasquez,10.0,10.0,0.0,1966-10-19,165.1,65.77083999999999,,Orthodox,0.0,0.0,0.0,0%,0.0,0.0,0%,0.0
1099,DAVID ZAWADA,3bb2dc8e87b10a46,David Zawada,17.0,7.0,0.0,1990-08-01,182.88,77.11064,190.5,Orthodox,3.24,4.07,40.0,54%,0.96,30.0,57%,2.2
1100,DAYANA SILVA,b19aecbfbb5508cc,Dayana Silva,0.0,0.0,0.0,1990-08-27,170.18,,,Orthodox,6.33,5.93,51.0,57%,0.0,0.0,42%,0.0
1101,DEAN BARRY,a6f3d15cb84334bb,Dean Barry,4.0,2.0,0.0,1992-07-03,177.8,77.11064,182.88,Orthodox,0.0,0.0,0.0,0%,0.0,0.0,0%,0.0
1102,DEAN HANCOCK,24e9d6b0a24cff9d,Dean Hancock,0.0,0.0,0.0,,,,,,7.97,1.94,63.0,67%,1.71,33.0,75%,1.7
1103,DEAN LISTER,68c6cd5287b473a7,Dean Lister,13.0,7.0,0.0,1976-02-13,185.42,83.91452,190.5,Orthodox,1.26,1.89,35.0,61%,1.58,15.0,50%,1.1
1104,DEANNA BENNETT,404ecb2700844072,DeAnna Bennett,8.0,3.0,1.0,1984-11-18,162.56,56.699,172.72,Orthodox,3.13,3.27,58.0,58%,0.0,0.0,0%,1.0
1105,DEIVESON FIGUEIREDO,aa72b0f831d0bfe5,Deiveson Figueiredo,24.0,5.0,1.0,1987-12-18,165.1,61.23492,172.72,Orthodox,2.57,3.43,53.0,49%,1.61,34.0,57%,1.2
1106,DEIVIDAS TAUROSEVICIUS,ef927e4fe2117ab8,Deividas Taurosevicius,0.0,0.0,0.0,1977-08-28,175.26,,172.72,Southpaw,2.13,1.82,43.0,59%,2.0,28.0,50%,0.3
1107,DEL HAWKINS,885e7f70dcac0007,Del Hawkins,0.0,0.0,0.0,,165.1,,,Orthodox,1.15,2.01,27.0,46%,0.0,0.0,0%,0.0
1108,DELSON HELENO,970beed85bc46b63,Delson Heleno,29.0,10.0,0.0,1977-11-16,180.34,83.91452,,Orthodox,0.69,4.83,75.0,19%,0.0,0.0,0%,0.0
1109,DEMARCO VILLALONA,0275e33febc2818c,DeMarco Villalona,0.0,0.0,0.0,1986-09-27,175.26,,,,0.0,0.0,0.0,0%,0.0,0.0,0%,0.0
1110,DEMBA SECK,b9af9f8834e39d3e,Demba Seck,0.0,0.0,0.0,1993-07-07,185.42,,187.96,Orthodox,,,,,,,,
1111,DEMETRIOUS JOHNSON,8a304bfd6bf04a57,Demetrious Johnson,27.0,3.0,1.0,1986-08-13,160.02,56.699,167.64,Orthodox,3.43,1.66,54.0,67%,3.35,56.0,65%,0.5
1112,DEMETRIUS GIOULACOS,a58114c6dd0add64,Demetrius Gioulacos,0.0,0.0,0.0,,180.34,,,,0.0,0.0,0.0,0%,0.0,0.0,0%,0.0
1113,DEMIAN MAIA,427b5953ac8e3a27,Demian Maia,28.0,11.0,0.0,1977-11-06,185.42,77.11064,182.88,Southpaw,1.82,2.03,43.0,63%,2.55,26.0,61%,1.0
1114,DENI DAFFA,d28bef63e7d8d536,Deni Daffa,0.0,0.0,0.0,1999-09-08,182.88,,187.96,Orthodox,,,,,,,,
1115,DENIS KANG,3c241737a6069b9f,Denis Kang,35.0,16.0,2.0,1977-09-17,180.34,83.91452,195.58,Orthodox,2.27,1.65,35.0,67%,2.51,65.0,38%,1.2
1116,DENIS SOBOLEV,03b1e846b09f721d,Denis Sobolev,0.0,0.0,0.0,1975-08-26,190.5,,,Orthodox,0.0,5.45,0.0,33%,0.0,0.0,0%,0.0
1117,DENIS STOJNIC,a421465acbe59c77,Denis Stojnic,13.0,3.0,0.0,1980-02-02,182.88,111.13004,,Orthodox,1.51,6.06,23.0,36%,0.0,0.0,80%,1.0
1118,DENIS TIULIULIN,0112352cb32f5026,Denis Tiuliulin,10.0,10.0,0.0,1988-05-17,185.42,83.91452,195.58,Orthodox,3.61,5.23,41.0,38%,0.96,42.0,72,0.0
1119,DENISE GOMES,cffb87059e645bd1,Denise Gomes,11.0,3.0,0.0,1999-12-30,157.48,52.16308,160.02,Orthodox,4.59,3.04,50.0,51%,1.19,36.0,67,0.8
1120,DENNIS BERMUDEZ,6f242453c91a5af0,Dennis Bermudez,17.0,9.0,0.0,1986-12-13,167.64,70.30676,167.64,Orthodox,4.42,3.07,46.0,59%,3.89,40.0,82%,1.1
1121,DENNIS BRYANT,3b17353b8002c7d0,Dennis Bryant,0.0,0.0,0.0,1985-10-18,182.88,,,Orthodox,10.56,10.56,59.0,13%,0.0,0.0,0%,0.0
1122,DENNIS BUZUKJA,c4d039123e62f6a9,Dennis Buzukja,12.0,5.0,0.0,1997-10-01,175.26,65.77083999999999,177.8,Switch,4.21,4.79,43.0,48%,0.62,27.0,75%,0.2
1123,DENNIS DOMBROW,4145caa2c999fbac,Dennis Dombrow,0.0,0.0,0.0,1986-03-17,,,,,0.0,0.0,0.0,0%,0.0,0.0,0%,0.0
1124,DENNIS HALLMAN,8a8a84b743ae7699,Dennis Hallman,53.0,20.0,2.0,1975-12-02,175.26,70.30676,182.88,Orthodox,1.12,1.96,44.0,43%,1.79,30.0,25%,2.1
1125,DENNIS OLSON,8e0709784259402d,Dennis Olson,0.0,0.0,0.0,,182.88,,,,1.02,5.27,42.0,38%,2.77,40.0,0%,0.0
1126,DENNIS REED,4a35913bd9aa4161,Dennis Reed,0.0,0.0,0.0,,,,,Orthodox,0.0,0.0,0.0,0%,0.0,0.0,0%,0.0
1127,DENNIS SIVER,5f87a5c00b3d17ed,Dennis Siver,23.0,11.0,0.0,1979-01-13,167.64,65.77083999999999,177.8,Orthodox,3.87,2.67,32.0,65%,0.87,32.0,65%,0.3
1128,DENYS BONDAR,2526be54e6a0e62a,Denys Bondar,14.0,5.0,0.0,1992-06-27,167.64,56.699,175.26,Orthodox,0.0,0.0,0.0,0%,0.0,0.0,0%,0.0
1129,DENZEL FREEMAN,b5c19c34f12c917e,Denzel Freeman,0.0,0.0,0.0,1991-11-10,190.5,120.20188,,,,,,,,,,
1130,DEQUAN TOWNSEND,3f7dab21b6c971bc,Dequan Townsend,21.0,12.0,0.0,1986-05-11,190.5,92.98636,200.66,Orthodox,1.23,3.92,34.0,38%,0.0,0.0,46%,0.0
1131,DEREK ANDERSON,19ba965651486013,Derek Anderson,0.0,0.0,0.0,1990-02-02,182.88,,,,3.97,3.08,37.0,61%,0.34,14.0,60%,0.0
1132,DEREK BOHI,70a1c7626b5e0599,Derek Bohi,0.0,0.0,0.0,1979-12-09,193.04,,,,0.0,0.0,0.0,0%,0.0,0.0,0%,0.0
1133,DEREK BRUNSON,b1a3e0aca758b322,Derek Brunson,23.0,9.0,0.0,1984-01-04,185.42,83.91452,195.58,Southpaw,3.46,2.72,47.0,53%,3.11,33.0,94%,0.5
1134,DEREK CAMPOS,aa8dc72b3a1f761c,Derek Campos,0.0,0.0,0.0,1988-04-01,175.26,,,,2.41,10.34,23.0,44%,0.0,0.0,0%,0.0
1135,DEREK DOWNEY,b05086131c6f5dc5,Derek Downey,11.0,4.0,0.0,1980-04-27,185.42,83.91452,,Orthodox,0.32,3.36,100.0,12%,2.4,16.0,0%,0.0
1136,DEREK GETZEL,42883268854b78be,Derek Getzel,0.0,0.0,0.0,,182.88,,,,0.0,0.0,0.0,0%,0.0,0.0,0%,0.0
1137,DERON WINN,483a953b18d73bb3,Deron Winn,7.0,3.0,0.0,1989-06-13,167.64,83.91452,177.8,Orthodox,4.74,5.17,47.0,50%,4.98,52.0,0%,0.0
1138,DERRICK BURNSED,2213330f082f82d5,Derrick Burnsed,0.0,0.0,0.0,1980-06-09,,,,,0.0,0.0,0.0,0%,0.0,0.0,0%,0.0
1139,DERRICK KRANTZ,714e1e0681ddb703,Derrick Krantz,22.0,12.0,0.0,1988-01-13,177.8,77.11064,182.88,Orthodox,2.07,4.03,37.0,50%,3.18,50.0,0%,0.8
1140,DERRICK LEWIS,d3df1add9d9a7efb,Derrick Lewis,29.0,12.0,0.0,1985-02-07,190.5,117.93392,200.66,Orthodox,2.41,2.79,48.0,38%,0.53,25.0,51%,0.0
1141,DERRICK MEHMEN,6c7dafd03b6cc3f8,Derrick Mehmen,0.0,0.0,0.0,1985-05-30,193.04,,,,1.93,4.53,14.0,48%,1.0,16.0,0%,0.0
1142,DERRICK NOBLE,21321cdfba797c52,Derrick Noble,27.0,15.0,1.0,1978-08-14,175.26,77.11064,,Southpaw,6.21,3.79,40.0,59%,0.0,0.0,0%,0.0
1143,DESHAUN JOHNSON,bf97ad31eae89429,Deshaun Johnson,0.0,0.0,0.0,1970-11-15,,,,,2.27,6.67,41.0,43%,0.0,0.0,0%,0.0
1144,DESMOND GREEN,f046d724d2a84ac5,Desmond Green,23.0,8.0,0.0,1989-10-11,177.8,70.30676,185.42,Southpaw,3.7,2.51,46.0,69%,1.62,50.0,75%,0.0
1145,DESMOND TORRES,971aebf56267de20,Desmond Torres,0.0,0.0,0.0,1997-01-06,167.64,,175.26,Orthodox,4.8,11.78,64.0,48%,0.0,0.0,100%,0.0
1146,DEVIN CLARK,cc7040fe76f0ef91,Devin Clark,14.0,9.0,0.0,1990-04-12,182.88,92.98636,190.5,Orthodox,3.33,2.43,57.0,48%,2.7,36.0,76%,0.1
1147,DEVIN COLE,1174782eacde9b0c,Devin Cole,0.0,0.0,0.0,1976-10-01,193.04,,,Orthodox,3.5,2.14,55.0,48%,2.18,42.0,66%,0.0
1148,DEVIN JOHNSON,22f4b6cb6b1bd7fd,Devin Johnson,0.0,0.0,0.0,,,,,,0.0,0.0,0.0,0%,0.0,0.0,0%,0.0
1149,DEVIN POWELL,065eb44700e641a4,Devin Powell,9.0,4.0,0.0,1988-03-01,182.88,70.30676,185.42,Orthodox,2.88,3.67,41.0,51%,0.0,0.0,0%,0.6
1150,DEVIN SMYTH,7684c8137b4545ba,Devin Smyth,0.0,0.0,0.0,1995-07-21,177.8,,182.88,Switch,2.6,6.73,68.0,25%,4.0,26.0,100%,0.0
1151,DEVONTE SMITH,207773daeb4afa7b,Devonte Smith,11.0,4.0,0.0,1993-07-30,175.26,70.30676,193.04,Orthodox,5.64,2.65,55.0,59%,0.74,100.0,100%,0.7
1152,DEWEY COOPER,5efaaf313b652dd7,Dewey Cooper,0.0,0.0,0.0,1974-11-10,,,,,0.0,0.0,0.0,0%,0.0,0.0,0%,0.0
1153,DHAFIR HARRIS,0e96af5220d27ed4,Dhafir Harris,0.0,0.0,0.0,1977-08-04,,,,,0.0,0.0,0.0,0%,0.0,0.0,0%,0.0
1154,DHIEGO LIMA,e9213f53ddeca978,Dhiego Lima,17.0,9.0,0.0,1989-01-31,187.96,77.11064,190.5,Orthodox,3.14,3.93,38.0,59%,1.38,42.0,73%,0.7
1155,DIANA BELBITA,d7e40dca3ae125be,Diana Belbita,15.0,10.0,0.0,1996-06-26,170.18,56.699,172.72,Orthodox,5.81,6.49,39.0,52%,1.69,66.0,64%,0.0
1156,DIEGO BRANDAO,c2e3e67b5911bfb7,Diego Brandao,22.0,11.0,0.0,1987-05-27,170.18,65.77083999999999,162.56,Orthodox,2.94,3.38,47.0,62%,3.21,68.0,80%,0.6
1157,DIEGO FERREIRA,f53d4f21d1b5f2dc,Diego Ferreira,19.0,6.0,0.0,1985-01-18,175.26,70.30676,187.96,Orthodox,4.85,3.26,37.0,58%,0.89,26.0,68%,0.9
1158,DIEGO HENRIQUE DA SILVA,1649770c649db6a5,Diego Henrique da Silva,0.0,0.0,0.0,1986-08-22,187.96,,,Orthodox,2.53,3.27,57.0,30%,0.0,0.0,63%,0.0
1159,DIEGO LOPES,f166e93d04a8c274,Diego Lopes,26.0,7.0,0.0,1994-12-30,180.34,65.77083999999999,182.88,Orthodox,3.79,4.65,47.0,46%,0.82,46.0,68%,1.3
1160,DIEGO NUNES,3a24769a4855040a,Diego Nunes,19.0,7.0,0.0,1982-11-30,167.64,65.77083999999999,170.18,Orthodox,2.72,2.59,43.0,58%,1.18,44.0,65%,0.6
1161,DIEGO RIVAS,09f579be4520394a,Diego Rivas,10.0,2.0,0.0,1991-11-11,172.72,65.77083999999999,175.26,Orthodox,1.37,2.14,40.0,52%,1.79,60.0,64%,0.9
1162,DIEGO SANCHEZ,82e7929bf6c2b689,Diego Sanchez,31.0,13.0,0.0,1981-12-31,177.8,77.11064,182.88,Southpaw,2.69,3.02,37.0,56%,1.51,24.0,46%,0.8
1163,DIEGO SARAIVA,4f4dac51adc1af4f,Diego Saraiva,22.0,20.0,1.0,1982-04-23,167.64,70.30676,,Orthodox,1.64,3.58,32.0,62%,1.33,40.0,0%,0.7
1164,DIEUSEL BERTO,0db70ca89e1c7374,Dieusel Berto,0.0,3.0,0.0,1960-07-16,175.26,90.7184,,,0.0,0.0,0.0,0%,0.0,0.0,0%,0.0
1165,DILENO LOPES,8270c00fae24c922,Dileno Lopes,19.0,3.0,0.0,1984-09-26,165.1,61.23492,,,2.37,3.33,36.0,53%,2.5,31.0,100%,1.5
1166,DILLON SMITH,ffee353f55e3aa2c,Dillon Smith,0.0,0.0,0.0,,182.88,,,,0.0,0.0,0.0,0%,0.0,0.0,0%,0.0
1167,DIMITIRI WANDERLEY,a1d6b308781aa2f5,Dimitiri Wanderley,0.0,0.0,0.0,,,,,Orthodox,0.92,4.31,25.0,30%,1.16,20.0,0%,0.0
1168,DIN THOMAS,40a604761ca7d64d,Din Thomas,26.0,9.0,0.0,1976-09-28,175.26,70.30676,,Orthodox,1.85,2.6,37.0,59%,1.38,52.0,76%,1.2
1169,DING MENG,e0664abaa023fd6f,Ding Meng,0.0,0.0,0.0,1994-09-27,187.96,77.11064,185.42,Orthodox,3.8,4.33,45.0,51%,0.5,50.0,0%,0.0
1170,DINIS PAIVA JR.,ad3a5e465c76e499,Dinis Paiva Jr.,0.0,0.0,0.0,1988-05-26,175.26,,180.34,Southpaw,2.6,2.73,41.0,67%,0.0,0.0,81%,0.0
1171,DINO PEZAO,81b57acd6975ac06,Dino Pezao,0.0,0.0,0.0,,,,,Orthodox,0.66,3.28,30.0,31%,0.0,0.0,0%,0.0
1172,DION STARING,289a57039d742bfe,Dion Staring,0.0,0.0,0.0,1978-06-09,185.42,,,Orthodox,1.09,5.0,37.0,47%,0.0,0.0,33%,0.0
1173,DIONE BARBOSA,27b388f0aab49780,Dione Barbosa,8.0,4.0,0.0,1992-05-08,167.64,56.699,167.64,Orthodox,2.21,2.4,45.0,64%,2.4,44.0,63%,1.7
1174,DIYAR NURGOZHAY,709fadb644ee3f51,Diyar Nurgozhay,10.0,2.0,0.0,1997-04-22,187.96,92.98636,187.96,Southpaw,3.04,2.99,50.0,61%,2.54,100.0,100,0.0
1175,DJANI BARBIR,d4baaa0630bf5798,Djani Barbir,0.0,0.0,0.0,1997-08-09,190.5,,200.66,Orthodox,,,,,,,,
1176,DJORDEN SANTOS,312f7d7b2b2f7de4,Djorden Santos,10.0,2.0,0.0,1997-08-01,182.88,83.91452,190.5,Orthodox,6.64,6.35,42.0,48%,0.51,28.0,85%,0.0
1177,DMITRI STEPANOV,738acab0c6934dd8,Dmitri Stepanov,0.0,1.0,0.0,,190.5,98.429464,,Orthodox,0.0,0.0,0.0,0%,0.0,0.0,0%,0.0
1178,DMITRII SMOLIAKOV,75afb06215a07341,Dmitrii Smoliakov,9.0,3.0,0.0,1982-08-05,187.96,114.758776,187.96,Switch,1.44,3.81,42.0,55%,0.0,0.0,75%,0.0
1179,DMITRY POBEREZHETS,9756095cb76b67c3,Dmitry Poberezhets,0.0,0.0,0.0,1985-06-11,190.5,,,,0.0,0.0,0.0,0%,0.0,0.0,0%,0.0
1180,DMITRY SOSNOVSKIY,85ff1b9471d35238,Dmitry Sosnovskiy,11.0,0.0,0.0,1989-07-06,190.5,108.86207999999999,195.58,Orthodox,2.95,2.53,70.0,35%,3.16,66.0,100%,3.2
1181,DOKONJONOSUKE MISHIMA,b14a68c533f4a4aa,Dokonjonosuke Mishima,21.0,7.0,2.0,1972-04-19,170.18,70.30676,,Southpaw,1.06,1.22,41.0,52%,2.47,40.0,25%,1.4
1182,DOM MAR FAN,530af2900b5a1693,Dom Mar Fan,0.0,0.0,0.0,2000-03-19,180.34,70.30676,190.5,Orthodox,3.43,2.31,56.0,44%,1.84,50.0,62%,0.3
1183,DOMINGO PILARTE,4bf6b225ff6099c4,Domingo Pilarte,8.0,3.0,0.0,1990-01-05,182.88,61.23492,185.42,Southpaw,2.04,3.69,50.0,42%,2.0,42.0,75%,1.3
1184,DOMINIC BROWN,52b3ec072ad497a4,Dominic Brown,0.0,0.0,0.0,1982-06-04,180.34,,,,0.0,0.0,0.0,0%,0.0,0.0,0%,0.0
1185,DOMINIC CLARK,8a64b3f87ad29d1e,Dominic Clark,0.0,0.0,0.0,1985-08-01,177.8,,,,0.0,0.0,0.0,0%,0.0,0.0,0%,0.0
1186,DOMINIC WATERS,2de91c2244ad7e89,Dominic Waters,9.0,5.0,0.0,1989-04-11,185.42,77.11064,200.66,Orthodox,0.48,2.53,23.0,39%,4.07,52.0,28%,0.0
1187,DOMINICK CRUZ,10f3ba6cd2f44a97,Dominick Cruz,24.0,4.0,0.0,1985-03-09,172.72,61.23492,172.72,Orthodox,3.65,2.42,32.0,72%,2.99,46.0,83%,0.1
1188,DOMINICK REYES,2e19380f34871c6a,Dominick Reyes,15.0,4.0,0.0,1989-12-26,193.04,92.98636,195.58,Southpaw,4.99,3.4,53.0,49%,0.25,28.0,82%,0.2
1189,DOMINIK HUMBURGER,e4cbc82c36e47299,Dominik Humburger,0.0,0.0,0.0,1996-01-03,,,,,,,,,,,,
1190,DOMINIQUE STEELE,68c11c27d4d56572,Dominique Steele,14.0,9.0,0.0,1988-01-27,177.8,77.11064,187.96,Orthodox,2.32,2.42,49.0,50%,2.95,42.0,76%,0.0
1191,DON CARLO-CLAUSS,f59a6de8a5dfe297,Don Carlo-Clauss,0.0,0.0,0.0,,,,,,1.44,7.68,30.0,43%,0.0,0.0,66%,0.0
1192,DON FRYE,271fe91f4ba9d2c5,Don Frye,20.0,9.0,1.0,1965-11-23,185.42,99.336648,,Orthodox,2.87,3.57,64.0,37%,0.91,57.0,45%,0.7
1193,DON MADGE,68c7ad953455c73f,Don Madge,9.0,3.0,1.0,1990-11-12,182.88,70.30676,182.88,Southpaw,2.08,0.74,52.0,67%,2.22,25.0,80%,0.7
1194,DON SHAINIS,da4628f173337902,Don Shainis,12.0,5.0,0.0,1990-09-16,167.64,65.77083999999999,170.18,Orthodox,3.42,5.87,50.0,31%,0.97,25.0,20,1.9
1195,DON'TALE MAYES,1a9480fc288e55d7,Don'Tale Mayes,11.0,9.0,0.0,1992-01-16,198.12,117.93392,205.74,Orthodox,4.13,4.46,45.0,43%,0.23,20.0,59%,0.0
1196,DONALD CERRONE,1d00756835ca67c9,Donald Cerrone,36.0,17.0,0.0,1983-03-29,185.42,70.30676,185.42,Orthodox,4.43,4.46,46.0,53%,1.19,33.0,73%,1.2
1197,DONALD SANCHEZ,bb140b121283acbb,Donald Sanchez,0.0,0.0,0.0,1984-08-18,177.8,,,,0.58,1.16,50.0,55%,0.0,0.0,50%,0.0
1198,DONAVON FRELOW,9aa56f004b2bca07,Donavon Frelow,0.0,0.0,0.0,1985-01-20,170.18,,,Orthodox,2.4,3.2,27.0,52%,1.0,100.0,26%,0.0
1199,DONAVON HEDRICK,1004099ab87faa8d,Donavon Hedrick,0.0,0.0,0.0,1997-03-21,,,,Orthodox,,,,,,,,
1200,DONG HUAXIANG,bad82b681819b272,Dong Huaxiang,0.0,0.0,0.0,1998-08-21,160.02,,154.94,Switch,,,,,,,,
1201,DONG HYUN KIM,9bcf8603ceb25680,Dong Hyun Kim,22.0,4.0,1.0,1981-11-17,187.96,77.11064,193.04,Southpaw,2.12,1.89,49.0,58%,2.93,43.0,71%,0.6
1202,DONG HYUN MA,98a6b2361045898f,Dong Hyun Ma,16.0,11.0,3.0,1988-09-09,180.34,70.30676,177.8,Orthodox,2.84,4.1,41.0,54%,1.27,53.0,33%,0.0
1203,DONG SIK YOON,ad99fa5325519169,Dong Sik Yoon,0.0,0.0,0.0,1972-08-24,182.88,,,Orthodox,0.99,2.33,36.0,51%,1.6,29.0,33%,1.3
1204,DONGHUN CHOI,3be16d817b36098b,DongHun Choi,9.0,0.0,0.0,1999-01-02,165.1,56.699,167.64,Switch,4.54,3.13,66.0,58%,0.46,14.0,81,0.0
1205,DONGHYUN SEO,0505e27a5d00704a,DongHyun Seo,0.0,0.0,0.0,1990-08-22,170.18,,170.18,Orthodox,,,,,,,,
1206,DONGI YANG,aed06011bf62237b,Dongi Yang,13.0,3.0,0.0,1984-12-07,177.8,83.91452,185.42,Southpaw,3.55,3.21,51.0,63%,1.7,41.0,61%,0.5
1207,DONNIE CHAPPELL,8788beb528894f33,Donnie Chappell,0.0,1.0,0.0,,180.34,80.739376,,Southpaw,0.0,0.0,0.0,0%,0.0,0.0,0%,0.0
1208,DONNIE LILES,a1bf037613180253,Donnie Liles,0.0,0.0,0.0,,175.26,,,Orthodox,2.25,1.75,41.0,65%,2.5,28.0,0%,1.2
1209,DONNY WALKER,e6147d5ab3685899,Donny Walker,15.0,10.0,0.0,1980-01-04,175.26,61.23492,,,1.81,3.85,37.0,46%,0.0,0.0,57%,1.7
1210,DONOVAN BEARD,3a6ac598320ca7f2,Donovan Beard,0.0,0.0,0.0,1989-11-05,187.96,,198.12,Orthodox,,,,,,,,
1211,DONTE JOHNSON,ad5cb64af10fc946,Donte Johnson,0.0,0.0,0.0,1999-01-25,172.72,83.91452,187.96,Southpaw,,,,,,,,
1212,DOOHO CHOI,e93b04e308913c2e,Dooho Choi,16.0,4.0,1.0,1991-04-10,177.8,65.77083999999999,177.8,Orthodox,5.0,4.43,55.0,57%,1.26,53.0,59%,0.5
1213,DORIAN PRICE,ee4b670e159f4a33,Dorian Price,8.0,5.0,0.0,1977-08-20,190.5,77.11064,,Southpaw,0.0,0.0,0.0,0%,0.0,0.0,0%,0.0
1214,DORIAN RAMOS,fa4dcb2c8de482ee,Dorian Ramos,0.0,0.0,0.0,1993-12-31,172.72,,177.8,Orthodox,,,,,,,,
1215,DOS CARAS JR.,155a02a8b4311057,Dos Caras Jr.,0.0,0.0,0.0,1977-05-25,193.04,,,Orthodox,0.77,1.2,23.0,59%,0.0,0.0,72%,0.0
1216,DOUG EVANS,d3de4a24f7eefac8,Doug Evans,13.0,10.0,0.0,1980-10-10,175.26,70.30676,,Orthodox,1.79,2.55,35.0,55%,3.19,83.0,69%,0.6
1217,DOUG KAY,547c5611bd366988,Doug Kay,0.0,0.0,0.0,,,,,,0.0,0.0,0.0,0%,0.0,0.0,0%,0.0
1218,DOUG MARSHALL,0c1773639c795466,Doug Marshall,0.0,0.0,0.0,1975-09-09,177.8,,,Orthodox,6.99,4.02,46.0,60%,0.0,0.0,66%,2.4
1219,DOUGLAS LIMA,264111bf62662fbf,Douglas Lima,0.0,0.0,0.0,1988-01-05,185.42,,,,1.92,2.84,36.0,60%,0.6,100.0,46%,0.0
1220,DOUGLAS SILVA DE ANDRADE,3a314d9fa7c6825d,Douglas Silva de Andrade,29.0,6.0,0.0,1985-06-22,170.18,61.23492,172.72,Orthodox,3.77,4.26,38.0,58%,0.7,50.0,66%,0.0
1221,DRAKKAR KLOSE,7cbf7c78d3b34218,Drakkar Klose,16.0,3.0,1.0,1988-03-09,175.26,70.30676,177.8,Orthodox,3.89,3.64,53.0,53%,1.56,30.0,68%,0.0
1222,DRAKO RODRIGUEZ,dc3b9cf7641b7ab6,Drako Rodriguez,7.0,3.0,0.0,1996-06-16,172.72,61.23492,175.26,Orthodox,2.57,2.57,35.0,26%,2.75,100.0,0%,2.8
1223,DREW BROKENSHIRE,aa571d75f80fde7d,Drew Brokenshire,0.0,0.0,0.0,1986-06-27,,,,,0.0,0.0,0.0,0%,0.0,0.0,0%,0.0
1224,DREW DIMANLIG,cc2ad11b1f9d818b,Drew Dimanlig,0.0,0.0,0.0,,,,,,3.7,3.17,73.0,20%,0.0,0.0,0%,0.0
1225,DREW DOBER,519e4fe37ce9ff75,Drew Dober,27.0,15.0,0.0,1988-10-19,172.72,70.30676,177.8,Southpaw,4.33,3.87,40.0,54%,0.8,17.0,55%,0.1
1226,DREW FICKETT,d814f5192e58fb2f,Drew Fickett,42.0,21.0,0.0,1979-12-14,177.8,70.30676,177.8,Orthodox,2.33,2.29,41.0,57%,1.3,35.0,30%,2.2
1227,DREW MCFEDRIES,1fd4fbdcc67de844,Drew McFedries,12.0,7.0,0.0,1978-07-27,182.88,83.91452,182.88,Southpaw,5.13,4.56,51.0,52%,1.42,100.0,56%,0.7
1228,DREW PENDLETON,34b634cb2471bdde,Drew Pendleton,0.0,0.0,0.0,1983-12-08,,,,,0.0,0.0,0.0,0%,0.0,0.0,0%,0.0
1229,DRICUS DU PLESSIS,0d7b51c9d2649a6e,Dricus Du Plessis,23.0,3.0,0.0,1994-01-14,185.42,83.91452,193.04,Switch,7.72,4.16,44.0,67%,0.0,0.0,0%,0.0
1230,DUANE LUDWIG,84ac950d4c1722dd,Duane Ludwig,21.0,14.0,0.0,1978-08-04,177.8,77.11064,177.8,Orthodox,4.62,3.05,44.0,57%,0.43,25.0,59%,0.1
1231,DUDA SANTANA,d6ead04919a894b1,Duda Santana,3.0,1.0,0.0,1996-01-10,170.18,65.77083999999999,185.42,Orthodox,6.01,2.72,39.0,73%,6.44,60.0,0%,0.0
1232,DUSKO TODOROVIC,866fd7b1a6c90e7f,Dusko Todorovic,12.0,6.0,0.0,1994-05-19,185.42,83.91452,187.96,Orthodox,7.45,5.42,62.0,46%,0.53,6.0,100%,0.0
1233,DUSTIN HAZELETT,a149d6bc670cdb60,Dustin Hazelett,12.0,7.0,0.0,1986-04-29,185.42,77.11064,193.04,Orthodox,2.24,3.51,40.0,46%,0.55,50.0,25%,4.1
1234,DUSTIN JACOBY,e4277e87a789d687,Dustin Jacoby,21.0,9.0,1.0,1988-04-04,190.5,92.98636,193.04,Orthodox,3.68,2.94,46.0,61%,0.22,100.0,70%,0.0
1235,DUSTIN JOYNSON,791367e8c35cfb6a,Dustin Joynson,0.0,0.0,0.0,1985-10-14,198.12,,198.12,Orthodox,3.28,5.63,53.0,47%,0.0,0.0,0%,0.0
1236,DUSTIN KIMURA,fe91d254db77a7fc,Dustin Kimura,11.0,3.0,0.0,1989-05-21,170.18,61.23492,180.34,Orthodox,1.33,3.82,21.0,51%,0.93,37.0,50%,2.2
1237,DUSTIN MOORE,831de97afe326478,Dustin Moore,0.0,0.0,0.0,,162.56,,,,0.0,0.0,0.0,0%,0.0,0.0,0%,0.0
1238,DUSTIN NEACE,e503aa5c252a1b4d,Dustin Neace,25.0,21.0,1.0,1986-09-12,175.26,65.77083999999999,175.26,,2.08,2.66,32.0,56%,0.0,0.0,0%,1.7
1239,DUSTIN ORTIZ,f53c1f4ceeed8c08,Dustin Ortiz,19.0,8.0,0.0,1988-12-25,165.1,56.699,165.1,Orthodox,2.94,2.17,44.0,56%,3.01,36.0,52%,0.1
1240,DUSTIN PAGUE,55f80a8aeffcdb33,Dustin Pague,12.0,11.0,0.0,1987-08-05,175.26,61.23492,187.96,Orthodox,1.65,2.96,53.0,41%,1.03,44.0,55%,2.6
1241,DUSTIN POIRIER,029eaff01e6bb8f0,Dustin Poirier,30.0,10.0,0.0,1989-01-19,175.26,70.30676,182.88,Southpaw,5.59,4.17,50.0,54%,1.47,36.0,61%,1.3
1242,DUSTIN STOLTZFUS,71505842fb6455c3,Dustin Stoltzfus,16.0,7.0,0.0,1991-11-15,182.88,83.91452,190.5,Orthodox,2.48,3.93,57.0,48%,0.78,12.0,62%,0.8
1243,DUSTIN WEST,5f5763b3a4de8dd4,Dustin West,0.0,0.0,0.0,1979-07-26,180.34,,,,0.0,0.0,0.0,0%,0.0,0.0,0%,0.0
1244,DWAYNE CASON,31c01fbc2586a5eb,Dwayne Cason,1.0,1.0,0.0,,177.8,96.161504,,Orthodox,0.0,0.0,0.0,0%,0.0,0.0,0%,0.0
1245,DWIGHT GRANT,8be158ca1e5ea6a0,Dwight Grant,11.0,6.0,0.0,1984-09-14,185.42,83.91452,193.04,Switch,3.39,2.16,37.0,69%,0.34,100.0,78%,0.0
1246,DWIGHT JOSEPH,34ca93f1791a5c50,Dwight Joseph,0.0,0.0,0.0,1989-08-16,167.64,,,Switch,2.6,2.87,52.0,55%,1.0,20.0,20%,1.0
1247,DYLAN ANDREWS,00debc804e2b1cd4,Dylan Andrews,18.0,7.0,0.0,1979-11-15,185.42,83.91452,187.96,Switch,2.21,2.72,50.0,46%,2.83,50.0,57%,0.4
1248,DYLAN BUDKA,a817e238b2747404,Dylan Budka,7.0,5.0,0.0,2000-01-14,182.88,83.91452,190.5,Switch,1.06,1.8,38.0,42%,1.93,38.0,76,0.4
1249,DYLAN LOCKARD,9caa254991a5a698,Dylan Lockard,0.0,0.0,0.0,1992-05-19,175.26,,182.88,Orthodox,1.31,3.31,53.0,52%,2.31,40.0,28%,1.2
1250,DYLAN MANTELLO,e192ebb85b68fa9e,Dylan Mantello,0.0,0.0,0.0,1992-11-19,185.42,,185.42,Orthodox,,,,,,,,
1251,DYLAN POTTER,61e47575b24a06bf,Dylan Potter,0.0,0.0,0.0,1995-01-14,187.96,,195.58,Switch,,,,,,,,
1252,DYLAN SALVADOR,a7a3fb5f6c67b122,Dylan Salvador,0.0,0.0,0.0,1993-05-20,175.26,,175.26,Southpaw,,,,,,,,
1253,EBENEZER FONTES BRAGA,dc950d59dc590aca,Ebenezer Fontes Braga,13.0,7.0,2.0,1969-04-14,182.88,90.264808,,Orthodox,2.42,0.42,50.0,71%,0.0,0.0,90%,0.6
1254,ED HERMAN,06f36cf4bd97ec77,Ed Herman,27.0,16.0,0.0,1980-10-02,185.42,92.98636,195.58,Orthodox,3.32,3.35,49.0,43%,2.21,48.0,60%,1.2
1255,ED RATCLIFF,8c90c1563972e44d,Ed Ratcliff,0.0,0.0,0.0,1983-03-05,177.8,,180.34,Orthodox,2.71,2.96,38.0,63%,0.28,16.0,53%,0.0
1256,EDDIE ALVAREZ,33a331684283900f,Eddie Alvarez,29.0,6.0,0.0,1984-01-11,175.26,70.30676,175.26,Orthodox,4.32,4.39,41.0,55%,2.92,36.0,92%,0.5
1257,EDDIE GORDON,8cad40a75e5c97f5,Eddie Gordon,8.0,4.0,0.0,1983-07-22,182.88,83.91452,193.04,Orthodox,2.03,2.57,32.0,60%,1.93,83.0,63%,0.0
1258,EDDIE MENDEZ,49e49b54e5901d0d,Eddie Mendez,8.0,3.0,1.0,1984-01-16,177.8,83.91452,,,1.71,3.43,33.0,11%,0.0,0.0,0%,0.0
1259,EDDIE RUIZ,7b9aa973e5c04624,Eddie Ruiz,1.0,1.0,0.0,1967-06-10,170.18,70.30676,,Orthodox,0.2,1.4,25.0,47%,2.0,12.0,0%,0.0
1260,EDDIE SANCHEZ,7f0b4a75ef3039a3,Eddie Sanchez,15.0,8.0,0.0,1982-11-04,187.96,104.32616,187.96,Orthodox,3.45,3.3,43.0,43%,1.13,26.0,42%,0.0
1261,EDDIE WINELAND,fc9a9559a05f2704,Eddie Wineland,24.0,16.0,1.0,1984-06-26,170.18,61.23492,175.26,Orthodox,3.4,3.66,29.0,69%,0.34,33.0,86%,0.1
1262,EDDIE YAGIN,cc84b68f862b466f,Eddie Yagin,16.0,7.0,1.0,1979-03-23,170.18,65.77083999999999,,Orthodox,3.13,5.77,30.0,42%,0.0,0.0,62%,1.0
1263,EDDY ELLIS,e60d773a0a42048a,Eddy Ellis,0.0,0.0,0.0,1983-07-07,175.26,,,Orthodox,3.4,1.53,69.0,68%,4.0,66.0,50%,2.0
1264,EDDY MILLIS,f2c934689243fe4e,Eddy Millis,0.0,0.0,0.0,1967-08-04,185.42,,,,0.0,3.36,0.0,22%,0.0,0.0,0%,7.2
1265,EDGAR CARDENAS,99a86b134dccc166,Edgar Cardenas,0.0,0.0,0.0,,,,,,0.0,0.0,0.0,0%,0.0,0.0,0%,0.0
1266,EDGAR CHAIREZ,5ef94841c4bc3f86,Edgar Chairez,12.0,6.0,0.0,1996-01-27,170.18,56.699,180.34,Orthodox,3.76,4.71,46.0,46%,0.0,0.0,47%,1.4
1267,EDGAR GARCIA,8d49545dadf9b919,Edgar Garcia,14.0,5.0,0.0,1984-02-22,177.8,77.11064,180.34,Orthodox,3.16,4.23,29.0,60%,2.21,57.0,50%,0.6
1268,EDILBERTO DE OLIVEIRA,afdb76fbd86f6d11,Edilberto de Oliveira,29.0,15.0,2.0,1982-11-22,182.88,77.11064,,Orthodox,4.12,6.79,32.0,61%,0.0,0.0,0%,0.0
1269,EDIMILSON SOUZA,6c7020b859c7a3ce,Edimilson Souza,15.0,5.0,0.0,1984-10-17,182.88,65.77083999999999,187.96,Orthodox,4.65,2.91,44.0,58%,0.0,0.0,50%,0.0
1270,EDIVAN SANTOS,78719f6663ad9160,Edivan Santos,0.0,0.0,0.0,1992-05-03,193.04,,198.12,Orthodox,,,,,,,,
1271,EDMEN SHAHBAZYAN,4144798612ef96e5,Edmen Shahbazyan,15.0,5.0,0.0,1997-11-20,187.96,83.91452,190.5,Orthodox,4.06,3.87,48.0,50%,1.43,36.0,66%,0.4
1272,EDNALDO OLIVEIRA,acd9513399a8b09b,Ednaldo Oliveira,17.0,3.0,1.0,1984-02-19,195.58,92.98636,,Orthodox,1.03,1.8,22.0,52%,0.0,0.0,42%,0.0
1273,EDSON BARBOZA,64a50dad704d1d49,Edson Barboza,24.0,13.0,0.0,1986-01-21,180.34,70.30676,190.5,Orthodox,3.98,4.03,43.0,60%,0.44,44.0,78%,0.1
1274,EDSON BERTO,66766984842c13dc,Edson Berto,0.0,0.0,0.0,1983-07-05,167.64,,,Orthodox,1.76,4.62,36.0,47%,5.47,40.0,0%,2.7
1275,EDSON DRAGO,f9c7fe2682af3802,Edson Drago,0.0,0.0,0.0,1977-08-29,193.04,,,Orthodox,1.16,2.39,40.0,36%,0.0,0.0,55%,0.0
1276,EDSON GOMEZ,e90f4291f93708e6,Edson Gomez,0.0,0.0,0.0,1991-02-23,172.72,,175.26,Switch,2.66,8.78,32.0,45%,0.0,0.0,0%,0.0
1277,EDSON SILVA,a1153013cb5f628f,Edson Silva,0.0,0.0,0.0,,,,,Orthodox,2.69,5.37,14.0,50%,0.0,0.0,0%,0.0
1278,EDUARDA MOURA,de594b35c45c2e9a,Eduarda Moura,12.0,1.0,0.0,1994-02-28,167.64,56.699,170.18,Orthodox,3.04,2.47,37.0,61%,3.73,37.0,80,0.3
1279,EDUARDO BUSTILLOS,f273f1b8df04c8a1,Eduardo Bustillos,0.0,0.0,0.0,1987-06-02,172.72,,,,2.61,6.22,59.0,35%,0.0,0.0,100%,0.0
1280,EDUARDO CHAPOLIN,62f3039da2f92a8c,Eduardo Chapolin,0.0,0.0,0.0,1995-11-23,170.18,,170.18,Orthodox,,,,,,,,
1281,EDUARDO DANTAS,676a2e5ec4d7338c,Eduardo Dantas,0.0,0.0,0.0,1989-02-03,177.8,,,,3.33,3.0,60.0,60%,4.0,23.0,100%,0.0
1282,EDUARDO GARAGORRI,7bde387d50829adf,Eduardo Garagorri,13.0,2.0,0.0,1989-05-28,175.26,65.77083999999999,177.8,Orthodox,3.42,2.36,51.0,58%,0.48,100.0,61%,0.0
1283,EDUARDO NEVES,1d688fa375d9431c,Eduardo Neves,0.0,0.0,0.0,2000-03-16,187.96,,198.12,Orthodox,,,,,,,,
1284,EDUARDO PAMPLONA,f31c0905045fa100,Eduardo Pamplona,0.0,0.0,0.0,1973-02-20,180.34,,,,0.0,0.0,0.0,0%,0.0,0.0,0%,0.0
1285,EDUARDO TORRES CAUT,c8d46028907bcece,Eduardo Torres Caut,0.0,0.0,0.0,1995-04-26,170.18,,177.8,Orthodox,,,,,,,,
1286,EDWARD FAALOLOTO,6224e8d0a34264eb,Edward Faaloloto,2.0,5.0,0.0,1984-07-15,177.8,70.30676,177.8,Orthodox,2.28,6.25,32.0,44%,1.01,25.0,33%,0.0
1287,EDWIN AGUILAR,6cadc0a0ba7dc015,Edwin Aguilar,0.0,0.0,0.0,1995-11-17,177.8,,,,0.0,0.0,0.0,0%,0.0,0.0,0%,0.0
1288,EDWIN DEWEES,75bbd2206a15319f,Edwin DeWees,38.0,17.0,0.0,1982-08-07,185.42,83.91452,,Orthodox,1.53,6.19,33.0,39%,2.18,66.0,0%,3.3
1289,EDWIN FIGUEROA,bbfca6d5c27d9cd8,Edwin Figueroa,9.0,5.0,0.0,1984-07-31,170.18,61.23492,175.26,Orthodox,2.57,3.06,39.0,51%,0.2,100.0,37%,0.6
1290,EFRAIN ESCUDERO,83fd97284f4bb4a4,Efrain Escudero,28.0,12.0,0.0,1986-01-15,175.26,70.30676,180.34,Orthodox,2.92,2.3,44.0,63%,1.31,40.0,66%,0.8
1291,EGAN INOUE,37a6c95201592fea,Egan Inoue,0.0,0.0,0.0,1965-07-04,175.26,,,Southpaw,1.66,3.31,36.0,57%,0.0,0.0,0%,0.0
1292,EGIDIJUS VALAVICIUS,fc1868f56d3036eb,Egidijus Valavicius,0.0,0.0,0.0,1978-12-23,182.88,,,Orthodox,0.0,0.0,0.0,0%,0.0,0.0,0%,0.0
1293,EIJI ISHIKAWA,eb89dc31949a1427,Eiji Ishikawa,0.0,0.0,0.0,1979-10-12,177.8,,,,1.2,4.07,29.0,60%,1.0,9.0,0%,0.0
1294,EIJI MITSUOKA,2b4faacc16d66898,Eiji Mitsuoka,18.0,9.0,2.0,1976-01-01,170.18,65.77083999999999,,Southpaw,1.49,2.26,49.0,45%,2.3,36.0,20%,1.6
1295,ELAINA MAXWELL,a16ce18149021139,Elaina Maxwell,0.0,0.0,0.0,1978-12-16,172.72,,,Orthodox,2.07,2.4,60.0,53%,0.0,0.0,50%,1.0
1296,ELDARI KURTANIDZE,4c78fc005a53831d,Eldari Kurtanidze,0.0,0.0,0.0,1972-04-16,167.64,,,Orthodox,0.47,3.72,20.0,60%,0.0,0.0,0%,0.0
1297,ELDO XAVIER DIAS,ee5df903f80c6816,Eldo Xavier Dias,0.0,1.0,0.0,1964-07-16,180.34,,,,0.0,0.0,0.0,0%,0.0,0.0,0%,0.0
1298,ELI ARONOV,a90c200c3fbb22c4,Eli Aronov,0.0,0.0,0.0,1996-06-06,177.8,,182.88,Orthodox,,,,,,,,
1299,ELI TAMEZ,bfd4d50591033a1f,Eli Tamez,0.0,0.0,0.0,1985-08-22,170.18,,,,0.0,0.0,0.0,0%,0.0,0.0,0%,0.0
1300,ELIAS GARCIA,ac5a7400da3a9a41,Elias Garcia,6.0,2.0,0.0,1992-09-13,165.1,56.699,170.18,Southpaw,1.59,5.05,27.0,50%,0.68,14.0,33%,1.4
1301,ELIAS SILVERIO,52ba464d9068d871,Elias Silverio,13.0,3.0,0.0,1986-09-22,180.34,70.30676,185.42,Orthodox,3.67,2.97,49.0,51%,1.62,38.0,85%,0.2
1302,ELIAS THEODOROU,34f88592c0ab7a54,Elias Theodorou,16.0,3.0,0.0,1988-05-31,185.42,83.91452,190.5,Orthodox,4.19,2.39,42.0,53%,1.27,28.0,59%,0.0
1303,ELIAS URBINA,47fcdcaccb58ca80,Elias Urbina,0.0,0.0,0.0,1993-10-09,190.5,,195.58,Southpaw,3.85,6.17,37.0,50%,0.0,0.0,0%,0.0
1304,ELIEZER KUBANZA,66579081831db7b0,Eliezer Kubanza,0.0,0.0,0.0,1997-12-23,175.26,,187.96,Orthodox,,,,,,,,
1305,ELIJAH SMITH,7478b7f959ba61f5,Elijah Smith,9.0,1.0,0.0,2002-09-05,175.26,61.23492,180.34,Orthodox,4.45,3.4,47.0,47%,3.51,53.0,57,0.9
1306,ELIOT MARSHALL,a08d909a5be6f410,Eliot Marshall,10.0,4.0,0.0,1980-07-07,187.96,92.98636,195.58,Orthodox,1.93,2.39,27.0,67%,0.47,33.0,79%,0.9
1307,ELISE REED,ac7c765882f2c68c,Elise Reed,8.0,5.0,0.0,1992-12-05,160.02,52.16308,160.02,Orthodox,3.41,3.26,53.0,51%,0.46,60.0,53,0.0
1308,ELISHA ELLISON,87e4a3a5080ee7ce,Elisha Ellison,0.0,0.0,0.0,1997-03-05,182.88,107.954896,198.12,Orthodox,,,,,,,,
1309,ELISHA HELSPER,0971be7d94e109e1,Elisha Helsper,0.0,0.0,0.0,1983-02-06,167.64,,,Orthodox,0.0,0.0,0.0,0%,0.0,0.0,0%,0.0
1310,ELIZABETH PHILLIPS,dcbf01d605681ad1,Elizabeth Phillips,6.0,6.0,0.0,1986-08-20,167.64,61.23492,165.1,Orthodox,2.6,3.07,33.0,58%,0.75,25.0,53%,0.2
1311,ELIZEU ZALESKI DOS SANTOS,8adcbd525fab8d9b,Elizeu Zaleski dos Santos,25.0,10.0,1.0,1986-12-11,180.34,77.11064,185.42,Orthodox,4.05,3.07,39.0,59%,0.57,17.0,52%,0.5
1312,ELVES BRENER,48a9a128784d53d1,Elves Brener,16.0,6.0,0.0,1997-09-27,177.8,70.30676,182.88,Orthodox,4.76,5.86,47.0,50%,0.99,16.0,76,0.0
1313,ELVIS MUTAPCIC,28c55b4087a6f136,Elvis Mutapcic,15.0,6.0,1.0,1986-07-19,182.88,83.91452,182.88,Orthodox,3.41,4.27,40.0,38%,0.0,0.0,81%,0.0
1314,ELVIS SINOSIC,817e0bdf08efce2e,Elvis Sinosic,7.0,11.0,2.0,1971-02-13,190.5,92.98636,195.58,Orthodox,1.13,4.6,37.0,53%,0.0,0.0,0%,1.2
1315,EMANUEL NEWTON,fbbbc68d368832fa,Emanuel Newton,0.0,0.0,0.0,1984-01-02,185.42,,,,1.92,1.35,49.0,51%,2.02,100.0,0%,0.0
1316,EMIL MEEK,103b06d8707895a9,Emil Meek,9.0,5.0,1.0,1988-08-20,180.34,77.11064,187.96,Switch,2.52,2.53,39.0,38%,0.25,33.0,47%,1.0
1317,EMILIANO LINARES,a4ef92274a45143d,Emiliano Linares,0.0,0.0,0.0,1997-04-21,172.72,,182.88,Orthodox,,,,,,,,
1318,EMILIANO SORDI,4c9b84d559822830,Emiliano Sordi,0.0,0.0,0.0,1991-02-15,187.96,,,Orthodox,4.79,4.79,50.0,48%,0.0,0.0,100%,8.3
1319,EMILIO CHAVEZ,84e8920e59ff14a7,Emilio Chavez,0.0,0.0,0.0,,175.26,,,,2.73,1.53,48.0,54%,3.0,50.0,0%,0.0
1320,EMILIO CUELLAR,3aeb69b4a13ff0e8,Emilio Cuellar,0.0,0.0,0.0,1995-12-17,,,,,,,,,,,,
1321,EMILY DUCOTE,02f8fedc18cbd26c,Emily Ducote,13.0,9.0,0.0,1994-01-01,157.48,52.16308,160.02,Orthodox,7.45,7.84,52.0,57%,0.2,14.0,94,0.0
1322,EMILY FERNANDEZ,7ee1babb99f30115,Emily Fernandez,0.0,0.0,0.0,,,,,,,,,,,,,
1323,EMILY KAGAN,c1ea9d56cd953586,Emily Kagan,3.0,3.0,0.0,1981-07-14,160.02,52.16308,,,2.6,5.29,36.0,38%,1.86,14.0,50%,0.0
1324,EMILY WHITMIRE,b3d21b2610dcfaeb,Emily Whitmire,4.0,5.0,0.0,1991-05-24,165.1,56.699,160.02,Orthodox,2.71,3.08,30.0,54%,1.1,50.0,70%,0.6
1325,EMMANUEL SANCHEZ,243a336eaa2d2eb4,Emmanuel Sanchez,0.0,0.0,0.0,1990-08-11,175.26,,180.34,,4.45,4.17,35.0,55%,0.25,6.0,16%,0.5
1326,EMMANUEL YARBOROUGH,2299605af59fd309,Emmanuel Yarborough,1.0,2.0,0.0,1960-09-05,203.2,349.26583999999997,,Open Stance,0.0,0.0,0.0,0%,0.0,0.0,0%,0.0
1327,EMRAH SONMEZ,fe759b24e344d7eb,Emrah Sonmez,0.0,0.0,0.0,1992-06-26,177.8,,180.34,Orthodox,,,,,,,,
1328,ENRIQUE BARZOLA,be0b310a12eb80b4,Enrique Barzola,17.0,5.0,2.0,1989-04-28,170.18,65.77083999999999,177.8,Orthodox,3.91,2.97,41.0,68%,4.2,45.0,66%,0.3
1329,ENRIQUE MARIN,23a6e307077c6ccc,Enrique Marin,10.0,4.0,0.0,1986-09-02,177.8,77.11064,,,1.43,3.0,33.0,50%,2.5,38.0,60%,1.0
1330,ENRIQUE WATSON,a99d4aa689bdca18,Enrique Watson,0.0,0.0,0.0,1978-08-25,,,,,0.0,0.0,0.0,0%,0.0,0.0,0%,0.0
1331,ENSON INOUE,0cf935519d439ba6,Enson Inoue,12.0,8.0,0.0,1967-04-15,177.8,95.25431999999999,,Orthodox,1.7,1.88,63.0,30%,0.0,0.0,33%,0.0
1332,EOJIN PARK,f79e7f138bf50cc0,EoJin Park,0.0,0.0,0.0,2001-12-26,182.88,,180.34,Orthodox,,,,,,,,
1333,EPERAIM GINTING,bad8ed7d714f1493,Eperaim Ginting,0.0,0.0,0.0,1995-11-30,162.56,,162.56,Orthodox,,,,,,,,
1334,ERIC BEDARD,ce05955c26c3c090,Eric Bedard,0.0,0.0,0.0,1984-09-11,187.96,,,,6.37,8.54,35.0,52%,0.0,0.0,0%,0.0
1335,ERIC CASTILE,a0a69dc9914ef6e1,Eric Castile,0.0,0.0,0.0,,172.72,,,,0.0,0.0,0.0,0%,0.0,0.0,0%,0.0
1336,ERIC ESCH,0e4daed84a8f39a6,Eric Esch,0.0,0.0,0.0,1968-08-03,180.34,,,Orthodox,3.07,1.74,71.0,43%,0.0,0.0,0%,2.0
1337,ERIC GALVAN,ad3fdba28a7540cf,Eric Galvan,0.0,0.0,0.0,,,,,,0.0,0.0,0.0,0%,0.0,0.0,0%,0.0
1338,ERIC IRVIN,a47c2a6e24757932,Eric Irvin,0.0,0.0,0.0,1986-01-10,172.72,,,,3.27,4.47,42.0,36%,4.0,30.0,33%,0.0
1339,ERIC JACOB,ba17afef01ed78b6,Eric Jacob,0.0,0.0,0.0,,,,,,0.0,0.0,0.0,0%,0.0,0.0,0%,0.0
1340,ERIC LAWSON,38e5d9dcb0fddc42,Eric Lawson,0.0,0.0,0.0,1981-02-12,182.88,,,Orthodox,1.58,1.97,57.0,44%,8.88,42.0,0%,3.0
1341,ERIC MAGANA,8db1b36dde268ef6,Eric Magana,0.0,0.0,0.0,,,,,,0.0,0.0,0.0,0%,0.0,0.0,0%,0.0
1342,ERIC MARTIN,abbc4fc02e0d84b3,Eric Martin,0.0,1.0,0.0,,,,,,0.0,0.0,0.0,0%,0.0,0.0,0%,0.0
1343,ERIC MCCONICO,9508cc6184cb2450,Eric McConico,10.0,3.0,1.0,1990-05-09,182.88,83.91452,195.58,Southpaw,2.92,3.05,46.0,45%,0.64,100.0,68%,0.0
1344,ERIC NOLAN,64b12fe31be7560c,Eric Nolan,8.0,4.0,0.0,1997-09-13,187.96,83.91452,187.96,Orthodox,1.68,2.59,34.0,44%,0.0,0.0,44%,0.0
1345,ERIC SCHAFER,f59f1d3a2ff13edd,Eric Schafer,14.0,8.0,2.0,1977-09-20,190.5,83.91452,193.04,Orthodox,1.89,3.38,34.0,56%,1.81,36.0,50%,1.8
1346,ERIC SCHAMBARI,66e981516e2476d1,Eric Schambari,0.0,0.0,0.0,1978-04-22,180.34,,,Orthodox,1.43,1.07,42.0,54%,3.0,42.0,0%,1.0
1347,ERIC SCHWARTZ,79cbdf233e5e0496,Eric Schwartz,0.0,0.0,0.0,,,,,,0.0,0.0,0.0,0%,0.0,0.0,0%,0.0
1348,ERIC SHELTON,a0c64f272b65d441,Eric Shelton,12.0,6.0,0.0,1991-02-02,167.64,56.699,172.72,Orthodox,2.57,1.88,42.0,63%,2.83,51.0,46%,0.2
1349,ERIC SMITH,9114c8ded5ccd71d,Eric Smith,0.0,0.0,0.0,,,,,Southpaw,0.0,0.0,0.0,0%,0.0,0.0,0%,0.0
1350,ERIC SPICELY,b9664eae2ac75262,Eric Spicely,12.0,6.0,0.0,1986-09-29,185.42,83.91452,185.42,Orthodox,3.71,5.72,45.0,55%,1.31,20.0,75%,1.0
1351,ERIC STEENBERG,377bc9dc0b2745f9,Eric Steenberg,0.0,0.0,0.0,1983-06-22,,,,,0.0,0.0,0.0,0%,0.0,0.0,0%,0.0
1352,ERIC WISELY,53f84637dfffab7a,Eric Wisely,26.0,9.0,1.0,1984-07-25,172.72,65.77083999999999,,Southpaw,1.42,2.08,47.0,56%,0.0,0.0,27%,0.9
1353,ERIC WRAY,eb6edce3028f05c0,Eric Wray,0.0,0.0,0.0,,182.88,,,Orthodox,1.76,3.12,48.0,28%,4.07,66.0,0%,2.0
1354,ERICK GONZALEZ,a2ccf35a88346a91,Erick Gonzalez,14.0,8.0,0.0,1992-01-20,180.34,70.30676,190.5,Orthodox,2.4,8.08,36.0,40%,6.0,55.0,50,0.0
1355,ERICK MONTANO,8163cd7de0342652,Erick Montano,7.0,5.0,0.0,1985-11-19,182.88,77.11064,185.42,Orthodox,2.79,2.06,44.0,64%,2.29,36.0,66%,0.0
1356,ERICK SANCHEZ,ef3663798164adf0,Erick Sanchez,0.0,0.0,0.0,1990-10-04,177.8,,,,0.0,0.0,0.0,0%,0.0,0.0,0%,0.0
1357,ERICK SILVA,5866fc86183a9fb8,Erick Silva,19.0,9.0,0.0,1984-06-21,182.88,77.11064,187.96,Orthodox,2.5,4.18,48.0,49%,0.85,35.0,56%,1.4
1358,ERICK WANDERLEI,d57e6a8971b6d2bd,Erick Wanderlei,0.0,0.0,0.0,1976-06-20,185.42,,,Orthodox,0.63,2.66,41.0,40%,3.8,66.0,0%,1.9
1359,ERICKA ALMEIDA,67a992d4cff22466,Ericka Almeida,7.0,3.0,0.0,1989-03-05,167.64,52.16308,,Orthodox,1.07,3.33,39.0,43%,0.5,33.0,37%,0.0
1360,ERIK APPLE,1ccff7f0cfdf85eb,Erik Apple,0.0,0.0,0.0,1977-08-26,182.88,,,Orthodox,0.0,0.54,0.0,81%,0.0,0.0,0%,8.1
1361,ERIK KOCH,99bd87a300079ed9,Erik Koch,16.0,6.0,0.0,1988-10-04,177.8,77.11064,180.34,Southpaw,2.33,2.82,42.0,47%,1.02,42.0,81%,1.0
1362,ERIK PEREZ,af62f99eb7606308,Erik Perez,17.0,6.0,0.0,1989-11-19,172.72,61.23492,172.72,Orthodox,3.16,2.09,40.0,66%,3.16,55.0,69%,0.2
1363,ERIK SILVA,21b813b919776d90,Erik Silva,9.0,3.0,0.0,1987-03-16,175.26,65.77083999999999,180.34,Orthodox,2.07,1.57,70.0,40%,3.76,80.0,62,0.0
1364,ERIN BLANCHFIELD,669970f7feba8ecd,Erin Blanchfield,13.0,2.0,0.0,1999-05-04,162.56,56.699,167.64,Orthodox,5.24,4.21,44.0,59%,1.86,31.0,80,0.8
1365,ERISSON FERREIRA,1c2a8915f8431507,Erisson Ferreira,0.0,0.0,0.0,1991-05-03,167.64,,177.8,Orthodox,,,,,,,,
1366,ERNEST CHAVEZ,b406da701c479076,Ernest Chavez,10.0,2.0,0.0,1983-06-27,172.72,65.77083999999999,177.8,Orthodox,2.79,3.89,40.0,59%,0.89,33.0,50%,0.0
1367,ERNESTA KARECKAITE,e4faa79383c9f214,Ernesta Kareckaite,6.0,1.0,1.0,1998-07-05,175.26,56.699,180.34,Orthodox,7.38,6.09,42.0,48%,0.67,66.0,82,0.0
1368,ERNIE JUAREZ,410898e8dd6ca9b6,Ernie Juarez,0.0,0.0,0.0,1998-01-12,172.72,,177.8,,,,,,,,,
1369,ERNIE VERDICIA,2b1587a3376ab743,Ernie Verdicia,0.0,1.0,0.0,,180.34,90.264808,,Orthodox,0.0,0.0,0.0,0%,0.0,0.0,0%,0.0
1370,EROS BALUYOT,3497f4c29654862c,Eros Baluyot,0.0,0.0,0.0,1992-10-23,,,,,,,,,,,,
1371,ERROL ZIMMERMAN,0aa74d04c196800c,Errol Zimmerman,0.0,0.0,0.0,1986-04-20,190.5,,,Orthodox,2.95,0.0,42.0,0%,0.0,0.0,0%,0.0
1372,ERYK ANDERS,cad24459b28592ca,Eryk Anders,17.0,9.0,0.0,1987-04-21,185.42,83.91452,190.5,Southpaw,3.23,4.15,46.0,51%,1.62,35.0,80%,0.1
1373,ESTEBAN RIBOVICS,323d4ca260dfa0ba,Esteban Ribovics,15.0,2.0,0.0,1996-04-27,177.8,70.30676,175.26,Orthodox,7.27,5.83,43.0,54%,0.35,66.0,66%,0.2
1374,ESTEFANI ALMEIDA,f16ddfa31236efed,Estefani Almeida,0.0,0.0,0.0,1988-10-17,162.56,,,Orthodox,3.13,6.07,37.0,42%,0.0,0.0,0%,0.0
1375,ESTEVAN PAYAN,d0a5ef38a7778ac2,Estevan Payan,16.0,12.0,0.0,1982-03-14,177.8,65.77083999999999,,Orthodox,4.25,3.58,42.0,57%,0.36,100.0,60%,0.4
1376,ETHYN EWING,d776b5814f2400b4,Ethyn Ewing,0.0,0.0,0.0,1998-02-16,170.18,65.77083999999999,175.26,Orthodox,7.44,4.53,55.0,63%,1.68,60.0,100%,0.0
1377,EUGENE JACKSON,ce783bf73b5131f9,Eugene Jackson,15.0,9.0,1.0,1966-09-23,172.72,83.91452,,Orthodox,2.19,3.44,33.0,32%,1.91,71.0,16%,2.3
1378,EUGENIO TADEU,f70144caea5c4c80,Eugenio Tadeu,2.0,3.0,0.0,1963-08-17,172.72,72.57472,,Orthodox,0.0,0.0,0.0,0%,0.0,0.0,0%,0.0
1379,EUN SOO LEE,39c568f8c579913e,Eun Soo Lee,0.0,0.0,0.0,1982-03-07,185.42,,,Orthodox,0.0,3.05,0.0,60%,0.0,0.0,50%,0.0
1380,EVAN DUNHAM,e5c9de15bb58b1c6,Evan Dunham,18.0,9.0,1.0,1981-12-18,177.8,70.30676,177.8,Southpaw,5.33,3.54,39.0,61%,1.82,33.0,79%,1.0
1381,EVAN ELDER,d9a56ecb6e94f02e,Evan Elder,10.0,2.0,0.0,1997-04-11,177.8,70.30676,182.88,Switch,5.66,4.94,50.0,57%,0.48,15.0,40,0.5
1382,EVAN ESGUERRA,ed220e87bef0cc64,Evan Esguerra,0.0,0.0,0.0,,,,,,0.0,0.0,0.0,0%,0.0,0.0,0%,0.0
1383,EVAN TANNER,8f2d9ee27f206f1f,Evan Tanner,32.0,8.0,0.0,1971-02-11,182.88,83.91452,187.96,Orthodox,3.05,2.64,59.0,56%,2.55,43.0,25%,1.3
1384,EVANGELISTA SANTOS,99bf06f20491cb54,Evangelista Santos,0.0,0.0,0.0,1977-12-12,177.8,,193.04,Orthodox,3.94,6.01,36.0,49%,0.78,100.0,50%,0.4
1385,EVERETT CUMMINGS,05e4be525cb3578c,Everett Cummings,0.0,0.0,0.0,,,,,,0.43,4.34,60.0,45%,0.0,0.0,0%,2.2
1386,EVERETT SIMS,59c6d5af765df641,Everett Sims,0.0,0.0,0.0,1988-09-04,195.58,,195.58,Southpaw,0.81,2.19,66.0,30%,0.0,0.0,42%,1.2
1387,EWERTON TEIXEIRA,de9e331b3e6bae70,Ewerton Teixeira,0.0,0.0,0.0,1982-02-13,185.42,,,,2.0,3.22,39.0,35%,0.0,0.0,33%,0.0
1388,FABIAN GONZALEZ,69c071bc2621e8b0,Fabian Gonzalez,0.0,0.0,0.0,,177.8,,,,3.9,4.39,48.0,51%,0.0,0.0,66%,0.0
1389,FABIANO IHA,263ebd4a669e1e98,Fabiano Iha,9.0,5.0,0.0,1970-07-28,172.72,70.30676,,Orthodox,1.73,2.49,47.0,42%,2.88,40.0,50%,2.9
1390,FABIANO SCHERNER,0bc7e61d204f2137,Fabiano Scherner,11.0,10.0,0.0,1972-06-30,190.5,116.573144,,Orthodox,1.31,3.2,31.0,38%,1.09,33.0,40%,0.0
1391,FABIO AGUIAR,501821d7fb7b95c1,Fabio Aguiar,0.0,0.0,0.0,1988-02-10,182.88,,,,0.0,0.0,0.0,0%,0.0,0.0,0%,0.0
1392,FABIO CHERANT,78a68f1dade6aaf7,Fabio Cherant,7.0,4.0,0.0,1994-11-25,185.42,92.98636,187.96,Southpaw,1.21,7.59,31.0,33%,0.0,0.0,0%,0.0
1393,FABIO GURGEL,8377c5572cb356f3,Fabio Gurgel,3.0,2.0,0.0,1970-01-18,182.88,92.98636,,Orthodox,0.0,0.0,0.0,0%,0.0,0.0,0%,0.0
1394,FABIO MALDONADO,1fb80f46d3c105d9,Fabio Maldonado,23.0,11.0,0.0,1980-03-17,185.42,92.98636,190.5,Orthodox,5.29,4.31,58.0,53%,0.44,57.0,61%,0.6
1395,FABIO MELLO,8a028648f3f0761d,Fabio Mello,0.0,0.0,0.0,1975-06-28,165.1,,,Southpaw,0.86,3.94,35.0,50%,0.0,0.0,0%,0.0
1396,FABIO NASCIMENTO,307064d3e0f036c2,Fabio Nascimento,0.0,0.0,0.0,1981-03-18,177.8,,,Orthodox,2.94,4.63,38.0,55%,0.0,0.0,55%,0.8
1397,FABIO SILVA,2ba479b409011527,Fabio Silva,0.0,0.0,0.0,1982-03-31,180.34,,,Orthodox,0.09,5.9,11.0,38%,0.0,0.0,0%,0.0
1398,FABIOLA PIDRONI,9561eb5f0d63ffcc,Fabiola Pidroni,0.0,0.0,0.0,1994-01-04,,,,,,,,,,,,
1399,FABRICIO CAMOES,7abe471b61725980,Fabricio Camoes,14.0,9.0,1.0,1978-12-23,177.8,70.30676,180.34,Orthodox,1.29,1.85,33.0,61%,2.34,32.0,20%,1.5
1400,FABRICIO GUERREIRO,2963369e327e1979,Fabricio Guerreiro,0.0,0.0,0.0,1990-07-24,177.8,,,,1.87,2.2,31.0,67%,2.0,50.0,0%,0.0
1401,FABRICIO WERDUM,492b202d2064e7a9,Fabricio Werdum,24.0,9.0,1.0,1977-07-30,193.04,104.779752,195.58,Orthodox,3.59,2.64,52.0,55%,1.75,31.0,31%,1.2
1402,FALANIKO VITALE,445a98acb8985970,Falaniko Vitale,30.0,11.0,0.0,1974-07-14,177.8,83.91452,,Orthodox,1.88,3.68,49.0,47%,0.72,33.0,86%,0.0
1403,FARES ZIAM,1e4f273069fb9e85,Fares Ziam,17.0,4.0,0.0,1997-03-21,185.42,70.30676,190.5,Orthodox,2.68,1.58,52.0,63%,1.86,42.0,70%,0.5
1404,FARID BASHARAT,a09ed60aa67a3f67,Farid Basharat,13.0,0.0,0.0,1997-08-02,172.72,61.23492,180.34,Orthodox,4.36,2.57,55.0,59%,3.97,44.0,80,0.5
1405,FARIDA ABDUEVA,8f3837b4c06f3d1e,Farida Abdueva,0.0,0.0,0.0,2004-05-15,,,,,,,,,,,,
1406,FARMAN HASANOV,c88f8a9c1ea7165d,Farman Hasanov,0.0,0.0,0.0,1995-08-01,180.34,77.11064,187.96,Orthodox,1.4,1.0,51.0,70%,17.0,62.0,0%,0.0
1407,FATIMA KLINE,745fa7b605f8e2da,Fatima Kline,8.0,1.0,0.0,2000-07-12,167.64,52.16308,170.18,Orthodox,3.94,2.29,49.0,59%,1.21,60.0,50,0.0
1408,FAZLO MULABITINOVIC,2252b2c892397f0d,Fazlo Mulabitinovic,0.0,0.0,0.0,1993-02-09,,,,,0.54,0.0,16.0,100%,0.0,0.0,0%,8.0
1409,FEDERICO LOPEZ,9681e0ce67dc978b,Federico Lopez,0.0,0.0,0.0,1984-01-04,162.56,,,Orthodox,1.78,5.35,23.0,30%,0.0,0.0,0%,0.0
1410,FEDOR EMELIANENKO,b8da6f5c80ae2d15,Fedor Emelianenko,0.0,0.0,0.0,1976-09-28,182.88,,187.96,Orthodox,3.18,1.0,51.0,63%,2.0,63.0,82%,1.9
1411,FEDOR NIKOLOV,346f789951e85f3f,Fedor Nikolov,0.0,0.0,0.0,,,,,,,,,,,,,
1412,FELICE HERRIG,b6850671a008bf9a,Felice Herrig,14.0,10.0,0.0,1984-09-18,162.56,52.16308,165.1,Orthodox,3.63,4.84,36.0,49%,1.18,30.0,72%,0.9
1413,FELICIA SPENCER,39d91e95949de3d9,Felicia Spencer,9.0,3.0,0.0,1990-11-29,167.64,65.77083999999999,172.72,Orthodox,3.02,5.57,45.0,43%,0.64,10.0,14%,0.3
1414,FELIPE ARANTES,71002dbc1743b9a7,Felipe Arantes,18.0,10.0,1.0,1988-02-09,172.72,61.23492,185.42,Orthodox,2.37,2.66,45.0,64%,0.93,47.0,41%,0.7
1415,FELIPE BUNES,53c10176e3bc7416,Felipe Bunes,14.0,8.0,0.0,1989-10-29,170.18,56.699,175.26,Orthodox,2.93,4.66,50.0,44%,1.13,22.0,40,2.3
1416,FELIPE COLARES,dbac0a413af64bbe,Felipe Colares,10.0,4.0,0.0,1994-03-31,172.72,65.77083999999999,175.26,Orthodox,1.13,3.0,42.0,32%,2.0,25.0,34%,1.0
1417,FELIPE DOS SANTOS,5cdf5339728f580d,Felipe dos Santos,8.0,3.0,0.0,2000-09-11,170.18,56.699,177.8,Orthodox,3.75,3.8,39.0,41%,0.0,0.0,20,0.5
1418,FELIPE FRANCO,e564146b9cf6dbef,Felipe Franco,0.0,0.0,0.0,2001-01-22,185.42,92.98636,193.04,Orthodox,,,,,,,,
1419,FELIPE LIMA,9256f591b30c073e,Felipe Lima,14.0,2.0,0.0,1998-05-07,167.64,61.23492,172.72,Orthodox,2.86,2.91,45.0,64%,2.18,27.0,85,0.7
1420,FELIPE OLIVIERI,948880beac71f028,Felipe Olivieri,14.0,5.0,0.0,1985-04-12,175.26,70.30676,,Orthodox,6.68,4.6,58.0,57%,0.0,0.0,71%,0.0
1421,FELIPE PENA,566ff9546fc29acd,Felipe Pena,0.0,0.0,0.0,1991-10-19,,,,,,,,,,,,
1422,FELIPE PORTELA,303e017a9074f3aa,Felipe Portela,0.0,0.0,0.0,1987-11-23,,,,,0.0,0.0,0.0,0%,0.0,0.0,0%,0.0
1423,FELIPE SILVA,1b38a2b897f6209c,Felipe Silva,8.0,2.0,0.0,1984-05-08,182.88,70.30676,195.58,Orthodox,5.4,1.8,50.0,59%,1.0,100.0,71%,0.0
1424,FELIX KLINKHAMMER,8276f28f1ad087de,Felix Klinkhammer,0.0,0.0,0.0,,182.88,,,,,,,,,,,
1425,FELIX LEE MITCHELL,6cbb7661c3258617,Felix Lee Mitchell,2.0,7.0,0.0,,182.88,97.52228,,Orthodox,0.0,0.0,0.0,0%,0.0,0.0,0%,0.0
1426,FELLIPE ANDREW,7977fb0fd9c5955d,Fellipe Andrew,0.0,0.0,0.0,1994-10-24,,,,,,,,,,,,
1427,FENG PENGCHAO,86597694317e5e1b,Feng Pengchao,0.0,0.0,0.0,,,,,,,,,,,,,
1428,FENG XIAOCAN,c940b42df95bbd28,Feng Xiaocan,10.0,4.0,0.0,2001-10-27,170.18,52.16308,170.18,Southpaw,4.18,1.49,49.0,68%,0.7,100.0,63,0.0
1429,FERNANDO BETTEGA,a524710c3ef918fa,Fernando Bettega,0.0,0.0,0.0,1980-03-10,,,,,0.0,0.0,0.0,0%,0.0,0.0,0%,0.0
1430,FERNANDO BRUNO,b8c0f30ee9a98b69,Fernando Bruno,15.0,4.0,0.0,1982-02-24,167.64,65.77083999999999,,,1.75,1.78,39.0,48%,2.02,22.0,56%,0.5
1431,FERNANDO GONZALEZ,be5aab761c40ef35,Fernando Gonzalez,0.0,0.0,0.0,1983-09-15,175.26,,172.72,Southpaw,4.47,4.03,47.0,65%,0.86,33.0,43%,1.4
1432,FERNANDO PADILLA,d2f43cfaf8ca3560,Fernando Padilla,16.0,6.0,0.0,1996-12-15,185.42,65.77083999999999,193.04,Orthodox,6.07,5.74,40.0,52%,0.0,0.0,100,0.6
1433,FERNIE GARCIA,9e92e1ca498d7244,Fernie Garcia,10.0,5.0,0.0,1992-04-12,170.18,61.23492,170.18,Orthodox,2.04,3.79,34.0,48%,0.28,50.0,50,0.6
1434,FILIP PEJIC,38ed5a2299230227,Filip Pejic,12.0,2.0,2.0,1992-07-21,172.72,61.23492,,Orthodox,0.0,0.88,0.0,33%,0.0,0.0,0%,0.0
1435,FIONA MUXLOW,062e57ca1a3c95a8,Fiona Muxlow,0.0,0.0,0.0,1977-05-13,162.56,,,,1.44,5.45,27.0,34%,0.0,0.0,0%,0.0
1436,FLAVIO LUIZ MOURA,ab35634d1a8c7a11,Flavio Luiz Moura,19.0,7.0,0.0,1976-01-26,180.34,83.007336,,Open Stance,0.67,0.0,16.0,0%,0.0,0.0,0%,0.0
1437,FLOYD SWORD,5330fe7e4c3af81c,Floyd Sword,12.0,3.0,0.0,1976-08-24,182.88,83.91452,,Orthodox,0.78,1.57,42.0,40%,0.0,0.0,33%,0.0
1438,FORREST GRIFFIN,fcffee71cff5530e,Forrest Griffin,19.0,7.0,0.0,1979-03-16,190.5,92.98636,195.58,Orthodox,4.38,2.81,36.0,61%,1.05,48.0,57%,0.7
1439,FORREST PETZ,e86bc32f5997a8f7,Forrest Petz,26.0,10.0,0.0,1975-09-22,175.26,77.11064,180.34,Orthodox,2.27,2.2,29.0,57%,1.3,100.0,66%,0.0
1440,FRANCESCO MATURI,d3b5ad3b15a64a18,Francesco Maturi,0.0,1.0,0.0,,,,,,0.0,0.0,0.0,0%,0.0,0.0,0%,0.0
1441,FRANCESCO MAZZEO,7b3c13fe33556a21,Francesco Mazzeo,0.0,0.0,0.0,1997-09-23,190.5,,190.5,Orthodox,,,,,,,,
1442,FRANCIMAR BARROSO,b69f24c500d783e7,Francimar Barroso,19.0,7.0,0.0,1980-02-28,185.42,92.98636,190.5,Orthodox,2.77,3.07,52.0,59%,2.22,24.0,83%,0.0
1443,FRANCIS CARMONT,3591d0d5d382a381,Francis Carmont,25.0,12.0,0.0,1981-10-11,190.5,92.98636,198.12,Orthodox,2.22,1.64,42.0,59%,1.79,36.0,73%,0.6
1444,FRANCIS MARSHALL,5d495dec23d7c68e,Francis Marshall,8.0,3.0,0.0,1999-03-03,175.26,65.77083999999999,182.88,Orthodox,3.19,3.45,34.0,55%,2.71,47.0,88%,0.5
1445,FRANCIS NGANNOU,8d03ce87ca14e778,Francis Ngannou,17.0,3.0,0.0,1986-09-05,193.04,113.398,210.82,Orthodox,2.23,2.03,37.0,47%,0.0,0.0,71%,0.5
1446,FRANCISCO BUENO,a72d260b436924c4,Francisco Bueno,0.0,0.0,0.0,1972-12-23,175.26,,,Orthodox,0.0,0.0,0.0,0%,0.0,0.0,0%,0.0
1447,FRANCISCO FIGUEIREDO,cdadae5363b66eef,Francisco Figueiredo,13.0,5.0,1.0,1989-10-23,167.64,56.699,172.72,Southpaw,1.93,2.07,54.0,76%,4.0,66.0,100%,0.0
1448,FRANCISCO FRANCE,ecfdbf38681a59ba,Francisco France,0.0,0.0,0.0,1983-01-21,182.88,,,,0.54,3.51,33.0,27%,0.0,0.0,0%,6.1
1449,FRANCISCO PRADO,3920d0cc288f9b0d,Francisco Prado,12.0,4.0,0.0,2002-06-16,177.8,77.11064,175.26,Orthodox,3.68,4.31,43.0,54%,0.76,19.0,40%,0.8
1450,FRANCISCO RIVERA,7ea4a9f07df33a45,Francisco Rivera,11.0,7.0,0.0,1981-10-08,172.72,61.23492,177.8,Orthodox,4.07,3.16,41.0,68%,1.01,63.0,68%,0.6
1451,FRANCISCO TREVINO,97a6bbe6e6566a94,Francisco Trevino,13.0,3.0,0.0,1981-12-17,175.26,70.30676,177.8,Orthodox,2.65,2.42,42.0,64%,0.97,22.0,41%,0.0
1452,FRANCISCO TRINALDO,a8283a4f415e1eb9,Francisco Trinaldo,28.0,9.0,0.0,1978-08-24,175.26,77.11064,177.8,Southpaw,3.11,2.56,44.0,60%,1.09,46.0,61%,0.6
1453,FRANCOIS BOTHA,545d549d6bf87187,Francois Botha,0.0,0.0,0.0,1968-09-28,187.96,,,Orthodox,0.0,1.05,0.0,77%,0.0,0.0,0%,0.0
1454,FRANK CAMACHO,764342d39cdaa54a,Frank Camacho,22.0,10.0,0.0,1989-05-18,177.8,70.30676,185.42,Orthodox,6.67,7.31,46.0,52%,1.17,45.0,72%,0.0
1455,FRANK CARACCI,44f9c777fed7ca03,Frank Caracci,2.0,3.0,0.0,1970-02-16,177.8,92.98636,,,0.0,0.0,0.0,0%,0.0,0.0,0%,0.0
1456,FRANK GOMEZ,a0a680fe2f6cc8e6,Frank Gomez,0.0,0.0,0.0,1986-03-31,177.8,,170.18,Orthodox,1.52,0.79,48.0,66%,1.14,60.0,70%,0.8
1457,FRANK HAMAKER,c3c23c99477c041b,Frank Hamaker,1.0,0.0,0.0,,182.88,111.13004,,,0.0,0.0,0.0,0%,0.0,0.0,0%,0.0
1458,FRANK LESTER,edd8d5d8089a35f8,Frank Lester,11.0,6.0,0.0,1984-06-10,180.34,77.11064,,Orthodox,2.18,3.82,36.0,53%,0.0,0.0,0%,0.0
1459,FRANK MEGALLON,c0a93b52096b7682,Frank Megallon,0.0,0.0,0.0,,177.8,,,Southpaw,1.14,5.32,21.0,54%,0.0,0.0,0%,0.0
1460,FRANK MIR,1ff9589f9065a9ed,Frank Mir,18.0,11.0,0.0,1979-05-24,190.5,119.748288,200.66,Southpaw,2.18,3.84,47.0,38%,2.02,40.0,54%,2.0
1461,FRANK SHAMROCK,fcaae0385b514f11,Frank Shamrock,23.0,10.0,2.0,1972-12-08,177.8,83.91452,,Orthodox,4.75,4.66,53.0,57%,0.35,50.0,37%,1.1
1462,FRANK SILVA,79f60d34ad48d7a3,Frank Silva,0.0,0.0,0.0,2004-08-25,,,,,,,,,,,,
1463,FRANK TRIGG,d2d37e8eeb3abc8d,Frank Trigg,21.0,9.0,0.0,1972-05-07,175.26,77.11064,180.34,Southpaw,2.79,1.9,46.0,56%,2.35,47.0,75%,0.8
1464,FRANKIE EDGAR,f2688492b9a525a3,Frankie Edgar,23.0,11.0,1.0,1981-10-16,167.64,61.23492,172.72,Orthodox,3.7,2.71,39.0,66%,2.28,31.0,65%,0.3
1465,FRANKIE PEREZ,96c336b463e0662c,Frankie Perez,10.0,4.0,0.0,1989-05-11,180.34,70.30676,185.42,Orthodox,1.64,2.17,41.0,54%,1.75,41.0,50%,0.3
1466,FRANKIE SAENZ,9ba2226646046b63,Frankie Saenz,13.0,7.0,0.0,1980-08-12,167.64,61.23492,167.64,Orthodox,3.94,3.5,47.0,52%,1.74,31.0,61%,0.1
1467,FRED ETTISH,8d5daf67983b65ba,Fred Ettish,1.0,1.0,0.0,1955-10-12,182.88,81.64656,,Southpaw,0.0,0.0,0.0,0%,0.0,0.0,0%,0.0
1468,FREDDY VIDAL,024158997e7c5829,Freddy Vidal,0.0,0.0,0.0,1994-05-06,190.5,,200.66,Orthodox,,,,,,,,
1469,FREDERICK BROWN,880c6b788266a3ef,Frederick Brown,0.0,0.0,0.0,1976-11-20,182.88,,,,0.0,0.0,0.0,0%,0.0,0.0,0%,0.0
1470,FREDSON PAIXAO,320edfb0332b7073,Fredson Paixao,10.0,5.0,0.0,1979-05-13,167.64,65.77083999999999,167.64,Orthodox,1.71,2.31,54.0,62%,0.62,11.0,10%,2.2
1471,FREDY SERRANO,0ccab7c889ede9ea,Fredy Serrano,3.0,2.0,0.0,1979-09-22,160.02,56.699,165.1,Orthodox,1.58,1.89,26.0,61%,2.84,25.0,84%,0.0
1472,GABE GREEN,5eb50529a8418b77,Gabe Green,12.0,5.0,0.0,1993-05-02,177.8,70.30676,185.42,Switch,6.57,7.23,46.0,49%,1.0,100.0,57%,0.5
1473,GABE LEMLEY,fd4578cac86d75ca,Gabe Lemley,0.0,0.0,0.0,,172.72,,,Orthodox,0.82,6.03,35.0,45%,0.0,0.0,0%,0.0
1474,GABE RUEDIGER,ccba80d4820ef557,Gabe Ruediger,18.0,8.0,0.0,1977-08-29,177.8,70.30676,,Orthodox,1.7,5.16,31.0,41%,2.04,11.0,28%,0.0
1475,GABLE STEVESON,f7e856a73c96048e,Gable Steveson,0.0,0.0,0.0,2000-05-31,,,,,,,,,,,,
1476,GABRIEL ARGES,db3c4a884d704efe,Gabriel Arges,0.0,0.0,0.0,1993-01-29,,,,,,,,,,,,
1477,GABRIEL BENITEZ,436f970c9ea9169c,Gabriel Benitez,23.0,13.0,0.0,1988-06-15,172.72,70.30676,180.34,Southpaw,4.38,3.26,38.0,70%,0.17,50.0,56%,1.2
1478,GABRIEL BONFIM,01641ba5df0c69b0,Gabriel Bonfim,18.0,1.0,0.0,1997-08-20,185.42,77.11064,182.88,Orthodox,4.76,3.61,47.0,64%,2.57,53.0,78%,1.0
1479,GABRIEL CARRASCO,89ed44801968b8e3,Gabriel Carrasco,0.0,0.0,0.0,1981-12-31,167.64,,,,4.15,1.53,37.0,80%,0.0,0.0,100%,0.0
1480,GABRIEL CHECCO,9c5f7d5c6d084b35,Gabriel Checco,0.0,0.0,0.0,1986-04-03,185.42,,,Switch,0.0,0.0,0.0,0%,0.0,0.0,0%,0.0
1481,GABRIEL GONZAGA,270b89c00ef0c55c,Gabriel Gonzaga,17.0,11.0,0.0,1979-05-18,187.96,109.76926399999999,193.04,Orthodox,2.12,2.94,45.0,57%,2.8,39.0,66%,1.1
1482,GABRIEL MIGLIOLI,a6fa5dd90528e9f7,Gabriel Miglioli,0.0,0.0,0.0,1981-07-10,172.72,,,,0.0,0.0,0.0,0%,0.0,0.0,0%,0.0
1483,GABRIEL MIRANDA,b909a9a9688b5284,Gabriel Miranda,17.0,8.0,0.0,1990-03-25,180.34,65.77083999999999,180.34,Orthodox,3.23,6.01,43.0,37%,4.75,38.0,0,1.9
1484,GABRIEL SALINAS-JONES,74d5f71eeb0c66c7,Gabriel Salinas-Jones,0.0,0.0,0.0,1984-11-20,185.42,,,,0.0,0.0,0.0,0%,0.0,0.0,0%,0.0
1485,GABRIEL SANTOS,f2f140ce7532e327,Gabriel Santos,12.0,2.0,0.0,1996-11-28,175.26,65.77083999999999,177.8,Orthodox,4.35,4.31,60.0,45%,3.8,54.0,87,1.2
1486,GABRIEL SILVA,002ca196477ce572,Gabriel Silva,8.0,2.0,0.0,1994-08-26,167.64,61.23492,180.34,Orthodox,1.3,3.47,34.0,45%,1.5,25.0,38%,0.5
1487,GABRIELLA FERNANDES,a6eb54ae17a551be,Gabriella Fernandes,11.0,3.0,0.0,1993-08-13,167.64,56.699,167.64,Southpaw,3.56,5.19,48.0,52%,0.44,18.0,68,0.2
1488,GABRIELLE HOLLOWAY,e30715382f42b772,Gabrielle Holloway,0.0,0.0,0.0,1990-04-15,160.02,,,,0.7,3.07,42.0,34%,3.0,35.0,16%,1.0
1489,GADZHI OMARGADZHIEV,684d3aee255a3d09,Gadzhi Omargadzhiev,13.0,2.0,0.0,1993-02-24,185.42,77.11064,180.34,Switch,1.8,2.2,39.0,39%,1.35,30.0,60,0.5
1490,GADZHIMURAD ANTIGULOV,af997f7611673880,Gadzhimurad Antigulov,20.0,8.0,0.0,1987-02-09,180.34,92.98636,177.8,Orthodox,2.08,4.21,55.0,40%,5.08,36.0,0%,1.4
1491,GAETANO PIRRELLO,8765559b6a29a421,Gaetano Pirrello,15.0,7.0,1.0,1992-04-29,170.18,61.23492,165.1,Orthodox,0.67,1.89,42.0,46%,0.0,0.0,30%,0.0
1492,GALORE BOFANDO,8a56ea383fd26e52,Galore Bofando,5.0,3.0,0.0,1982-05-22,180.34,77.11064,182.88,Switch,3.63,3.63,45.0,54%,2.37,100.0,50%,0.0
1493,GAN MCGEE,d90b630e0561818b,Gan McGee,13.0,5.0,0.0,1976-11-20,208.28,120.20188,,Orthodox,2.2,2.31,29.0,59%,0.65,25.0,83%,0.0
1494,GARETH JOSEPH,8ecb9f42da5ef5ac,Gareth Joseph,0.0,0.0,0.0,1984-09-28,,,,,0.0,0.0,0.0,0%,0.0,0.0,0%,0.0
1495,GARETT WHITELEY,129537073431e52e,Garett Whiteley,7.0,3.0,0.0,1980-12-13,182.88,70.30676,182.88,Orthodox,3.72,4.04,48.0,46%,0.0,0.0,27%,0.9
1496,GARRETH MCLELLAN,f215cfbd4ba3c270,Garreth McLellan,13.0,6.0,0.0,1982-09-01,185.42,83.91452,182.88,Southpaw,3.56,2.94,54.0,45%,1.15,22.0,34%,0.9
1497,GARRETT ARMFIELD,1effd880e1f1bb30,Garrett Armfield,10.0,5.0,0.0,1996-10-09,167.64,61.23492,177.8,Orthodox,5.35,3.64,53.0,56%,1.1,50.0,64,0.6
1498,GARRETT GROSS,6741218640534d8b,Garrett Gross,0.0,0.0,0.0,1988-08-08,175.26,,,Orthodox,2.39,1.67,45.0,46%,0.0,0.0,52%,0.0
1499,GARRETT MUELLER,d0c325dfefdde31f,Garrett Mueller,0.0,0.0,0.0,1989-01-29,175.26,,,,0.0,0.0,0.0,0%,0.0,0.0,0%,0.0
1500,GARY FRAZIER,3beeeafcbc8b4cbc,Gary Frazier,0.0,0.0,0.0,1988-03-31,182.88,,,Orthodox,1.5,2.77,39.0,46%,0.0,0.0,100%,0.0
1501,GARY GOODRIDGE,fbbde91f7bc2d3c5,Gary Goodridge,23.0,22.0,1.0,1966-01-17,190.5,112.944408,,Orthodox,1.84,2.14,56.0,48%,0.4,100.0,53%,0.8
1502,GARY MANGAT,1c0ffc63d8ec8f45,Gary Mangat,0.0,0.0,0.0,1987-01-24,170.18,,,,0.0,0.0,0.0,0%,0.0,0.0,0%,0.0
1503,GARY PADILLA,01dd4cdc2446f665,Gary Padilla,0.0,0.0,0.0,1980-05-04,180.34,,,,2.2,2.0,27.0,76%,0.0,0.0,50%,0.0
1504,GARY QUAN,f7b4cbe93f3bac06,Gary Quan,0.0,0.0,0.0,1971-04-11,172.72,,,,0.0,0.0,0.0,0%,0.0,0.0,0%,0.0
1505,GARY TAPUSOA,37ac9e0f4fc86171,Gary Tapusoa,0.0,0.0,0.0,,170.18,,,,0.0,0.0,0.0,0%,0.0,0.0,0%,0.0
1506,GASAN UMALATOV,7a39bbac8cc0fa70,Gasan Umalatov,17.0,4.0,2.0,1982-09-11,180.34,77.11064,180.34,Orthodox,2.23,4.1,39.0,59%,0.75,17.0,90%,0.0
1507,GASTON BOLANOS,96924b0019b3aff1,Gaston Bolanos,8.0,5.0,0.0,1992-09-14,170.18,61.23492,175.26,Orthodox,3.91,3.54,47.0,54%,0.75,75.0,50%,0.0
1508,GASTON REYNO,64db35f7782fe274,Gaston Reyno,0.0,0.0,0.0,1986-11-11,182.88,,,,7.79,3.9,62.0,44%,0.0,0.0,0%,11.7
1509,GAUGE YOUNG,b2a78df161bd67f9,Gauge Young,10.0,3.0,0.0,2000-07-14,175.26,70.30676,177.8,Orthodox,6.32,5.12,52.0,49%,0.75,30.0,76%,0.0
1510,GAVIN TUCKER,da816417a579a0bd,Gavin Tucker,13.0,3.0,0.0,1986-06-17,167.64,65.77083999999999,167.64,Southpaw,4.39,4.28,45.0,57%,2.98,42.0,53%,1.5
1511,GEANE HERRERA,c169545ab0825f44,Geane Herrera,9.0,3.0,0.0,1990-05-27,165.1,56.699,167.64,Orthodox,1.51,5.07,31.0,52%,0.83,37.0,38%,0.6
1512,GEGARD MOUSASI,232c582f29f8f65e,Gegard Mousasi,42.0,6.0,2.0,1985-08-01,187.96,83.91452,193.04,Orthodox,3.75,1.21,50.0,68%,1.59,60.0,59%,1.1
1513,GENARO VALDEZ,cda1099995b46cc2,Genaro Valdez,10.0,3.0,0.0,1992-01-16,175.26,70.30676,182.88,Orthodox,4.08,7.16,30.0,48%,1.54,44.0,36,0.4
1514,GENKI SUDO,99dd0147dc4ef80c,Genki Sudo,15.0,4.0,2.0,1978-03-08,175.26,70.30676,,Orthodox,1.55,2.23,39.0,33%,3.58,60.0,50%,4.2
1515,GENNARO STRANGIS,495add4fbede0a44,Gennaro Strangis,0.0,0.0,0.0,,,,,,0.0,0.0,0.0,0%,0.0,0.0,0%,0.0
1516,GEOFF NEAL,b997be68943010fc,Geoff Neal,16.0,7.0,0.0,1990-08-28,180.34,77.11064,190.5,Southpaw,4.94,4.93,49.0,61%,0.5,50.0,92%,0.2
1517,GEORGE ALLEN,1e13936d708bcff7,George Allen,0.0,0.0,0.0,1967-01-13,187.96,,,Open Stance,0.8,3.1,38.0,43%,0.0,0.0,50%,0.0
1518,GEORGE BUSH,f0c779dc2ca3816c,George Bush,0.0,0.0,0.0,,185.42,,,,6.35,2.31,64.0,55%,17.31,66.0,0%,0.0
1519,GEORGE HARDWICK,f55a6807b6bb853d,George Hardwick,0.0,0.0,0.0,1996-12-06,177.8,,182.88,Orthodox,,,,,,,,
1520,GEORGE MANGOS,122ae3b34275fbb2,George Mangos,0.0,0.0,0.0,2003-08-19,177.8,,177.8,Switch,,,,,,,,
1521,GEORGE PACURARIU,c51da79b0346b5b7,George Pacurariu,0.0,0.0,0.0,1984-07-28,170.18,,,,4.69,2.68,53.0,63%,5.03,100.0,100%,5.0
1522,GEORGE ROOP,3c0437fbeda06962,George Roop,15.0,13.0,1.0,1981-11-10,185.42,61.23492,182.88,Orthodox,3.43,2.47,34.0,60%,1.05,57.0,59%,0.1
1523,GEORGE SOTIROPOULOS,896c322f56b8be5a,George Sotiropoulos,14.0,7.0,0.0,1977-07-09,177.8,70.30676,180.34,Orthodox,2.61,2.52,27.0,67%,2.32,31.0,53%,1.6
1524,GEORGE STORK,61dd409cb40d1a55,George Stork,0.0,0.0,0.0,,177.8,,,,0.0,0.0,0.0,0%,0.0,0.0,0%,0.0
1525,GEORGE SULLIVAN,6c7e25571490aa3b,George Sullivan,17.0,7.0,0.0,1981-03-13,182.88,77.11064,185.42,Orthodox,3.53,2.42,39.0,57%,1.37,20.0,38%,0.7
1526,GEORGE ZUNIGA,1291dd6b8ab4d952,George Zuniga,0.0,0.0,0.0,,175.26,,,,7.64,5.45,38.0,37%,0.0,0.0,100%,0.0
1527,GEORGES ST-PIERRE,6506c1d34da9c013,Georges St-Pierre,26.0,2.0,0.0,1981-05-19,180.34,83.91452,193.04,Orthodox,3.78,1.4,53.0,72%,4.16,74.0,83%,1.1
1528,GEORGI KARAKHANYAN,43292ecf0e72c143,Georgi Karakhanyan,0.0,0.0,0.0,1985-05-29,172.72,,,,4.49,5.0,39.0,54%,1.41,50.0,33%,1.9
1529,GERALD HARRIS,c4b81cdecd5d6abe,Gerald Harris,23.0,5.0,0.0,1979-11-19,180.34,83.91452,195.58,Southpaw,1.41,1.58,29.0,62%,2.96,54.0,72%,0.0
1530,GERALD MEERSCHAERT,6ac9bc2953c47345,Gerald Meerschaert,37.0,20.0,0.0,1987-12-18,185.42,83.91452,195.58,Southpaw,2.95,3.44,45.0,53%,1.7,29.0,40%,1.5
1531,GERALD STREBENDT,04f9fe830cf13482,Gerald Strebendt,9.0,7.0,0.0,1979-03-01,175.26,70.30676,,Orthodox,0.0,4.0,0.0,38%,0.0,0.0,0%,16.4
1532,GERALDO DE FREITAS,9cfbfae5fa1fdd93,Geraldo de Freitas,12.0,6.0,0.0,1991-09-30,170.18,61.23492,182.88,Orthodox,3.67,2.62,52.0,50%,3.0,45.0,59%,0.0
1533,GERARD GORDEAU,279093302a6f44b3,Gerard Gordeau,0.0,0.0,0.0,1959-03-30,195.58,,,Orthodox,0.0,0.0,0.0,0%,0.0,0.0,0%,0.0
1534,GERMAINE DE RANDAMIE,1d239d571e342453,Germaine de Randamie,10.0,5.0,0.0,1984-04-24,175.26,61.23492,180.34,Orthodox,2.72,2.14,46.0,65%,0.0,0.0,69%,0.4
1535,GERONIMO DOS SANTOS,b51f6791c794e289,Geronimo dos Santos,0.0,0.0,0.0,1980-08-17,190.5,,,Orthodox,1.09,8.73,33.0,41%,0.0,0.0,33%,0.0
1536,GERRIC HAYES,7d6a3546c988cdc0,Gerric Hayes,0.0,0.0,0.0,1980-10-29,177.8,,,,0.0,0.0,0.0,0%,0.0,0.0,0%,0.0
1537,GERRY HARRIS,30cd319d39ee689b,Gerry Harris,1.0,4.0,0.0,,203.2,122.46984,,Orthodox,0.0,0.0,0.0,0%,0.0,0.0,0%,0.0
1538,GESIAS CAVALCANTE,2a74bbba57058f12,Gesias Cavalcante,0.0,0.0,0.0,1983-07-06,172.72,,180.34,Orthodox,1.98,3.11,35.0,51%,1.25,36.0,66%,1.1
1539,GEZA KALMAN,304fcd812f12c589,Geza Kalman,4.0,9.0,0.0,,185.42,90.7184,,,0.0,0.0,0.0,0%,0.0,0.0,0%,0.0
1540,GEZHEN RE,be5fd2ae27d20842,Gezhen Re,0.0,0.0,0.0,2001-02-28,,,,,,,,,,,,
1541,GIACOMO LEMOS,f37822d5b3e47517,Giacomo Lemos,0.0,0.0,0.0,1989-06-23,190.5,,190.5,Orthodox,0.0,0.0,0.0,0%,0.0,0.0,0%,0.0
1542,GIAN SIQUEIRA,a46fdda658fee832,Gian Siqueira,0.0,0.0,0.0,1994-06-23,185.42,,187.96,Orthodox,,,,,,,,
1543,GIAN VILLANTE,fcd448a2fe1a23cc,Gian Villante,17.0,14.0,0.0,1985-08-18,190.5,104.32616,193.04,Orthodox,4.39,5.48,43.0,55%,0.46,23.0,83%,0.0
1544,GIANNI VAZQUEZ,51ec9dc3b4964f19,Gianni Vazquez,0.0,0.0,0.0,1994-07-17,170.18,61.23492,,Orthodox,,,,,,,,
1545,GIDEON RAY,ea3ef6206c7907d5,Gideon Ray,17.0,15.0,1.0,1973-05-27,177.8,83.91452,,Southpaw,2.08,2.58,40.0,53%,1.49,100.0,0%,0.0
1546,GIGA CHIKADZE,9560ff14eb3129f7,Giga Chikadze,15.0,5.0,0.0,1988-08-25,182.88,65.77083999999999,187.96,Orthodox,3.45,2.65,43.0,60%,0.38,33.0,68%,0.0
1547,GIGO JARA,99d5cf1eda8b25c1,Gigo Jara,0.0,0.0,0.0,,175.26,,,,2.26,2.71,57.0,51%,0.0,0.0,66%,0.0
1548,GIL CASTILLO,31ceaf0e670c1578,Gil Castillo,8.0,5.0,0.0,1965-10-21,175.26,77.11064,,Southpaw,0.6,2.22,45.0,44%,3.33,45.0,50%,0.0
1549,GILBERT ALDANA,d26934530dc5b248,Gilbert Aldana,6.0,2.0,0.0,1977-08-25,185.42,113.398,,Orthodox,2.91,6.26,54.0,26%,2.57,40.0,33%,0.0
1550,GILBERT BURNS,23024fdfc966410a,Gilbert Burns,22.0,9.0,0.0,1986-07-20,177.8,77.11064,180.34,Orthodox,3.16,3.68,48.0,52%,2.04,35.0,53%,0.4
1551,GILBERT JIMENEZ,59d36ddfcb27b7dc,Gilbert Jimenez,0.0,0.0,0.0,1985-05-11,,,,,0.0,0.0,0.0,0%,0.0,0.0,0%,0.0
1552,GILBERT MELENDEZ,aa5b4eff51bdc7d1,Gilbert Melendez,22.0,8.0,0.0,1982-04-12,175.26,65.77083999999999,185.42,Orthodox,3.44,2.53,33.0,63%,1.64,41.0,71%,0.2
1553,GILBERT RAEL,6cc25d19a891f435,Gilbert Rael,0.0,0.0,0.0,,172.72,,,,0.0,7.46,0.0,37%,4.86,100.0,0%,0.0
1554,GILBERT SMITH,54ed8dc6f8c31207,Gilbert Smith,12.0,6.0,0.0,1981-10-19,175.26,83.91452,,Southpaw,1.09,2.73,41.0,35%,3.51,60.0,0%,1.2
1555,GILBERT URBINA,b12fb759e02378de,Gilbert Urbina,7.0,5.0,0.0,1996-04-05,190.5,77.11064,190.5,Orthodox,5.57,4.62,56.0,44%,2.86,44.0,0,0.7
1556,GILBERT YVEL,d29b5c4f22c6357d,Gilbert Yvel,39.0,16.0,1.0,1976-06-30,187.96,102.0582,195.58,Orthodox,1.05,1.78,47.0,50%,0.0,0.0,25%,1.0
1557,GILLES ARSENE,2dea80c069847321,Gilles Arsene,0.0,0.0,0.0,1970-12-23,175.26,,,Southpaw,0.06,2.45,10.0,32%,0.0,0.0,0%,0.0
1558,GILLIAN ROBERTSON,38c7f72747f4f712,Gillian Robertson,16.0,8.0,0.0,1995-05-17,165.1,52.16308,160.02,Orthodox,2.05,2.1,51.0,51%,2.64,46.0,0%,0.9
1559,GINA CARANO,899eaba48fa864a6,Gina Carano,0.0,0.0,0.0,1982-04-16,172.72,,,Orthodox,4.5,2.66,47.0,64%,1.24,66.0,85%,1.6
1560,GINA MAZANY,016a8d958883167c,Gina Mazany,7.0,6.0,0.0,1988-08-19,167.64,56.699,172.72,Southpaw,3.45,3.07,47.0,51%,4.41,63.0,33%,0.3
1561,GISELE MOREIRA,6a125ba3ec37e27e,Gisele Moreira,0.0,0.0,0.0,1981-01-14,167.64,,,Orthodox,5.93,6.33,42.0,48%,4.0,57.0,0%,0.0
1562,GLAICO FRANCA MOREIRA,00a3ff40c4b2cf21,Glaico Franca Moreira,15.0,5.0,0.0,1991-02-28,182.88,70.30676,195.58,Orthodox,2.35,3.46,42.0,47%,2.68,42.0,76%,0.3
1563,GLEIDSON CUTIS,44a94bbde42246e4,Gleidson Cutis,0.0,0.0,0.0,1989-02-07,175.26,,,Orthodox,2.99,8.28,52.0,59%,0.0,0.0,0%,0.0
1564,GLEISON TIBAU,75e5fec9f72910ef,Gleison Tibau,33.0,14.0,0.0,1983-10-07,177.8,70.30676,180.34,Southpaw,1.95,2.51,31.0,63%,4.08,53.0,92%,0.8
1565,GLERISTONE SANTOS,d12ee718fb35c35c,Gleristone Santos,0.0,0.0,0.0,1988-08-20,175.26,,,,3.4,4.4,31.0,64%,0.0,0.0,75%,0.0
1566,GLORIA DE PAULA,5dd180c8b3196786,Gloria de Paula,6.0,5.0,0.0,1995-06-10,165.1,52.16308,170.18,Orthodox,3.33,1.2,54.0,70%,0.0,0.0,71%,1.0
1567,GLOVER TEIXEIRA,7ff97850e8c32bda,Glover Teixeira,33.0,9.0,0.0,1979-10-28,187.96,92.98636,193.04,Orthodox,3.75,3.84,47.0,54%,2.04,40.0,60%,1.0
1568,GODOFREDO PEPEY,fa37628269132d1a,Godofredo Pepey,13.0,6.0,0.0,1987-07-02,170.18,65.77083999999999,185.42,Orthodox,2.32,3.23,38.0,47%,0.37,7.0,35%,1.5
1569,GOITI YAMAUCHI,9e1a7101fefe9746,Goiti Yamauchi,0.0,0.0,0.0,1993-01-05,177.8,,,,1.66,1.01,54.0,66%,0.0,0.0,0%,4.3
1570,GOKHAN SAKI,4690d47bf725fd98,Gokhan Saki,1.0,2.0,0.0,1983-10-19,182.88,92.98636,185.42,Orthodox,7.09,4.57,58.0,53%,0.0,0.0,100%,0.0
1571,GOKHAN SARICAM,1a97a3ef4c758fae,Gokhan Saricam,0.0,0.0,0.0,1991-02-26,190.5,120.20188,190.5,Orthodox,5.87,6.18,47.0,38%,0.0,0.0,100%,0.0
1572,GOLDMAN BUTLER,e2d5072048b825b1,Goldman Butler,0.0,0.0,0.0,,,,,,0.0,0.0,0.0,0%,0.0,0.0,0%,0.0
1573,GORAN RELJIC,132f860d02953f4c,Goran Reljic,15.0,8.0,0.0,1984-03-20,190.5,92.98636,205.74,Southpaw,1.69,2.69,37.0,59%,1.69,50.0,33%,1.1
1574,GRANT DAWSON,99bd51917728c25d,Grant Dawson,23.0,2.0,1.0,1994-02-20,177.8,70.30676,182.88,Switch,3.14,2.14,51.0,44%,3.58,39.0,66%,1.4
1575,GRAY MAYNARD,7d96bc577e5178b2,Gray Maynard,13.0,7.0,1.0,1979-05-09,175.26,70.30676,177.8,Orthodox,1.92,2.64,32.0,66%,2.91,47.0,81%,0.7
1576,GREG HARDY,85073dbd1be65ed9,Greg Hardy,7.0,5.0,0.0,1988-07-28,195.58,120.20188,203.2,Orthodox,4.83,3.12,50.0,56%,0.21,33.0,80%,0.0
1577,GREG MCINTYRE,00a905a4a4a2b071,Greg McIntyre,0.0,0.0,0.0,1980-04-21,177.8,,,Orthodox,0.79,1.36,30.0,41%,5.09,50.0,0%,0.0
1578,GREG NAGY,342422bb6ced1e8d,Greg Nagy,0.0,0.0,0.0,1983-10-18,185.42,,,Orthodox,0.41,2.69,50.0,37%,0.0,0.0,0%,1.2
1579,GREG REBELLO,49d78120e0a4f607,Greg Rebello,0.0,0.0,0.0,1982-06-13,182.88,,185.42,Southpaw,2.61,2.92,39.0,58%,0.0,0.0,0%,0.0
1580,GREG SCOTT,0b235384fe23fc9c,Greg Scott,0.0,0.0,0.0,,175.26,,,,3.9,7.79,55.0,37%,11.69,100.0,0%,0.0
1581,GREG SOTO,9c669abd35b2522f,Greg Soto,9.0,4.0,0.0,1986-06-03,180.34,77.11064,185.42,Orthodox,3.21,2.61,63.0,52%,1.49,27.0,44%,1.0
1582,GREG STOTT,91181b29be041f1c,Greg Stott,0.0,1.0,0.0,,170.18,99.79024,,Southpaw,0.0,0.0,0.0,0%,0.0,0.0,0%,0.0
1583,GREG VELASCO,34a81ebbce32b06b,Greg Velasco,0.0,0.0,0.0,1993-09-23,187.96,,177.8,Southpaw,,,,,,,,
1584,GREG WILSON,9cc84087ee768342,Greg Wilson,0.0,0.0,0.0,1988-10-02,,,,,0.0,0.0,0.0,0%,0.0,0.0,0%,0.0
1585,GREGOR GILLESPIE,84ff027394f7e470,Gregor Gillespie,14.0,1.0,0.0,1986-11-13,170.18,70.30676,180.34,Orthodox,3.58,2.14,49.0,60%,7.02,47.0,0%,0.9
1586,GREGORY BOUCHELAGHEM,59851163aaf1aed8,Gregory Bouchelaghem,0.0,0.0,0.0,1978-03-23,187.96,,,Switch,0.27,1.53,21.0,36%,0.0,0.0,50%,0.0
1587,GREGORY RODRIGUES,d1c65d2cf2925ddd,Gregory Rodrigues,17.0,6.0,0.0,1992-02-17,190.5,83.91452,190.5,Orthodox,6.04,7.77,56.0,52%,0.0,0.0,0%,0.0
1588,GRIGORY POPOV,d3fa5c5955397532,Grigory Popov,13.0,3.0,0.0,1984-04-18,170.18,61.23492,172.72,Switch,3.63,4.2,37.0,55%,0.0,0.0,45%,0.0
1589,GUANGYOU NING,2c1170b825f58e57,Guangyou Ning,5.0,4.0,1.0,1981-12-15,162.56,65.77083999999999,162.56,Southpaw,2.66,1.91,41.0,61%,1.09,50.0,62%,0.3
1590,GUGUN GUSMAN,e34e3b1fffa13a6a,Gugun Gusman,0.0,0.0,0.0,1990-03-03,170.18,,172.72,Orthodox,,,,,,,,
1591,GUIDO CANNETTI,d05412b513b19621,Guido Cannetti,10.0,8.0,0.0,1979-12-19,167.64,61.23492,172.72,Southpaw,2.85,2.17,51.0,50%,2.64,50.0,75%,0.3
1592,GUILHERME COSTA,28877eddb1c0b967,Guilherme Costa,0.0,0.0,0.0,,,,,,0.0,0.0,0.0,0%,0.0,0.0,0%,0.0
1593,GUILHERME PAT,ba15006c804a8de0,Guilherme Pat,0.0,0.0,0.0,1994-04-20,190.5,120.20188,205.74,Orthodox,2.7,2.03,61.0,51%,0.0,0.0,100%,0.0
1594,GUILHERME URIEL,4252b09f0c8c4472,Guilherme Uriel,0.0,0.0,0.0,1997-02-18,185.42,,187.96,Orthodox,,,,,,,,
1595,GUILHERME VASCONCELOS,d6d5da3c209884bc,Guilherme Vasconcelos,9.0,4.0,0.0,1986-03-23,182.88,83.91452,,Orthodox,3.27,4.4,29.0,70%,0.0,0.0,0%,0.0
1596,GUILHERME VIANA,393b8e03fb410a78,Guilherme Viana,0.0,0.0,0.0,1986-05-13,193.04,,,,2.92,2.72,40.0,59%,1.2,66.0,77%,0.0
1597,GUNNAR NELSON,fd55393021a8c255,Gunnar Nelson,19.0,6.0,1.0,1988-07-28,180.34,77.11064,182.88,Switch,1.71,3.33,57.0,49%,1.72,55.0,66%,0.9
1598,GURAM KUTATELADZE,7772b283d288dbe2,Guram Kutateladze,13.0,5.0,0.0,1992-01-08,180.34,70.30676,182.88,Orthodox,2.47,3.47,43.0,58%,0.0,0.0,68%,0.0
1599,GUSTAVO GABRIEL,fe98f86284a6eeb3,Gustavo Gabriel,0.0,0.0,0.0,1994-04-01,167.64,,,Orthodox,4.06,4.26,65.0,46%,0.0,0.0,50%,0.0
1600,GUSTAVO LOPEZ,93b62c5f2ba18e51,Gustavo Lopez,12.0,6.0,1.0,1989-06-27,165.1,61.23492,170.18,Orthodox,2.24,4.65,41.0,51%,1.07,50.0,27%,0.5
1601,GUTO INOCENTE,e7fe5315b1efeb92,Guto Inocente,7.0,4.0,0.0,1986-05-29,190.5,92.98636,,Orthodox,4.13,2.92,66.0,54%,0.67,33.0,66%,0.7
1602,GUY MEZGER,946f341df6472ee0,Guy Mezger,30.0,14.0,2.0,1968-01-01,185.42,90.7184,,Orthodox,2.3,1.36,32.0,72%,0.39,50.0,88%,0.0
1603,HACRAN DIAS,ed209f6618c82e41,Hacran Dias,23.0,6.0,1.0,1984-06-16,172.72,70.30676,175.26,Orthodox,2.08,3.31,41.0,55%,2.5,39.0,76%,0.5
1604,HAILEY COWAN,3c26c420584d912d,Hailey Cowan,7.0,4.0,0.0,1992-02-12,172.72,61.23492,170.18,Southpaw,2.66,2.92,43.0,40%,1.95,42.0,80%,0.0
1605,HAISAM RIDA,d8a58e797518f011,Haisam Rida,0.0,0.0,0.0,1993-07-25,,,,,,,,,,,,
1606,HAKEEM DAWODU,2c9d00968f818270,Hakeem Dawodu,13.0,4.0,1.0,1991-07-02,172.72,65.77083999999999,185.42,Orthodox,5.15,2.31,47.0,63%,0.0,0.0,85%,0.0
1607,HAMDY ABDELWAHAB,3329d692aea4dc28,Hamdy Abdelwahab,6.0,1.0,0.0,1993-01-22,187.96,119.748288,182.88,Southpaw,3.49,4.49,49.0,51%,1.33,66.0,100,0.0
1608,HAMID AMIRI,6c40705cf6c0d7e2,Hamid Amiri,0.0,0.0,0.0,2003-06-15,,,,,,,,,,,,
1609,HAN TEN YUN,67ec58d7cf599835,Han Ten Yun,0.0,0.0,0.0,,180.34,,,,0.0,0.0,0.0,0%,0.0,0.0,0%,0.0
1610,HANNAH CIFERS,2244d9a2b64b8c3b,Hannah Cifers,10.0,7.0,0.0,1992-06-26,154.94,52.16308,157.48,Orthodox,4.99,5.39,44.0,52%,0.26,100.0,64%,0.3
1611,HANNAH GOLDY,26e3f3928b1891d9,Hannah Goldy,6.0,4.0,0.0,1992-05-18,162.56,52.16308,154.94,Orthodox,6.53,3.9,46.0,55%,0.0,0.0,66%,0.0
1612,HANS NIJMAN,4956f60b7fa57c1a,Hans Nijman,0.0,0.0,0.0,1959-10-23,182.88,,,Switch,0.0,0.0,0.0,0%,0.0,0.0,0%,0.0
1613,HANS STRINGER,523f6ad11dbe9b53,Hans Stringer,22.0,8.0,3.0,1987-07-06,190.5,92.98636,,Orthodox,3.16,2.84,61.0,41%,2.4,36.0,62%,0.0
1614,HANSEUL KIM,2bc47c7cc6c05bd7,HanSeul Kim,0.0,0.0,0.0,1990-06-19,185.42,,185.42,Southpaw,,,,,,,,
1615,HAROLD HOWARD,a2b06ca02bca14c0,Harold Howard,1.0,3.0,0.0,,187.96,108.86207999999999,,Orthodox,0.0,0.0,0.0,0%,0.0,0.0,0%,0.0
1616,HARRIS SARMIENTO,026b4f7049085842,Harris Sarmiento,0.0,0.0,0.0,1983-09-09,175.26,,,Orthodox,0.84,3.46,25.0,36%,2.36,60.0,57%,0.0
1617,HARRY HARDWICK,2dbc60c52de126d8,Harry Hardwick,13.0,4.0,1.0,1994-09-29,172.72,70.30676,180.34,Switch,2.39,7.16,34.0,40%,0.0,0.0,0,0.0
1618,HARRY HUNSUCKER,f703250471acaf96,Harry Hunsucker,7.0,6.0,0.0,1989-01-03,187.96,92.98636,190.5,Orthodox,4.33,8.44,51.0,41%,0.0,0.0,0%,0.0
1619,HARRY MOSKOWITZ,4dc496aa0cfc0d95,Harry Moskowitz,6.0,12.0,0.0,1968-07-16,195.58,124.7378,,Orthodox,0.0,0.0,0.0,0%,0.0,0.0,0%,0.0
1620,HARVEY PARK,b709b534b6873744,Harvey Park,0.0,0.0,0.0,1986-03-22,182.88,,177.8,Orthodox,3.77,7.21,50.0,33%,0.0,0.0,0%,0.0
1621,HASHEM ARKHAGHA,9a7ffa80766caa51,Hashem Arkhagha,0.0,0.0,0.0,1989-09-11,187.96,,190.5,Orthodox,,,,,,,,
1622,HATSU HIOKI,ef7fa30364cbe7f2,Hatsu Hioki,29.0,10.0,2.0,1983-07-18,180.34,65.77083999999999,185.42,Orthodox,2.42,2.12,42.0,65%,2.55,56.0,54%,0.6
1623,HAVEN TORRES,1ff10dee2f7ae60c,Haven Torres,0.0,0.0,0.0,,,,,,0.0,0.0,0.0,0%,0.0,0.0,0%,0.0
1624,HAYATO SAKURAI,85e26e2468b4e82f,Hayato Sakurai,38.0,13.0,2.0,1975-08-24,170.18,76.203456,,Orthodox,2.45,1.94,49.0,59%,1.87,69.0,56%,0.3
1625,HAYDER HASSAN,cf615eb4b7862c76,Hayder Hassan,6.0,3.0,0.0,1982-10-20,177.8,77.11064,,,2.11,3.16,46.0,48%,0.0,0.0,25%,0.0
1626,HE-MAN GIPSON,3e03cec9767d37e6,He-Man Gipson,1.0,2.0,0.0,,,,,,0.0,0.0,0.0,0%,0.0,0.0,0%,0.0
1627,HEATH HERRING,7450525c7ba032a0,Heath Herring,28.0,16.0,0.0,1978-03-02,193.04,113.398,198.12,Orthodox,2.37,1.77,50.0,54%,1.22,50.0,32%,0.7
1628,HEATHER CLARK,dd4c16777fb2ccf9,Heather Clark,7.0,6.0,0.0,1980-09-19,167.64,52.16308,162.56,Orthodox,3.69,5.62,49.0,50%,0.33,4.0,80%,0.3
1629,HECHER SOSA,ec3bd30378d63dd1,Hecher Sosa,0.0,0.0,0.0,1995-08-25,175.26,61.23492,177.8,Orthodox,,,,,,,,
1630,HECTOR ALDANA,c487223b0289bda9,Hector Aldana,4.0,3.0,0.0,1988-08-17,180.34,77.11064,182.88,Orthodox,3.59,5.08,38.0,59%,0.93,100.0,0%,0.0
1631,HECTOR LOMBARD,db1f2ed63b54b9a7,Hector Lombard,34.0,10.0,1.0,1978-02-02,175.26,83.91452,180.34,Southpaw,3.02,3.35,46.0,53%,1.69,48.0,77%,0.5
1632,HECTOR RAMIREZ,d1759b2b7be9be56,Hector Ramirez,10.0,6.0,1.0,1976-03-28,182.88,92.98636,,Orthodox,2.27,4.6,41.0,56%,2.3,55.0,66%,0.5
1633,HECTOR SANDOVAL,449c890bd90f3374,Hector Sandoval,14.0,4.0,0.0,1986-07-19,157.48,56.699,162.56,Orthodox,3.31,2.33,52.0,65%,3.49,25.0,71%,1.4
1634,HECTOR URBINA,4b8fb0453a596b8e,Hector Urbina,17.0,10.0,1.0,1987-09-17,180.34,77.11064,185.42,Orthodox,0.97,2.44,38.0,39%,0.0,0.0,38%,3.8
1635,HEILI ALATENG,ebcbc447c721f3ac,Heili Alateng,0.0,0.0,0.0,1991-12-14,,,167.64,Orthodox,2.87,5.82,32.0,57%,2.33,35.0,100%,0.0
1636,HELENA CREVAR,a8c3ce469cb8b130,Helena Crevar,0.0,0.0,0.0,,,,,,,,,,,,,
1637,HELIO DIPP,73eb2a552c92a821,Helio Dipp,0.0,0.0,0.0,1979-12-12,195.58,,,Orthodox,0.6,1.8,25.0,62%,0.0,0.0,50%,0.0
1638,HENRIQUE DA SILVA,b0bd0c5425668b8f,Henrique da Silva,14.0,5.0,0.0,1989-09-01,190.5,92.98636,193.04,Orthodox,3.89,5.28,60.0,40%,0.25,14.0,22%,0.2
1639,HENRIQUE DA SILVA LOPES,1f8cd7634e8286ff,Henrique Da Silva Lopes,0.0,0.0,0.0,1985-03-08,190.5,,,,0.0,0.0,0.0,0%,0.0,0.0,0%,0.0
1640,HENRIQUE SHIGUEMOTO,5d1700cfbaafbe06,Henrique Shiguemoto,0.0,0.0,0.0,1989-06-22,180.34,,182.88,Orthodox,3.6,6.0,33.0,16%,0.0,0.0,50%,0.0
1641,HENRY BRIONES,01fcef7e3d051722,Henry Briones,16.0,8.0,1.0,1980-10-22,172.72,61.23492,175.26,Orthodox,3.47,4.68,42.0,53%,0.0,0.0,52%,0.6
1642,HENRY CEJUDO,056c493bbd76a918,Henry Cejudo,16.0,5.0,0.0,1987-02-09,162.56,61.23492,162.56,Orthodox,3.92,2.77,45.0,65%,2.12,33.0,93%,0.2
1643,HENRY CORRALES,7cb0946d51b8cde7,Henry Corrales,0.0,0.0,0.0,1986-08-11,175.26,,,,4.12,5.84,41.0,55%,0.0,0.0,69%,0.0
1644,HENRY MARTINEZ,76729a829623e266,Henry Martinez,9.0,4.0,0.0,1983-08-07,170.18,70.30676,175.26,Southpaw,2.79,4.01,25.0,60%,0.0,0.0,80%,0.0
1645,HENRY MILLER,45a2ba3ef82b9700,Henry Miller,0.0,0.0,0.0,1969-07-16,170.18,,,Southpaw,1.25,2.16,36.0,54%,0.55,25.0,60%,0.0
1646,HERALDO SOUZA,22b43be04d7454d0,Heraldo Souza,0.0,0.0,0.0,1994-12-15,180.34,,185.42,Orthodox,,,,,,,,
1647,HERBERT BURNS,4f140403000158b5,Herbert Burns,11.0,6.0,0.0,1988-02-02,175.26,65.77083999999999,185.42,Orthodox,1.67,5.02,45.0,33%,4.64,83.0,75%,2.8
1648,HERDEM ALACABEK,7578cc6bd750206b,Herdem Alacabek,0.0,0.0,0.0,1991-06-07,187.96,,190.5,Orthodox,3.84,6.66,65.0,23%,2.06,50.0,42%,0.0
1649,HERMAN RENTING,f57cf3d54a641385,Herman Renting,0.0,0.0,0.0,1968-12-31,182.88,,,Switch,0.0,0.0,0.0,0%,0.0,0.0,0%,0.0
1650,HERMAN TERRADO,61d6368013f8637f,Herman Terrado,0.0,0.0,0.0,1989-09-27,,,,,0.0,0.0,0.0,0%,0.0,0.0,0%,0.0
1651,HERMES FRANCA,e0ec3c3b6b611f7e,Hermes Franca,24.0,17.0,0.0,1974-08-26,167.64,70.30676,180.34,Orthodox,1.78,2.85,39.0,55%,1.53,36.0,37%,2.4
1652,HERNANI PERPETUO,575360be653ad6a6,Hernani Perpetuo,18.0,5.0,0.0,1985-05-24,182.88,77.11064,,Orthodox,2.73,4.37,29.0,55%,0.0,0.0,37%,0.5
1653,HERSCHEL WALKER,bd92e38aef641673,Herschel Walker,0.0,0.0,0.0,1962-03-03,185.42,,,Orthodox,3.42,0.45,67.0,46%,1.94,100.0,100%,0.0
1654,HIDEHIKO HASEGAWA,2a2eeee20ef049cf,Hidehiko Hasegawa,0.0,0.0,0.0,1978-07-13,175.26,,,,0.0,0.0,0.0,0%,0.0,0.0,0%,0.0
1655,HIDEHIKO YOSHIDA,2eae41f61776c60f,Hidehiko Yoshida,0.0,0.0,0.0,1969-09-03,180.34,,,Orthodox,1.05,1.89,36.0,62%,1.09,33.0,71%,2.2
1656,HIDEO TOKORO,2d5fbe2103f97053,Hideo Tokoro,0.0,0.0,0.0,1977-08-22,170.18,,,Orthodox,1.78,2.01,37.0,65%,0.87,34.0,44%,2.3
1657,HIDETAKA MONMA,a8e133139286df84,Hidetaka Monma,0.0,0.0,0.0,1973-10-23,182.88,,,Orthodox,1.67,9.76,25.0,34%,0.0,0.0,0%,0.0
1658,HILARIE ROSE,b9163ec845c3bfc8,Hilarie Rose,0.0,0.0,0.0,1992-11-11,160.02,,160.02,Orthodox,2.33,6.13,33.0,44%,0.0,0.0,100%,0.0
1659,HIROKO YAMANAKA,283645128ae57eda,Hiroko Yamanaka,0.0,0.0,0.0,1978-10-24,180.34,,,,2.1,3.54,26.0,63%,0.0,0.0,100%,0.0
1660,HIROMITSU KANEHARA,eda579d906cf0ca2,Hiromitsu Kanehara,0.0,0.0,0.0,1970-10-05,177.8,,,Orthodox,0.76,4.39,22.0,40%,0.0,0.0,40%,0.4
1661,HIROMITSU MIURA,509697e08673d2e5,Hiromitsu Miura,0.0,0.0,0.0,1981-09-22,175.26,,180.34,Orthodox,2.12,2.12,34.0,58%,2.23,50.0,69%,0.6
1662,HIROSHI IZUMI,53e4e21f4c688801,Hiroshi Izumi,0.0,0.0,0.0,1982-06-22,,,,Orthodox,1.95,2.65,37.0,66%,3.35,70.0,100%,0.5
1663,HIROTAKA YOKOI,35585d970300d45a,Hirotaka Yokoi,0.0,0.0,0.0,1978-06-08,180.34,,,Orthodox,1.52,3.42,33.0,38%,1.87,41.0,66%,0.4
1664,HIROYUKI ABE,c0ed7b208197e8de,Hiroyuki Abe,0.0,0.0,0.0,1970-02-09,167.64,,,Orthodox,1.71,3.11,36.0,63%,0.0,0.0,33%,0.0
1665,HIROYUKI TAKAYA,0d16bdb7d32e88e9,Hiroyuki Takaya,0.0,0.0,0.0,1977-06-10,167.64,,,Orthodox,3.18,3.16,33.0,60%,0.9,45.0,66%,0.0
1666,HISAKI KATO,ebf1c247b2cba375,Hisaki Kato,0.0,0.0,0.0,1982-09-17,182.88,,,,2.8,1.72,48.0,68%,1.62,100.0,0%,0.0
1667,HITOMI AKANO,2eada40ac8801559,Hitomi Akano,0.0,0.0,0.0,1974-07-27,162.56,,,Southpaw,0.59,2.58,45.0,55%,0.0,0.0,8%,0.5
1668,HO BAE MYEON,2719f300b0439039,Ho Bae Myeon,0.0,0.0,0.0,,180.34,,,Orthodox,3.16,3.16,16.0,83%,0.0,0.0,0%,0.0
1669,HO TAEK OH,5c020ee6ab450870,Ho Taek Oh,0.0,0.0,0.0,1993-07-20,,,,,,,,,,,,
1670,HOLLY HOLM,634e2fb70bde3fd5,Holly Holm,15.0,7.0,0.0,1981-10-17,172.72,61.23492,175.26,Southpaw,3.16,2.8,38.0,57%,0.81,30.0,76%,0.1
1671,HOMER MOORE,e56df3c1d8b4b1cc,Homer Moore,26.0,9.0,2.0,1971-11-27,177.8,92.98636,,Orthodox,0.68,0.68,50.0,0%,5.07,66.0,0%,0.0
1672,HONG MAN CHOI,2c104b7e59a72629,Hong Man Choi,0.0,0.0,0.0,1980-10-30,218.44,,,Orthodox,1.32,1.46,26.0,36%,0.71,100.0,84%,0.0
1673,HORACIO GUTIERREZ,cd85b48dc880fabd,Horacio Gutierrez,4.0,3.0,0.0,1990-09-15,177.8,65.77083999999999,,,0.86,2.91,26.0,46%,0.0,0.0,50%,0.0
1674,HOUSTON ALEXANDER,0541480fbf719d86,Houston Alexander,17.0,15.0,1.0,1972-03-22,182.88,92.98636,182.88,Orthodox,3.06,3.2,54.0,52%,1.19,57.0,33%,0.0
1675,HOUSTON DORR,312f47c3d2f83ffa,Houston Dorr,1.0,2.0,0.0,,185.42,95.25431999999999,,Orthodox,0.0,0.0,0.0,0%,0.0,0.0,0%,0.0
1676,HU YAOZONG,f1175ea3aafbf351,Hu Yaozong,3.0,3.0,0.0,1995-04-07,190.5,83.91452,182.88,Orthodox,4.43,5.23,52.0,38%,0.0,0.0,0%,0.7
1677,HUANG FEIER,e71c75f533a30daa,Huang Feier,0.0,0.0,0.0,1994-03-12,165.1,,165.1,Orthodox,,,,,,,,
1678,HUGH PULLEY,308279bd246c211f,Hugh Pulley,0.0,0.0,0.0,1988-12-29,182.88,,,,4.47,3.27,63.0,57%,4.0,66.0,69%,0.0
1679,HUGO CUNHA,46a17755f80f63e8,Hugo Cunha,0.0,0.0,0.0,1993-02-04,190.5,,200.66,Orthodox,,,,,,,,
1680,HUGO DUARTE,706404da0775dcbc,Hugo Duarte,6.0,3.0,0.0,1968-08-09,182.88,108.86207999999999,,Orthodox,0.0,0.0,0.0,0%,0.0,0.0,0%,0.0
1681,HUGO GOVEA,2391a73686200c5d,Hugo Govea,0.0,0.0,0.0,,,,,,0.0,0.0,0.0,0%,0.0,0.0,0%,0.0
1682,HUGO SANDOVAL,9d51bcc281aa0514,Hugo Sandoval,0.0,0.0,0.0,,,,,,0.0,0.0,0.0,0%,0.0,0.0,0%,0.0
1683,HUGO VIANA,f95381efb3051d81,Hugo Viana,8.0,4.0,0.0,1982-09-26,167.64,61.23492,170.18,Orthodox,3.05,3.2,38.0,57%,0.22,6.0,50%,0.0
1684,HUMBERTO BANDENAY,2c2caf2f2bab9df5,Humberto Bandenay,14.0,7.0,0.0,1994-09-04,180.34,65.77083999999999,180.34,Southpaw,2.22,4.79,41.0,41%,2.9,46.0,62%,0.5
1685,HUMBERTO BROWN MORRISON,e9e7e1c8ff289e1b,Humberto Brown Morrison,4.0,6.0,0.0,1984-11-03,177.8,65.77083999999999,,,1.71,2.19,50.0,62%,1.43,25.0,0%,0.0
1686,HUMBERTO DELEON,bfaf4c87936b4fae,Humberto DeLeon,0.0,0.0,0.0,1989-11-12,,,,,0.0,0.0,0.0,0%,0.0,0.0,0%,0.0
1687,HUNTER AZURE,2af2f2e26c4c0402,Hunter Azure,9.0,2.0,0.0,1992-03-02,172.72,65.77083999999999,175.26,Orthodox,4.17,1.99,52.0,62%,2.52,45.0,76%,1.4
1688,HUNTER WORSHAM,8fb808fc2e145bd6,Hunter Worsham,0.0,0.0,0.0,,,,,,0.0,0.0,0.0,0%,0.0,0.0,0%,0.0
1689,HUSSAIN RASOULI,9d61d8cb1c354867,Hussain Rasouli,0.0,0.0,0.0,,167.64,,,,0.0,0.0,0.0,0%,0.0,0.0,0%,0.0
1690,HYDER AMIL,41cc71cbf210e0fe,Hyder Amil,11.0,1.0,0.0,1990-05-28,175.26,65.77083999999999,177.8,Switch,5.83,4.04,52.0,50%,0.52,16.0,65%,0.8
1691,HYEONJONG SONG,c5dc1bf9b78f262c,Hyeonjong Song,0.0,0.0,0.0,2002-04-23,,,,,,,,,,,,
1692,HYUN GYU LIM,203c957eac95dd87,Hyun Gyu Lim,13.0,7.0,1.0,1985-01-16,190.5,77.11064,195.58,Orthodox,4.45,5.07,41.0,51%,0.23,100.0,73%,0.2
1693,HYUNSUNG PARK,b671bdf981ad527d,HyunSung Park,10.0,1.0,0.0,1995-11-04,170.18,56.699,167.64,Orthodox,3.66,2.94,46.0,59%,1.59,33.0,50,2.4
1694,IAN BUTLER,6b8fd98eb52363d1,Ian Butler,0.0,0.0,0.0,1989-10-09,172.72,,,,2.09,6.69,14.0,36%,0.0,0.0,50%,0.0
1695,IAN ENTWISTLE,d7adfcfdf7c6c1f8,Ian Entwistle,9.0,3.0,0.0,1986-11-19,165.1,61.23492,,Orthodox,0.11,7.36,7.0,31%,0.0,0.0,0%,12.1
1696,IAN FREEMAN,b4bc2e3353a770b5,Ian Freeman,20.0,7.0,1.0,1966-11-10,180.34,102.0582,,Orthodox,2.54,3.11,48.0,44%,1.44,40.0,80%,0.7
1697,IAN HEINISCH,2e585c701f72fe55,Ian Heinisch,14.0,5.0,0.0,1988-08-05,180.34,83.91452,182.88,Orthodox,3.28,2.79,50.0,58%,1.13,18.0,60%,0.8
1698,IAN LOVELAND,eea0274e153256a0,Ian Loveland,18.0,10.0,0.0,1983-09-07,172.72,65.77083999999999,,Orthodox,2.71,2.36,40.0,64%,1.0,37.0,69%,0.3
1699,IAN MACHADO GARRY,442c9011034ae1fd,Ian Machado Garry,16.0,1.0,0.0,1997-11-17,190.5,77.11064,187.96,Orthodox,4.77,2.77,54.0,51%,1.02,33.0,73,0.4
1700,IAN MCCALL,701e057d63c124d9,Ian McCall,13.0,5.0,1.0,1984-05-07,165.1,56.699,162.56,Orthodox,3.59,3.25,39.0,67%,2.08,30.0,88%,0.0
1701,IAN MURPHY,de25520d54eab12d,Ian Murphy,0.0,0.0,0.0,1985-06-14,185.42,,,Orthodox,0.0,1.93,0.0,30%,4.13,100.0,0%,0.0
1702,IAN RAMMEL,abc8e1423cf5b74e,Ian Rammel,0.0,0.0,0.0,1985-07-22,182.88,,,,0.0,0.0,0.0,0%,0.0,0.0,0%,0.0
1703,IASMIN LUCINDO,abcf2cc6efc42031,Iasmin Lucindo,18.0,6.0,0.0,2002-01-08,160.02,52.16308,167.64,Orthodox,3.22,2.8,45.0,62%,2.28,55.0,68,0.1
1704,IBO ASLAN,6e8f1bcdda94ff45,Ibo Aslan,14.0,3.0,0.0,1996-04-23,190.5,92.98636,195.58,Orthodox,0.0,0.0,0.0,0%,0.0,0.0,0%,0.0
1705,IBRAGIM MAGOMEDOV,e7e970d508529bf3,Ibragim Magomedov,0.0,0.0,0.0,1975-06-08,182.88,,,Orthodox,0.26,3.86,4.0,42%,0.0,0.0,0%,0.0
1706,ICARO BRITO,06dd61c8d545c63f,Icaro Brito,0.0,0.0,0.0,1999-03-09,,,,,,,,,,,,
1707,ICHO LARENAS,49efbdc6c9f650c4,Icho Larenas,6.0,5.0,0.0,1980-03-12,190.5,106.59412,,Orthodox,0.17,2.5,15.0,28%,0.0,0.0,14%,0.0
1708,IDO PARIENTE,7573d25a078b5732,Ido Pariente,0.0,0.0,0.0,1977-08-31,172.72,,,Orthodox,0.0,2.86,0.0,45%,0.0,0.0,0%,0.0
1709,IDRIS WASI,8a19676a3388845a,Idris Wasi,0.0,0.0,0.0,1989-12-11,182.88,,,,0.4,3.53,31.0,46%,0.0,0.0,20%,0.0
1710,IGNACIO BAHAMONDES,e4a47b07044ddd72,Ignacio Bahamondes,17.0,6.0,0.0,1997-08-27,190.5,70.30676,190.5,Orthodox,8.78,2.66,54.0,67%,0.0,0.0,100%,0.0
1711,IGOR ARAUJO,dbea8c1cb327ab3d,Igor Araujo,25.0,9.0,0.0,1980-12-06,185.42,77.11064,195.58,Orthodox,1.52,2.86,42.0,49%,0.86,15.0,22%,0.6
1712,IGOR BORISOV,0313bf497de9c470,Igor Borisov,0.0,0.0,0.0,1964-05-18,182.88,,,Orthodox,0.0,0.0,0.0,0%,0.0,0.0,0%,0.0
1713,IGOR CAVALCANTI,9c3de7f8966326de,Igor Cavalcanti,0.0,0.0,0.0,1997-10-10,180.34,,200.66,Orthodox,,,,,,,,
1714,IGOR GRACIE,722b870449243083,Igor Gracie,0.0,0.0,0.0,1980-02-04,180.34,,,,1.86,0.99,60.0,50%,3.72,50.0,0%,3.7
1715,IGOR POKRAJAC,53278852bcd91e11,Igor Pokrajac,28.0,13.0,0.0,1979-01-02,182.88,92.98636,187.96,Orthodox,2.25,4.26,45.0,40%,0.87,29.0,51%,0.2
1716,IGOR SEVERINO,6ad8e4296f7522d9,Igor Severino,8.0,1.0,0.0,2003-04-21,170.18,56.699,175.26,Orthodox,7.17,4.33,52.0,47%,9.69,71.0,50,0.0
1717,IGOR VOVCHANCHYN,7929be8290289a47,Igor Vovchanchyn,0.0,0.0,0.0,1973-08-06,172.72,,,Orthodox,1.59,0.97,49.0,63%,1.19,66.0,50%,0.5
1718,IGOR ZINOVIEV,108afe61a26bcbf4,Igor Zinoviev,4.0,1.0,2.0,1966-05-23,185.42,90.264808,,Orthodox,0.0,0.0,0.0,0%,0.0,0.0,0%,0.0
1719,IHOR POTIERIA,260bd4cef10b033f,Ihor Potieria,20.0,8.0,0.0,1996-05-29,190.5,83.91452,190.5,Southpaw,4.44,4.96,50.0,50%,0.73,18.0,66,0.0
1720,IKE VILLANUEVA,f9d0cae37dabfafc,Ike Villanueva,18.0,14.0,0.0,1984-04-04,185.42,92.98636,185.42,Orthodox,3.62,6.93,40.0,37%,0.0,0.0,0%,0.0
1721,IKRAM ALISKEROV,b07aed698fba8624,Ikram Aliskerov,16.0,2.0,0.0,1992-12-07,182.88,83.91452,193.04,Southpaw,5.56,4.01,60.0,45%,3.82,68.0,100%,0.7
1722,IKUHISA MINOWA,ce6065baef021cf3,Ikuhisa Minowa,60.0,42.0,8.0,1976-01-12,175.26,82.100152,,Orthodox,0.88,1.66,40.0,49%,1.82,41.0,5%,1.9
1723,ILDEMAR ALCANTARA,7c6e87729e824ef4,Ildemar Alcantara,21.0,11.0,0.0,1982-11-18,187.96,83.91452,198.12,Orthodox,1.93,2.63,38.0,50%,2.0,68.0,81%,0.9
1724,ILIA TOPURIA,54f64b5e283b0ce7,Ilia Topuria,17.0,0.0,0.0,1997-01-21,170.18,70.30676,175.26,Orthodox,4.82,3.97,50.0,62%,1.73,57.0,95%,0.9
1725,ILIAN BOUAFIA,d5e929c26f25f0d3,Ilian Bouafia,0.0,0.0,0.0,1996-11-13,195.58,,198.12,Southpaw,,,,,,,,
1726,ILIARDE SANTOS,14aa21bc82cac57d,Iliarde Santos,30.0,13.0,1.0,1980-09-25,165.1,56.699,170.18,Orthodox,3.0,6.1,30.0,57%,1.66,23.0,83%,0.0
1727,ILIMA MACFARLANE,8cf90e41646491fd,Ilima Macfarlane,0.0,0.0,0.0,1990-04-02,162.56,,,,4.13,2.93,43.0,65%,0.0,0.0,50%,1.0
1728,ILIR LATIFI,e9a3aeb207578eea,Ilir Latifi,17.0,9.0,0.0,1982-07-28,177.8,104.32616,185.42,Orthodox,2.01,2.84,40.0,56%,2.02,32.0,100%,0.4
1729,ILYA KOTAU,a68d57ae177a5815,Ilya Kotau,0.0,0.0,0.0,,,,,,3.94,4.38,40.0,44%,6.57,100.0,100%,6.6
1730,IMANI LEE,0802be3516ef8f66,Imani Lee,0.0,0.0,0.0,1977-07-17,,,,Orthodox,0.0,0.94,0.0,33%,0.0,0.0,0%,0.0
1731,IMANOL RODRIGUEZ,6e8349a0a0476d60,Imanol Rodriguez,0.0,0.0,0.0,1999-11-15,167.64,56.699,,Orthodox,,,,,,,,
1732,IMPA KASANGANAY,257b0c8d6f199895,Impa Kasanganay,9.0,2.0,0.0,1994-01-17,180.34,77.11064,190.5,Orthodox,5.36,3.52,49.0,60%,1.44,83.0,63%,0.0
1733,IN SU HWANG,1c01d986283e6acb,In Su Hwang,0.0,0.0,0.0,1994-01-18,180.34,,187.96,Orthodox,,,,,,,,
1734,INOUE MIZUKI,fa4c918ec4faf4ce,Inoue Mizuki,0.0,0.0,0.0,1994-08-19,,,165.1,Orthodox,5.0,6.87,50.0,48%,0.0,0.0,66%,0.0
1735,ION CHERDIVARA,c713a845360d604b,Ion Cherdivara,0.0,0.0,0.0,,,,,,0.0,0.0,0.0,0%,0.0,0.0,0%,0.0
1736,ION CUTELABA,cd13728ae1151f46,Ion Cutelaba,19.0,11.0,1.0,1993-12-14,185.42,92.98636,190.5,Southpaw,4.13,3.42,43.0,46%,4.02,51.0,76%,0.3
1737,IONY RAZAFIARISON,a303588c33d8c5ae,Iony Razafiarison,0.0,0.0,0.0,1984-12-23,160.02,,,,1.2,1.4,42.0,53%,2.0,50.0,75%,0.0
1738,IOURI KOTCHKINE,c6becb722706c7d8,Iouri Kotchkine,0.0,0.0,0.0,,187.96,,,Orthodox,0.67,4.92,38.0,15%,0.0,0.0,25%,0.0
1739,IRENE ALDANA,578ef12674df1e6a,Irene Aldana,15.0,8.0,0.0,1988-03-26,175.26,61.23492,172.72,Orthodox,5.52,5.97,38.0,61%,0.23,50.0,84%,0.1
1740,IRINA ALEKSEEVA,103e2e33a60683e1,Irina Alekseeva,5.0,3.0,0.0,1990-06-27,172.72,61.23492,170.18,Orthodox,4.01,5.03,39.0,46%,0.47,20.0,66,0.5
1741,IRWIN RIVERA,06a80a685ea98573,Irwin Rivera,10.0,6.0,0.0,1989-02-14,167.64,61.23492,170.18,Southpaw,3.36,5.07,44.0,57%,1.0,16.0,70%,0.0
1742,ISAAC DULGARIAN,a57cb948c4c70a47,Isaac Dulgarian,7.0,1.0,0.0,1996-07-04,170.18,65.77083999999999,180.34,Orthodox,3.37,1.82,64.0,41%,5.15,52.0,0,2.1
1743,ISAAC THOMSON,5d8006587d6a6711,Isaac Thomson,0.0,0.0,0.0,2002-05-03,175.26,65.77083999999999,,,,,,,,,,
1744,ISAAC VALLIE-FLAGG,c295de4e10acd4c9,Isaac Vallie-Flagg,16.0,7.0,1.0,1978-04-08,172.72,70.30676,177.8,Orthodox,5.56,5.6,47.0,45%,0.2,12.0,58%,0.0
1745,ISABELA DE PADUA,e0f959f65d0406b4,Isabela de Padua,5.0,2.0,0.0,1991-09-04,160.02,56.699,162.56,Orthodox,1.0,2.07,35.0,50%,2.0,66.0,0%,1.0
1746,ISAIAH HILL,86b30a86664cb6e4,Isaiah Hill,0.0,0.0,0.0,,177.8,,,,4.84,0.97,50.0,80%,0.0,0.0,66%,14.5
1747,ISAO KOBAYASHI,a02652d063ef5baa,Isao Kobayashi,0.0,0.0,0.0,1988-10-28,172.72,,,,1.01,1.66,33.0,45%,2.17,100.0,100%,0.0
1748,ISI FITIKEFU,b8dc5fbf8338adc5,Isi Fitikefu,0.0,0.0,0.0,1992-09-15,177.8,,,,0.0,0.0,0.0,0%,0.0,0.0,0%,0.0
1749,ISIS VERBEEK,d6f58b8cd1a6ff52,Isis Verbeek,0.0,0.0,0.0,1995-01-12,162.56,,162.56,Orthodox,,,,,,,,
1750,ISLAM DULATOV,e803242fb2e41112,Islam Dulatov,12.0,1.0,0.0,1998-08-02,190.5,77.11064,190.5,Orthodox,8.78,4.24,54.0,50%,2.2,100.0,100,0.0
1751,ISLAM MAKHACHEV,275aca31f61ba28c,Islam Makhachev,27.0,1.0,0.0,1991-10-27,177.8,77.11064,177.8,Southpaw,2.0,0.77,56.0,70%,3.46,68.0,93%,1.0
1752,ISLEM MASRAF,6dedfe07640a9acc,Islem Masraf,0.0,0.0,0.0,1996-06-07,182.88,,187.96,Southpaw,,,,,,,,
1753,ISMAEL BONFIM,eb393afdbe3293d5,Ismael Bonfim,20.0,5.0,0.0,1995-12-28,172.72,70.30676,180.34,Orthodox,5.73,3.1,55.0,70%,0.96,33.0,76,0.0
1754,ISMAIL NAURDIEV,6a96ad1bc34fb113,Ismail Naurdiev,24.0,8.0,0.0,1996-08-18,177.8,83.91452,187.96,Orthodox,3.17,1.3,52.0,68%,1.25,71.0,70%,0.2
1755,ISRAEL ADESANYA,1338e2c7480bdf9e,Israel Adesanya,24.0,5.0,0.0,1989-07-22,193.04,83.91452,203.2,Switch,3.95,2.63,49.0,61%,0.0,0.0,82%,0.3
1756,ISRAEL ALBUQUERQUE,dd1b90eea08887f6,Israel Albuquerque,0.0,0.0,0.0,,,,,Orthodox,0.32,3.34,13.0,25%,0.0,0.0,0%,0.0
1757,ISRAEL DELGADO,01f4bcd26ac08ad5,Israel Delgado,0.0,0.0,0.0,1985-11-22,177.8,,,,0.0,0.0,0.0,0%,0.0,0.0,0%,0.0
1758,ISRAEL GIRON,4b4f6abdce986be6,Israel Giron,0.0,0.0,0.0,1974-01-16,172.72,,,,0.0,0.0,0.0,0%,0.0,0.0,0%,0.0
1759,ISSA ISAKOV,e9095aeb36f2aeb8,Issa Isakov,0.0,0.0,0.0,1989-10-22,175.26,,177.8,Orthodox,,,,,,,,
1760,ISSAC DEJESUS,0e2c2daf11b5d8f2,Issac DeJesus,0.0,0.0,0.0,,,,,,0.0,0.0,0.0,0%,0.0,0.0,0%,0.0
1761,ISSEI TAMURA,57bf89d42364d39e,Issei Tamura,10.0,8.0,0.0,1984-03-12,165.1,61.23492,160.02,Orthodox,1.89,4.58,53.0,44%,0.92,25.0,33%,0.0
1762,ISTELA NUNES,efc67b07eed39794,Istela Nunes,6.0,6.0,0.0,1992-07-23,162.56,52.16308,167.64,Orthodox,0.0,0.0,0.0,0%,0.0,0.0,0%,0.0
1763,IURI ALCANTARA,2f95a3c6d58b2aad,Iuri Alcantara,35.0,10.0,0.0,1980-08-04,175.26,61.23492,180.34,Southpaw,2.72,2.79,45.0,49%,1.44,62.0,60%,0.8
1764,IVAN COLE,987b80f57190d6d0,Ivan Cole,0.0,0.0,0.0,1990-11-30,175.26,,,,2.68,4.69,36.0,46%,0.0,0.0,0%,0.0
1765,IVAN ERSLAN,64ad3e3b0efa30bb,Ivan Erslan,14.0,5.0,0.0,1991-11-15,187.96,92.98636,182.88,Orthodox,2.53,4.57,49.0,54%,0.93,37.0,70%,0.0
1766,IVAN GNIZDITSKIY,057a241e4ba90c4d,Ivan Gnizditskiy,0.0,0.0,0.0,1996-05-10,,,,,,,,,,,,
1767,IVAN JORGE,19db7ac26308178f,Ivan Jorge,27.0,7.0,0.0,1980-11-07,175.26,70.30676,185.42,Orthodox,3.41,2.91,49.0,59%,1.56,16.0,75%,0.6
1768,IVAN LOPEZ,0db9d2486d564a3c,Ivan Lopez,0.0,0.0,0.0,,167.64,,,Southpaw,0.9,2.24,26.0,65%,0.0,0.0,30%,0.0
1769,IVAN MENJIVAR,5755960ebd0b16f6,Ivan Menjivar,25.0,12.0,0.0,1982-05-30,167.64,65.77083999999999,162.56,Orthodox,2.78,2.76,37.0,65%,0.56,28.0,38%,1.0
1770,IVAN SALAVERRY,394f55ebca199124,Ivan Salaverry,14.0,9.0,0.0,1971-01-11,182.88,83.91452,,Orthodox,3.01,1.19,47.0,76%,0.49,18.0,36%,2.5
1771,IVAN SERATI,b23fca14c7b79935,Ivan Serati,12.0,4.0,0.0,,182.88,92.98636,,Orthodox,0.86,5.33,26.0,29%,0.0,0.0,0%,0.0
1772,IVAN SHTYRKOV,1f4b1d7d12601c5f,Ivan Shtyrkov,0.0,0.0,0.0,1988-06-09,182.88,,187.96,Orthodox,0.0,0.0,0.0,0%,0.0,0.0,0%,0.0
1773,IVAN VALENZUELA,45b82ebf0b9e0fd2,Ivan Valenzuela,0.0,0.0,0.0,1992-11-17,187.96,,195.58,Orthodox,,,,,,,,
1774,IVANA PETROVIC,38c5817ade8a8014,Ivana Petrovic,7.0,3.0,0.0,1994-06-11,172.72,56.699,177.8,Southpaw,1.91,2.05,41.0,56%,2.12,38.0,61,0.8
1775,IWO BARANIEWSKI,1c23ec2f1b71be40,Iwo Baraniewski,0.0,0.0,0.0,1998-11-20,182.88,92.98636,185.42,Orthodox,11.35,8.65,57.0,52%,0.0,0.0,100%,0.0
1776,IZABELA BADUREK,4fcf6e0c4e0e6664,Izabela Badurek,6.0,3.0,0.0,1991-07-11,165.1,52.16308,,Orthodox,3.74,4.9,71.0,32%,1.75,12.0,100%,0.0
1777,J.T TAYLOR,17c6e35e4da505b0,J.T Taylor,0.0,0.0,0.0,,177.8,,,,3.17,3.7,80.0,26%,3.96,100.0,0%,7.9
1778,JACARE SOUZA,7a703c565ccaa18f,Jacare Souza,26.0,10.0,0.0,1979-12-07,185.42,83.91452,182.88,Orthodox,2.53,2.85,46.0,62%,2.55,39.0,60%,1.4
1779,JACK BECKER,b5a379583673510a,Jack Becker,0.0,0.0,0.0,1992-12-20,177.8,,180.34,Orthodox,,,,,,,,
1780,JACK CARTWRIGHT,1f592bfefb0d62a3,Jack Cartwright,0.0,0.0,0.0,1994-05-26,175.26,,172.72,Orthodox,,,,,,,,
1781,JACK CONGDON,c44530d3969134a3,Jack Congdon,0.0,0.0,0.0,1997-05-21,187.96,,190.5,Switch,,,,,,,,
1782,JACK DELLA MADDALENA,6b453bc35a823c3f,Jack Della Maddalena,18.0,2.0,0.0,1996-09-10,180.34,77.11064,185.42,Switch,5.32,4.24,51.0,61%,0.34,20.0,64%,0.1
1783,JACK DUFFY,cea51876d8a514a0,Jack Duffy,0.0,0.0,0.0,1995-10-02,170.18,,175.26,Switch,,,,,,,,
1784,JACK HERMANSSON,0a1942069c9ad6b6,Jack Hermansson,24.0,9.0,0.0,1988-06-10,185.42,83.91452,195.58,Orthodox,5.03,3.46,44.0,54%,1.96,34.0,75%,0.7
1785,JACK JENKINS,a9da3158dd2c2b5a,Jack Jenkins,13.0,4.0,0.0,1993-11-03,170.18,65.77083999999999,172.72,Switch,4.5,2.97,61.0,58%,1.78,64.0,67,0.0
1786,JACK MARSHMAN,045f25b3a4c08e81,Jack Marshman,23.0,10.0,0.0,1989-12-19,182.88,83.91452,185.42,Orthodox,2.74,4.19,25.0,56%,0.0,0.0,20%,0.0
1787,JACK MAY,2c6e81426dd7573c,Jack May,9.0,3.0,0.0,1981-04-14,203.2,115.66596,,Switch,1.52,3.29,38.0,33%,0.91,33.0,20%,0.0
1788,JACK MCGLAUGHLIN,237187ed9f419285,Jack McGlaughlin,1.0,4.0,0.0,1961-10-01,,,,Orthodox,0.0,0.0,0.0,0%,0.0,0.0,0%,0.0
1789,JACK MORRISON,38fccd44d669bb2f,Jack Morrison,0.0,0.0,0.0,,180.34,,,,0.0,19.31,0.0,40%,0.0,0.0,0%,0.0
1790,JACK NILSON,53e533db1b8e9712,Jack Nilson,2.0,6.0,0.0,,177.8,97.52228,,,0.0,0.0,0.0,0%,0.0,0.0,0%,0.0
1791,JACK SHORE,b8a85389d115e35a,Jack Shore,17.0,3.0,0.0,1995-02-06,172.72,65.77083999999999,180.34,Orthodox,3.69,0.59,54.0,76%,5.16,46.0,0%,1.5
1792,JACKIE LEE,4985113c0928aa62,Jackie Lee,0.0,1.0,0.0,,,,,,0.0,0.0,0.0,0%,0.0,0.0,0%,0.0
1793,JACKSON MCVEY,3eeec2f53cebdf12,Jackson McVey,6.0,1.0,0.0,1999-03-25,193.04,83.91452,195.58,Southpaw,6.51,3.37,69.0,23%,0.0,0.0,0%,1.2
1794,JACOB KILBURN,637bd06c32219f0b,Jacob Kilburn,8.0,4.0,0.0,1995-06-28,175.26,65.77083999999999,182.88,Orthodox,2.56,6.78,33.0,35%,0.51,5.0,20%,0.5
1795,JACOB MALKOUN,d4270315cbcf2569,Jacob Malkoun,8.0,3.0,0.0,1995-08-26,175.26,83.91452,185.42,Orthodox,4.23,2.33,56.0,55%,5.39,42.0,55%,0.8
1796,JACOB NOE,9bff1b4c37ebbede,Jacob Noe,0.0,0.0,0.0,1980-07-29,,,,,0.0,0.0,0.0,0%,0.0,0.0,0%,0.0
1797,JACOB ROSALES,f7faf5b19e0dec2e,Jacob Rosales,0.0,0.0,0.0,1995-07-28,180.34,,187.96,Orthodox,6.76,12.0,49.0,41%,0.0,0.0,50%,1.3
1798,JACOB SILVA,f6f2ea21a67be3a7,Jacob Silva,0.0,0.0,0.0,1988-02-23,165.1,,170.18,Orthodox,4.17,4.92,44.0,56%,1.51,100.0,66%,0.0
1799,JACOB VOLKMANN,6f81b6de2557739a,Jacob Volkmann,19.0,7.0,0.0,1980-09-05,175.26,70.30676,180.34,Southpaw,1.19,1.78,34.0,52%,3.19,48.0,52%,2.0
1800,JACOBE SMITH,85497ffd934ecf7e,Jacobe Smith,11.0,0.0,0.0,1996-01-17,177.8,77.11064,182.88,Southpaw,6.21,2.86,66.0,47%,7.42,90.0,100,0.8
1801,JACOBI JONES,08b01ed84044c6bc,Jacobi Jones,0.0,0.0,0.0,1996-05-24,175.26,,182.88,Orthodox,,,,,,,,
1802,JACQUELINE CAVALCANTI,e3964ece586e0635,Jacqueline Cavalcanti,9.0,1.0,0.0,1997-08-29,172.72,61.23492,177.8,Orthodox,5.3,2.98,46.0,68%,0.0,0.0,85%,0.0
1803,JADSON COSTA,222d6b547de2e035,Jadson Costa,0.0,0.0,0.0,1980-11-18,170.18,,,Orthodox,0.2,3.05,50.0,50%,0.0,0.0,0%,0.0
1804,JAE SUK LIM,bbb15f301e4a490a,Jae Suk Lim,0.0,0.0,0.0,1979-11-09,175.26,,,Orthodox,2.43,4.05,50.0,37%,12.16,100.0,100%,0.0
1805,JAEHYUN PARK,fe1595732dfb08fc,JaeHyun Park,0.0,0.0,0.0,2001-12-10,172.72,,185.42,Orthodox,,,,,,,,
1806,JAFEL FILHO,65adf3856c4d9256,Jafel Filho,16.0,4.0,0.0,1993-05-05,170.18,56.699,172.72,Orthodox,1.78,1.76,40.0,50%,2.4,47.0,50%,1.8
1807,JAI HERBERT,4c88a1db5a46c6a4,Jai Herbert,13.0,6.0,1.0,1988-05-13,185.42,70.30676,195.58,Orthodox,3.19,3.34,41.0,52%,0.42,21.0,66%,0.0
1808,JAILTON ALMEIDA,41e83a89929d1327,Jailton Almeida,22.0,3.0,0.0,1991-06-26,190.5,92.98636,200.66,Orthodox,2.62,0.89,65.0,41%,6.58,60.0,60,2.4
1809,JAIME ALVAREZ,4438482bd1d5a029,Jaime Alvarez,0.0,0.0,0.0,1988-03-08,172.72,,175.26,Orthodox,2.73,4.53,40.0,56%,1.0,33.0,50%,0.0
1810,JAIME JARA,805ad1801eb26abb,Jaime Jara,0.0,0.0,0.0,1969-08-02,185.42,,,Southpaw,2.2,1.47,60.0,56%,0.0,0.0,25%,0.0
1811,JAIMELENE NIEVERA,3edf45e1717fa764,Jaimelene Nievera,0.0,0.0,0.0,1984-10-28,165.1,,,Orthodox,1.67,8.73,53.0,33%,1.79,16.0,0%,0.0
1812,JAIR DE OLIVEIRA,f14fbb2e55da044c,Jair De Oliveira,0.0,0.0,0.0,1996-05-09,175.26,,175.26,,,,,,,,,
1813,JAIR FARIAS,431262bbc69215dc,Jair Farias,0.0,0.0,0.0,1993-03-16,185.42,,193.04,Orthodox,,,,,,,,
1814,JAIRZINHO ROZENSTRUIK,2cd428e9606856fd,Jairzinho Rozenstruik,15.0,6.0,0.0,1988-03-17,187.96,109.76926399999999,198.12,Orthodox,3.14,3.48,48.0,39%,0.0,0.0,80%,0.0
1815,JAKE COLLIER,92fa1401b7927da3,Jake Collier,13.0,10.0,0.0,1988-10-25,190.5,104.32616,198.12,Orthodox,4.92,4.09,41.0,53%,0.57,23.0,67%,0.4
1816,JAKE ELLENBERGER,d81ac739417d7f53,Jake Ellenberger,31.0,15.0,0.0,1985-03-28,175.26,77.11064,180.34,Orthodox,2.47,2.83,39.0,60%,2.04,47.0,86%,0.4
1817,JAKE HADLEY,60a42bf82447c919,Jake Hadley,11.0,4.0,0.0,1996-08-03,170.18,61.23492,177.8,Southpaw,3.8,4.16,43.0,61%,0.33,11.0,54,1.1
1818,JAKE HECHT,e57fdbea1b828202,Jake Hecht,11.0,4.0,0.0,1984-02-09,182.88,77.11064,185.42,Orthodox,3.26,2.76,47.0,56%,2.04,37.0,40%,0.0
1819,JAKE LINDSEY,33e00249ef08d3a4,Jake Lindsey,12.0,7.0,0.0,1986-06-21,180.34,70.30676,,Switch,3.44,4.01,52.0,46%,0.65,33.0,50%,0.0
1820,JAKE MATTHEWS,a845f0735bc67405,Jake Matthews,22.0,7.0,0.0,1994-08-19,180.34,77.11064,185.42,Orthodox,3.36,2.58,44.0,60%,1.36,41.0,66%,0.7
1821,JAKE O'BRIEN,20bcc9966affb19c,Jake O'Brien,15.0,4.0,0.0,1984-09-25,190.5,92.98636,193.04,Orthodox,1.31,1.92,31.0,69%,6.39,54.0,25%,0.2
1822,JAKE ROSHOLT,4f2fcbefb668689d,Jake Rosholt,12.0,5.0,0.0,1982-02-09,185.42,83.91452,,Orthodox,2.68,2.33,53.0,49%,6.51,68.0,0%,1.8
1823,JAKE SHIELDS,fe435e440b5de0ff,Jake Shields,31.0,9.0,1.0,1979-01-09,182.88,77.11064,182.88,Orthodox,2.45,1.8,36.0,56%,2.83,29.0,35%,1.2
1824,JAKOB LOVSTAD,ad044be25c94dcfd,Jakob Lovstad,0.0,0.0,0.0,1979-12-28,190.5,,,Orthodox,0.0,9.43,0.0,35%,0.0,0.0,0%,0.0
1825,JAKUB WIKLACZ,6902fcf0610dd303,Jakub Wiklacz,0.0,0.0,0.0,1996-09-10,177.8,61.23492,182.88,Orthodox,,,,,,,,
1826,JALIN TURNER,4d8fa64202cee4c1,Jalin Turner,14.0,9.0,0.0,1995-05-18,190.5,70.30676,195.58,Southpaw,6.2,4.37,47.0,45%,0.71,66.0,78%,1.8
1827,JAMAHAL HILL,5444c5a201d3ee5a,Jamahal Hill,12.0,4.0,0.0,1991-05-19,193.04,92.98636,200.66,Southpaw,7.9,3.15,52.0,49%,0.0,0.0,53%,0.0
1828,JAMAL POGUES,f41b9f5efc7162d6,Jamal Pogues,11.0,5.0,0.0,1995-12-01,190.5,92.98636,195.58,Orthodox,3.27,3.07,74.0,56%,7.0,63.0,100%,0.0
1829,JAMALL EMMERS,e00a3dee329a51f7,Jamall Emmers,21.0,8.0,0.0,1989-07-24,177.8,65.77083999999999,187.96,Orthodox,5.75,4.65,52.0,54%,2.9,53.0,100%,0.0
1830,JAMEEL MASSOUH,883922e5cd6d8473,Jameel Massouh,0.0,0.0,0.0,1984-09-12,177.8,,182.88,Orthodox,1.91,2.62,54.0,55%,0.67,15.0,50%,0.7
1831,JAMELLE JONES,1dda22d0ac3d1271,Jamelle Jones,0.0,0.0,0.0,1988-01-31,182.88,,190.5,Orthodox,1.78,3.11,80.0,65%,0.0,0.0,0%,0.0
1832,JAMES BARNES,c06a5c95f1169c0b,James Barnes,0.0,0.0,0.0,1982-05-28,172.72,,180.34,Orthodox,0.0,0.0,0.0,0%,0.0,0.0,0%,0.0
1833,JAMES BOCHNOVIC,984d15d5dc7bfcf9,James Bochnovic,8.0,3.0,0.0,1989-02-13,193.04,92.98636,205.74,Orthodox,0.65,3.64,26.0,21%,0.0,0.0,0%,0.0
1834,JAMES GABERT,fcd8b623892b9a10,James Gabert,0.0,0.0,0.0,,,,,,0.0,0.0,0.0,0%,0.0,0.0,0%,0.0
1835,JAMES GIBOO,f74e037b97917027,James Giboo,13.0,5.0,0.0,1978-01-06,180.34,77.11064,,Orthodox,1.2,7.08,27.0,39%,0.0,0.0,0%,0.0
1836,JAMES GRAY,2db65fc038c0018e,James Gray,0.0,0.0,0.0,1987-10-25,175.26,,,Orthodox,2.61,18.26,50.0,44%,0.0,0.0,0%,0.0
1837,JAMES HAMMORTREE,1f77fce698e80488,James Hammortree,6.0,3.0,0.0,1983-11-29,190.5,83.91452,,Orthodox,1.93,4.13,30.0,44%,2.0,50.0,100%,1.0
1838,JAMES HEAD,19a8cce18a1cef9e,James Head,9.0,4.0,0.0,1984-02-09,185.42,77.11064,185.42,Orthodox,2.75,3.11,48.0,49%,0.41,100.0,66%,0.8
1839,JAMES IRVIN,a7f4d0902bb64092,James Irvin,17.0,10.0,0.0,1978-09-12,187.96,92.98636,190.5,Orthodox,2.03,3.86,48.0,35%,0.0,0.0,36%,0.5
1840,JAMES KRAUSE,8f6a18831a120817,James Krause,28.0,9.0,0.0,1986-06-04,187.96,77.11064,185.42,Orthodox,4.79,4.11,49.0,61%,0.96,18.0,59%,0.9
1841,JAMES LEE,863d06a7ef8bc98c,James Lee,15.0,3.0,0.0,1973-09-22,180.34,92.98636,,Southpaw,1.4,3.72,42.0,27%,13.95,50.0,0%,7.0
1842,JAMES LLONTOP,93b2b7caa457cbea,James Llontop,14.0,5.0,0.0,1999-08-02,182.88,70.30676,185.42,Orthodox,5.57,4.12,41.0,57%,0.0,0.0,54,0.0
1843,JAMES MCSWEENEY,cac08b8685387ca5,James McSweeney,15.0,15.0,0.0,1980-10-24,193.04,104.32616,195.58,Switch,3.94,4.33,55.0,42%,0.52,33.0,100%,1.1
1844,JAMES MOONTASRI,c06a9b48d4132c8e,James Moontasri,9.0,5.0,0.0,1988-04-10,177.8,77.11064,180.34,Switch,2.39,3.86,48.0,40%,0.0,0.0,79%,0.2
1845,JAMES MULHERON,8d5350fa18b79e9a,James Mulheron,11.0,2.0,0.0,1988-02-20,177.8,110.222856,185.42,Orthodox,2.4,3.47,31.0,42%,0.0,0.0,25%,0.0
1846,JAMES REESE,e9ec08ebb3f92aa3,James Reese,0.0,0.0,0.0,1980-12-21,175.26,,,,0.0,0.0,0.0,0%,0.0,0.0,0%,0.0
1847,JAMES TE HUNA,f5431394fb284bb9,James Te Huna,16.0,9.0,0.0,1981-09-29,187.96,83.91452,190.5,Orthodox,4.04,2.99,51.0,62%,2.75,37.0,58%,0.2
1848,JAMES TERRY,5befa793316d3469,James Terry,0.0,0.0,0.0,1981-03-16,177.8,,,Orthodox,3.23,4.77,32.0,64%,3.31,36.0,75%,0.0
1849,JAMES THOMPSON,9e30f69cc0869301,James Thompson,0.0,0.0,0.0,1978-12-16,195.58,,,Orthodox,5.13,3.19,52.0,41%,3.14,36.0,53%,1.3
1850,JAMES TONEY,d10b35152277cf98,James Toney,0.0,1.0,0.0,1968-08-24,175.26,99.79024,,Orthodox,0.0,2.41,0.0,27%,0.0,0.0,0%,0.0
1851,JAMES VICK,6256b2b1562cb8e1,James Vick,13.0,5.0,0.0,1987-02-23,190.5,70.30676,193.04,Orthodox,4.13,3.31,39.0,60%,0.26,33.0,57%,0.7
1852,JAMES WADE,6291decf7f3b6608,James Wade,0.0,0.0,0.0,1972-02-08,177.8,,,,0.0,0.0,0.0,0%,0.0,0.0,0%,0.0
1853,JAMES WALLACE,4078de7181a19142,James Wallace,0.0,0.0,0.0,1992-11-17,177.8,,175.26,Orthodox,0.52,3.41,28.0,35%,0.0,0.0,0%,0.0
1854,JAMES WILKS,852454c572675334,James Wilks,7.0,4.0,0.0,1978-05-04,185.42,77.11064,190.5,Orthodox,1.82,2.03,45.0,50%,1.27,22.0,66%,3.8
1855,JAMES ZIKIC,4b4fc3ddc307bc73,James Zikic,21.0,10.0,2.0,1977-03-01,187.96,92.98636,,Orthodox,1.47,1.6,35.0,44%,0.5,25.0,74%,0.5
1856,JAMEY SIMMONS,f0fad0e9f3b65752,Jamey Simmons,7.0,4.0,0.0,1992-09-11,167.64,61.23492,177.8,Orthodox,0.52,2.08,50.0,50%,0.0,0.0,100%,0.0
1857,JAMEY-LYN HORTH,5c637af9472ae7cc,Jamey-Lyn Horth,8.0,2.0,0.0,1990-03-30,170.18,56.699,167.64,Orthodox,3.8,2.64,47.0,63%,0.98,42.0,80%,0.2
1858,JAMIE COLLEEN,6b64db453edf4c50,Jamie Colleen,0.0,0.0,0.0,1985-11-02,160.02,,165.1,Orthodox,3.11,5.66,61.0,33%,0.52,33.0,50%,1.6
1859,JAMIE HOUSTON,4b1896310a907656,Jamie Houston,0.0,0.0,0.0,,,,,,0.0,0.0,0.0,0%,0.0,0.0,0%,0.0
1860,JAMIE MOYLE,882d62561063a927,Jamie Moyle,4.0,3.0,0.0,1989-03-17,154.94,52.16308,165.1,Orthodox,4.51,4.0,51.0,65%,1.0,21.0,50%,0.0
1861,JAMIE MULLARKEY,af9f42e6894047fc,Jamie Mullarkey,17.0,8.0,0.0,1994-08-17,182.88,70.30676,187.96,Orthodox,1.87,4.6,33.0,42%,4.0,30.0,66%,0.5
1862,JAMIE PICKETT,830f60497fab345a,Jamie Pickett,13.0,11.0,0.0,1988-08-29,187.96,83.91452,203.2,Orthodox,2.84,4.84,55.0,46%,1.48,40.0,37%,0.4
1863,JAMIE SIRAJ,e6679e38e7fab7a8,Jamie Siraj,0.0,0.0,0.0,1994-06-28,170.18,65.77083999999999,167.64,Orthodox,2.21,7.73,25.0,38%,0.0,0.0,0%,0.0
1864,JAMIE VARNER,a54fc2d6fc224dc3,Jamie Varner,21.0,11.0,1.0,1984-10-12,172.72,70.30676,180.34,Orthodox,2.92,2.55,34.0,58%,3.49,53.0,66%,0.8
1865,JAMIE YAGER,85248da6e9e2f7e7,Jamie Yager,8.0,4.0,0.0,1983-11-29,185.42,83.91452,,Orthodox,3.08,2.55,39.0,63%,0.0,0.0,66%,0.0
1866,JAN BLACHOWICZ,99df7d0a2a08a8a8,Jan Blachowicz,29.0,11.0,1.0,1983-02-24,187.96,92.98636,198.12,Orthodox,3.59,2.79,49.0,53%,1.18,53.0,65%,0.2
1867,JAN FINNEY,3317823959d32a05,Jan Finney,0.0,0.0,0.0,1980-04-18,172.72,,,Orthodox,2.16,8.75,28.0,42%,0.77,11.0,25%,0.0
1868,JAN NORTJE,bd4389b71fdc0ce2,Jan Nortje,0.0,0.0,0.0,1975-04-11,185.42,,,Southpaw,3.32,4.5,51.0,32%,0.0,0.0,66%,2.9
1869,JANAINA SILVA,4784a5b4a452464a,Janaina Silva,0.0,0.0,0.0,1992-02-16,154.94,,152.4,Orthodox,,,,,,,,
1870,JANAY HARDING,b9c3ee342eb72100,Janay Harding,0.0,0.0,0.0,1994-09-28,,,,,0.0,0.0,0.0,0%,0.0,0.0,0%,0.0
1871,JANSEY SILVA,0d09efd31eb9fadf,Jansey Silva,0.0,0.0,0.0,1995-05-30,187.96,,170.18,Orthodox,,,,,,,,
1872,JAQUELINE AMORIM,bc7d1ad49fcb2d08,Jaqueline Amorim,10.0,1.0,0.0,1995-06-24,160.02,52.16308,172.72,Orthodox,2.26,2.06,49.0,54%,2.01,33.0,0%,4.3
1873,JARED CANNONIER,13a0275fa13c4d26,Jared Cannonier,18.0,9.0,0.0,1984-03-16,180.34,83.91452,195.58,Switch,3.7,3.09,52.0,64%,0.16,33.0,54%,0.0
1874,JARED CHAFFEE,fdf59144e535bc38,Jared Chaffee,0.0,0.0,0.0,1984-12-15,177.8,,,,0.0,0.0,0.0,0%,0.0,0.0,0%,0.0
1875,JARED GOODEN,c730a0be691dc081,Jared Gooden,23.0,10.0,0.0,1993-12-05,182.88,77.11064,195.58,Orthodox,6.67,11.2,47.0,49%,1.0,100.0,100%,0.0
1876,JARED GORDON,7026eca45f65377b,Jared Gordon,21.0,7.0,0.0,1988-09-06,175.26,70.30676,172.72,Orthodox,5.57,4.11,53.0,55%,1.91,34.0,60%,0.0
1877,JARED HAMMAN,23459ee7e373b98f,Jared Hamman,14.0,6.0,0.0,1982-03-07,190.5,83.91452,190.5,Orthodox,5.15,3.93,42.0,55%,1.57,46.0,30%,0.0
1878,JARED PAPAZIAN,edad57b3dddf2168,Jared Papazian,20.0,13.0,0.0,1988-02-01,172.72,61.23492,170.18,Southpaw,3.33,3.81,39.0,44%,0.0,0.0,50%,0.0
1879,JARED ROLLINS,c4b6099f0d25f75e,Jared Rollins,8.0,4.0,0.0,1977-01-26,175.26,77.11064,,Orthodox,3.33,2.41,57.0,39%,2.5,50.0,50%,1.2
1880,JARED ROSHOLT,91ea901c458e95dd,Jared Rosholt,14.0,4.0,0.0,1986-08-04,187.96,120.20188,190.5,Orthodox,2.08,1.52,46.0,59%,1.83,41.0,66%,0.1
1881,JARED VANDERAA,2b68d9f125d07b42,Jared Vanderaa,12.0,10.0,0.0,1992-05-12,193.04,120.20188,203.2,Orthodox,2.75,5.19,52.0,33%,1.15,100.0,0%,0.0
1882,JARJIS DANHO,8614b7134913f5d5,Jarjis Danho,7.0,1.0,1.0,1983-10-15,190.5,120.20188,187.96,Orthodox,3.39,5.77,48.0,47%,0.57,20.0,100%,0.0
1883,JARNO ERRENS,082eba4cd80f736f,Jarno Errens,14.0,6.0,1.0,1994-11-17,180.34,65.77083999999999,185.42,Orthodox,3.29,3.29,44.0,61%,0.0,0.0,33,0.3
1884,JARRED BROOKS,81d9df19e255b8b6,Jarred Brooks,13.0,2.0,0.0,1993-05-02,160.02,56.699,157.48,Switch,2.12,1.66,46.0,62%,4.54,57.0,69%,0.6
1885,JARROD KWITTY,849d15ed7e3a0e97,Jarrod Kwitty,0.0,0.0,0.0,,172.72,,,,0.53,4.4,50.0,32%,8.0,50.0,0%,2.0
1886,JASMINE JASUDAVICIUS,a9e260472d321361,Jasmine Jasudavicius,14.0,3.0,0.0,1989-03-01,170.18,56.699,172.72,Orthodox,3.47,3.46,44.0,51%,2.63,46.0,75%,0.5
1887,JASON BLACK,b2f743746e8dcfa2,Jason Black,23.0,4.0,1.0,1972-07-15,172.72,70.30676,,Orthodox,1.06,2.6,47.0,45%,0.48,33.0,28%,6.2
1888,JASON BLACKFORD,619d807fa54ae8f7,Jason Blackford,0.0,0.0,0.0,,,,,,0.0,0.0,0.0,0%,0.0,0.0,0%,0.0
1889,JASON BRILZ,497ba5b12a4bfc47,Jason Brilz,22.0,6.0,1.0,1975-07-07,180.34,92.98636,180.34,Orthodox,2.66,1.78,40.0,65%,2.37,25.0,25%,1.3
1890,JASON BUTCHER,30e39145fec48d25,Jason Butcher,0.0,0.0,0.0,1984-10-23,190.5,,,,1.82,2.73,40.0,25%,13.64,50.0,0%,0.0
1891,JASON DAY,a6fd2173d5e2d7f0,Jason Day,19.0,12.0,0.0,1981-05-19,182.88,83.91452,182.88,Orthodox,3.61,3.46,54.0,47%,1.13,100.0,0%,0.0
1892,JASON DELUCIA,6ceff86fae4f6b3b,Jason DeLucia,33.0,21.0,1.0,1969-07-24,180.34,86.18248,,Southpaw,0.0,0.0,0.0,0%,0.0,0.0,0%,0.0
1893,JASON DENT,fa8b9e6b0c2269f8,Jason Dent,22.0,13.0,0.0,1980-06-12,177.8,70.30676,180.34,Orthodox,2.01,3.7,39.0,62%,0.0,0.0,26%,1.4
1894,JASON FAIRN,adea9f0090aa8e14,Jason Fairn,4.0,5.0,0.0,1973-07-16,185.42,104.32616,,,0.0,0.0,0.0,0%,0.0,0.0,0%,0.0
1895,JASON FREEMAN,5870bd1eadf4f322,Jason Freeman,0.0,0.0,0.0,1976-09-02,187.96,,,,0.0,0.0,0.0,0%,0.0,0.0,0%,0.0
1896,JASON GILLIAM,91720876db0ee468,Jason Gilliam,14.0,9.0,0.0,1972-10-31,182.88,77.11064,,Orthodox,0.79,3.14,33.0,42%,0.0,0.0,0%,0.0
1897,JASON GLAZA,fda067e842b07466,Jason Glaza,0.0,0.0,0.0,,182.88,,,,4.34,0.43,54.0,40%,4.34,100.0,0%,4.3
1898,JASON GODSEY,5ca158b1cc9cb242,Jason Godsey,16.0,16.0,0.0,1964-01-01,187.96,104.32616,,Orthodox,0.0,0.0,0.0,0%,0.0,0.0,0%,0.0
1899,JASON GONZALEZ,e45cfa47f504033a,Jason Gonzalez,11.0,5.0,0.0,1990-02-28,187.96,70.30676,187.96,Southpaw,3.06,3.13,39.0,58%,0.0,0.0,30%,1.0
1900,JASON GUIDA,ce25b4ed82b1811b,Jason Guida,0.0,0.0,0.0,1977-08-04,177.8,,,,1.87,3.33,40.0,52%,1.0,14.0,50%,1.0
1901,JASON HIGH,e5d03e4d966126bd,Jason High,21.0,6.0,0.0,1981-10-12,172.72,70.30676,185.42,Southpaw,1.28,1.56,42.0,48%,2.36,63.0,37%,2.8
1902,JASON IRELAND,05a0556072931f01,Jason Ireland,0.0,0.0,0.0,1979-12-30,175.26,,,Southpaw,1.2,2.07,25.0,51%,3.59,75.0,0%,1.2
1903,JASON JACKSON,ca8da445dfa82d56,Jason Jackson,0.0,0.0,0.0,1990-10-30,185.42,,198.12,Orthodox,2.24,1.31,48.0,56%,0.0,0.0,0%,0.0
1904,JASON KNIGHT,bb1a2cdad6ff34db,Jason Knight,20.0,5.0,0.0,1992-07-14,177.8,65.77083999999999,180.34,Orthodox,2.95,3.02,33.0,51%,1.31,31.0,47%,1.7
1905,JASON LAMBERT,5be86bb2f78fef2f,Jason Lambert,26.0,13.0,0.0,1975-06-03,190.5,83.91452,190.5,Orthodox,3.21,1.84,58.0,50%,1.35,36.0,28%,2.4
1906,JASON MACDONALD,2be6596a9db33bf5,Jason MacDonald,25.0,16.0,0.0,1975-06-03,190.5,83.91452,203.2,Orthodox,1.55,2.7,52.0,46%,1.43,16.0,35%,2.0
1907,JASON MCLEAN,8336d7a85ce45481,Jason McLean,0.0,0.0,0.0,1977-06-03,165.1,,,,0.0,0.0,0.0,0%,0.0,0.0,0%,0.0
1908,JASON MEDINA,f53fb9d9e57cc38e,Jason Medina,0.0,0.0,0.0,1968-05-18,175.26,,,,0.0,0.0,0.0,0%,0.0,0.0,0%,0.0
1909,JASON MILLER,b2f88c04c4dd43ce,Jason Miller,23.0,10.0,0.0,1980-12-24,185.42,83.91452,,Orthodox,1.83,2.3,43.0,49%,1.31,28.0,43%,1.3
1910,JASON NOVELLI,459e4dc69ec669b2,Jason Novelli,11.0,3.0,1.0,1979-06-08,182.88,70.30676,,Orthodox,1.73,3.55,24.0,66%,0.7,33.0,100%,0.0
1911,JASON REINHARDT,02500fb9fd79a974,Jason Reinhardt,20.0,3.0,0.0,1969-10-31,167.64,61.23492,,Orthodox,0.51,4.07,40.0,43%,1.91,12.0,50%,0.0
1912,JASON RILEY,995af04c697d78b7,Jason Riley,0.0,0.0,0.0,1975-09-22,198.12,,,,0.0,9.68,0.0,33%,0.0,0.0,50%,0.0
1913,JASON SAGGO,4ac1ecf8ce59ef23,Jason Saggo,12.0,4.0,0.0,1985-11-23,180.34,70.30676,180.34,Orthodox,2.5,2.94,39.0,52%,2.33,40.0,23%,0.0
1914,JASON SHARP,285e32e41f61a5b1,Jason Sharp,0.0,0.0,0.0,,,,,,0.0,0.0,0.0,0%,0.0,0.0,0%,0.0
1915,JASON SUTTIE,cc5834a495d1ea08,Jason Suttie,0.0,0.0,0.0,1973-08-07,182.88,,,Orthodox,2.07,4.97,83.0,36%,0.0,0.0,0%,0.0
1916,JASON TAN,ad3041e61896b975,Jason Tan,5.0,3.0,0.0,1981-12-17,177.8,77.11064,,Orthodox,0.69,7.37,29.0,18%,0.0,0.0,0%,0.0
1917,JASON THACKER,f0264252e191da22,Jason Thacker,0.0,1.0,0.0,1975-08-18,177.8,83.91452,,Orthodox,0.63,17.05,33.0,32%,0.0,0.0,0%,0.0
1918,JASON VON FLUE,c4b9296214f4c09c,Jason Von Flue,14.0,12.0,1.0,1975-08-01,182.88,77.11064,,Orthodox,1.89,3.23,36.0,52%,0.62,16.0,58%,1.5
1919,JASON WITT,5f3805dda9661cba,Jason Witt,19.0,9.0,0.0,1986-11-07,177.8,77.11064,177.8,Orthodox,3.16,2.68,65.0,29%,3.65,50.0,0%,1.8
1920,JASON YOUNG,f59e9e49ef85b469,Jason Young,9.0,6.0,0.0,1986-06-28,175.26,65.77083999999999,185.42,Orthodox,2.97,3.2,37.0,50%,1.98,66.0,55%,0.0
1921,JAVI ALANIS,2144954270be834d,Javi Alanis,0.0,0.0,0.0,,167.64,,,,0.0,0.0,0.0,0%,0.0,0.0,0%,0.0
1922,JAVID BASHARAT,bbab3baf66128ae2,Javid Basharat,14.0,2.0,0.0,1995-09-07,175.26,61.23492,175.26,Orthodox,5.41,2.96,53.0,61%,1.62,40.0,83,0.2
1923,JAVIER REYES,4a574b8512fc1b30,Javier Reyes,0.0,0.0,0.0,1993-10-10,170.18,65.77083999999999,185.42,Orthodox,6.28,3.06,47.0,41%,1.27,50.0,50%,0.0
1924,JAVIER VAZQUEZ,be5cfd73617a5b1a,Javier Vazquez,16.0,5.0,0.0,1977-07-16,170.18,65.77083999999999,175.26,Southpaw,2.43,1.99,36.0,72%,2.56,52.0,57%,1.5
1925,JAVY AYALA,26387c19f32dda0f,Javy Ayala,0.0,0.0,0.0,1988-08-20,185.42,,,,0.83,5.0,25.0,33%,0.0,0.0,0%,0.0
1926,JAY BOGAN,53c21779d84ceb75,Jay Bogan,0.0,0.0,0.0,1983-09-13,,,,,0.0,0.0,0.0,0%,0.0,0.0,0%,0.0
1927,JAY CUCCINIELLO,683ea28a198936fe,Jay Cucciniello,8.0,1.0,0.0,1986-07-23,170.18,70.30676,,Orthodox,0.93,4.73,21.0,36%,0.0,0.0,71%,0.0
1928,JAY HIERON,5bb0a618ad03ac64,Jay Hieron,23.0,7.0,0.0,1976-07-29,182.88,77.11064,190.5,Orthodox,1.66,1.89,32.0,61%,4.05,60.0,66%,1.0
1929,JAY PERRIN,01fed6f61ebea01f,Jay Perrin,10.0,7.0,0.0,1993-06-15,170.18,61.23492,170.18,Switch,2.87,2.6,44.0,47%,4.0,80.0,80%,0.0
1930,JAY SILVA,53bb0d40905b87c0,Jay Silva,10.0,11.0,1.0,1981-05-25,187.96,83.91452,,Southpaw,1.13,3.07,34.0,40%,0.0,0.0,38%,1.0
1931,JC COTTRELL,3ec1e4ba98c9c85a,JC Cottrell,17.0,5.0,0.0,1989-11-04,175.26,70.30676,,Orthodox,0.79,2.75,25.0,45%,0.79,100.0,50%,0.0
1932,JEAN FRANCOIS LENOGUE,e60201cfab7d656d,Jean Francois Lenogue,0.0,0.0,0.0,1972-11-29,182.88,,,Orthodox,1.13,0.27,34.0,60%,0.0,0.0,33%,0.0
1933,JEAN MATSUMOTO,ffd3224638c01b57,Jean Matsumoto,17.0,1.0,0.0,1999-09-09,167.64,61.23492,172.72,Orthodox,5.35,5.29,38.0,49%,2.85,42.0,56%,0.5
1934,JEAN SILVA,9211aae062b799d6,Jean Silva,16.0,2.0,0.0,1977-10-08,167.64,72.57472,175.26,Orthodox,0.73,2.93,22.0,52%,0.0,0.0,0%,0.0
1935,JEAN-PAUL LEBOSNOYANI,a3dda21be645be93,Jean-Paul Lebosnoyani,0.0,0.0,0.0,1999-01-27,180.34,77.11064,182.88,Switch,,,,,,,,
1936,JEFF BEDARD,93bf96be327fcd98,Jeff Bedard,0.0,0.0,0.0,1970-02-06,167.64,,,Orthodox,0.8,0.0,51.0,100%,3.43,66.0,100%,2.6
1937,JEFF COX,c9bbf1a0285a8076,Jeff Cox,10.0,7.0,0.0,1968-08-02,177.8,70.30676,,Orthodox,0.56,1.69,25.0,33%,4.23,50.0,80%,0.0
1938,JEFF CROTTY,98601a40e9d96047,Jeff Crotty,0.0,0.0,0.0,1984-10-02,,,,,0.93,3.33,35.0,54%,5.0,38.0,0%,1.0
1939,JEFF CURRAN,a8ea84cbe1655f0a,Jeff Curran,36.0,18.0,1.0,1977-09-02,167.64,61.23492,175.26,Orthodox,1.54,2.48,31.0,60%,0.35,12.0,35%,1.2
1940,JEFF HOUGLAND,97a8f39186f489db,Jeff Hougland,10.0,6.0,0.0,1978-08-02,170.18,61.23492,172.72,Orthodox,1.86,3.46,48.0,47%,0.86,18.0,0%,1.1
1941,JEFF HUGHES,6a11e325aa60ad02,Jeff Hughes,10.0,4.0,0.0,1988-05-17,187.96,113.398,195.58,Orthodox,3.95,3.67,51.0,60%,0.71,50.0,45%,0.0
1942,JEFF JOSLIN,388abbf8832b5adf,Jeff Joslin,5.0,3.0,0.0,1975-04-30,182.88,77.11064,,Orthodox,2.17,1.57,39.0,65%,0.5,33.0,64%,0.5
1943,JEFF MOLINA,008ea710276c9606,Jeff Molina,11.0,2.0,0.0,1997-07-17,167.64,56.699,175.26,Orthodox,5.07,5.53,38.0,55%,0.0,0.0,0%,0.0
1944,JEFF MONSON,cbfd1d34356a004c,Jeff Monson,60.0,26.0,1.0,1971-01-18,175.26,112.037224,187.96,Orthodox,0.97,2.87,30.0,59%,1.06,12.0,66%,0.7
1945,JEFF NEWTON,94609dd91731d428,Jeff Newton,4.0,2.0,0.0,1966-12-11,187.96,92.98636,,Sideways,0.28,1.41,20.0,52%,0.0,0.0,0%,8.5
1946,JEFF TERRY,60f86c449cd31e23,Jeff Terry,0.0,0.0,0.0,,187.96,,,,1.09,9.27,50.0,19%,0.0,0.0,100%,0.0
1947,JEFFERSON NASCIMENTO,cc6e9f3736854c24,JEFFERSON NASCIMENTO,0.0,0.0,0.0,1998-11-19,180.34,77.11064,177.8,Orthodox,2.42,2.56,48.0,57%,0.0,0.0,66%,0.0
1948,JEIMESON SAUDINO,f6f9d41669dd3eaa,Jeimeson Saudino,0.0,0.0,0.0,1991-03-05,167.64,,,,0.66,0.82,30.0,84%,2.47,50.0,0%,2.5
1949,JEISLA CHAVES,8061a3136026a673,Jeisla Chaves,0.0,0.0,0.0,1997-02-02,167.64,56.699,172.72,Orthodox,4.97,4.2,56.0,53%,1.5,37.0,62%,0.5
1950,JEKA SARAGIH,57186c150c645200,Jeka Saragih,14.0,5.0,0.0,1995-01-01,172.72,65.77083999999999,175.26,Orthodox,2.75,2.82,50.0,40%,2.17,80.0,66,0.5
1951,JENEL LAUSA,ec664422b22d9787,Jenel Lausa,7.0,5.0,0.0,1988-08-01,165.1,56.699,172.72,Orthodox,1.44,3.53,42.0,53%,0.55,66.0,51%,0.8
1952,JENNA CASTILLO,e680418329c84ec4,Jenna Castillo,0.0,0.0,0.0,1982-05-05,157.48,,,,3.24,2.01,56.0,57%,1.68,100.0,100%,0.0
1953,JENNIFER GONZALEZ,4f1a48f4e6ffb007,Jennifer Gonzalez,0.0,0.0,0.0,1986-03-22,157.48,,,,,,,,,,,
1954,JENNIFER MAIA,8e1f36476ef02a6a,Jennifer Maia,21.0,10.0,1.0,1988-10-06,162.56,56.699,162.56,Orthodox,3.34,3.52,39.0,52%,0.34,50.0,56%,0.2
1955,JENS PULVER,44260175069b6276,Jens Pulver,27.0,19.0,1.0,1974-12-06,170.18,65.77083999999999,177.8,Southpaw,2.12,3.13,37.0,56%,0.22,33.0,63%,0.3
1956,JEONGYEONG LEE,d008d785f6347dc2,JeongYeong Lee,11.0,3.0,0.0,1995-11-13,177.8,65.77083999999999,185.42,Orthodox,3.38,3.82,49.0,50%,0.63,66.0,72,0.3
1957,JEREMIA SIREGAR,a7ac3b1b0c4146db,Jeremia Siregar,0.0,0.0,0.0,1991-07-27,157.48,,160.02,Orthodox,,,,,,,,
1958,JEREMIAH BILLINGTON,b3b6e80b7d5f8f0d,Jeremiah Billington,0.0,0.0,0.0,1977-11-14,175.26,,,Orthodox,1.6,7.06,62.0,35%,0.0,0.0,50%,0.0
1959,JEREMIAH CONSTANT,18f5669a92e99d92,Jeremiah Constant,0.0,0.0,0.0,1974-07-19,185.42,,,Orthodox,1.5,3.25,75.0,43%,0.0,0.0,0%,7.5
1960,JEREMIAH LABIANO,4fe1d105af549845,Jeremiah Labiano,0.0,0.0,0.0,1986-11-18,177.8,,,,0.0,0.0,0.0,0%,0.0,0.0,0%,0.0
1961,JEREMIAH METCALF,5bdcbd8dd681a257,Jeremiah Metcalf,0.0,0.0,0.0,1981-07-09,185.42,,,Orthodox,1.74,0.27,59.0,60%,4.02,66.0,100%,2.0
1962,JEREMIAH O'NEAL,338fda4ec7034c5d,Jeremiah O'Neal,0.0,0.0,0.0,1977-10-25,172.72,,,,1.15,7.5,40.0,23%,0.0,0.0,0%,0.0
1963,JEREMIAH RIGGS,f1a9ad7485e5024a,Jeremiah Riggs,0.0,0.0,0.0,1982-12-17,182.88,,,,0.0,0.0,0.0,0%,0.0,0.0,0%,0.0
1964,JEREMIAH WELLS,d66a46de8d705353,Jeremiah Wells,12.0,4.0,1.0,1986-10-30,175.26,77.11064,187.96,Switch,0.0,0.0,0.0,0%,0.0,0.0,0%,0.0
1965,JEREMIE HOLLOWAY,ee28aa7f1043756c,Jeremie Holloway,0.0,0.0,0.0,1984-09-29,182.88,,,,0.81,0.51,50.0,79%,0.0,0.0,0%,0.0
1966,JEREMY BOCZULAK,1afd74f8cb0719f3,Jeremy Boczulak,0.0,0.0,0.0,,,,,,0.0,0.0,0.0,0%,0.0,0.0,0%,0.0
1967,JEREMY FREITAG,5b91296f8fff9657,Jeremy  Freitag,0.0,0.0,0.0,,,,,,0.0,8.37,0.0,19%,0.0,0.0,33%,1.9
1968,JEREMY HAMILTON,7ada6ea792a34424,Jeremy Hamilton,0.0,0.0,0.0,1984-11-14,,,,,0.0,0.0,0.0,0%,0.0,0.0,0%,0.0
1969,JEREMY HORN,8d26912cd2aeb366,Jeremy Horn,91.0,22.0,5.0,1975-08-25,185.42,83.91452,187.96,Orthodox,1.19,1.99,39.0,55%,1.83,38.0,29%,1.1
1970,JEREMY JACKSON,ad32471f01e7b1a5,Jeremy Jackson,9.0,5.0,0.0,1982-09-19,177.8,77.11064,,Orthodox,0.71,2.03,27.0,25%,1.52,40.0,58%,0.0
1971,JEREMY KENNEDY,68f6e96c5fa6e044,Jeremy Kennedy,11.0,1.0,0.0,1992-09-16,180.34,65.77083999999999,180.34,Orthodox,2.22,2.58,46.0,47%,5.73,52.0,66%,0.0
1972,JEREMY KIMBALL,917a5cb9821df261,Jeremy Kimball,15.0,8.0,0.0,1991-01-03,182.88,92.98636,182.88,Switch,2.81,3.84,46.0,49%,1.41,20.0,50%,0.0
1973,JEREMY LANG,09422812370fbdfe,Jeremy Lang,0.0,0.0,0.0,1975-05-11,180.34,,,Southpaw,1.13,1.41,50.0,42%,4.22,60.0,0%,4.2
1974,JEREMY LARSEN,c3bd649a9194e50c,Jeremy Larsen,8.0,5.0,0.0,1984-05-18,177.8,65.77083999999999,177.8,Orthodox,4.87,5.75,48.0,57%,2.49,33.0,0%,0.0
1975,JEREMY MALATERRE,110404b505fb562c,Jeremy Malaterre,0.0,0.0,0.0,,180.34,,,,0.0,0.0,0.0,0%,0.0,0.0,0%,0.0
1976,JEREMY MAY,c32fdfe75cda5b22,Jeremy May,0.0,0.0,0.0,1986-10-23,185.42,,,,0.0,0.0,0.0,0%,0.0,0.0,0%,0.0
1977,JEREMY STEPHENS,18968f97ad34f15c,Jeremy Stephens,28.0,20.0,0.0,1986-05-25,175.26,70.30676,180.34,Orthodox,3.13,3.25,40.0,57%,1.1,38.0,61%,0.4
1978,JEREMY TAVARES,681d07e328798ec0,Jeremy Tavares,0.0,0.0,0.0,,,,,,0.0,0.0,0.0,0%,0.0,0.0,0%,0.0
1979,JEREMY UMPHRIES,4793a2d90f5ab8ae,Jeremy Umphries,0.0,0.0,0.0,,,,,,0.0,0.0,0.0,0%,0.0,0.0,0%,0.0
1980,JEREMY WALLACE,b87c3f460709f74c,Jeremy Wallace,0.0,0.0,0.0,,175.26,,,,0.0,0.0,0.0,0%,0.0,0.0,0%,0.0
1981,JEREMYFREITAG,a47e9ec288c91067,JeremyFreitag,0.0,0.0,0.0,,185.42,,,,,,,,,,,
1982,JERI SITZES,44a1dd0ef4373edc,Jeri Sitzes,0.0,0.0,0.0,1979-03-21,165.1,,,,0.0,0.0,0.0,0%,0.0,0.0,0%,0.0
1983,JERMAINE ANDRE,9bad58fa651d6196,Jermaine Andre,14.0,4.0,0.0,1973-07-16,170.18,90.7184,,Orthodox,0.0,0.0,0.0,0%,0.0,0.0,0%,0.0
1984,JEROME LEBANNER,2d0b10789feafddb,Jerome LeBanner,0.0,0.0,0.0,1972-12-26,190.5,,,Southpaw,0.92,1.03,35.0,37%,0.0,0.0,50%,0.0
1985,JEROME RIVERA,c9587d81e1d33925,Jerome Rivera,10.0,6.0,0.0,1995-04-22,177.8,56.699,182.88,Southpaw,3.08,2.47,34.0,51%,0.0,0.0,40%,0.0
1986,JERREL VENETIAAN,602bb270f2bdbf02,Jerrel Venetiaan,0.0,0.0,0.0,1971-03-09,185.42,,,Orthodox,0.81,1.51,33.0,67%,0.0,0.0,60%,0.0
1987,JERROD SANDERS,12f1b140e248bdb9,Jerrod Sanders,16.0,3.0,0.0,1979-10-01,172.72,61.23492,182.88,Orthodox,0.88,1.14,64.0,46%,2.2,33.0,50%,1.6
1988,JERRON PEOPLES,a2ac473d74eb157c,Jerron Peoples,0.0,0.0,0.0,1982-05-04,182.88,,,,0.0,0.0,0.0,0%,0.0,0.0,0%,0.0
1989,JERRY BOHLANDER,93892752c5fc23ca,Jerry Bohlander,11.0,4.0,0.0,1974-02-12,180.34,90.264808,,Orthodox,0.0,0.0,0.0,0%,0.0,0.0,0%,0.0
1990,JESS BOUSCAL,38b1417ec17072da,Jess Bouscal,0.0,0.0,0.0,,,,,,0.0,0.0,0.0,0%,0.0,0.0,0%,0.0
1991,JESS LIAUDIN,a8aba6fd8a463043,Jess Liaudin,20.0,11.0,0.0,1973-12-21,175.26,77.11064,182.88,Orthodox,2.46,2.76,51.0,41%,3.28,53.0,30%,1.6
1992,JESSAMYN DUKE,a7ddae0be8b78147,Jessamyn Duke,3.0,5.0,0.0,1986-06-24,180.34,61.23492,185.42,Orthodox,4.83,4.43,53.0,57%,1.27,36.0,50%,1.9
1993,JESSE BONGFELDT,934de214814b8ff4,Jesse Bongfeldt,16.0,5.0,1.0,1980-08-28,182.88,83.91452,,Orthodox,2.91,1.01,62.0,50%,1.51,33.0,33%,0.0
1994,JESSE BUTLER,a75a48bfe776b2c2,Jesse Butler,12.0,6.0,0.0,1992-05-24,177.8,61.23492,185.42,Orthodox,2.02,4.62,34.0,39%,0.0,0.0,0,0.0
1995,JESSE FINNEY,0496cdac0bc9edd8,Jesse Finney,0.0,0.0,0.0,1974-07-11,182.88,,,,0.0,0.0,0.0,0%,0.0,0.0,0%,0.0
1996,JESSE FORBES,947eccadb72f4f6f,Jesse Forbes,15.0,5.0,0.0,1984-10-24,187.96,83.91452,190.5,Southpaw,2.11,4.06,24.0,53%,1.79,75.0,66%,1.2
1997,JESSE FUJARCZYK,c3c38c86f5ab9b5c,Jesse Fujarczyk,0.0,0.0,0.0,1983-01-28,193.04,,,Southpaw,1.03,4.91,33.0,38%,0.0,0.0,25%,0.0
1998,JESSE GILLESPIE,160b931119c1bf91,Jesse Gillespie,0.0,0.0,0.0,,,,,,0.0,0.0,0.0,0%,0.0,0.0,0%,0.0
1999,JESSE JONES,bc0f994de0521926,Jesse Jones,0.0,0.0,0.0,,175.26,,,,0.0,0.0,0.0,0%,0.0,0.0,0%,0.0
2000,JESSE JUAREZ,cd039ff136d89ded,Jesse Juarez,0.0,0.0,0.0,1981-05-08,185.42,,,Orthodox,1.71,2.87,48.0,52%,2.69,33.0,50%,0.0
2001,JESSE LENNOX,3ae10ac4df3df05c,Jesse Lennox,14.0,4.0,0.0,1982-03-10,175.26,77.11064,182.88,Orthodox,2.69,3.2,32.0,64%,1.22,66.0,63%,0.3
2002,JESSE MORENG,2e2cdb6e9eb84bb9,Jesse Moreng,0.0,0.0,0.0,1979-11-09,170.18,,,Orthodox,1.26,2.08,40.0,48%,5.56,100.0,100%,0.0
2003,JESSE MURRAY,d0147e906106cd2e,Jesse Murray,0.0,0.0,0.0,1993-01-26,190.5,,198.12,Orthodox,,,,,,,,
2004,JESSE RONSON,5580771f383e141f,Jesse Ronson,21.0,12.0,0.0,1985-12-24,177.8,70.30676,177.8,Southpaw,3.54,2.99,49.0,59%,0.63,40.0,61%,0.6
2005,JESSE SANDERS,59aaf2730b84698a,Jesse Sanders,23.0,7.0,0.0,1992-02-13,182.88,77.11064,,Orthodox,0.0,6.45,0.0,35%,0.0,0.0,50%,0.0
2006,JESSE STRADER,8c39367b53eadf8a,Jesse Strader,5.0,3.0,0.0,1991-05-29,170.18,61.23492,177.8,Orthodox,7.12,7.63,56.0,42%,0.0,0.0,0%,0.0
2007,JESSE TAYLOR,dd992d569aaebee6,Jesse Taylor,31.0,15.0,0.0,1983-01-02,182.88,77.11064,185.42,Orthodox,1.94,0.55,65.0,38%,7.28,50.0,100%,3.1
2008,JESSICA AGUILAR,8f382b3baa954d2a,Jessica Aguilar,20.0,8.0,0.0,1982-05-08,160.02,52.16308,160.02,Orthodox,4.93,7.19,50.0,53%,0.94,25.0,50%,0.2
2009,JESSICA ANDRADE,6a1901c62ab3870f,Jessica Andrade,26.0,15.0,0.0,1991-09-25,154.94,52.16308,157.48,Orthodox,6.38,5.26,49.0,53%,3.11,57.0,76%,0.4
2010,JESSICA EYE,f72465a784c1b084,Jessica Eye,15.0,11.0,0.0,1986-07-27,167.64,56.699,167.64,Orthodox,3.76,4.01,37.0,55%,0.45,40.0,57%,0.5
2011,JESSICA PENNE,c742287ed86a09bc,Jessica Penne,14.0,9.0,0.0,1983-01-30,165.1,52.16308,170.18,Orthodox,2.46,4.73,33.0,48%,1.58,25.0,20%,0.6
2012,JESSICA RAKOCZY,ffdeb4fbea09ce75,Jessica Rakoczy,1.0,5.0,0.0,1977-04-14,170.18,52.16308,,Orthodox,2.5,3.55,44.0,64%,0.75,20.0,0%,0.8
2013,JESSICA-ROSE CLARK,6c8072b61c276e67,Jessica-Rose Clark,11.0,9.0,0.0,1987-11-28,165.1,61.23492,162.56,Orthodox,4.68,3.98,51.0,60%,1.01,55.0,73%,0.4
2014,JESSIN AYARI,6eaec40f724852f4,Jessin Ayari,16.0,6.0,0.0,1992-05-31,182.88,70.30676,185.42,Orthodox,3.53,3.59,37.0,58%,0.0,0.0,50%,0.3
2015,JESUS AGUILAR,c051c2e12d692b8a,Jesus Aguilar,11.0,3.0,0.0,1996-03-13,162.56,56.699,157.48,Orthodox,1.73,1.1,45.0,59%,1.83,35.0,40,1.8
2016,JESUS PINEDO,25af5e832f17b474,Jesus Pinedo,16.0,5.0,1.0,1996-06-22,177.8,70.30676,,Southpaw,3.23,4.37,38.0,52%,2.5,100.0,100%,0.0
2017,JHONATA DINIZ,25f9a5f3e8a52618,Jhonata Diniz,9.0,1.0,0.0,1991-06-23,193.04,115.212368,200.66,Orthodox,4.58,3.71,56.0,59%,0.0,0.0,78,0.0
2018,JHONATA SILVA,4e33534d1e036444,Jhonata Silva,0.0,0.0,0.0,1997-04-24,165.1,,167.64,Orthodox,,,,,,,,
2019,JHONOVEN PATI,6b16024d44eb03a2,Jhonoven Pati,0.0,0.0,0.0,1990-08-29,185.42,,190.5,Switch,2.88,6.13,53.0,33%,2.7,100.0,0%,0.0
2020,JI YEON KIM,a20f234df70f2182,Ji Yeon Kim,9.0,7.0,2.0,1989-10-18,170.18,56.699,182.88,Orthodox,4.5,4.94,34.0,57%,0.0,0.0,42%,0.0
2021,JIANPING YANG,d3c554d6e11fc9d6,Jianping Yang,11.0,4.0,1.0,1988-11-27,170.18,65.77083999999999,,Orthodox,1.4,2.07,26.0,65%,1.0,25.0,33%,0.0
2022,JIM ALERS,fe5a9547479396ab,Jim Alers,13.0,3.0,0.0,1986-10-14,175.26,65.77083999999999,180.34,Orthodox,2.9,4.38,40.0,56%,2.26,41.0,80%,0.3
2023,JIM MILLER,d1941565abf50b16,Jim Miller,38.0,19.0,0.0,1983-08-30,172.72,70.30676,180.34,Southpaw,2.92,3.43,42.0,56%,1.49,45.0,47%,1.7
2024,JIM MULLEN,1a49e0670dfaca31,Jim Mullen,0.0,2.0,0.0,,185.42,97.52228,,Southpaw,0.0,0.0,0.0,0%,0.0,0.0,0%,0.0
2025,JIM WALLHEAD,0c670b443c3d269f,Jim Wallhead,29.0,11.0,0.0,1984-03-14,177.8,77.11064,,Orthodox,3.19,6.65,26.0,49%,0.0,0.0,100%,0.0
2026,JIMI MANUWA,1e1dbd1cc5a7469e,Jimi Manuwa,17.0,6.0,0.0,1980-02-18,185.42,92.98636,200.66,Orthodox,3.43,3.97,54.0,49%,0.53,18.0,70%,0.4
2027,JIMMIE PACE,4652b685fa11e7fd,Jimmie Pace,0.0,0.0,0.0,1996-04-09,,,,,,,,,,,,
2028,JIMMIE RIVERA,9c907996820d2d69,Jimmie Rivera,23.0,5.0,0.0,1989-06-29,162.56,61.23492,172.72,Orthodox,4.03,3.9,40.0,60%,0.88,27.0,92%,0.1
2029,JIMMY AMBRIZ,c912f676692c353a,Jimmy Ambriz,0.0,0.0,0.0,1970-01-26,187.96,,,Southpaw,0.83,3.76,29.0,40%,3.13,57.0,100%,0.8
2030,JIMMY CRUTE,70e1f8a821b72c8b,Jimmy Crute,13.0,4.0,2.0,1996-03-04,187.96,92.98636,187.96,Orthodox,4.36,2.31,57.0,54%,4.33,75.0,60%,2.4
2031,JIMMY DRAGO,cb4bf812d9cb78b4,Jimmy Drago,0.0,0.0,0.0,1995-02-18,177.8,,180.34,Orthodox,,,,,,,,
2032,JIMMY FLICK,09e62c450e754913,Jimmy Flick,17.0,9.0,0.0,1990-09-07,170.18,56.699,172.72,Orthodox,1.99,2.3,58.0,50%,1.81,50.0,0%,7.2
2033,JIMMY LAWSON,e43eefb10d440cb0,Jimmy Lawson,0.0,0.0,0.0,1991-11-13,182.88,,195.58,Orthodox,,,,,,,,
2034,JIMMY QUINLAN,ddbe4fa2ea573393,Jimmy Quinlan,3.0,1.0,1.0,1986-05-25,182.88,83.91452,,Orthodox,2.08,5.94,70.0,16%,4.46,25.0,0%,0.0
2035,JIMY HETTES,893d51aaf024eddd,Jimy Hettes,11.0,3.0,0.0,1987-06-09,175.26,65.77083999999999,180.34,Southpaw,3.47,3.5,57.0,57%,5.2,44.0,61%,1.4
2036,JIN AOI,031da10a00c8ccd4,Jin Aoi,0.0,0.0,0.0,1997-01-21,167.64,,172.72,Orthodox,,,,,,,,
2037,JIN BALA,371efa53bd0cf669,Jin Bala,0.0,0.0,0.0,,175.26,,,,,,,,,,,
2038,JIN OH KIM,8d04923f2db59b7f,Jin Oh Kim,0.0,0.0,0.0,1979-12-12,175.26,,,Orthodox,5.06,8.43,25.0,50%,0.0,0.0,66%,0.0
2039,JIN SOO SON,7c9c6a884be167fe,Jin Soo Son,9.0,4.0,0.0,1993-04-01,167.64,61.23492,175.26,Orthodox,5.1,7.63,36.0,52%,1.5,25.0,100%,0.0
2040,JINENSIBIEKE ASIKEERBAI,4eccb78d628b2238,Jinensibieke Asikeerbai,0.0,0.0,0.0,1988-07-10,167.64,,175.26,Orthodox,,,,,,,,
2041,JINH YU FREY,d05cb1e8d1b885d8,Jinh Yu Frey,11.0,10.0,0.0,1985-05-20,160.02,52.16308,165.1,Southpaw,1.79,3.35,40.0,44%,1.06,42.0,83%,0.7
2042,JINIUSHIYUE,c14a683dac2ebc4c,Jiniushiyue,0.0,0.0,0.0,2000-12-09,167.64,,172.72,Southpaw,,,,,,,,
2043,JINNOSUKE KASHIMURA,4a9120fa47bafef0,Jinnosuke Kashimura,0.0,0.0,0.0,2001-08-12,170.18,,180.34,Southpaw,,,,,,,,
2044,JIRI PROCHAZKA,009341ed974bad72,Jiri Prochazka,31.0,5.0,1.0,1992-10-14,190.5,92.98636,203.2,Orthodox,5.61,5.67,55.0,45%,0.49,60.0,68%,0.2
2045,JJ ALDRICH,6fd953151d981979,JJ Aldrich,14.0,7.0,0.0,1992-09-29,165.1,56.699,170.18,Southpaw,3.92,4.34,46.0,61%,0.7,25.0,67%,0.0
2046,JJ AMBROSE,d562b12b8fe88336,JJ Ambrose,0.0,0.0,0.0,1987-02-06,177.8,,,Orthodox,3.16,6.32,69.0,33%,0.0,0.0,50%,0.0
2047,JJ OKANOVICH,aa40fe6038db56cb,JJ Okanovich,0.0,0.0,0.0,1990-11-04,180.34,,193.04,Orthodox,6.93,5.27,55.0,50%,0.0,0.0,100%,0.0
2048,JOACHIM CHRISTENSEN,2d447cc91bdaa545,Joachim Christensen,14.0,6.0,0.0,1978-11-07,190.5,92.98636,193.04,Orthodox,3.78,3.29,41.0,46%,0.0,0.0,0%,0.0
2049,JOACHIM HANSEN,86e388ed20761ad9,Joachim Hansen,0.0,0.0,0.0,1979-05-26,170.18,,,Southpaw,2.01,2.04,43.0,58%,2.21,58.0,34%,1.9
2050,JOANDERSON BRITO,791c8437b341fba5,Joanderson Brito,17.0,5.0,1.0,1995-02-11,172.72,65.77083999999999,182.88,Orthodox,2.38,2.28,50.0,43%,3.23,67.0,57%,1.2
2051,JOANNA JEDRZEJCZYK,3d6749c4267da18f,Joanna Jedrzejczyk,16.0,5.0,0.0,1987-08-18,167.64,52.16308,165.1,Orthodox,6.3,3.08,48.0,64%,0.28,62.0,81%,0.1
2052,JOANNE CALDERWOOD,fd4bcfdf235f47df,Joanne Calderwood,0.0,0.0,0.0,1985-12-23,,,165.1,Orthodox,6.59,4.4,49.0,53%,1.8,55.0,58%,0.5
2053,JOANNE WOOD,12f91bfa8f1f723b,Joanne Wood,17.0,8.0,0.0,1985-12-23,167.64,56.699,165.1,Orthodox,7.1,4.89,51.0,51%,1.52,55.0,58,0.3
2054,JOAO ELIAS,1a064688481f66e1,Joao Elias,0.0,0.0,0.0,1995-01-08,160.02,,162.56,Southpaw,,,,,,,,
2055,JOAO PAULO FARIA,04e9955f33e0c267,Joao Paulo Faria,0.0,0.0,0.0,1980-07-23,175.26,,,,6.69,2.09,64.0,85%,1.25,50.0,0%,1.2
2056,JOAO PIERINI,9a967e8e43dcef63,Joao Pierini,4.0,1.0,0.0,1971-12-11,185.42,70.30676,,Switch,0.76,4.56,14.0,33%,0.0,0.0,0%,0.0
2057,JOAO ROQUE,0f6528b461e47462,Joao Roque,7.0,2.0,4.0,1971-07-22,167.64,70.30676,,Orthodox,0.0,0.0,0.0,0%,0.0,0.0,0%,0.0
2058,JOAO ZAIDEN,6b614bda982f5214,Joao Zaiden,0.0,0.0,0.0,1993-03-16,,,,,0.0,0.0,0.0,0%,0.0,0.0,0%,0.0
2059,JOAO ZEFERINO,be4076c9e8d791e3,Joao Zeferino,21.0,9.0,0.0,1986-01-15,180.34,77.11064,,Orthodox,0.83,2.6,36.0,48%,0.5,5.0,50%,1.0
2060,JOAQUIM SILVA,ae7fe94f117f98cf,Joaquim Silva,13.0,6.0,0.0,1989-02-05,172.72,70.30676,175.26,Southpaw,3.92,4.43,37.0,56%,0.24,50.0,64%,0.7
2061,JOAQUIN BUCKLEY,b9437600497350f3,Joaquin Buckley,21.0,7.0,0.0,1994-04-27,177.8,77.11064,193.04,Southpaw,3.62,3.1,36.0,58%,1.43,45.0,70%,0.1
2062,JOBY SANCHEZ,b12fc8a41e82d3a2,Joby Sanchez,11.0,4.0,0.0,1991-06-24,167.64,61.23492,172.72,Orthodox,3.22,2.82,36.0,63%,0.95,71.0,51%,0.4
2063,JOCELYN JONES-LYBARGER,1a98c9dbb7fc3959,Jocelyn Jones-Lybarger,6.0,4.0,0.0,1985-10-04,170.18,52.16308,162.56,Orthodox,2.96,4.83,31.0,56%,0.34,25.0,81%,0.0
2064,JODIE ESQUIBEL,411539901068522f,Jodie Esquibel,6.0,6.0,0.0,1986-05-07,154.94,52.16308,162.56,Orthodox,4.1,7.37,31.0,52%,0.75,21.0,83%,0.0
2065,JOE BENOIT,a30f6d375dea5f9b,Joe Benoit,0.0,0.0,0.0,1982-03-12,175.26,,,Orthodox,0.0,0.0,0.0,100%,0.0,0.0,0%,0.0
2066,JOE BRAMMER,013da757877044a2,Joe Brammer,7.0,3.0,1.0,1983-08-23,172.72,70.30676,,Orthodox,2.15,2.8,31.0,56%,0.81,50.0,50%,0.0
2067,JOE CAMACHO,dfb965c9824425db,Joe Camacho,0.0,0.0,0.0,1972-03-10,175.26,,,Orthodox,0.31,5.0,17.0,42%,0.0,0.0,0%,0.0
2068,JOE CASON,2b1c6f28039efe36,Joe Cason,0.0,0.0,0.0,1988-01-19,190.5,,,,4.17,10.83,55.0,23%,0.0,0.0,0%,0.0
2069,JOE CHARLES,19ffeb5e3fffd6d5,Joe Charles,6.0,13.0,0.0,1958-07-16,185.42,117.93392,,Southpaw,0.0,0.0,0.0,0%,0.0,0.0,0%,0.0
2070,JOE DOERKSEN,dbaaf42313af90fa,Joe Doerksen,51.0,16.0,0.0,1977-10-09,182.88,83.91452,190.5,Orthodox,1.43,2.79,42.0,50%,2.02,33.0,33%,2.3
2071,JOE DUARTE,454c3e9d4cd4a1b3,Joe Duarte,0.0,0.0,0.0,1977-01-25,,,,,2.27,4.0,38.0,53%,3.0,50.0,69%,1.0
2072,JOE DUFFY,654ae722109a0d31,Joe Duffy,16.0,5.0,0.0,1988-02-18,177.8,70.30676,185.42,Orthodox,2.68,3.78,34.0,54%,0.96,66.0,64%,0.7
2073,JOE ELLENBERGER,8e8e4487c621aa1c,Joe Ellenberger,15.0,2.0,0.0,1985-03-28,175.26,70.30676,182.88,Orthodox,1.62,3.45,47.0,48%,3.17,40.0,0%,1.1
2074,JOE GIANNETTI,946db8a378903cc3,Joe Giannetti,6.0,1.0,0.0,1995-07-05,182.88,70.30676,187.96,Southpaw,1.93,2.8,38.0,40%,1.0,16.0,0%,0.0
2075,JOE HERNANDEZ,4a76daef28549957,Joe Hernandez,0.0,0.0,0.0,,,,,,0.0,0.0,0.0,0%,0.0,0.0,0%,0.0
2076,JOE HURLEY,21b54430c8eeb9cc,Joe Hurley,0.0,0.0,0.0,1978-06-24,172.72,,,,1.12,3.35,45.0,56%,0.0,0.0,20%,0.0
2077,JOE JORDAN,712c4db78b9373d1,Joe Jordan,49.0,14.0,2.0,1978-07-27,167.64,70.30676,,Orthodox,1.85,4.27,25.0,59%,0.0,0.0,66%,0.0
2078,JOE LAUZON,3bad7ef643840f67,Joe Lauzon,28.0,16.0,0.0,1984-05-22,177.8,70.30676,180.34,Orthodox,2.84,5.39,39.0,54%,2.39,45.0,54%,2.0
2079,JOE LOWRY,86248c84834238e7,Joe Lowry,0.0,0.0,0.0,1989-12-12,180.34,,185.42,Orthodox,3.97,4.25,34.0,63%,0.0,0.0,0%,0.0
2080,JOE MARTIN,325550dab63fb25a,Joe Martin,0.0,0.0,0.0,,175.26,,,,0.73,2.4,40.0,45%,0.0,0.0,16%,0.0
2081,JOE MERRITT,e82d5f54daa85a7e,Joe Merritt,7.0,2.0,0.0,1984-03-07,182.88,77.11064,,Orthodox,1.53,0.73,58.0,66%,0.0,0.0,68%,0.0
2082,JOE MOREIRA,df85d6ec3493d120,Joe Moreira,2.0,2.0,0.0,1961-07-03,180.34,88.45044,,Southpaw,0.0,0.0,0.0,0%,0.0,0.0,0%,0.0
2083,JOE NEAL,5751267660c734cb,Joe Neal,0.0,0.0,0.0,1986-07-29,167.64,,,,1.87,3.8,19.0,66%,0.0,0.0,0%,0.0
2084,JOE PARDO,74fefd43f073cd2f,Joe Pardo,4.0,6.0,0.0,,185.42,95.25431999999999,,Southpaw,0.0,0.0,0.0,0%,0.0,0.0,0%,0.0
2085,JOE PEARSON,122806b56775a53a,Joe Pearson,0.0,0.0,0.0,1978-03-28,177.8,,,Orthodox,0.59,3.51,18.0,33%,0.0,0.0,0%,4.4
2086,JOE PROCTOR,a36556bb1565e32d,Joe Proctor,11.0,5.0,0.0,1985-08-10,177.8,70.30676,182.88,Orthodox,3.39,3.93,36.0,59%,0.0,0.0,70%,1.8
2087,JOE PYFER,c1085e1701b13eca,Joe Pyfer,14.0,3.0,0.0,1996-09-17,187.96,83.91452,190.5,Orthodox,2.76,3.68,48.0,23%,3.45,100.0,0%,0.0
2088,JOE RAY,d92e6e17f637fe4d,Joe Ray,0.0,0.0,0.0,1984-12-17,,,,,0.0,0.0,0.0,0%,0.0,0.0,0%,0.0
2089,JOE RIGGS,d512d9f204059f57,Joe Riggs,44.0,17.0,0.0,1982-09-23,182.88,83.91452,177.8,Southpaw,2.41,1.69,51.0,57%,2.45,55.0,62%,0.6
2090,JOE SCHILLING,f41fad444939056b,Joe Schilling,0.0,0.0,0.0,1984-01-13,190.5,,,,2.84,2.64,52.0,48%,0.0,0.0,44%,0.0
2091,JOE SLICK,80e6d71e14c1d356,Joe Slick,16.0,5.0,3.0,1977-10-17,182.88,90.264808,,Orthodox,0.0,0.0,0.0,0%,0.0,0.0,0%,0.0
2092,JOE SOLECKI,af65aa688d13eedf,Joe Solecki,13.0,6.0,0.0,1993-08-27,175.26,70.30676,177.8,Orthodox,3.62,0.93,74.0,51%,3.31,62.0,0%,1.3
2093,JOE SON,83b743fedde154fb,Joe Son,0.0,4.0,0.0,1970-11-22,162.56,107.047712,,Orthodox,0.0,0.0,0.0,0%,0.0,0.0,0%,0.0
2094,JOE SOTO,a4e85a58fbce64b2,Joe Soto,18.0,7.0,0.0,1987-03-22,167.64,61.23492,165.1,Orthodox,3.36,5.37,41.0,67%,0.85,21.0,70%,1.9
2095,JOE STEVENSON,79899ecf62020f6d,Joe Stevenson,33.0,16.0,0.0,1982-06-15,170.18,65.77083999999999,177.8,Orthodox,2.05,2.44,44.0,60%,2.75,44.0,39%,2.2
2096,JOE TAIMANGLO,9bf126927843e184,Joe Taimanglo,0.0,0.0,0.0,1984-06-27,162.56,,,,4.18,4.55,42.0,59%,5.45,40.0,100%,1.4
2097,JOE VEDEPO,d35c3ed553b71fa2,Joe Vedepo,18.0,9.0,0.0,1983-01-01,182.88,83.91452,,Orthodox,1.43,5.71,42.0,38%,1.07,20.0,0%,0.0
2098,JOE VERES,c6d8ae3b016d5ad5,Joe Veres,4.0,3.0,0.0,1977-11-09,170.18,70.30676,,Orthodox,0.0,5.55,0.0,27%,0.0,0.0,0%,0.0
2099,JOE WARREN,c0c1bc0766df4c00,Joe Warren,0.0,0.0,0.0,1976-10-31,167.64,,,Orthodox,2.15,2.39,46.0,52%,6.14,46.0,60%,0.0
2100,JOE WILK,781014fb7e8e647a,Joe Wilk,0.0,0.0,0.0,1982-04-12,175.26,,,,1.0,2.0,54.0,72%,0.0,0.0,0%,0.0
2101,JOEL ALVAREZ,58bbef3770bb2dfc,Joel Alvarez,22.0,3.0,0.0,1993-03-02,190.5,70.30676,195.58,Orthodox,4.53,3.03,54.0,53%,0.18,33.0,46%,1.1
2102,JOEL SUTTON,a6a9ab5a824e8f66,Joel Sutton,2.0,4.0,1.0,1969-07-07,180.34,,,Orthodox,0.0,0.0,0.0,0%,0.0,0.0,0%,0.0
2103,JOEL THOMAS,2b33e57c4d0a4502,Joel Thomas,0.0,0.0,0.0,,177.8,,,,0.0,0.0,0.0,0%,0.0,0.0,0%,0.0
2104,JOEY ARMSTRONG,30ad2050273d016a,Joey Armstrong,0.0,0.0,0.0,,,,,,0.0,0.0,0.0,0%,0.0,0.0,0%,0.0
2105,JOEY BELTRAN,46baf0f57edfa4df,Joey Beltran,17.0,14.0,0.0,1981-12-08,185.42,83.91452,190.5,Orthodox,4.92,5.27,36.0,54%,0.48,18.0,75%,0.0
2106,JOEY GAMBINO,10559c53de0b950e,Joey Gambino,9.0,2.0,0.0,1988-10-26,170.18,65.77083999999999,,Orthodox,2.47,2.53,35.0,51%,0.0,0.0,42%,0.8
2107,JOEY GILBERT,6bb1d2b714d4b3bc,Joey Gilbert,2.0,3.0,0.0,1976-06-05,180.34,70.30676,,Orthodox,0.61,4.44,42.0,31%,0.0,0.0,0%,0.0
2108,JOEY GOMEZ,0778f94eb5d588a5,Joey Gomez,6.0,2.0,0.0,1986-07-21,177.8,61.23492,185.42,Orthodox,3.73,3.33,49.0,50%,2.0,28.0,0%,0.0
2109,JOEY HART,6412da484125716b,Joey Hart,0.0,0.0,0.0,1997-06-24,190.5,,200.66,Orthodox,,,,,,,,
2110,JOEY ROBERTS,c058823a2595ab09,Joey Roberts,4.0,3.0,0.0,1977-11-11,187.96,90.7184,,,0.0,0.0,0.0,0%,0.0,0.0,0%,0.0
2111,JOEY VILLASENOR,15515e797aedc137,Joey Villasenor,0.0,0.0,0.0,1975-10-17,182.88,,,Orthodox,2.05,3.26,38.0,52%,0.71,40.0,53%,1.1
2112,JOHIL DE OLIVEIRA,f9aa6376ae16bfb4,Johil de Oliveira,0.0,0.0,0.0,1969-08-07,167.64,,,Orthodox,0.51,0.73,34.0,58%,1.1,50.0,44%,0.6
2113,JOHN ADAJAR,989b85f6540c86b1,John Adajar,0.0,0.0,0.0,1991-06-22,175.26,,190.5,Orthodox,,,,,,,,
2114,JOHN ALBERT,7bd94b60d7521e4a,John Albert,6.0,5.0,0.0,1986-10-13,172.72,61.23492,172.72,Orthodox,3.05,2.82,49.0,35%,0.0,0.0,50%,6.1
2115,JOHN ALESSIO,7a15f3694c5cbc02,John Alessio,35.0,17.0,0.0,1979-07-05,177.8,70.30676,182.88,Orthodox,2.1,2.91,39.0,54%,1.85,38.0,70%,1.2
2116,JOHN ALLAN,6ebe96a116e79e52,John Allan,13.0,7.0,0.0,1993-02-22,185.42,92.98636,190.5,Orthodox,2.95,4.01,43.0,52%,1.94,71.0,50%,1.2
2117,JOHN CAMPETELLA,31bbd46d57dfbcb7,John Campetella,0.0,1.0,0.0,,175.26,106.59412,,Orthodox,0.0,0.0,0.0,0%,0.0,0.0,0%,0.0
2118,JOHN CASTANEDA,5fa2974cbd18e05c,John Castaneda,21.0,8.0,0.0,1991-12-18,167.64,61.23492,180.34,Switch,4.95,5.07,51.0,54%,1.49,37.0,75%,0.1
2119,JOHN CHOLISH,03c9994c5b8958ec,John Cholish,8.0,3.0,0.0,1983-12-17,180.34,70.30676,187.96,Orthodox,2.65,2.29,49.0,73%,1.82,31.0,78%,0.4
2120,JOHN CLARKE,a77c71a574132188,John Clarke,0.0,0.0,0.0,1977-08-15,,,,,0.0,0.0,0.0,0%,0.0,0.0,0%,0.0
2121,JOHN COFER,8b260672a21d1fd6,John Cofer,8.0,4.0,0.0,1984-04-29,175.26,70.30676,,Southpaw,2.73,3.43,41.0,62%,1.22,50.0,64%,0.0
2122,JOHN DAVE ALMANZA,088aa1b19b2dc14a,John Dave Almanza,0.0,0.0,0.0,2004-03-22,170.18,,170.18,Southpaw,,,,,,,,
2123,JOHN DEVINE,2bcc39af95d6f2e8,John Devine,0.0,0.0,0.0,,,,,,1.52,2.28,18.0,57%,0.0,0.0,0%,0.0
2124,JOHN DIXSON,ad4e9055bf8cd04d,John Dixson,0.0,0.0,0.0,1965-10-16,182.88,,,Orthodox,0.0,0.0,0.0,0%,0.0,0.0,0%,0.0
2125,JOHN DODSON,99506df1af6c8b3b,John Dodson,22.0,12.0,0.0,1984-09-26,160.02,61.23492,167.64,Orthodox,3.2,3.58,40.0,61%,0.71,28.0,82%,0.0
2126,JOHN DONALDSON,1c610f900f9884ab,John Donaldson,0.0,0.0,0.0,1992-07-09,172.72,,,,1.21,4.22,23.0,51%,0.0,0.0,0%,0.0
2127,JOHN DOWDY,e780ccc79a209985,John Dowdy,0.0,1.0,0.0,,182.88,93.893544,,,0.0,0.0,0.0,0%,0.0,0.0,0%,0.0
2128,JOHN DOYLE,0509b954421bb327,John Doyle,0.0,0.0,0.0,1976-11-21,180.34,,,Orthodox,3.5,10.51,44.0,27%,0.0,0.0,0%,0.0
2129,JOHN ELAM,22d80fb67e50ab0b,John Elam,0.0,0.0,0.0,,,,,,0.0,0.0,0.0,0%,0.0,0.0,0%,0.0
2130,JOHN FRANCHI,b9532d815060de7f,John Franchi,0.0,0.0,0.0,1982-07-16,167.64,,170.18,Orthodox,1.83,2.59,48.0,48%,2.68,80.0,40%,0.3
2131,JOHN GUNDERSON,a0c139b34f11421a,John Gunderson,35.0,16.0,2.0,1979-01-05,175.26,70.30676,175.26,Orthodox,1.04,1.71,27.0,58%,1.67,33.0,11%,2.0
2132,JOHN GUNTHER,3956bdc8ab2e54b3,John Gunther,5.0,1.0,0.0,1985-11-24,175.26,70.30676,182.88,Orthodox,1.65,3.72,37.0,46%,7.08,42.0,0%,0.0
2133,JOHN HALVERSON,88c8f47241d90040,John Halverson,16.0,8.0,0.0,1972-09-08,175.26,70.30676,,Southpaw,2.94,5.29,43.0,47%,0.0,0.0,66%,2.0
2134,JOHN HATHAWAY,28f3c2258a1d8874,John Hathaway,17.0,2.0,0.0,1987-07-23,185.42,77.11064,190.5,Orthodox,3.4,1.8,40.0,62%,2.61,43.0,60%,0.9
2135,JOHN HOSMAN,57591bbf1623574e,John Hosman,0.0,0.0,0.0,1980-11-13,177.8,,,Southpaw,1.11,1.52,38.0,45%,0.0,0.0,46%,0.0
2136,JOHN HOWARD,fc31f896cde2bc2e,John Howard,24.0,13.0,0.0,1983-03-01,170.18,77.11064,182.88,Orthodox,2.15,3.08,50.0,51%,2.7,49.0,53%,0.4
2137,JOHN KELLY,ace83095105dd205,John Kelly,0.0,0.0,0.0,1978-08-02,175.26,,,,0.0,0.0,0.0,0%,0.0,0.0,0%,0.0
2138,JOHN KOLOSCI,5f6038bcdb95e3e4,John Kolosci,15.0,9.0,0.0,1974-11-26,180.34,83.91452,,Orthodox,0.21,0.85,20.0,50%,0.0,0.0,0%,0.0
2139,JOHN KUHNER,a272656ad662ac53,John Kuhner,0.0,0.0,0.0,1982-10-12,,,,,0.0,0.0,0.0,0%,0.0,0.0,0%,0.0
2140,JOHN LEWIS,4a01dc8376736ef5,John Lewis,3.0,4.0,3.0,1969-07-16,182.88,70.30676,,Southpaw,0.0,4.0,0.0,66%,0.0,0.0,0%,0.0
2141,JOHN LINEKER,c268b2cfebccf652,John Lineker,31.0,9.0,0.0,1990-06-12,160.02,61.23492,170.18,Orthodox,5.36,4.27,40.0,56%,0.56,58.0,67%,0.6
2142,JOHN LOBER,31652c9267606d54,John Lober,5.0,9.0,4.0,1968-02-26,180.34,90.264808,,Orthodox,0.0,0.0,0.0,0%,0.0,0.0,0%,0.0
2143,JOHN MAGUIRE,1a7745388839e52b,John Maguire,24.0,9.0,0.0,1983-05-19,175.26,70.30676,175.26,Southpaw,1.41,2.44,41.0,65%,2.8,46.0,77%,1.1
2144,JOHN MAKDESSI,c21a036b4e012f1c,John Makdessi,18.0,9.0,0.0,1985-05-03,172.72,70.30676,172.72,Orthodox,5.36,3.76,51.0,70%,0.0,0.0,88%,0.0
2145,JOHN MARSH,b6b12014698cc345,John Marsh,8.0,7.0,0.0,1970-09-15,182.88,120.20188,,Orthodox,0.83,2.23,42.0,40%,0.43,100.0,54%,0.4
2146,JOHN MATUA,c933d423ebdbbbdb,John Matua,1.0,4.0,0.0,,187.96,181.4368,,Orthodox,0.0,0.0,0.0,0%,0.0,0.0,0%,0.0
2147,JOHN MORAGA,92437c6775b3f7d1,John Moraga,19.0,7.0,0.0,1984-03-20,167.64,56.699,167.64,Orthodox,2.57,2.55,43.0,56%,0.62,23.0,44%,1.1
2148,JOHN PAUL ELIAS,e873203fd50542f6,John Paul Elias,0.0,0.0,0.0,,193.04,,,,0.0,0.0,0.0,0%,0.0,0.0,0%,0.0
2149,JOHN PHILLIPS,e9ac7bfb65c25497,John Phillips,22.0,11.0,0.0,1985-06-09,180.34,83.91452,190.5,Southpaw,1.72,4.03,34.0,49%,0.0,0.0,7%,0.0
2150,JOHN POLAKOWSKI,b18fb36a4aa00093,John Polakowski,2.0,2.0,0.0,1981-06-21,177.8,70.30676,,Orthodox,2.6,2.83,26.0,50%,0.0,0.0,87%,0.7
2151,JOHN REEDY,fb4ca5c7e4448645,John Reedy,0.0,0.0,0.0,,172.72,,,,0.0,0.0,0.0,0%,0.0,0.0,0%,0.0
2152,JOHN RENKEN,1507214bbc7a79e2,John Renken,0.0,0.0,0.0,1972-12-31,182.88,,,Orthodox,0.0,0.0,0.0,0%,0.0,0.0,0%,0.0
2153,JOHN RICHARD,b3e5a460b6851080,John Richard,0.0,0.0,0.0,1982-05-22,,,,,0.0,0.0,0.0,0%,0.0,0.0,0%,0.0
2154,JOHN SALGADO,3e36811b7bc1f6ad,John Salgado,0.0,0.0,0.0,,177.8,,,,0.99,1.86,50.0,40%,0.0,0.0,50%,0.0
2155,JOHN SALTER,010986ee359fb863,John Salter,14.0,3.0,0.0,1985-03-21,185.42,83.91452,187.96,Southpaw,1.68,1.68,32.0,68%,2.85,46.0,66%,0.5
2156,JOHN TEIXEIRA,86061eaba822bfea,John Teixeira,21.0,2.0,2.0,1986-11-18,170.18,65.77083999999999,,Orthodox,3.36,3.2,35.0,63%,1.0,27.0,71%,0.7
2157,JOHN YANNIS,450bcab0968562c4,John Yannis,9.0,4.0,0.0,1994-07-07,170.18,65.77083999999999,177.8,Southpaw,3.56,4.07,49.0,62%,0.0,0.0,80%,0.0
2158,JOHN YOO,40eb2aef4d5577d4,John Yoo,0.0,0.0,0.0,,,,,,0.0,0.0,0.0,0%,0.0,0.0,0%,0.0
2159,JOHNNY BEDFORD,ffc3e6daaa6da0b7,Johnny Bedford,21.0,13.0,1.0,1983-01-06,177.8,61.23492,180.34,Orthodox,4.53,1.75,50.0,63%,1.83,62.0,62%,0.0
2160,JOHNNY CASE,1f4b04a926ef1287,Johnny Case,22.0,6.0,0.0,1989-06-28,177.8,70.30676,182.88,Orthodox,3.95,2.66,38.0,61%,1.7,45.0,72%,0.2
2161,JOHNNY CISNEROS,42611508ba8c3298,Johnny Cisneros,0.0,0.0,0.0,1980-02-05,180.34,,,,0.0,0.0,0.0,0%,0.0,0.0,0%,0.0
2162,JOHNNY EDUARDO,528c24b99fbaab79,Johnny Eduardo,28.0,13.0,0.0,1978-08-03,170.18,61.23492,180.34,Orthodox,2.89,3.34,38.0,63%,0.0,0.0,62%,0.5
2163,JOHNNY MUNOZ,f6bcbd91b114ff58,Johnny Munoz,12.0,4.0,0.0,1993-02-16,175.26,61.23492,180.34,Orthodox,3.27,1.4,62.0,58%,2.0,12.0,0%,1.0
2164,JOHNNY REES,3ba3b5cc94498437,Johnny Rees,13.0,5.0,0.0,1982-10-21,182.88,77.11064,,Orthodox,3.29,0.84,64.0,47%,1.15,25.0,50%,0.0
2165,JOHNNY RHODES,319fa1bd3176bded,Johnny Rhodes,2.0,1.0,0.0,,182.88,95.25431999999999,,Orthodox,0.0,0.0,0.0,0%,0.0,0.0,0%,0.0
2166,JOHNNY SAMPAIO,b23388ff8ac6637b,Johnny Sampaio,0.0,0.0,0.0,1975-09-11,172.72,,,Orthodox,1.32,2.64,40.0,50%,9.89,50.0,0%,9.9
2167,JOHNNY WALKER,c21f26bbde777573,Johnny Walker,22.0,9.0,0.0,1992-03-30,198.12,92.98636,208.28,Orthodox,3.9,2.99,54.0,46%,0.36,50.0,57%,0.7
2168,JOHNY HENDRICKS,0941df56f6ac954b,Johny Hendricks,18.0,8.0,0.0,1983-09-12,175.26,83.91452,175.26,Southpaw,3.49,3.99,45.0,53%,3.83,46.0,63%,0.3
2169,JOILTON LUTTERBACH,12630a4aa0894da8,Joilton Lutterbach,0.0,0.0,0.0,1992-11-05,185.42,,190.5,Orthodox,,,,,,,,
2170,JON DELOS REYES,0d0351c20169a499,Jon Delos Reyes,8.0,5.0,0.0,1987-08-19,167.64,56.699,170.18,Orthodox,2.99,4.14,38.0,51%,3.2,83.0,55%,1.9
2171,JON FITCH,6f018c039b4d5d80,Jon Fitch,30.0,7.0,1.0,1978-02-24,182.88,77.11064,187.96,Orthodox,2.61,1.65,50.0,54%,3.6,51.0,56%,0.8
2172,JON HESS,32a3025d5db456ae,Jon Hess,1.0,1.0,0.0,,200.66,133.80964,,,0.0,0.0,0.0,0%,0.0,0.0,0%,0.0
2173,JON JONES,07f72a2a7591b409,Jon Jones,28.0,1.0,0.0,1987-07-19,193.04,112.490816,213.36,Orthodox,4.3,2.22,57.0,64%,1.85,44.0,95%,0.4
2174,JON KUNNEMAN,2694c4997a51ed01,Jon Kunneman,0.0,0.0,0.0,1999-07-14,,,,,,,,,,,,
2175,JON MADSEN,7691a80e6ca3e55b,Jon Madsen,8.0,2.0,0.0,1980-02-12,182.88,108.86207999999999,182.88,Orthodox,2.46,1.18,41.0,81%,1.32,71.0,70%,0.0
2176,JON MANLEY,a0602dd050bebefc,Jon Manley,9.0,4.0,0.0,1986-07-07,185.42,77.11064,,Orthodox,1.13,4.33,20.0,45%,1.0,7.0,20%,0.0
2177,JON MURPHY,1b5c146ee7b86e34,Jon Murphy,0.0,0.0,0.0,1977-08-09,190.5,,,Orthodox,3.93,8.85,66.0,43%,0.0,0.0,0%,0.0
2178,JON OLAV EINEMO,0577808d22dfe79c,Jon Olav Einemo,6.0,3.0,0.0,1975-12-10,198.12,114.758776,,Orthodox,2.15,3.05,52.0,52%,1.73,55.0,43%,0.0
2179,JON TUCK,53ec9cb470e1a4ea,Jon Tuck,10.0,5.0,0.0,1984-08-28,180.34,70.30676,185.42,Orthodox,3.0,3.74,40.0,60%,0.42,33.0,50%,1.0
2180,JONAS BILHARINHO,ebbf571f349e79d9,Jonas Bilharinho,0.0,0.0,0.0,1990-05-22,180.34,,190.5,Switch,,,,,,,,
2181,JONATAS NOVAES,9e8e5c529057fe60,Jonatas Novaes,0.0,0.0,0.0,1981-03-02,180.34,,,,0.0,0.0,0.0,0%,0.0,0.0,0%,0.0
2182,JONATHAN BROOKINS,b0a6124751a56bc4,Jonathan Brookins,16.0,10.0,0.0,1985-08-13,182.88,65.77083999999999,187.96,Southpaw,2.69,3.63,39.0,56%,1.94,17.0,80%,0.3
2183,JONATHAN CONTRESTANO,06d4eb8123087123,Jonathan Contrestano,0.0,0.0,0.0,1987-11-27,,,,,0.0,0.0,0.0,0%,0.0,0.0,0%,0.0
2184,JONATHAN FIGUEROA,2226445c4a196dc8,Jonathan Figueroa,0.0,0.0,0.0,1995-02-05,,,,,,,,,,,,
2185,JONATHAN GOULET,fb1538b46877a695,Jonathan Goulet,23.0,12.0,0.0,1979-07-13,182.88,77.11064,185.42,Orthodox,1.61,2.01,41.0,46%,4.17,70.0,45%,0.6
2186,JONATHAN MARTINEZ,f2477cf43c4975cc,Jonathan Martinez,19.0,6.0,0.0,1994-04-20,172.72,61.23492,177.8,Southpaw,4.27,3.81,46.0,58%,0.48,37.0,63%,0.0
2187,JONATHAN MEUNIER,5823ceab56741617,Jonathan Meunier,8.0,1.0,0.0,1987-08-04,190.5,77.11064,,Switch,3.47,1.43,50.0,69%,0.58,33.0,58%,0.0
2188,JONATHAN MICALLEF,f782f953bfe7b5f2,Jonathan Micallef,8.0,1.0,0.0,1999-03-05,182.88,77.11064,195.58,Southpaw,3.85,3.64,43.0,56%,1.08,42.0,66%,0.7
2189,JONATHAN MIX,cf5b3ce62d33873c,Jonathan  Mix,0.0,0.0,0.0,1980-11-09,,,,,0.0,0.0,0.0,0%,0.0,0.0,0%,0.0
2190,JONATHAN PEARCE,87c0b1c696ddfb43,Jonathan Pearce,14.0,7.0,0.0,1992-05-01,182.88,65.77083999999999,180.34,Switch,8.8,6.65,55.0,46%,5.91,60.0,75%,0.7
2191,JONATHAN PIERSMA,1c7308d2957a12d2,Jonathan Piersma,0.0,0.0,0.0,1996-03-03,180.34,,185.42,Orthodox,,,,,,,,
2192,JONATHAN RIVERA,145df84ea4dfd904,Jonathan Rivera,0.0,0.0,0.0,1990-12-22,,,,,4.36,3.9,49.0,60%,0.0,0.0,0%,0.0
2193,JONATHAN SANTA MARIA,3143e5daff9e5b71,Jonathan Santa Maria,0.0,0.0,0.0,,175.26,,,,3.6,2.53,51.0,74%,0.0,0.0,80%,0.0
2194,JONATHAN WIEZOREK,60884f31ead1609c,Jonathan Wiezorek,11.0,2.0,0.0,1978-02-10,190.5,113.398,,Southpaw,1.27,5.47,58.0,31%,1.91,20.0,0%,0.0
2195,JONATHAN WILSON,cd01f0b768a32475,Jonathan Wilson,7.0,3.0,0.0,1987-07-17,187.96,92.98636,190.5,Southpaw,2.92,5.65,48.0,56%,0.37,100.0,80%,0.0
2196,JONATHANMIX,f64e4ecd214c6378,JonathanMix,0.0,0.0,0.0,1980-11-09,182.88,,,,,,,,,,,
2197,JONAVIN WEBB,f40ec51dd4de47c3,Jonavin Webb,9.0,2.0,0.0,1989-04-28,177.8,77.11064,,Orthodox,1.47,2.27,30.0,64%,2.5,31.0,40%,1.0
2198,JONG MAN KIM,dba230fe33011201,Jong Man Kim,0.0,0.0,0.0,1978-03-03,170.18,,,Orthodox,1.33,3.0,21.0,60%,0.0,0.0,0%,0.0
2199,JONG WANG KIM,380e8b023290d091,Jong Wang Kim,0.0,0.0,0.0,1974-04-08,185.42,,,,0.0,0.0,0.0,0%,0.0,0.0,0%,0.0
2200,JONG WON KIM,9e0f28d1f639ad73,Jong Won Kim,0.0,0.0,0.0,,170.18,,,Orthodox,0.84,3.28,15.0,63%,2.81,100.0,0%,0.0
2201,JONNY CARSON,0d49ddc07bd8c747,Jonny Carson,0.0,0.0,0.0,1985-06-27,177.8,,,,0.0,0.0,0.0,0%,0.0,0.0,0%,0.0
2202,JONNY GOH,e86af30738a5452a,Jonny Goh,0.0,0.0,0.0,,180.34,,,,0.0,0.0,0.0,0%,0.0,0.0,0%,0.0
2203,JONNY PARSONS,2975297f505e9447,Jonny Parsons,9.0,3.0,0.0,1991-09-06,175.26,77.11064,175.26,Orthodox,4.65,4.89,44.0,60%,0.0,0.0,66,0.0
2204,JOOSANG YOO,a44020ea2e8cd026,JooSang Yoo,9.0,0.0,0.0,1994-01-21,170.18,65.77083999999999,180.34,Orthodox,12.86,4.29,75.0,50%,0.0,0.0,0,0.0
2205,JORDAN BAILEY,34dbcd4dbaf21a36,Jordan Bailey,0.0,0.0,0.0,1993-05-10,175.26,,,,1.74,0.29,40.0,0%,4.35,100.0,0%,4.3
2206,JORDAN DOWDY,0d9312337fdce39a,Jordan Dowdy,0.0,0.0,0.0,1986-05-23,,,,,2.11,2.63,44.0,50%,0.0,0.0,0%,0.0
2207,JORDAN ESPINOSA,215a70f073a7b726,Jordan Espinosa,15.0,9.0,0.0,1989-11-08,167.64,56.699,175.26,Orthodox,4.22,2.94,52.0,57%,0.75,28.0,70%,0.2
2208,JORDAN GOODWIN,7f98d9d5a10fa25c,Jordan Goodwin,0.0,0.0,0.0,,,,,,0.0,0.0,0.0,0%,0.0,0.0,0%,0.0
2209,JORDAN GRIFFIN,ebef46976554f975,Jordan Griffin,18.0,9.0,0.0,1990-02-28,177.8,65.77083999999999,185.42,Southpaw,2.6,3.18,46.0,48%,0.78,23.0,42%,1.8
2210,JORDAN JOHNSON,99bcdf5eac39898f,Jordan Johnson,10.0,0.0,0.0,1988-11-18,187.96,92.98636,200.66,Orthodox,3.45,2.64,47.0,53%,3.25,42.0,100%,1.2
2211,JORDAN LEAVITT,ac026518a9b4dc0f,Jordan Leavitt,12.0,3.0,0.0,1995-06-02,175.26,70.30676,180.34,Southpaw,2.18,1.57,58.0,59%,2.97,30.0,30%,1.2
2212,JORDAN MEIN,2aa49b3766a59bcd,Jordan Mein,31.0,12.0,0.0,1989-10-10,182.88,77.11064,185.42,Orthodox,3.35,2.55,44.0,69%,1.56,58.0,66%,0.2
2213,JORDAN PARSONS,8b2a18d3c6735083,Jordan Parsons,0.0,0.0,0.0,1990-08-26,175.26,,,,3.29,2.37,40.0,60%,1.54,21.0,50%,1.0
2214,JORDAN RADEV,45bc8f98d62bd096,Jordan Radev,23.0,5.0,0.0,1976-09-28,170.18,83.91452,,Southpaw,1.35,2.38,23.0,66%,0.0,0.0,80%,0.0
2215,JORDAN RINALDI,c07efc18b231f170,Jordan Rinaldi,14.0,7.0,0.0,1987-09-25,177.8,65.77083999999999,182.88,Orthodox,1.56,2.32,35.0,59%,1.45,35.0,20%,1.2
2216,JORDAN VUCENIC,6d38e41efa47a72d,Jordan Vucenic,13.0,4.0,0.0,1996-03-02,177.8,70.30676,185.42,Orthodox,2.11,1.9,45.0,58%,0.63,14.0,44,0.0
2217,JORDAN WILLIAMS,e26bd53b751d61d9,Jordan Williams,9.0,6.0,0.0,1990-10-13,185.42,83.91452,190.5,Southpaw,6.07,5.77,51.0,35%,0.98,50.0,88%,0.0
2218,JORDAN WRIGHT,c878270af633eb11,Jordan Wright,12.0,5.0,0.0,1991-10-07,187.96,92.98636,195.58,Orthodox,4.68,8.02,50.0,40%,0.0,0.0,100%,0.0
2219,JORGE DE OLIVEIRA,ddf3e0ea10ea6d8c,Jorge de Oliveira,9.0,2.0,0.0,1980-01-22,172.72,70.30676,,Orthodox,1.26,4.84,31.0,48%,0.0,0.0,22%,0.0
2220,JORGE GONZALEZ,ff175a137b395e2b,Jorge Gonzalez,0.0,0.0,0.0,1984-02-29,187.96,,193.04,Orthodox,0.0,0.0,0.0,0%,0.0,0.0,0%,0.0
2221,JORGE GURGEL,04d5718ed2661e8c,Jorge Gurgel,14.0,10.0,0.0,1977-01-25,170.18,70.30676,175.26,Orthodox,3.37,3.62,32.0,62%,0.81,23.0,60%,0.5
2222,JORGE INTERIANO,1e75e6c9de99fa76,Jorge Interiano,0.0,0.0,0.0,,185.42,,,,0.0,0.0,0.0,0%,0.0,0.0,0%,0.0
2223,JORGE LOPEZ,ee624ee2a18f2a43,Jorge Lopez,11.0,5.0,0.0,1988-11-21,177.8,77.11064,,Orthodox,2.47,2.57,59.0,50%,3.5,41.0,81%,0.0
2224,JORGE MASVIDAL,47b9e0e7703a4868,Jorge Masvidal,35.0,17.0,0.0,1984-11-12,180.34,77.11064,187.96,Orthodox,4.2,3.0,47.0,65%,1.57,59.0,77%,0.4
2225,JORGE OLIVEIRA,bec2746f033802c3,Jorge Oliveira,0.0,0.0,0.0,,185.42,,,,0.0,0.0,0.0,0%,0.0,0.0,0%,0.0
2226,JORGE ORTIZ,9c5828c6fd9dc948,Jorge Ortiz,0.0,0.0,0.0,1970-03-20,182.88,,,Orthodox,3.53,2.8,58.0,73%,0.0,0.0,0%,0.0
2227,JORGE PATINO,c8cca8f3de5be4b4,Jorge Patino,38.0,19.0,2.0,1973-08-05,172.72,77.11064,,Orthodox,1.33,3.14,30.0,53%,0.54,25.0,50%,0.0
2228,JORGE RIVERA,cb46dface0e28a2c,Jorge Rivera,20.0,9.0,0.0,1972-02-28,185.42,83.91452,185.42,Orthodox,3.16,2.64,48.0,54%,0.84,50.0,63%,0.1
2229,JORGE SANTIAGO,f8dc544e7077d014,Jorge Santiago,25.0,12.0,0.0,1980-10-09,185.42,77.11064,190.5,Orthodox,1.69,2.62,35.0,56%,0.58,30.0,52%,0.8
2230,JORGEN KRUTH,6071d786f6187810,Jorgen Kruth,0.0,0.0,0.0,1974-05-08,187.96,,,,0.0,0.0,0.0,0%,0.0,0.0,0%,0.0
2231,JOSE ALDAY,7460ddef986d3144,Jose Alday,0.0,0.0,0.0,1991-09-14,170.18,,172.72,Orthodox,,,,,,,,
2232,JOSE ALDO,d0f3959b4a9747e6,Jose Aldo,32.0,10.0,0.0,1986-09-09,170.18,61.23492,177.8,Orthodox,3.45,3.52,45.0,61%,0.57,56.0,91%,0.1
2233,JOSE AUGUSTO,4d3b08ab127c7585,Jose Augusto,0.0,0.0,0.0,1992-03-28,190.5,,,,0.0,0.0,0.0,0%,0.0,0.0,0%,0.0
2234,JOSE BARRETO,c32eab6c2119e989,Jose Barreto,0.0,0.0,0.0,,,,,Southpaw,0.0,0.0,0.0,0%,0.0,0.0,0%,0.0
2235,JOSE CANSECO,03da33a102d9a45f,Jose Canseco,0.0,0.0,0.0,1964-07-02,193.04,,,Orthodox,0.78,4.68,10.0,62%,0.0,0.0,0%,0.0
2236,JOSE DANIEL MEDINA,baa9be02c3e3e038,Jose Daniel Medina,0.0,0.0,0.0,1991-05-17,182.88,83.91452,187.96,Orthodox,,,,,,,,
2237,JOSE DELANO,d7c4956d61ae76a9,Jose Delano,0.0,0.0,0.0,1996-09-11,172.72,65.77083999999999,177.8,Orthodox,8.43,3.5,64.0,68%,0.0,0.0,75%,0.0
2238,JOSE DELGADO,7d6ceff6747f2de2,Jose Delgado,10.0,1.0,0.0,1998-04-21,180.34,65.77083999999999,187.96,Switch,7.13,3.67,49.0,55%,4.58,60.0,71,0.0
2239,JOSE HENRIQUE,20a0e4cc5227c117,Jose Henrique,0.0,0.0,0.0,2002-05-23,190.5,,200.66,Orthodox,,,,,,,,
2240,JOSE JOHNSON,84f727cf0166d6f2,Jose Johnson,16.0,10.0,0.0,1995-05-20,182.88,56.699,180.34,Orthodox,1.0,1.87,46.0,51%,0.0,0.0,29%,0.0
2241,JOSE LANDI-JONS,7e062824c175f975,Jose Landi-Jons,0.0,0.0,0.0,1973-09-09,180.34,,,Orthodox,0.99,0.77,40.0,43%,2.2,80.0,40%,2.2
2242,JOSE MARIA,b35ba64b6a2bbcb3,Jose Maria,37.0,7.0,0.0,1982-01-04,165.1,56.699,,Orthodox,3.2,3.98,53.0,52%,2.32,27.0,33%,2.3
2243,JOSE MEDINA,baa9be02c3e3e038,Jose Medina,11.0,5.0,0.0,1991-05-17,182.88,83.91452,187.96,Orthodox,2.18,5.25,36.0,47%,0.45,33.0,31,0.0
2244,JOSE MONTANHA,4e30f2761b6bd3b5,Jose Montanha,0.0,0.0,0.0,1996-08-25,,,,,,,,,,,,
2245,JOSE OCHOA,88be62d6c1e6dadb,Jose Ochoa,8.0,2.0,0.0,2000-12-31,170.18,56.699,170.18,Southpaw,5.16,2.99,47.0,58%,0.3,25.0,65%,0.9
2246,JOSE PALACIOS,de20ffb3fc2e7629,Jose Palacios,0.0,0.0,0.0,1982-11-10,175.26,,,Orthodox,2.67,1.0,70.0,79%,0.0,0.0,50%,1.7
2247,JOSE PEREZ,89578ae236ee04e9,Jose Perez,0.0,0.0,0.0,,,,,,0.0,0.0,0.0,0%,0.0,0.0,0%,0.0
2248,JOSE QUINONEZ,36549928f90f1d36,Jose Quinonez,9.0,5.0,0.0,1990-07-28,172.72,61.23492,175.26,Southpaw,3.6,3.0,45.0,64%,2.7,47.0,42%,0.6
2249,JOSE SANTIBANEZ,8299206ccebc44a7,Jose Santibanez,0.0,0.0,0.0,1980-01-18,,,,,0.0,0.0,0.0,0%,0.0,0.0,0%,0.0
2250,JOSE SOUZA,db01a141c9b97fa5,JOSE SOUZA,0.0,0.0,0.0,2002-05-23,180.34,77.11064,200.66,Orthodox,4.24,4.86,45.0,49%,0.0,0.0,0%,0.0
2251,JOSE TORRES,d2036f31c035e0d1,Jose Torres,8.0,1.0,0.0,1992-08-02,162.56,56.699,165.1,Orthodox,4.37,9.84,36.0,50%,1.28,33.0,75%,0.0
2252,JOSEFINE KNUTSSON,971dba22c622af12,Josefine Knutsson,8.0,1.0,0.0,1996-01-16,160.02,52.16308,152.4,Orthodox,4.24,2.13,51.0,54%,1.6,72.0,35,0.0
2253,JOSELYNE EDWARDS,f9ab66e67240db7b,Joselyne Edwards,16.0,6.0,0.0,1995-09-29,172.72,61.23492,177.8,Orthodox,4.61,3.26,53.0,50%,1.29,36.0,62%,0.6
2254,JOSEPH BENAVIDEZ,80eacd4da0617c57,Joseph Benavidez,28.0,8.0,0.0,1984-07-31,162.56,56.699,165.1,Southpaw,3.52,2.67,34.0,61%,1.41,30.0,62%,0.6
2255,JOSEPH GIGLIOTTI,83825fad27ab3581,Joseph Gigliotti,7.0,2.0,0.0,1993-08-13,180.34,83.91452,,Orthodox,1.04,2.92,39.0,45%,1.56,100.0,50%,0.8
2256,JOSEPH HOLMES,8d20d76af3f213ce,Joseph Holmes,8.0,4.0,0.0,1995-07-04,193.04,83.91452,203.2,Orthodox,2.88,3.08,53.0,54%,1.49,40.0,50,0.8
2257,JOSEPH LARCINESE,62a72adeb0227603,Joseph Larcinese,0.0,0.0,0.0,1998-10-01,,,,,,,,,,,,
2258,JOSEPH MORALES,2fe9032955c2e013,Joseph Morales,14.0,2.0,0.0,1994-08-22,167.64,56.699,175.26,Switch,1.58,1.72,37.0,60%,0.53,50.0,23%,2.6
2259,JOSEPH SANDOVAL,696002b59f09d73b,Joseph Sandoval,7.0,7.0,0.0,1986-05-11,170.18,61.23492,,Southpaw,1.82,12.12,42.0,60%,0.0,0.0,0%,0.0
2260,JOSH APPELT,0c1a04afca64e38f,Josh Appelt,0.0,0.0,0.0,1983-06-19,177.8,,,Southpaw,1.35,11.5,40.0,32%,0.0,0.0,33%,0.0
2261,JOSH BARNETT,ad3f53c454cbbead,Josh Barnett,35.0,8.0,0.0,1977-11-10,190.5,113.398,198.12,Orthodox,3.2,2.11,50.0,57%,1.26,55.0,55%,1.4
2262,JOSH BENNETT,c3ac8d0da7b05772,Josh Bennett,0.0,0.0,0.0,1976-11-29,193.04,,,Orthodox,2.9,5.8,40.0,43%,1.5,100.0,100%,0.0
2263,JOSH BRYANT,01f022fa494188e2,Josh Bryant,15.0,4.0,0.0,1980-04-23,177.8,83.91452,,Orthodox,1.1,6.1,20.0,43%,0.0,0.0,0%,0.0
2264,JOSH BUMGARNER,9900ab86a4c458bd,Josh Bumgarner,0.0,0.0,0.0,1981-05-21,185.42,,,,0.0,0.0,0.0,0%,0.0,0.0,0%,0.0
2265,JOSH BURNS,1e092415a7eeaf65,Josh Burns,0.0,0.0,0.0,1978-05-15,185.42,,,,2.4,5.73,48.0,32%,0.0,0.0,100%,0.0
2266,JOSH CLOPTON,48e96d9cea6d4ab0,Josh Clopton,6.0,2.0,1.0,1981-07-11,167.64,65.77083999999999,,Orthodox,1.6,2.87,64.0,50%,2.0,66.0,75%,0.0
2267,JOSH COPELAND,3aa794cbe1e3484b,Josh Copeland,12.0,4.0,0.0,1982-10-20,185.42,120.20188,,Orthodox,1.03,3.01,31.0,55%,0.0,0.0,57%,0.0
2268,JOSH CULIBAO,6751eacd16bd59bc,Josh Culibao,11.0,4.0,1.0,1994-05-24,177.8,65.77083999999999,185.42,Orthodox,2.52,4.3,38.0,48%,0.0,0.0,100%,0.0
2269,JOSH DIEKMANN,414bddf0c80c41e1,Josh Diekmann,0.0,0.0,0.0,1976-10-09,162.56,,,,0.28,8.17,5.0,25%,0.0,0.0,0%,0.0
2270,JOSH EMMETT,fba03cd6cc28dc41,Josh Emmett,19.0,5.0,0.0,1985-03-04,167.64,65.77083999999999,177.8,Orthodox,4.32,4.02,39.0,63%,1.43,47.0,50%,0.1
2271,JOSH EPPS,984b0c4c6e773a1c,Josh Epps,0.0,0.0,0.0,1986-08-23,,,,,0.0,0.0,0.0,0%,0.0,0.0,0%,0.0
2272,JOSH FERGUSON,b0f316c60f8d3b47,Josh Ferguson,10.0,5.0,0.0,1988-05-13,165.1,56.699,,Orthodox,2.13,4.18,43.0,32%,0.59,11.0,54%,0.0
2273,JOSH FREMD,ca43de99b07b6b40,Josh Fremd,11.0,6.0,0.0,1994-01-15,193.04,83.91452,193.04,Orthodox,2.52,2.23,44.0,47%,0.66,25.0,30,1.1
2274,JOSH GRISPI,60ba33c3f555a7a3,Josh Grispi,14.0,5.0,0.0,1988-10-14,180.34,65.77083999999999,187.96,Orthodox,1.44,3.71,41.0,50%,1.97,36.0,16%,2.2
2275,JOSH HAYNES,6ef58dabef8beb15,Josh Haynes,14.0,11.0,0.0,1977-07-30,175.26,77.11064,,Orthodox,1.25,4.03,22.0,52%,0.94,18.0,42%,0.0
2276,JOSH HENDRICKS,7649c4c95b824488,Josh Hendricks,19.0,11.0,0.0,1976-08-28,187.96,106.59412,,Southpaw,0.98,11.8,20.0,29%,0.0,0.0,0%,0.0
2277,JOSH HOKIT,955da1675ad58a50,Josh Hokit,0.0,0.0,0.0,1997-11-12,185.42,107.954896,185.42,Orthodox,9.29,5.28,64.0,48%,3.73,47.0,77%,0.4
2278,JOSH JANOUSEK,8f7380fb0916dc77,Josh Janousek,0.0,0.0,0.0,1980-09-25,180.34,,,Orthodox,0.0,0.0,0.0,0%,0.0,0.0,0%,0.0
2279,JOSH JARVIS,32e8e0e8498f03c2,Josh Jarvis,0.0,0.0,0.0,,,,,,0.0,0.0,0.0,0%,0.0,0.0,0%,0.0
2280,JOSH KOSCHECK,dd37fd509af89f15,Josh Koscheck,17.0,11.0,0.0,1977-11-30,177.8,77.11064,185.42,Orthodox,1.79,2.27,36.0,63%,2.46,48.0,64%,0.4
2281,JOSH LABERGE,5108b169b5fe1f86,Josh LaBerge,0.0,0.0,0.0,,177.8,,,,2.53,5.33,36.0,44%,0.0,0.0,71%,0.0
2282,JOSH MCDONALD,b507a76087e3ed9f,Josh McDonald,0.0,0.0,0.0,,,,,,0.8,3.4,57.0,33%,9.0,50.0,0%,0.0
2283,JOSH NEAL,0b534765dca35e71,Josh Neal,0.0,0.0,0.0,1992-02-10,182.88,,,,0.0,0.0,0.0,0%,0.0,0.0,0%,0.0
2284,JOSH NEER,d1a1314976c50bef,Josh Neer,36.0,16.0,1.0,1983-03-24,180.34,77.11064,182.88,Orthodox,3.29,3.63,46.0,58%,1.09,34.0,46%,1.3
2285,JOSH PAIVA,1e12c1dbbb1e2dda,Josh Paiva,0.0,0.0,0.0,1991-04-05,167.64,,,,0.0,0.0,0.0,0%,0.0,0.0,0%,0.0
2286,JOSH PARISIAN,b5da8f7d05e85a55,Josh Parisian,15.0,8.0,0.0,1989-06-28,193.04,120.20188,200.66,Orthodox,7.46,7.51,51.0,42%,0.0,0.0,66%,0.7
2287,JOSH PULSIFER,16867810070dc520,Josh Pulsifer,0.0,0.0,0.0,1983-03-16,177.8,,,,0.0,0.0,0.0,0%,0.0,0.0,0%,0.0
2288,JOSH QUINLAN,876f478f796495f7,Josh Quinlan,6.0,3.0,0.0,1993-02-06,182.88,77.11064,182.88,Orthodox,3.57,6.38,42.0,53%,0.34,11.0,71,0.0
2289,JOSH RAFFERTY,ff2c606c8bc365e3,Josh Rafferty,9.0,8.0,0.0,1981-01-06,182.88,77.11064,,Orthodox,0.6,3.6,33.0,50%,0.0,0.0,0%,9.0
2290,JOSH SAMMAN,9deff9e3e8d94d47,Josh Samman,13.0,4.0,0.0,1988-03-14,190.5,83.91452,200.66,Orthodox,2.08,2.47,52.0,34%,1.09,33.0,33%,0.4
2291,JOSH SAMPO,f65dcb22dada2223,Josh Sampo,11.0,5.0,0.0,1984-07-24,162.56,56.699,162.56,Orthodox,1.99,2.96,36.0,55%,1.06,33.0,40%,2.1
2292,JOSH SAN DIEGO,983e281d257c24dc,Josh San Diego,0.0,0.0,0.0,1985-03-08,177.8,,,,0.0,0.0,0.0,0%,0.0,0.0,0%,0.0
2293,JOSH SHOCKLEY,1d36f1ac66cf689d,Josh Shockley,11.0,4.0,0.0,1989-11-15,185.42,70.30676,,Orthodox,1.4,1.75,33.0,60%,0.0,0.0,61%,0.8
2294,JOSH SHOCKMAN,821cd80aab70d5f9,Josh Shockman,6.0,3.0,0.0,1980-12-29,193.04,106.59412,,Southpaw,0.87,0.87,32.0,58%,0.0,0.0,23%,0.0
2295,JOSH SMITH,f626aa1c85f8af03,Josh Smith,0.0,0.0,0.0,1982-07-02,182.88,,,Orthodox,0.73,1.4,28.0,54%,0.0,0.0,57%,2.0
2296,JOSH STANSBURY,30ea504870f8597b,Josh Stansbury,4.0,8.0,0.0,1984-11-19,187.96,92.98636,187.96,Orthodox,3.22,3.54,54.0,54%,0.0,0.0,87%,1.0
2297,JOSH STUART,601cf40c09090853,Josh Stuart,1.0,4.0,0.0,,175.26,,,,0.0,0.0,0.0,0%,0.0,0.0,0%,0.0
2298,JOSH THOMSON,a566371ba2ad7152,Josh Thomson,22.0,9.0,0.0,1978-09-21,177.8,70.30676,180.34,Orthodox,2.59,2.12,47.0,64%,1.92,39.0,54%,1.3
2299,JOSH THORNBURG,083e15da67d9b0fa,Josh Thornburg,0.0,0.0,0.0,1984-05-24,182.88,,,,1.2,3.13,50.0,38%,2.0,66.0,42%,2.0
2300,JOSH WICK,13935768cf8aeb86,Josh Wick,0.0,0.0,0.0,1994-10-04,175.26,,175.26,Switch,,,,,,,,
2301,JOSHUA BURKMAN,6da99156486ed6c2,Joshua Burkman,28.0,16.0,0.0,1980-04-10,177.8,77.11064,182.88,Orthodox,2.69,3.13,43.0,51%,2.53,36.0,72%,0.3
2302,JOSHUA VAN,17e97649403ba428,Joshua Van,15.0,2.0,0.0,2001-10-10,165.1,56.699,165.1,Orthodox,8.43,5.82,57.0,58%,0.82,61.0,75%,0.2
2303,JOSHUA WANG-KIM,d538f13ab21d9633,Joshua Wang-Kim,0.0,0.0,0.0,1992-11-16,175.26,,180.34,Switch,,,,,,,,
2304,JOSHUA WEEMS,69888118d968ba52,Joshua Weems,11.0,3.0,0.0,1994-05-05,172.72,61.23492,175.26,Orthodox,5.25,3.34,64.0,61%,4.77,40.0,100,0.0
2305,JOSIAH HARRELL,e5864a42c80294f6,Josiah Harrell,0.0,0.0,0.0,1998-11-13,170.18,77.11064,172.72,Southpaw,,,,,,,,
2306,JOSIANE NUNES,68d35296f566792b,Josiane Nunes,10.0,4.0,0.0,1993-12-23,157.48,61.23492,170.18,Southpaw,0.0,0.0,0.0,0%,0.0,0.0,0%,0.0
2307,JOSIAS MUSASA,723b64c0e9a8f348,Josias Musasa,8.0,1.0,0.0,1998-10-10,172.72,61.23492,187.96,Southpaw,3.45,4.6,43.0,28%,0.82,50.0,77,0.8
2308,JOURNEY NEWSON,78f485f851891d68,Journey Newson,10.0,5.0,0.0,1989-03-07,165.1,61.23492,170.18,Orthodox,2.76,2.76,32.0,65%,0.0,0.0,0%,0.9
2309,JOVAN LEKA,182a73d5b4e57871,Jovan Leka,0.0,0.0,0.0,2002-03-15,,,,,,,,,,,,
2310,JP BUYS,0b362247806341e5,JP Buys,9.0,6.0,0.0,1996-04-30,165.1,61.23492,170.18,Orthodox,2.66,3.05,45.0,43%,2.22,50.0,33%,2.2
2311,JP FELTY,954e3f4e2b0e6510,JP Felty,0.0,0.0,0.0,1979-04-28,,,,,0.0,0.0,0.0,0%,0.0,0.0,0%,0.0
2312,JR COUGHRAN,8112c9a23dccc759,JR Coughran,0.0,0.0,0.0,1994-05-17,167.64,,,Orthodox,12.29,6.8,57.0,45%,0.0,0.0,75%,0.0
2313,JUAN ADAMS,83b00f7597e5ac83,Juan Adams,5.0,3.0,0.0,1992-01-16,195.58,120.20188,203.2,Orthodox,7.09,4.06,55.0,34%,0.91,66.0,57%,0.0
2314,JUAN ADRIAN LUNA,e3b30b573e7f0d19,Juan Adrian Luna,0.0,0.0,0.0,1995-08-20,,,,,,,,,,,,
2315,JUAN ALCAIN,39f62b833e4cf126,Juan Alcain,0.0,0.0,0.0,,,,,,0.0,0.0,0.0,0%,0.0,0.0,0%,0.0
2316,JUAN ANDRES LUNA,1fd9f744105024a8,Juan Andres Luna,0.0,0.0,0.0,1995-08-20,170.18,,182.88,Orthodox,,,,,,,,
2317,JUAN CABRERA,601f8439a0277670,Juan Cabrera,0.0,0.0,0.0,2004-02-19,,,,,,,,,,,,
2318,JUAN DIAZ,74939a16c7b56f33,Juan Diaz,0.0,0.0,0.0,1998-06-03,170.18,61.23492,175.26,Orthodox,3.72,3.4,41.0,59%,5.5,50.0,0%,0.8
2319,JUAN ESPINO,ccf5dc41417e9daf,Juan Espino,11.0,2.0,0.0,1980-10-09,190.5,115.66596,203.2,Orthodox,4.32,0.54,80.0,42%,14.19,77.0,0%,6.1
2320,JUAN MANUEL PUIG,85d0fafb8b75d634,Juan Manuel Puig,11.0,4.0,0.0,1989-04-23,175.26,65.77083999999999,,Orthodox,4.91,7.17,23.0,51%,0.0,0.0,0%,0.0
2321,JUAN MIRANDA,be8ad887e4d674b0,Juan Miranda,0.0,0.0,0.0,,,,,,0.0,0.0,0.0,0%,0.0,0.0,0%,0.0
2322,JUAN MOTT,5da4e8dc02e50ac0,Juan Mott,0.0,0.0,0.0,1965-12-07,182.88,,,Switch,0.0,0.0,0.0,0%,0.0,0.0,0%,0.0
2323,JUAN PUERTA,fdba548aff9763d9,Juan Puerta,0.0,0.0,0.0,1988-01-20,175.26,,180.34,Southpaw,,,,,,,,
2324,JUANCAMILO RONDEROS,4a043165cf47cab2,Juancamilo Ronderos,4.0,2.0,0.0,1995-02-17,160.02,56.699,162.56,Southpaw,2.18,2.18,30.0,63%,2.72,33.0,0,0.0
2325,JULES BRUCHEZ,d1dcd4e96464a53d,Jules Bruchez,1.0,2.0,0.0,1977-08-16,182.88,92.98636,,Southpaw,0.69,5.52,50.0,46%,0.0,0.0,0%,0.0
2326,JULIA AVILA,86d9dbe1bfcbade7,Julia Avila,9.0,4.0,0.0,1988-05-11,170.18,61.23492,172.72,Orthodox,3.1,2.9,41.0,54%,0.49,50.0,60%,0.0
2327,JULIA BUDD,dcdc4503b9d49977,Julia Budd,0.0,0.0,0.0,1983-07-04,170.18,,170.18,,2.42,1.18,74.0,47%,3.6,57.0,83%,0.0
2328,JULIA POLASTRI,abb68e3c7ca128f2,Julia Polastri,13.0,5.0,0.0,1998-03-05,157.48,52.16308,160.02,Orthodox,6.22,5.18,56.0,59%,0.62,80.0,57%,0.3
2329,JULIAN EROSA,902ec2cc48c8ae8a,Julian Erosa,31.0,13.0,0.0,1989-07-31,185.42,65.77083999999999,187.96,Southpaw,5.07,5.72,47.0,50%,1.32,54.0,58%,0.9
2330,JULIAN MARQUEZ,d0e1b42d41dab603,Julian Marquez,9.0,6.0,0.0,1990-05-08,187.96,83.91452,182.88,Orthodox,3.5,2.98,40.0,52%,0.0,0.0,53%,3.4
2331,JULIAN SANCHEZ,c6da1c24fe473418,Julian Sanchez,0.0,1.0,0.0,,190.5,136.0776,,Orthodox,0.0,0.0,0.0,0%,0.0,0.0,0%,0.0
2332,JULIANA LIMA,75a6a390fd5dca46,Juliana Lima,9.0,5.0,0.0,1982-03-15,165.1,52.16308,165.1,Orthodox,1.94,2.11,44.0,55%,1.72,31.0,70%,0.0
2333,JULIANA MILLER,aa0c573da7119292,Juliana Miller,5.0,3.0,0.0,1996-05-07,170.18,56.699,167.64,Orthodox,2.73,3.78,44.0,36%,2.2,38.0,44,1.3
2334,JULIANNA PENA,3253b16d38ae087d,Julianna Pena,13.0,6.0,0.0,1989-08-19,167.64,61.23492,175.26,Orthodox,2.8,1.7,47.0,53%,2.49,53.0,23%,0.8
2335,JULIE KEDZIE,981ab7a0576f76a0,Julie Kedzie,16.0,13.0,0.0,1981-03-18,165.1,61.23492,,Orthodox,2.9,3.18,36.0,46%,1.14,23.0,78%,0.0
2336,JULIEN LEBLANC,cd0dfd9846bd03b9,Julien Leblanc,0.0,0.0,0.0,1992-01-21,184.14999999999998,83.91452,187.96,Southpaw,1.69,2.96,66.0,46%,0.0,0.0,0%,0.0
2337,JULIETA MARTINEZ,f77afa72da84c9a8,Julieta Martinez,0.0,0.0,0.0,2004-09-14,154.94,,157.48,Orthodox,,,,,,,,
2338,JULIJA STOLIARENKO,a78a87d8c2bbb1cb,Julija Stoliarenko,11.0,10.0,2.0,1993-04-08,170.18,56.699,167.64,Orthodox,2.1,3.87,34.0,50%,0.0,0.0,66%,0.5
2339,JULIO ARCE,1291edf2d566a71a,Julio Arce,19.0,6.0,0.0,1989-10-27,170.18,65.77083999999999,177.8,Southpaw,4.25,2.87,36.0,67%,0.58,30.0,93%,0.6
2340,JULIO CESAR NEVES JR.,195d0d3e14a2e256,Julio Cesar Neves Jr.,0.0,0.0,0.0,1994-04-25,172.72,,,,1.98,4.81,35.0,51%,1.06,25.0,76%,0.0
2341,JULIO PAULINO,60c72f7459827881,Julio Paulino,23.0,5.0,0.0,1975-12-04,182.88,77.11064,,Orthodox,0.97,1.87,27.0,48%,0.0,0.0,37%,0.5
2342,JULIUS ANGLICKAS,e20ad078a7d63361,Julius Anglickas,0.0,0.0,0.0,1991-07-23,190.5,,,Orthodox,4.62,1.86,78.0,50%,4.47,50.0,60%,1.1
2343,JULIUS WALKER,6add18754930182b,Julius Walker,7.0,1.0,0.0,1999-07-16,193.04,92.98636,198.12,Orthodox,3.72,4.18,53.0,42%,4.07,38.0,100%,0.0
2344,JUMABIEKE TUERXUN,1ed32eaaba9ffe10,Jumabieke Tuerxun,19.0,4.0,1.0,1986-04-17,170.18,61.23492,,Orthodox,1.6,3.08,28.0,59%,0.47,11.0,66%,0.9
2345,JUNGHYUN LEE,b6033505c245e28b,JungHyun Lee,0.0,0.0,0.0,2002-09-10,165.1,,165.1,Orthodox,,,,,,,,
2346,JUNIE BROWNING,d74cba8566291bfa,Junie Browning,5.0,6.0,0.0,1984-05-12,175.26,70.30676,,Orthodox,3.76,1.76,48.0,66%,3.53,66.0,0%,3.5
2347,JUNIOR ALBINI,c482c8605455a213,Junior Albini,14.0,6.0,0.0,1991-03-15,190.5,119.748288,187.96,Orthodox,3.98,6.08,51.0,52%,1.54,37.0,100%,0.0
2348,JUNIOR ASSUNCAO,d0d7160824278840,Junior Assuncao,16.0,6.0,0.0,1981-06-24,175.26,65.77083999999999,182.88,Orthodox,3.31,2.06,62.0,44%,2.43,24.0,66%,0.7
2349,JUNIOR BARATA,06dced58ca24a6bd,Junior Barata,0.0,0.0,0.0,1982-01-25,177.8,,,Orthodox,4.03,8.46,33.0,34%,0.0,0.0,0%,0.0
2350,JUNIOR DOS SANTOS,63def5a5662a6917,Junior Dos Santos,21.0,9.0,0.0,1984-01-30,193.04,107.954896,195.58,Orthodox,4.49,3.33,47.0,56%,0.3,50.0,81%,0.1
2351,JUNIOR TAFA,c15fa95b9a12fde4,Junior Tafa,6.0,4.0,0.0,1996-09-21,190.5,92.98636,190.5,Orthodox,3.53,2.7,52.0,52%,0.0,0.0,72%,0.0
2352,JUNYA KUDO,487c170da059857d,Junya Kudo,0.0,0.0,0.0,,,,,Orthodox,1.85,4.44,71.0,33%,0.0,0.0,0%,0.0
2353,JUNYE GAO,8b27d25ce0221d60,Junye Gao,0.0,0.0,0.0,,,,,,,,,,,,,
2354,JUNYONG PARK,285ae0b4a68221f4,JunYong Park,19.0,6.0,0.0,1991-02-27,177.8,83.91452,185.42,Orthodox,4.24,2.9,47.0,59%,3.4,64.0,45%,0.0
2355,JUNYOUNG HONG,b24666e26bd750a3,JunYoung Hong,0.0,0.0,0.0,1990-12-18,175.26,,175.26,Orthodox,,,,,,,,
2356,JUSSIER FORMIGA,b102c26727306ab6,Jussier Formiga,23.0,8.0,0.0,1985-04-14,165.1,56.699,170.18,Orthodox,1.42,2.34,39.0,64%,1.82,35.0,87%,0.6
2357,JUSTICE TORRES,01762e1d4ff4dc51,Justice Torres,0.0,0.0,0.0,1997-10-19,170.18,,167.64,Southpaw,,,,,,,,
2358,JUSTIN BRUCKMANN,5f8e00c27b7e7410,Justin Bruckmann,0.0,0.0,0.0,1974-07-23,175.26,,,Orthodox,0.59,5.91,66.0,16%,0.0,0.0,33%,0.0
2359,JUSTIN BUCHHOLZ,231926533134ec1f,Justin Buchholz,15.0,10.0,0.0,1983-08-22,182.88,70.30676,185.42,Orthodox,2.35,4.14,26.0,51%,0.0,0.0,33%,0.8
2360,JUSTIN BURLINSON,dadd80ef954e54ed,Justin Burlinson,0.0,0.0,0.0,1997-05-19,185.42,,187.96,Switch,,,,,,,,
2361,JUSTIN DAVIS,20697b334f6c0a45,Justin Davis,0.0,0.0,0.0,1983-04-01,180.34,,,,0.0,0.0,0.0,0%,0.0,0.0,0%,0.0
2362,JUSTIN DEMONEY,985bca5a097fb3f4,Justin DeMoney,0.0,0.0,0.0,1985-07-01,,,,,0.0,0.0,0.0,0%,0.0,0.0,0%,0.0
2363,JUSTIN EDWARDS,e56daf7725a0b5ab,Justin Edwards,9.0,5.0,0.0,1983-01-26,177.8,70.30676,177.8,Orthodox,2.68,3.32,42.0,51%,2.14,26.0,27%,1.0
2364,JUSTIN EILERS,27fc9218a3653e3c,Justin Eilers,19.0,7.0,1.0,1978-06-28,185.42,106.59412,,Orthodox,2.86,5.66,43.0,49%,0.82,25.0,50%,0.0
2365,JUSTIN FRAZIER,78863e4a28204a6b,Justin Frazier,10.0,3.0,0.0,1989-06-15,182.88,120.20188,190.5,Southpaw,1.11,6.11,66.0,4%,0.0,0.0,0%,0.0
2366,JUSTIN GAETHJE,9e8f6c728eb01124,Justin Gaethje,26.0,5.0,0.0,1988-11-14,180.34,70.30676,177.8,Orthodox,6.29,6.83,57.0,50%,0.3,26.0,73%,0.0
2367,JUSTIN GONZALES,94535f76f43b466a,Justin Gonzales,0.0,0.0,0.0,1991-04-28,175.26,,182.88,Orthodox,6.67,0.87,80.0,43%,14.0,73.0,100%,0.0
2368,JUSTIN GOVERNALE,ae954fd497025462,Justin Governale,0.0,0.0,0.0,1986-03-06,,,,,0.0,0.0,0.0,0%,0.0,0.0,0%,0.0
2369,JUSTIN GUTHRIE,a789defa9086da46,Justin Guthrie,0.0,0.0,0.0,1981-01-19,185.42,,,,0.16,3.74,33.0,14%,2.44,25.0,0%,4.9
2370,JUSTIN HASKINS,77940e45bc86208e,Justin Haskins,0.0,0.0,0.0,1979-08-30,177.8,,,Orthodox,1.51,2.65,33.0,54%,1.62,40.0,52%,0.8
2371,JUSTIN HAWES,5c7fc58e782b6842,Justin Hawes,0.0,0.0,0.0,1979-01-13,180.34,,,,0.0,3.41,0.0,37%,0.0,0.0,0%,0.0
2372,JUSTIN JAMES,1ea8df62b3f8fea6,Justin James,13.0,7.0,0.0,1976-11-08,177.8,70.30676,,Orthodox,1.34,2.68,36.0,50%,0.0,0.0,50%,1.6
2373,JUSTIN JAYNES,304a21d0595e1a08,Justin Jaynes,16.0,8.0,0.0,1989-08-10,170.18,65.77083999999999,172.72,Orthodox,3.58,6.49,42.0,58%,0.0,0.0,33%,0.6
2374,JUSTIN JONES,9b75954db8db2a08,Justin Jones,9.0,2.0,0.0,1987-09-06,180.34,83.91452,,Orthodox,1.7,3.17,36.0,45%,1.0,15.0,46%,0.5
2375,JUSTIN LAWRENCE,879f6cae48d25baa,Justin Lawrence,10.0,4.0,0.0,1990-05-15,172.72,65.77083999999999,170.18,Orthodox,3.84,2.83,35.0,67%,0.72,28.0,73%,0.0
2376,JUSTIN LEDET,ba1e6cb3d43f7430,Justin Ledet,9.0,4.0,0.0,1988-09-28,193.04,92.98636,203.2,Orthodox,3.35,4.82,39.0,49%,0.23,50.0,42%,0.2
2377,JUSTIN LEVENS,8c3f3c43c8ceb778,Justin Levens,10.0,7.0,0.0,1980-04-18,180.34,83.91452,,Orthodox,1.24,3.15,47.0,37%,1.69,50.0,33%,5.1
2378,JUSTIN MARTIN,3da19339ee7051d5,Justin Martin,4.0,3.0,0.0,1986-04-29,182.88,,,,0.0,0.0,0.0,0%,0.0,0.0,0%,0.0
2379,JUSTIN MCCULLY,75f871836d41f90f,Justin McCully,11.0,5.0,2.0,1976-02-18,185.42,102.0582,185.42,Orthodox,1.58,2.02,37.0,46%,1.28,44.0,43%,0.0
2380,JUSTIN MCELFRESH,49c29e57d4e2be6f,Justin McElfresh,0.0,0.0,0.0,1980-01-04,198.12,,,Orthodox,4.59,12.79,26.0,41%,0.0,0.0,0%,0.0
2381,JUSTIN PATTERSON,2dc7c49cfaeb867c,Justin Patterson,0.0,0.0,0.0,1985-12-07,177.8,,,,0.0,0.0,0.0,0%,0.0,0.0,0%,0.0
2382,JUSTIN PENNINGTON,0699c4b2a7c3c76f,Justin Pennington,0.0,0.0,0.0,,162.56,,,,0.0,0.0,0.0,0%,0.0,0.0,0%,0.0
2383,JUSTIN ROBBINS,3b2485c8d5c8b580,Justin Robbins,0.0,0.0,0.0,1980-07-29,165.1,,,,0.67,3.2,37.0,47%,0.0,0.0,0%,0.0
2384,JUSTIN SALAS,9b198c73e3d0d289,Justin Salas,12.0,7.0,0.0,1982-03-13,172.72,70.30676,177.8,Southpaw,3.42,2.96,43.0,68%,2.43,20.0,0%,0.0
2385,JUSTIN SCOGGINS,9fa568ad2bf2cb0b,Justin Scoggins,11.0,5.0,0.0,1992-05-02,170.18,56.699,167.64,Southpaw,3.56,2.16,51.0,55%,3.42,63.0,82%,0.5
2386,JUSTIN SMITLEY,c5776fa8f4bf77aa,Justin Smitley,0.0,0.0,0.0,,,,,,0.0,0.0,0.0,0%,0.0,0.0,0%,0.0
2387,JUSTIN SUMTER,31f9a1f56cbb6ac5,Justin Sumter,0.0,0.0,0.0,1989-11-16,187.96,,203.2,Southpaw,2.68,7.64,48.0,34%,2.87,100.0,0%,0.0
2388,JUSTIN TAFA,e13abac8089a801a,Justin Tafa,7.0,5.0,0.0,1993-12-13,182.88,119.748288,187.96,Southpaw,5.33,4.6,59.0,46%,0.0,0.0,100%,0.0
2389,JUSTIN WILCOX,4a482a0100cfcd0a,Justin Wilcox,0.0,0.0,0.0,1979-03-12,167.64,,,Orthodox,3.82,2.63,28.0,71%,1.43,16.0,100%,0.0
2390,JUSTIN WILLIS,ce1e867808ef5fce,Justin Willis,8.0,2.0,0.0,1987-07-19,185.42,119.748288,198.12,Southpaw,3.37,2.57,59.0,57%,0.96,66.0,36%,0.0
2391,JUSTIN WREN,e78f601035d677f2,Justin Wren,13.0,2.0,0.0,1987-04-27,187.96,120.20188,,Orthodox,3.43,2.07,35.0,64%,0.0,0.0,100%,0.0
2392,JUSTINE KISH,928ae2e5b5f7a9ec,Justine Kish,7.0,4.0,0.0,1988-04-13,165.1,56.699,162.56,Orthodox,4.65,4.62,48.0,59%,1.01,35.0,55%,0.2
2393,JUTARO NAKAO,95eb112a85601a0a,Jutaro Nakao,25.0,19.0,4.0,1970-11-30,175.26,77.11064,,Southpaw,0.53,1.06,38.0,44%,0.38,50.0,56%,0.0
2394,JW WRIGHT,2a0b19a96f848eff,JW Wright,0.0,0.0,0.0,1976-01-12,,,,,0.0,0.0,0.0,0%,0.0,0.0,0%,0.0
2395,KAAN OFLI,7facc9c45d792985,Kaan Ofli,12.0,4.0,1.0,1993-06-19,170.18,65.77083999999999,167.64,Orthodox,2.49,3.17,47.0,56%,0.34,7.0,0%,0.7
2396,KAI ASAKURA,d33da8a3d82bdb62,Kai Asakura,21.0,6.0,0.0,1993-10-31,172.72,56.699,175.26,Orthodox,2.53,3.34,34.0,52%,0.0,0.0,50%,0.0
2397,KAI KAMAKA,eee0ef3e2b14816b,Kai Kamaka,8.0,4.0,1.0,1995-01-05,170.18,,175.26,Orthodox,6.58,6.74,60.0,49%,3.68,75.0,37%,0.6
2398,KAI KAMAKA III,2c53738cd8d6258f,KAI KAMAKA III,0.0,0.0,0.0,1995-01-05,175.26,65.77083999999999,175.26,Orthodox,5.4,5.67,59.0,56%,1.51,53.0,55%,0.2
2399,KAI KARA-FRANCE,853eb0dd5c0e2149,Kai Kara-France,25.0,12.0,0.0,1993-03-26,162.56,56.699,175.26,Orthodox,5.02,3.84,39.0,66%,0.53,23.0,86%,0.0
2400,KAI YOSHIDA,2e517966267a468a,Kai Yoshida,0.0,0.0,0.0,1999-10-10,175.26,,175.26,Southpaw,,,,,,,,
2401,KAIK BRITO,b07f14fc0e53f8bd,Kaik Brito,0.0,0.0,0.0,1997-03-26,180.34,,182.88,Orthodox,,,,,,,,
2402,KAILAN HILL,bc7efc037c5f6550,Kailan Hill,0.0,0.0,0.0,1994-12-01,185.42,,195.58,Southpaw,2.6,4.8,53.0,37%,3.0,42.0,0%,0.0
2403,KAILIN CURRAN,05b43e0ead3df345,Kailin Curran,4.0,5.0,0.0,1991-04-11,162.56,52.16308,165.1,Orthodox,3.89,4.75,43.0,53%,2.0,57.0,61%,0.6
2404,KAIN ROYER,712aa894b3a344df,Kain Royer,0.0,0.0,0.0,1980-03-19,,,,,0.0,1.63,0.0,14%,0.0,0.0,0%,4.1
2405,KAITLIN YOUNG,79ff6545b0abc685,Kaitlin Young,0.0,0.0,0.0,1985-09-15,175.26,,,Orthodox,2.83,6.33,26.0,51%,2.5,100.0,0%,0.0
2406,KAITO ODA,629bac37f70891fb,Kaito Oda,0.0,0.0,0.0,1998-02-13,,,,,,,,,,,,
2407,KAIWEN,0565706b1e7f7e7c,Kaiwen,0.0,0.0,0.0,1995-10-16,172.72,,180.34,Switch,,,,,,,,
2408,KAJAN JOHNSON,633a45d131192ffe,Kajan Johnson,23.0,13.0,1.0,1984-04-21,180.34,70.30676,190.5,Orthodox,2.47,1.59,42.0,64%,1.54,37.0,62%,0.2
2409,KALEIO ROMERO,33df417d0017eb0c,Kaleio Romero,0.0,0.0,0.0,1996-04-19,177.8,,175.26,Switch,,,,,,,,
2410,KALEO KWAN,2545c7f47a65bca3,Kaleo Kwan,0.0,0.0,0.0,1970-08-01,170.18,,,,0.0,0.0,0.0,0%,0.0,0.0,0%,0.0
2411,KALI ROBBINS,610caee730f9b89e,Kali Robbins,0.0,0.0,0.0,1984-07-05,160.02,,160.02,Orthodox,3.73,9.4,46.0,44%,2.0,33.0,0%,0.0
2412,KALIB STARNES,c8136ab8aa32c974,Kalib Starnes,17.0,11.0,1.0,1975-01-06,190.5,83.91452,187.96,Orthodox,2.71,4.43,48.0,53%,1.46,33.0,25%,0.6
2413,KALINDRA FARIA,27b164b0d1833df0,Kalindra Faria,18.0,8.0,1.0,1986-07-23,170.18,56.699,,Switch,2.23,1.44,56.0,45%,1.31,66.0,20%,0.7
2414,KALINE MEDEIROS,263af068bd986548,Kaline Medeiros,0.0,0.0,0.0,1979-01-05,160.02,,,,2.06,0.29,70.0,83%,4.41,100.0,0%,4.4
2415,KALOYAN KOLEV,33de378ce1734638,Kaloyan Kolev,0.0,0.0,0.0,1992-10-17,187.96,,185.42,Orthodox,,,,,,,,
2416,KAMAL SHALORUS,ece280745f8727b8,Kamal Shalorus,9.0,5.0,2.0,1972-08-27,172.72,70.30676,172.72,Orthodox,3.06,2.99,32.0,70%,2.07,50.0,80%,0.0
2417,KAMARU USMAN,f1b2aa7853d1ed6e,Kamaru Usman,21.0,4.0,0.0,1987-05-11,182.88,77.11064,193.04,Switch,4.66,2.33,54.0,58%,3.22,47.0,100%,0.1
2418,KAMUELA KIRK,c7d7fda69ec410d3,Kamuela Kirk,12.0,6.0,0.0,1994-04-13,177.8,70.30676,190.5,Switch,5.31,12.25,57.0,21%,2.89,40.0,100%,0.0
2419,KANAKO MURATA,e0b0cf71e0d69dd0,Kanako Murata,12.0,3.0,0.0,1993-08-10,154.94,52.16308,157.48,Orthodox,1.93,1.93,67.0,52%,4.0,44.0,0%,2.0
2420,KANTHARAJ AGASA,26f4288e83188c61,Kantharaj Agasa,0.0,0.0,0.0,1992-02-16,,,,,,,,,,,,
2421,KAREN DARABEDYAN,d2fa318f34d0aadc,Karen Darabedyan,0.0,0.0,0.0,1986-12-18,170.18,,172.72,Orthodox,3.43,2.62,51.0,67%,2.14,75.0,0%,0.0
2422,KARINE GEVORGYAN,2db0c114414d4f06,Karine Gevorgyan,3.0,3.0,0.0,1989-03-09,162.56,56.699,160.02,,1.2,1.8,20.0,76%,0.0,0.0,0%,0.0
2423,KARINE SILVA,9d62c2d8ee151f08,Karine Silva,19.0,5.0,0.0,1993-12-02,165.1,56.699,170.18,Orthodox,2.24,2.74,38.0,52%,1.93,50.0,26%,1.6
2424,KARL AMOUSSOU,23a8c33869bf5392,Karl Amoussou,0.0,0.0,0.0,1985-11-21,180.34,,,Orthodox,1.47,2.67,34.0,54%,0.0,0.0,25%,1.0
2425,KARL REED,11337d069261bf3a,Karl Reed,0.0,0.0,0.0,1988-10-27,190.5,,198.12,Orthodox,2.04,3.84,44.0,38%,1.06,22.0,53%,0.0
2426,KARL ROBERSON,37d5b176d438d2a5,Karl Roberson,9.0,6.0,0.0,1990-10-04,185.42,92.98636,187.96,Southpaw,3.0,2.42,51.0,57%,0.99,57.0,50%,0.8
2427,KARL WILLIAMS,d35f734c56a89103,Karl Williams,10.0,2.0,0.0,1990-01-06,190.5,106.59412,200.66,Orthodox,2.68,2.15,48.0,55%,4.2,48.0,100,0.2
2428,KARL WILLIS,95883dbdab4fcf0f,Karl Willis,0.0,0.0,0.0,,,,,,0.0,0.0,0.0,0%,0.0,0.0,0%,0.0
2429,KARLA BENITEZ,6104730621ff318d,Karla Benitez,0.0,0.0,0.0,,160.02,,,,0.0,2.4,0.0,57%,0.0,0.0,100%,0.0
2430,KARLOS VEMOLA,d23ccf4a6c221284,Karlos Vemola,17.0,5.0,0.0,1985-07-03,182.88,83.91452,190.5,Orthodox,1.67,2.13,44.0,37%,1.93,25.0,31%,1.7
2431,KARO PARISYAN,349aaa3da11eb587,Karo Parisyan,24.0,11.0,0.0,1982-08-28,177.8,77.11064,182.88,Orthodox,2.49,2.19,41.0,58%,5.27,59.0,59%,1.0
2432,KAROL ROSA,351c4ec637380ad5,Karol Rosa,19.0,7.0,0.0,1994-12-30,165.1,61.23492,170.18,Orthodox,5.47,4.28,55.0,49%,1.08,48.0,72%,0.1
2433,KAROLINA KOWALKIEWICZ,d7c3816669784109,Karolina Kowalkiewicz,16.0,9.0,0.0,1985-10-15,160.02,52.16308,162.56,Orthodox,5.27,5.65,39.0,56%,0.1,12.0,75%,0.1
2434,KAROLINA WOJCIK,b99b3620839ea911,Karolina Wojcik,0.0,0.0,0.0,1994-12-09,157.48,,,Orthodox,,,,,,,,
2435,KASEY TANNER,078b732efa497f49,Kasey Tanner,0.0,0.0,0.0,1992-01-11,170.18,,175.26,Orthodox,,,,,,,,
2436,KASIB MURDOCH,3a51f8d30900b580,Kasib Murdoch,0.0,0.0,0.0,2001-05-15,,,,,,,,,,,,
2437,KATHRYN PAPROCKI,bd381cde8426077a,Kathryn Paprocki,0.0,0.0,0.0,1993-04-28,160.02,,160.02,Orthodox,,,,,,,,
2438,KATLYN CERMINARA,e872e9a9a902c045,Katlyn Cerminara,18.0,6.0,0.0,1988-12-28,175.26,56.699,172.72,Orthodox,4.58,4.48,34.0,62%,0.31,15.0,50,0.3
2439,KATLYN CHOOKAGIAN,6234fe311b090ae8,Katlyn Chookagian,0.0,0.0,0.0,1988-12-28,,,172.72,Orthodox,4.22,4.23,34.0,63%,0.27,15.0,51%,0.5
2440,KATSUAKI FURUKI,c3e2eca94b2320bc,Katsuaki Furuki,0.0,0.0,0.0,1980-11-10,182.88,,,,0.27,2.67,10.0,39%,0.0,0.0,0%,3.0
2441,KATSUHIKO NAGATA,d5ae8074631762fc,Katsuhiko Nagata,0.0,0.0,0.0,1973-10-31,170.18,,,Southpaw,1.05,1.5,19.0,63%,0.98,28.0,28%,0.0
2442,KATSUHISA FUJII,d71d968dc6ecfdaf,Katsuhisa Fujii,9.0,18.0,1.0,1972-08-15,182.88,92.98636,,Orthodox,4.0,4.43,50.0,64%,2.14,25.0,50%,2.1
2443,KATSUNORI KIKUNO,44470bfd9483c7ad,Katsunori Kikuno,24.0,8.0,2.0,1981-10-31,172.72,65.77083999999999,167.64,Orthodox,2.64,2.47,40.0,61%,1.88,75.0,76%,0.8
2444,KATSUYA INOUE,b5882371e2a3900d,Katsuya Inoue,0.0,0.0,0.0,1979-08-10,175.26,,,Southpaw,3.41,12.89,24.0,51%,0.0,0.0,66%,0.0
2445,KATSUYORI SHIBATA,d4da8995fc91e7ef,Katsuyori Shibata,0.0,0.0,0.0,1979-11-17,182.88,,,Orthodox,2.06,2.4,35.0,53%,0.49,50.0,53%,0.7
2446,KAUE FERNANDES,ec13c393d029297d,Kaue Fernandes,11.0,2.0,0.0,1995-03-17,175.26,70.30676,185.42,Orthodox,4.28,1.42,55.0,62%,1.18,100.0,76,0.0
2447,KAUSHIK SAIKUMAR,6a6c4709ebc5499a,Kaushik Saikumar,0.0,0.0,0.0,1997-12-11,177.8,,180.34,Orthodox,,,,,,,,
2448,KAY HANSEN,4100c7a09497ad41,Kay Hansen,7.0,6.0,0.0,1999-08-14,157.48,52.16308,160.02,Orthodox,3.57,3.03,59.0,54%,2.19,25.0,100%,1.6
2449,KAYLA HARRISON,1af1170ed937cba7,Kayla Harrison,19.0,1.0,0.0,1990-07-02,172.72,61.23492,167.64,Southpaw,4.29,1.1,62.0,66%,2.84,37.0,100,0.9
2450,KAYNAN KRUSCHEWSKY,ca36633b80be4a78,Kaynan Kruschewsky,15.0,3.0,0.0,1991-04-04,182.88,70.30676,185.42,Orthodox,5.67,5.71,50.0,46%,2.74,100.0,75,2.1
2451,KAZUHIRO HAMANAKA,1b4d6971bb18b82c,Kazuhiro Hamanaka,0.0,0.0,0.0,1978-10-24,182.88,,,Southpaw,1.7,0.91,37.0,60%,0.0,0.0,50%,0.0
2452,KAZUHIRO NAKAMURA,b034747dc1d15491,Kazuhiro Nakamura,21.0,13.0,0.0,1979-07-16,180.34,92.98636,177.8,Orthodox,1.56,1.83,37.0,59%,1.73,36.0,42%,0.6
2453,KAZUHISA WATANABE,951ffadfc4e917ea,Kazuhisa Watanabe,0.0,0.0,0.0,1983-05-18,167.64,,,,0.62,0.94,50.0,0%,0.0,0.0,14%,0.0
2454,KAZUKI OKUBO,33454ad90754cb49,Kazuki Okubo,0.0,0.0,0.0,1979-06-30,180.34,,,Orthodox,1.53,1.97,38.0,46%,0.51,25.0,36%,2.0
2455,KAZUKI TOKUDOME,c4af2feb4b58bc3b,Kazuki Tokudome,18.0,7.0,1.0,1987-03-04,180.34,70.30676,185.42,Southpaw,2.26,3.63,41.0,53%,2.0,38.0,78%,0.0
2456,KAZULA VARGAS,ec18eb918121787c,Kazula Vargas,12.0,5.0,0.0,1985-08-15,172.72,70.30676,180.34,Southpaw,1.84,1.16,49.0,54%,0.79,33.0,25%,0.0
2457,KAZUMA MARUYAMA,aa1a873d05acc7eb,Kazuma Maruyama,0.0,0.0,0.0,1992-07-19,180.34,,182.88,Orthodox,,,,,,,,
2458,KAZUNARI MURAKAMI,cfbccfed4e4796fe,Kazunari Murakami,0.0,0.0,0.0,1973-11-29,185.42,,,Orthodox,0.0,0.0,0.0,0%,0.0,0.0,0%,0.0
2459,KAZUNORI YOKOTA,a8e8587a06e73c87,Kazunori Yokota,0.0,0.0,0.0,1978-04-03,172.72,,,Orthodox,0.67,1.13,31.0,57%,0.0,0.0,0%,0.0
2460,KAZUO MISAKI,5e7a28f20927d64a,Kazuo Misaki,0.0,0.0,0.0,1976-04-25,172.72,,,Orthodox,2.85,2.74,40.0,63%,0.72,38.0,51%,0.6
2461,KAZUSHI SAKURABA,9b5b5a75523728f3,Kazushi Sakuraba,26.0,17.0,1.0,1969-07-14,182.88,83.91452,,Southpaw,1.26,2.03,41.0,51%,1.26,31.0,48%,1.7
2462,KAZUYUKI FUJITA,b1605ea39fba6af6,Kazuyuki Fujita,0.0,0.0,0.0,1970-10-16,182.88,,,Orthodox,1.05,1.99,49.0,52%,2.78,36.0,85%,0.6
2463,KAZUYUKI MIYATA,af70d268e5352186,Kazuyuki Miyata,0.0,0.0,0.0,1976-01-29,172.72,,,Orthodox,2.04,1.82,52.0,63%,4.31,46.0,68%,0.0
2464,KB BHULLAR,9cd047a828dd7515,KB Bhullar,8.0,2.0,0.0,1991-10-12,193.04,83.91452,198.12,Switch,1.18,10.0,13.0,37%,0.0,0.0,0%,0.0
2465,KEENAN RAYMOND,bdd16cd6b29cb499,Keenan Raymond,0.0,0.0,0.0,1990-10-01,,,,,0.0,0.0,0.0,0%,0.0,0.0,0%,0.0
2466,KEIGO KUNIHARA,782a2a17d3e38fdf,Keigo Kunihara,3.0,2.0,0.0,,182.88,106.59412,,Orthodox,0.17,1.99,10.0,57%,4.97,40.0,100%,2.5
2467,KEIICHIRO NAKAMURA,3618e0632ecdba9c,Keiichiro Nakamura,0.0,0.0,0.0,1998-12-02,177.8,65.77083999999999,177.8,Southpaw,,,,,,,,
2468,KEIICHIRO YAMAMIYA,6014d25e73b669c9,Keiichiro Yamamiya,45.0,35.0,10.0,1972-07-12,180.34,83.91452,,Southpaw,0.0,0.0,0.0,0%,0.0,0.0,0%,0.0
2469,KEISUKE FUJIWARA,ccd58ff71e260ed5,Keisuke Fujiwara,0.0,0.0,0.0,1982-09-17,167.64,,,Switch,0.73,1.2,44.0,47%,0.0,0.0,23%,2.5
2470,KEISUKE SASU,b7bcf6dfbbb7c16c,Keisuke Sasu,0.0,0.0,0.0,1994-09-30,165.1,,175.26,Switch,,,,,,,,
2471,KEITA NAKAMURA,65ddc8a9ac4e8531,Keita Nakamura,34.0,10.0,2.0,1984-05-22,180.34,77.11064,185.42,Southpaw,2.23,3.2,36.0,58%,1.65,48.0,63%,0.3
2472,KEITH BERISH,e3779ef06e98f185,Keith Berish,5.0,1.0,0.0,1985-11-14,182.88,92.98636,,Orthodox,3.58,4.81,36.0,62%,1.76,40.0,0%,0.0
2473,KEITH BERRY,0b935b9bbbe5fc07,Keith Berry,0.0,0.0,0.0,1987-10-25,185.42,,,,0.27,6.27,12.0,28%,0.0,0.0,0%,0.0
2474,KEITH HACKNEY,bf12aca029bfcc47,Keith Hackney,2.0,2.0,0.0,1958-04-15,180.34,90.7184,,Sideways,0.0,0.0,0.0,0%,0.0,0.0,0%,0.0
2475,KEITH JARDINE,b9d0fd83bb8a147a,Keith Jardine,17.0,11.0,2.0,1975-10-31,187.96,83.91452,193.04,Orthodox,3.25,2.98,36.0,59%,1.18,45.0,62%,0.7
2476,KEITH MIELKE,f62850b3c7480db9,Keith Mielke,0.0,5.0,0.0,,172.72,,,,0.0,0.0,0.0,0%,0.0,0.0,0%,0.0
2477,KEITH ROCKEL,c75b99887c8c3f5a,Keith Rockel,12.0,4.0,1.0,1965-08-28,182.88,83.91452,,Orthodox,1.13,0.21,73.0,66%,4.63,75.0,100%,4.6
2478,KEITH WISNIEWSKI,cd12227edd3f134b,Keith Wisniewski,28.0,15.0,1.0,1981-10-25,182.88,77.11064,,Orthodox,2.32,4.86,52.0,42%,1.57,40.0,78%,0.3
2479,KELLY DULLANTY,1a225f04aa6e0739,Kelly Dullanty,4.0,2.0,0.0,1977-11-04,172.72,70.30676,,Orthodox,0.0,0.67,0.0,75%,0.0,0.0,66%,0.0
2480,KELLY FASZHOLZ,9c42a0de8e012870,Kelly Faszholz,4.0,2.0,0.0,1985-04-09,172.72,61.23492,,Orthodox,4.01,3.61,48.0,52%,0.0,0.0,44%,0.0
2481,KELLY KOBOLD,c398235fcaf8d71d,Kelly Kobold,0.0,0.0,0.0,1983-02-25,167.64,,,Orthodox,2.33,4.11,21.0,59%,1.67,11.0,0%,0.0
2482,KELLY VELASCO,93c9897f0f9f5dab,Kelly Velasco,0.0,0.0,0.0,1995-05-21,175.26,,,Orthodox,2.27,5.67,35.0,47%,0.0,0.0,100%,0.0
2483,KELVIN GASTELUM,8c0580d4fff106c1,Kelvin Gastelum,20.0,10.0,0.0,1991-10-24,175.26,83.91452,180.34,Southpaw,3.65,3.52,42.0,57%,1.04,35.0,60%,0.1
2484,KEMRAN LACHINOV,eb84192d1a97f69e,Kemran Lachinov,0.0,0.0,0.0,1990-07-19,,,,,0.0,0.0,0.0,0%,0.0,0.0,0%,0.0
2485,KEN CROSS,923767209632e08a,Ken Cross,0.0,0.0,0.0,1994-10-04,182.88,,182.88,Southpaw,2.2,1.4,57.0,55%,1.0,12.0,66%,0.0
2486,KEN KANEKO,5345f86680378fc1,Ken Kaneko,0.0,0.0,0.0,1976-10-19,182.88,,,Orthodox,0.0,0.94,0.0,42%,0.0,0.0,0%,3.5
2487,KEN SHAMROCK,63b65af1c5cb02cb,Ken Shamrock,28.0,17.0,2.0,1964-02-11,185.42,92.98636,182.88,Orthodox,1.47,4.3,46.0,39%,0.94,60.0,44%,2.5
2488,KEN STONE,fbf0947399d14323,Ken Stone,11.0,4.0,0.0,1982-10-08,172.72,61.23492,180.34,Southpaw,3.85,2.9,49.0,48%,1.24,33.0,60%,0.6
2489,KENDALL GROVE,234f3767ff0e5701,Kendall Grove,23.0,17.0,0.0,1982-11-12,198.12,83.91452,200.66,Orthodox,2.31,2.4,41.0,54%,0.49,45.0,56%,1.7
2490,KENGO URA,58258914525740a5,Kengo Ura,0.0,0.0,0.0,1981-06-20,175.26,,,,1.05,2.38,37.0,48%,2.85,28.0,50%,1.4
2491,KENGO WATANABE,2abe38b81d68a24a,Kengo Watanabe,0.0,0.0,0.0,1976-01-31,193.04,,,Orthodox,0.6,3.4,40.0,35%,1.0,100.0,37%,0.0
2492,KENICHI YAMAMOTO,9f488f520ed25bbf,Kenichi Yamamoto,5.0,12.0,2.0,1976-07-11,182.88,77.11064,,Orthodox,0.3,1.93,46.0,38%,0.0,0.0,10%,0.3
2493,KENJI ARAI,269d103c96a4c3a5,Kenji Arai,0.0,0.0,0.0,1979-10-05,177.8,,,Southpaw,8.79,10.29,27.0,39%,0.0,0.0,0%,0.0
2494,KENJI OSAWA,8eb239a52fc4ec14,Kenji Osawa,0.0,0.0,0.0,1976-11-04,170.18,,167.64,Orthodox,2.34,2.14,35.0,63%,0.91,58.0,68%,0.7
2495,KENNEDY FREEMAN,63d071997c75e3fd,Kennedy Freeman,0.0,0.0,0.0,1996-11-26,,,,,,,,,,,,
2496,KENNEDY NZECHUKWU,8667caa0451d245b,Kennedy Nzechukwu,14.0,6.0,0.0,1992-06-13,195.58,107.047712,210.82,Southpaw,5.38,5.8,43.0,48%,0.0,0.0,78%,0.0
2497,KENNETH ALEXANDER,8fd76e1b49c00ae2,Kenneth Alexander,0.0,0.0,0.0,1977-09-25,175.26,,,Orthodox,0.88,2.2,19.0,66%,4.71,26.0,0%,0.0
2498,KENNETH BERGH,aa8189053b3a8994,Kenneth Bergh,0.0,0.0,0.0,1989-06-26,187.96,,187.96,Orthodox,4.56,1.27,75.0,28%,0.0,0.0,0%,0.0
2499,KENNETH SEEGRIST,55e94a9b525dcf45,Kenneth Seegrist,0.0,0.0,0.0,1980-10-21,182.88,,,Orthodox,3.21,1.28,66.0,0%,0.0,0.0,40%,14.4
2500,KENNY ENTO,daf9be103c1edbbd,Kenny Ento,0.0,0.0,0.0,,187.96,,,,8.41,0.0,79.0,100%,5.49,100.0,0%,11.0
2501,KENNY FLORIAN,cb139171ed1b69fe,Kenny Florian,14.0,6.0,0.0,1976-05-26,177.8,65.77083999999999,187.96,Southpaw,2.41,1.85,40.0,63%,2.22,33.0,60%,1.3
2502,KENNY GIDDENS,db8b800176d26f6e,Kenny Giddens,0.0,0.0,0.0,1985-01-24,180.34,,,,0.0,0.0,0.0,0%,0.0,0.0,0%,0.0
2503,KENNY ROBERTSON,6e0273f9478be71e,Kenny Robertson,15.0,5.0,0.0,1984-02-14,177.8,77.11064,187.96,Orthodox,3.72,3.02,47.0,52%,1.37,26.0,57%,0.8
2504,KENTO IMAI,3abe2b6b2d9b7efc,Kento Imai,0.0,0.0,0.0,1999-08-10,,,,,,,,,,,,
2505,KENYON JACKSON,56c5132870a526d5,Kenyon Jackson,0.0,0.0,0.0,1985-10-02,182.88,,,,0.0,0.0,0.0,0%,0.0,0.0,0%,0.0
2506,KERRY SCHALL,030f08370fd1c2bb,Kerry Schall,24.0,13.0,0.0,1971-08-09,187.96,120.20188,,Orthodox,0.94,4.84,11.0,63%,0.0,0.0,0%,0.0
2507,KERRY VERA,df0a1c1e11ad199b,Kerry Vera,0.0,0.0,0.0,,170.18,,,Orthodox,0.0,0.0,0.0,0%,0.0,0.0,0%,0.0
2508,KESTUTIS SMIRNOVAS,1979c80150f630c4,Kestutis Smirnovas,0.0,0.0,0.0,1976-04-08,177.8,,,Orthodox,4.95,5.05,52.0,54%,1.55,50.0,100%,1.6
2509,KETLEN SOUZA,8bd4200561c77a62,Ketlen Souza,15.0,6.0,0.0,1994-08-18,160.02,52.16308,160.02,Orthodox,4.11,3.89,57.0,53%,0.45,13.0,53%,0.2
2510,KETLEN VIEIRA,b9706f80d005036c,Ketlen Vieira,15.0,4.0,0.0,1991-08-26,172.72,61.23492,172.72,Orthodox,2.71,3.73,40.0,50%,1.31,42.0,90%,0.5
2511,KEVIN AGUILAR,cf946e03ba2e7666,Kevin Aguilar,17.0,5.0,0.0,1988-09-07,170.18,70.30676,185.42,Orthodox,3.69,4.47,37.0,53%,0.19,25.0,87%,0.0
2512,KEVIN BORJAS,34b96d52db1d26e6,Kevin Borjas,10.0,4.0,0.0,1997-12-06,165.1,56.699,172.72,Orthodox,3.87,5.27,42.0,50%,0.0,0.0,72%,0.0
2513,KEVIN BURNS,a6d8bfe9e0c8153b,Kevin Burns,12.0,7.0,0.0,1980-03-03,177.8,77.11064,187.96,Orthodox,2.74,4.3,38.0,52%,0.28,50.0,47%,0.8
2514,KEVIN CASEY,8d9586726252dbf7,Kevin Casey,9.0,5.0,2.0,1981-06-15,180.34,83.91452,195.58,Southpaw,2.27,3.76,53.0,46%,0.79,22.0,27%,0.4
2515,KEVIN CHRISTIAN,7e9b36a9847db116,Kevin Christian,0.0,0.0,0.0,1995-01-21,200.66,92.98636,203.2,Orthodox,2.19,3.54,58.0,40%,0.0,0.0,50%,1.9
2516,KEVIN CROOM,35b3772629e27a49,Kevin Croom,21.0,15.0,0.0,1987-07-15,180.34,61.23492,185.42,Orthodox,1.35,3.22,36.0,31%,0.97,6.0,50%,1.0
2517,KEVIN ENGEL,d2f310b5b072e986,Kevin Engel,0.0,0.0,0.0,1980-04-09,187.96,,,,0.0,0.0,0.0,0%,0.0,0.0,0%,0.0
2518,KEVIN FERGUSON,27541033b97c076d,Kevin Ferguson,5.0,2.0,0.0,1974-02-08,187.96,106.59412,195.58,Orthodox,2.3,3.41,50.0,38%,3.1,72.0,36%,1.2
2519,KEVIN GRAY,bb0d290026d7681d,Kevin Gray,0.0,0.0,0.0,1985-05-03,162.56,,170.18,Orthodox,3.45,4.48,62.0,66%,0.0,0.0,0%,0.0
2520,KEVIN HALEY,439d4bbefd4e6940,Kevin Haley,0.0,0.0,0.0,1982-08-24,187.96,,,,0.87,0.87,59.0,64%,3.0,100.0,0%,2.0
2521,KEVIN HOLLAND,3a46b268013afede,Kevin Holland,28.0,14.0,0.0,1992-11-05,190.5,77.11064,205.74,Orthodox,4.24,3.21,49.0,50%,0.79,36.0,57%,0.6
2522,KEVIN JACKSON,13b2f59210dda9cc,Kevin Jackson,4.0,2.0,0.0,1964-11-25,177.8,90.264808,,Switch,0.0,0.0,0.0,0%,0.0,0.0,0%,0.0
2523,KEVIN JORDAN,02e52b3a595f0786,Kevin Jordan,11.0,9.0,0.0,1970-12-31,190.5,111.13004,,Orthodox,2.0,1.91,40.0,55%,0.0,0.0,77%,0.6
2524,KEVIN JOUSSET,dda15dbfafb792df,Kevin Jousset,10.0,4.0,0.0,1993-05-02,187.96,77.11064,190.5,Orthodox,6.61,6.49,51.0,50%,0.69,40.0,100,0.3
2525,KEVIN KNABJIAN,1fac46d466abd5b8,Kevin Knabjian,0.0,0.0,0.0,1984-07-05,177.8,,,Orthodox,0.0,15.56,0.0,22%,0.0,0.0,100%,0.0
2526,KEVIN LEE,ee9ebceabfd16fa7,Kevin Lee,18.0,8.0,0.0,1992-09-04,175.26,77.11064,195.58,Orthodox,3.9,3.23,42.0,51%,3.21,43.0,75%,0.8
2527,KEVIN NATIVIDAD,0c258d1d8e16e5f1,Kevin Natividad,9.0,4.0,0.0,1993-04-02,167.64,61.23492,177.8,Orthodox,2.57,3.74,24.0,54%,0.0,0.0,100%,0.0
2528,KEVIN RANDLEMAN,6859f67468ba8489,Kevin Randleman,17.0,16.0,0.0,1971-08-10,177.8,92.98636,,Orthodox,1.26,1.12,54.0,57%,2.0,56.0,30%,0.8
2529,KEVIN RODDY,1abf785143f8d5ec,Kevin Roddy,0.0,0.0,0.0,,180.34,,,,2.64,2.38,30.0,60%,0.0,0.0,50%,0.0
2530,KEVIN ROSIER,598a58db87b890ee,Kevin Rosier,2.0,6.0,0.0,1962-01-06,193.04,,,Orthodox,0.0,0.0,0.0,0%,0.0,0.0,0%,0.0
2531,KEVIN SYLER,9094a881a7513de3,Kevin Syler,0.0,0.0,0.0,1993-07-29,175.26,,180.34,Switch,5.6,4.03,69.0,48%,1.0,40.0,77%,2.0
2532,KEVIN SZAFLARSKI,d2d05dda5f887f87,Kevin Szaflarski,0.0,0.0,0.0,1994-12-30,195.58,,195.58,Orthodox,,,,,,,,
2533,KEVIN VALLEJOS,239d8e5359022f3b,Kevin Vallejos,16.0,1.0,0.0,2001-12-08,170.18,65.77083999999999,172.72,Switch,6.28,5.23,45.0,57%,0.84,33.0,83,0.0
2534,KHABIB NURMAGOMEDOV,032cc3922d871c7f,Khabib Nurmagomedov,29.0,0.0,0.0,1988-09-20,177.8,70.30676,177.8,Orthodox,4.1,1.75,48.0,65%,5.32,48.0,84%,0.8
2535,KHADIS IBRAGIMOV,c3218c810959d279,Khadis Ibragimov,8.0,4.0,0.0,1995-05-21,190.5,92.98636,198.12,Orthodox,3.55,4.26,49.0,47%,0.97,30.0,80%,0.3
2536,KHADZHI BESTAEV,e05f4ce199baca91,Khadzhi Bestaev,0.0,0.0,0.0,1988-07-16,198.12,,193.04,,6.15,10.0,29.0,43%,0.0,0.0,0%,0.0
2537,KHALID MURTAZALIEV,231cae8b77fbbcc1,Khalid Murtazaliev,14.0,2.0,0.0,1993-07-15,182.88,83.91452,193.04,Orthodox,4.8,0.4,69.0,78%,7.5,100.0,33%,0.0
2538,KHALID TAHA,b4537562f88ac582,Khalid Taha,13.0,5.0,0.0,1992-02-15,165.1,61.23492,175.26,Orthodox,2.86,4.26,35.0,43%,0.0,0.0,61%,0.3
2539,KHALIL ROUNTREE JR.,749f572d1d3161fb,Khalil Rountree Jr.,15.0,6.0,0.0,1990-02-26,185.42,92.98636,193.04,Southpaw,3.06,3.63,38.0,49%,0.0,0.0,50%,0.2
2540,KHAMA WORTHY,78e501478a36a018,Khama Worthy,16.0,9.0,0.0,1986-10-15,180.34,70.30676,187.96,Orthodox,4.12,3.69,47.0,45%,0.0,0.0,57%,0.8
2541,KHAMZAT CHIMAEV,767755fd74662dbf,Khamzat Chimaev,15.0,0.0,0.0,1994-05-01,187.96,83.91452,190.5,Orthodox,4.01,2.98,54.0,52%,5.32,58.0,87%,1.4
2542,KHAOS WILLIAMS,2558ae2e5671e318,Khaos Williams,15.0,5.0,0.0,1994-03-30,182.88,77.11064,195.58,Orthodox,4.97,5.34,39.0,41%,0.0,0.0,51%,0.0
2543,KHOMKRIT NIIMI,52a003d768f10d91,Khomkrit Niimi,0.0,0.0,0.0,1973-02-28,157.48,,,,0.0,5.73,0.0,44%,0.0,0.0,0%,0.0
2544,KHUSEIN ASKHABOV,5c10da56d712ac9c,Khusein Askhabov,23.0,1.0,0.0,1995-02-13,172.72,65.77083999999999,175.26,Orthodox,2.0,4.13,26.0,56%,0.0,0.0,66,0.0
2545,KIEFER CROSBIE,4729c93ba705a3bf,Kiefer Crosbie,10.0,6.0,0.0,1990-04-05,180.34,77.11064,177.8,Switch,4.46,5.8,64.0,46%,0.0,0.0,40,0.0
2546,KIER GOOCH,1bda4867f1baceac,Kier Gooch,0.0,0.0,0.0,1986-04-21,,,,,0.0,0.0,0.0,0%,0.0,0.0,0%,0.0
2547,KIICHI KUNIMOTO,71df36d6d8cf0d74,Kiichi Kunimoto,18.0,7.0,2.0,1981-05-01,177.8,77.11064,180.34,Orthodox,1.87,3.92,44.0,41%,1.59,20.0,28%,0.3
2548,KIM COUTURE,84c43f0d25f15b0b,Kim Couture,0.0,0.0,0.0,1975-12-18,172.72,,,Orthodox,12.12,2.31,80.0,69%,0.0,0.0,0%,0.0
2549,KIM IN SEOK,88b250ba222c3a98,Kim In Seok,0.0,0.0,0.0,,167.64,,,Orthodox,0.87,5.19,37.0,60%,0.0,0.0,0%,0.0
2550,KIM TRAN,5f440fdb94f626c5,Kim Tran,0.0,0.0,0.0,1996-11-22,,,,,,,,,,,,
2551,KIMBERT ALINTOZON,a075a34d7527fadf,Kimbert Alintozon,0.0,0.0,0.0,1999-01-21,,,,,,,,,,,,
2552,KIMO LEOPOLDO,08ae5cd9aef7ddd3,Kimo Leopoldo,10.0,7.0,1.0,1968-01-05,190.5,106.59412,,Orthodox,0.76,2.12,83.0,30%,4.55,100.0,0%,2.3
2553,KIN MOY,ae922e7d9e852d7a,Kin Moy,0.0,0.0,0.0,1990-06-26,165.1,,,,2.3,1.93,33.0,62%,1.67,42.0,50%,1.7
2554,KING GREEN,887961364be5ceb3,King Green,32.0,17.0,1.0,1986-09-09,177.8,70.30676,180.34,Orthodox,6.46,3.55,53.0,62%,1.33,43.0,72%,0.3
2555,KIRAN SINGH,f985ca2370a37078,Kiran Singh,0.0,0.0,0.0,2000-07-25,154.94,,165.1,Orthodox,,,,,,,,
2556,KIRIL SIDELNIKOV,cf772fb504842dc3,Kiril Sidelnikov,0.0,0.0,0.0,1988-08-17,180.34,,,,2.87,4.48,28.0,61%,0.0,0.0,0%,0.0
2557,KIRU SAHOTA,296a120cb880477b,Kiru Sahota,12.0,3.0,0.0,1995-05-28,177.8,56.699,185.42,Orthodox,4.05,2.64,52.0,41%,0.92,33.0,50,0.5
2558,KIT COPE,ce47f49e5c386a9c,Kit Cope,6.0,7.0,0.0,1977-03-17,182.88,77.11064,,Orthodox,1.18,2.12,52.0,35%,0.0,0.0,50%,3.5
2559,KITT CAMPBELL,903ef36a6adc09a3,Kitt Campbell,0.0,0.0,0.0,1994-06-26,185.42,,185.42,Orthodox,,,,,,,,
2560,KIYOSHI TAMURA,30e8b4505f5ccf92,Kiyoshi Tamura,0.0,0.0,0.0,1969-12-17,180.34,,,Southpaw,2.44,1.44,53.0,60%,0.58,60.0,45%,0.2
2561,KJ NOONS,b7ffa72aa148599a,KJ Noons,13.0,9.0,0.0,1982-12-07,177.8,70.30676,177.8,Orthodox,3.68,3.78,35.0,65%,0.08,20.0,68%,0.0
2562,KLAUDIA SYGULA,9f5e3c20ce40b344,Klaudia Sygula,7.0,2.0,0.0,1998-12-30,172.72,61.23492,175.26,Orthodox,5.3,4.73,53.0,57%,0.7,20.0,33,0.0
2563,KLAYTON MAI,7a9c1bb08a743d7f,Klayton Mai,0.0,0.0,0.0,1986-11-30,175.26,,,,1.53,1.02,42.0,63%,3.83,100.0,0%,7.7
2564,KLEYDSON RODRIGUES,102a8fdf8cbf7467,Kleydson Rodrigues,8.0,4.0,0.0,1995-10-22,165.1,61.23492,170.18,Orthodox,4.58,2.29,57.0,53%,0.6,22.0,53,0.6
2565,KLIDSON ABREU,7279654c7674cd24,Klidson Abreu,15.0,4.0,0.0,1992-12-24,182.88,92.98636,187.96,Orthodox,2.05,2.9,40.0,55%,0.64,20.0,80%,0.0
2566,KODY STEELE,aebaa8cec15b083d,Kody Steele,7.0,1.0,0.0,1995-04-21,175.26,70.30676,180.34,Orthodox,3.85,6.2,32.0,52%,1.07,25.0,100%,0.5
2567,KOICHIRO MATSUMOTO,2fb6f197d1fbc779,Koichiro Matsumoto,0.0,0.0,0.0,1986-03-07,170.18,,,,1.9,3.5,26.0,31%,0.0,0.0,0%,0.0
2568,KOJI KITAO,2a6f8136da1e52c0,Koji Kitao,1.0,2.0,0.0,1963-10-12,200.66,158.7572,,Southpaw,0.0,0.0,0.0,0%,0.0,0.0,0%,0.0
2569,KOJI OISHI,01daf32100ed7517,Koji Oishi,25.0,10.0,10.0,1977-05-31,172.72,77.11064,,Orthodox,1.43,17.86,9.0,43%,0.0,0.0,0%,0.0
2570,KOLTON ENGLUND,4122da4f791b2f4f,Kolton Englund,0.0,0.0,0.0,1993-07-09,177.8,,175.26,Orthodox,,,,,,,,
2571,KONSTANTIN EROKHIN,22061ff217907c78,Konstantin Erokhin,9.0,3.0,0.0,1983-01-31,180.34,104.32616,,Orthodox,1.07,1.83,36.0,47%,0.0,0.0,70%,0.0
2572,KOREY KUPPE,780a2897055e3ee3,Korey Kuppe,0.0,0.0,0.0,1989-01-23,195.58,,195.58,Switch,0.73,1.33,73.0,31%,0.0,0.0,69%,1.0
2573,KOTETSU BOKU,d227958e8a0c1466,Kotetsu Boku,0.0,0.0,0.0,1977-05-27,175.26,,,Orthodox,2.47,2.8,42.0,53%,0.0,0.0,0%,0.0
2574,KOYA KANDA,b42d3a1469dab722,Koya Kanda,0.0,0.0,0.0,1995-12-20,175.26,,190.5,Southpaw,,,,,,,,
2575,KOYOMI MATSUSHIMA,5ad226da6c74a48e,Koyomi Matsushima,0.0,0.0,0.0,1992-10-08,170.18,,167.64,Orthodox,,,,,,,,
2576,KRIS MCCRAY,baed16f18348908e,Kris McCray,8.0,5.0,0.0,1981-09-24,182.88,77.11064,193.04,Orthodox,2.69,2.57,45.0,54%,2.88,55.0,38%,0.0
2577,KRIS MOUTINHO,9c27f3217891f3f0,Kris Moutinho,14.0,7.0,0.0,1992-08-09,170.18,61.23492,172.72,Southpaw,4.51,14.68,31.0,29%,0.0,0.0,0,0.0
2578,KRISHAUN GILMORE,10ccdcd14c3dfcf1,Krishaun Gilmore,0.0,0.0,0.0,,,,,,0.0,0.0,0.0,0%,0.0,0.0,0%,0.0
2579,KRISTIAN ROTHAERMEL,af49a6c491ca22a3,Kristian Rothaermel,4.0,3.0,0.0,1972-01-31,182.88,92.98636,,Open Stance,0.75,2.49,50.0,41%,0.0,0.0,0%,0.0
2580,KRISTOF MIDOUX,5b5b9c6f6f270369,Kristof Midoux,6.0,10.0,0.0,1974-07-30,185.42,99.79024,,Orthodox,0.7,2.89,43.0,49%,0.0,0.0,0%,0.0
2581,KRON GRACIE,242d36d241b43c12,Kron Gracie,5.0,3.0,0.0,1988-07-11,175.26,65.77083999999999,177.8,Southpaw,5.15,8.13,41.0,53%,0.88,25.0,0%,0.9
2582,KRZYSZTOF JOTKO,4e06913c91da5200,Krzysztof Jotko,24.0,6.0,0.0,1989-08-19,185.42,83.91452,195.58,Southpaw,2.98,1.9,45.0,58%,1.27,35.0,87%,0.1
2583,KRZYSZTOF SOSZYNSKI,59583ff832fe9d68,Krzysztof Soszynski,26.0,12.0,1.0,1977-08-02,185.42,92.98636,195.58,Open Stance,3.37,3.13,39.0,58%,0.52,25.0,71%,1.0
2584,KULTAR GILL,42c96a9c4802e2e1,Kultar Gill,0.0,0.0,0.0,1979-03-24,182.88,,,Orthodox,1.14,0.4,50.0,41%,1.71,66.0,38%,0.0
2585,KUNIYOSHI HIRONAKA,9d4522df6fc49a47,Kuniyoshi Hironaka,23.0,9.0,0.0,1976-06-17,177.8,76.203456,177.8,Orthodox,1.98,3.01,40.0,54%,1.91,30.0,25%,0.6
2586,KURT HOLOBAUGH,a7151778b3381036,Kurt Holobaugh,22.0,10.0,0.0,1986-09-08,180.34,70.30676,177.8,Orthodox,4.51,4.28,42.0,46%,0.97,36.0,45%,0.7
2587,KURT OSIANDER,f84dfc5a8d178403,Kurt Osiander,0.0,0.0,0.0,,,,,,0.0,0.0,0.0,0%,0.0,0.0,0%,0.0
2588,KURT PELLEGRINO,aa1952ec0b3dd8e1,Kurt Pellegrino,16.0,7.0,0.0,1979-05-07,172.72,70.30676,177.8,Orthodox,2.45,1.94,43.0,63%,2.9,54.0,69%,0.8
2589,KURTIS CAMPBELL,9d51798e61f2e0c7,Kurtis Campbell,0.0,0.0,0.0,2002-07-29,175.26,65.77083999999999,182.88,Switch,,,,,,,,
2590,KUYA ITO,f647247f0d9f3b50,Kuya Ito,0.0,0.0,0.0,1996-10-07,165.1,,167.64,Orthodox,,,,,,,,
2591,KWAN HO KWAK,c13042265355a290,Kwan Ho Kwak,9.0,2.0,0.0,1989-06-18,165.1,61.23492,,Switch,3.29,3.45,41.0,47%,0.78,100.0,26%,0.0
2592,KWAN WOO LIM,a53657e43b00614e,Kwan Woo Lim,0.0,0.0,0.0,2001-07-27,,,,,,,,,,,,
2593,KWON WON IL,751aa58b7fb03c74,Kwon Won Il,0.0,0.0,0.0,1995-06-24,,,,,,,,,,,,
2594,KYEUNGPYO KIM,5a9f7b5ffebdd6e7,KyeungPyo Kim,0.0,0.0,0.0,1992-01-29,175.26,,180.34,Orthodox,,,,,,,,
2595,KYLE BOCHNIAK,c5af5750e8bae4f0,Kyle Bochniak,8.0,5.0,0.0,1987-02-05,170.18,65.77083999999999,177.8,Orthodox,2.63,5.11,31.0,58%,1.14,15.0,62%,0.0
2596,KYLE BOLT,9d455d5cfe6a0e35,Kyle Bolt,0.0,0.0,0.0,,187.96,,,,7.27,7.27,52.0,45%,0.0,0.0,0%,0.0
2597,KYLE BRADLEY,a6959da32f0e6b5d,Kyle Bradley,19.0,12.0,0.0,1982-08-19,175.26,70.30676,180.34,Orthodox,1.99,3.45,40.0,58%,0.65,50.0,40%,0.0
2598,KYLE DAUKAUS,d6c0cdd7e467c440,Kyle Daukaus,16.0,4.0,0.0,1993-02-27,187.96,83.91452,193.04,Southpaw,3.16,2.94,53.0,42%,1.97,25.0,79%,2.0
2599,KYLE DIETZ,31da66df48c0c1a0,Kyle Dietz,0.0,0.0,0.0,1986-04-29,172.72,,,Orthodox,1.82,2.08,45.0,62%,0.0,0.0,0%,0.0
2600,KYLE DRISCOLL,e5e148d4363deff8,Kyle Driscoll,0.0,0.0,0.0,1994-09-23,180.34,,187.96,Orthodox,2.73,2.6,32.0,58%,2.0,18.0,0%,0.0
2601,KYLE JENSEN,aec273fcb765330d,Kyle Jensen,0.0,0.0,0.0,1979-07-20,175.26,,,Orthodox,0.0,0.92,0.0,60%,6.92,100.0,0%,6.9
2602,KYLE KINGSBURY,b959e8c7fd8390d2,Kyle Kingsbury,11.0,6.0,0.0,1982-03-22,193.04,92.98636,200.66,Orthodox,2.97,3.81,40.0,51%,2.64,41.0,52%,0.0
2603,KYLE KURTZ,b490def93478ae29,Kyle Kurtz,0.0,0.0,0.0,1990-08-05,,,,,1.31,2.95,36.0,52%,1.23,20.0,0%,2.5
2604,KYLE LEVINTON,81ddc98fceb30086,Kyle Levinton,0.0,0.0,0.0,,,,,,0.0,0.0,0.0,0%,0.0,0.0,0%,0.0
2605,KYLE NELSON,31f8081c7600da93,Kyle Nelson,16.0,6.0,1.0,1991-04-20,180.34,70.30676,180.34,Switch,3.63,6.82,41.0,47%,0.96,12.0,60%,1.9
2606,KYLE NOBLITT,4acf03bdec2025d7,Kyle Noblitt,0.0,0.0,0.0,1989-12-26,187.96,,,,0.0,0.0,0.0,0%,0.0,0.0,0%,0.0
2607,KYLE NOKE,7339d340aa2889cb,Kyle Noke,22.0,10.0,1.0,1980-03-18,185.42,77.11064,193.04,Southpaw,3.23,2.09,50.0,64%,1.53,54.0,66%,0.8
2608,KYLE PREPOLEC,873626e5547b5235,Kyle Prepolec,18.0,9.0,0.0,1989-08-30,177.8,70.30676,177.8,Southpaw,3.2,4.7,34.0,54%,0.0,0.0,40%,0.0
2609,KYLE REYES,7333d6e0f6428acb,Kyle Reyes,0.0,0.0,0.0,1991-01-08,172.72,,,,0.0,0.0,0.0,0%,0.0,0.0,0%,0.0
2610,KYLE STEWART,bb61823f76361297,Kyle Stewart,11.0,3.0,0.0,1989-01-31,182.88,77.11064,193.04,Orthodox,1.41,2.42,35.0,43%,1.32,20.0,60%,0.0
2611,KYLE STURGEON,d30415ec5e8783cd,Kyle Sturgeon,0.0,0.0,0.0,1963-02-01,190.5,,,Switch,0.0,0.0,0.0,0%,0.0,0.0,0%,0.0
2612,KYLE WATSON,d7b2c0b53883ee80,Kyle Watson,13.0,8.0,1.0,1979-08-09,182.88,70.30676,,Southpaw,3.67,3.25,35.0,62%,0.0,0.0,100%,0.0
2613,KYLER PHILLIPS,60425d07ef4b91a7,Kyler Phillips,12.0,4.0,0.0,1995-06-12,172.72,61.23492,182.88,Orthodox,4.75,3.83,43.0,58%,2.82,47.0,75%,0.3
2614,KYOJI HORIGUCHI,98aa60cf58071fd6,Kyoji Horiguchi,19.0,2.0,0.0,1990-10-12,165.1,56.699,167.64,Orthodox,3.64,2.08,47.0,64%,1.67,40.0,61%,0.1
2615,KYOSUKE SASAKI,23bd78c3f89bdb54,Kyosuke Sasaki,0.0,0.0,0.0,1979-10-17,170.18,,,Southpaw,0.33,0.93,45.0,46%,0.0,0.0,0%,0.0
2616,KYRON BOWEN,5488b3c67600333a,Kyron Bowen,0.0,0.0,0.0,1993-12-22,190.5,,185.42,Orthodox,2.73,2.05,57.0,40%,0.0,0.0,0%,0.0
2617,KYUNG HO KANG,a7897d200692ab64,Kyung Ho Kang,19.0,11.0,0.0,1987-09-09,175.26,61.23492,185.42,Orthodox,2.52,2.43,44.0,58%,2.53,59.0,71%,1.1
2618,KYUSUNG KIM,e7ecfab8fd86d3e1,KyuSung Kim,0.0,0.0,0.0,1992-11-05,180.34,,175.26,Orthodox,,,,,,,,
2619,LACEY SCHUCKMAN,e44c679c30403cba,Lacey Schuckman,0.0,0.0,0.0,,160.02,,,,0.0,0.0,0.0,0%,0.0,0.0,0%,0.0
2620,LANCE BENOIST,5431dccc09118234,Lance Benoist,7.0,2.0,0.0,1988-08-26,180.34,77.11064,182.88,Southpaw,3.68,2.7,51.0,56%,1.5,33.0,61%,0.0
2621,LANCE GIBSON,63eedfcc73071d41,Lance Gibson,4.0,5.0,0.0,1970-11-20,175.26,83.91452,,Orthodox,1.21,6.44,75.0,20%,0.0,0.0,0%,0.0
2622,LANCE GIBSON JR.,07bc580bdf3eb9c8,Lance Gibson Jr.,0.0,0.0,0.0,1995-02-02,177.8,70.30676,,,,,,,,,,
2623,LANCE LAWRENCE,ce039df1994b18f0,Lance Lawrence,0.0,0.0,0.0,1993-06-26,185.42,,187.96,Orthodox,5.87,9.8,50.0,24%,1.0,100.0,50%,0.0
2624,LANDO VANNATA,f9b200db02b488d9,Lando Vannata,12.0,7.0,2.0,1992-03-14,175.26,70.30676,180.34,Orthodox,4.52,4.71,45.0,54%,1.24,36.0,66%,0.3
2625,LANDON QUINONES,267f4a6568abe245,Landon Quinones,7.0,3.0,1.0,1995-11-21,175.26,70.30676,177.8,Southpaw,0.0,0.0,0.0,0%,0.0,0.0,0%,0.0
2626,LANDON SHOWALTER,35cc17760b06f36d,Landon Showalter,0.0,0.0,0.0,1976-06-14,182.88,,,,0.0,0.0,0.0,0%,0.0,0.0,0%,0.0
2627,LARA PROCOPIO,e99821959a840bb8,Lara Procopio,7.0,2.0,0.0,1995-11-14,162.56,56.699,170.18,Orthodox,6.7,6.93,57.0,47%,3.5,50.0,0%,0.5
2628,LARISSA PACHECO,16b89be2f5c16fba,Larissa Pacheco,10.0,2.0,0.0,1994-09-07,170.18,61.23492,,Orthodox,1.21,4.14,19.0,55%,0.0,0.0,0%,0.0
2629,LARRY CURETON,46f11d15c0134fe3,Larry Cureton,0.0,2.0,0.0,,187.96,108.86207999999999,,Orthodox,0.0,0.0,0.0,0%,0.0,0.0,0%,0.0
2630,LARRY PARKER,c0231720fe516994,Larry Parker,0.0,0.0,0.0,1963-08-15,180.34,,,Orthodox,0.0,0.0,0.0,0%,0.0,0.0,0%,0.0
2631,LAUREANO STAROPOLI,a12a8314adc1c1c9,Laureano Staropoli,9.0,5.0,0.0,1993-02-27,185.42,83.91452,180.34,Orthodox,4.4,4.58,34.0,53%,0.25,20.0,57%,0.0
2632,LAUREN MUELLER,f923e012414c883e,Lauren Mueller,5.0,3.0,0.0,1991-11-15,165.1,56.699,170.18,Orthodox,4.08,3.77,41.0,58%,0.7,50.0,71%,0.0
2633,LAUREN MURPHY,729d4bd5a6cd0a97,Lauren Murphy,16.0,7.0,0.0,1983-07-27,165.1,56.699,170.18,Orthodox,3.8,3.82,38.0,63%,1.18,37.0,70%,0.1
2634,LAVAR JOHNSON,e6c5908910cc26e4,Lavar Johnson,18.0,10.0,0.0,1977-06-11,193.04,108.86207999999999,208.28,Orthodox,5.39,2.54,55.0,55%,0.61,66.0,54%,0.6
2635,LAVERNE CLARK,1c2f2571b18791b6,Laverne Clark,27.0,21.0,1.0,1973-12-02,180.34,77.11064,,Orthodox,0.0,0.0,0.0,0%,0.0,0.0,0%,0.0
2636,LAWRENCE LUI,a1ad35b98a9136e5,Lawrence Lui,0.0,0.0,0.0,1996-08-04,170.18,61.23492,182.88,Orthodox,,,,,,,,
2637,LAZAR STOJADINOVIC,4d25497994da569c,Lazar Stojadinovic,0.0,0.0,0.0,1989-03-22,170.18,,172.72,Southpaw,1.82,1.97,29.0,59%,0.0,0.0,0%,0.0
2638,LC DAVIS,6dab8ce5e4bffe77,LC Davis,0.0,0.0,0.0,1980-10-28,172.72,,175.26,Southpaw,2.04,2.1,30.0,59%,2.27,46.0,66%,0.2
2639,LEAH LETSON,8cb78f3a6c2a08f7,Leah Letson,5.0,3.0,0.0,1992-08-21,170.18,65.77083999999999,180.34,Southpaw,4.87,3.8,40.0,63%,0.0,0.0,100%,0.0
2640,LEANDRO ISSA,d1e1fdcea7c8a90a,Leandro Issa,13.0,6.0,0.0,1983-09-19,170.18,61.23492,175.26,Orthodox,2.08,3.17,37.0,58%,2.38,22.0,50%,1.2
2641,LEANDRO SILVA,159da492e000afbf,Leandro Silva,20.0,6.0,1.0,1985-11-11,175.26,70.30676,182.88,Orthodox,2.39,2.08,48.0,63%,1.76,37.0,65%,0.4
2642,LEE BROUSSEAU,0974d8d4053a7237,Lee Brousseau,0.0,0.0,0.0,1974-10-04,185.42,,,,0.0,0.0,0.0,0%,0.0,0.0,0%,0.0
2643,LEE GIBSON,69db199087a1a792,Lee Gibson,0.0,0.0,0.0,1976-06-20,170.18,,,,0.0,0.0,0.0,0%,0.0,0.0,0%,0.0
2644,LEE HIGGINS,88432fe79d5091d9,Lee Higgins,0.0,0.0,0.0,1980-07-14,,,,,1.02,3.68,26.0,40%,0.0,0.0,0%,0.0
2645,LEE KWAN BUM,c0342805a1948cbb,Lee Kwan Bum,0.0,0.0,0.0,,187.96,,,Orthodox,0.71,0.0,14.0,100%,0.0,0.0,0%,0.0
2646,LEE MURRAY,32016899d0a222a3,Lee Murray,8.0,2.0,1.0,1977-09-12,190.5,83.91452,,Orthodox,0.36,3.28,15.0,32%,0.9,100.0,42%,1.8
2647,LEIGH REMEDIOS,918db42c3637916f,Leigh Remedios,18.0,10.0,2.0,1976-01-13,170.18,70.30676,,Orthodox,0.75,1.36,41.0,68%,0.0,0.0,33%,0.0
2648,LEITICIA PESTOVA,f3743d8ef5dde970,Leiticia Pestova,0.0,0.0,0.0,1984-01-15,167.64,,,Orthodox,0.0,24.62,0.0,44%,0.0,0.0,0%,0.0
2649,LEMONT DAVIS,a993ef2dd36cea5f,Lemont Davis,0.0,0.0,0.0,,172.72,,,Orthodox,0.87,1.27,54.0,55%,1.0,50.0,0%,1.0
2650,LEN BENTLEY,592d23aed850e652,Len Bentley,0.0,0.0,0.0,1982-11-30,175.26,,,,0.0,0.0,0.0,0%,0.0,0.0,0%,0.0
2651,LEO KUNTZ,6905d45bd71b50a9,Leo Kuntz,18.0,4.0,1.0,1983-10-03,177.8,70.30676,,Orthodox,1.68,3.8,32.0,45%,1.99,25.0,33%,0.7
2652,LEO SYLVEST,58a36b4ccf5dc30e,Leo Sylvest,0.0,0.0,0.0,1973-09-03,180.34,,,Orthodox,0.0,6.58,0.0,27%,0.0,0.0,0%,0.0
2653,LEON ALIU,6db394bf6c3b017c,Leon Aliu,0.0,0.0,0.0,1989-07-14,182.88,,187.96,Orthodox,,,,,,,,
2654,LEON EDWARDS,f1fac969a1d70b08,Leon Edwards,22.0,5.0,0.0,1991-08-25,187.96,77.11064,187.96,Southpaw,2.56,2.03,47.0,55%,1.35,30.0,70%,0.4
2655,LEON SHAHBAZYAN,9eed2bcc9e0b92af,Leon Shahbazyan,0.0,0.0,0.0,1995-11-18,193.04,77.11064,187.96,Orthodox,6.1,8.45,52.0,33%,1.41,50.0,0%,0.0
2656,LEONARD GARCIA,917e53fa0adea0d3,Leonard Garcia,18.0,13.0,1.0,1979-07-14,177.8,65.77083999999999,172.72,Orthodox,2.77,4.79,24.0,52%,0.3,26.0,42%,0.5
2657,LEONARDO DAMIANI,acd870570949d8a2,Leonardo Damiani,0.0,0.0,0.0,1990-08-30,177.8,,175.26,Orthodox,,,,,,,,
2658,LEONARDO GUIMARAES,cc98d857b148e33a,Leonardo Guimaraes,11.0,5.0,0.0,1982-04-15,182.88,83.91452,,Orthodox,2.35,2.99,56.0,44%,0.0,0.0,52%,1.0
2659,LEONARDO MAFRA,8bbc0cfc01bc1ba1,Leonardo Mafra,13.0,4.0,0.0,1989-04-25,177.8,70.30676,177.8,Orthodox,4.55,4.38,48.0,43%,2.12,83.0,69%,0.4
2660,LEONARDO MORALES,45230be0641f3f53,Leonardo Morales,6.0,2.0,0.0,1992-12-22,172.72,61.23492,,Southpaw,2.05,2.05,47.0,58%,0.0,0.0,62%,0.0
2661,LEONARDO SANTOS,9c65736747ca92ec,Leonardo Santos,18.0,7.0,1.0,1980-02-05,182.88,70.30676,190.5,Orthodox,2.65,2.77,44.0,58%,1.07,29.0,89%,0.3
2662,LEONARDO SILVA DE OLIVEIRA,28e088bbcaaa6366,Leonardo Silva de Oliveira,0.0,0.0,0.0,1992-04-23,187.96,,,Orthodox,1.07,0.54,40.0,50%,24.11,50.0,0%,0.0
2663,LERONE MURPHY,396fe87b84ac2e1c,Lerone Murphy,17.0,0.0,1.0,1991-07-22,175.26,65.77083999999999,185.42,Orthodox,2.86,2.07,42.0,63%,0.87,33.0,41%,0.9
2664,LERRYAN DOUGLAS,640a0f838f057a81,Lerryan Douglas,0.0,0.0,0.0,1995-04-27,175.26,65.77083999999999,182.88,Orthodox,,,,,,,,
2665,LESLIE HERNANDEZ,fc8610cc15674ae2,Leslie Hernandez,0.0,0.0,0.0,1997-12-29,160.02,,162.56,Orthodox,,,,,,,,
2666,LESLIE SMITH,76984112f697631f,Leslie Smith,10.0,7.0,1.0,1982-08-17,175.26,61.23492,167.64,Orthodox,7.56,8.41,40.0,51%,0.0,0.0,62%,0.0
2667,LEVAN CHOKHELI,527a08b77919dc01,LEVAN CHOKHELI,0.0,0.0,0.0,1996-10-02,180.34,77.11064,182.88,Orthodox,15.65,0.0,54.0,100%,0.0,0.0,0%,0.0
2668,LEVAN MAKASHVILI,938ad489fb7a1f31,Levan Makashvili,15.0,2.0,1.0,1989-01-07,172.72,65.77083999999999,172.72,Orthodox,2.87,2.07,54.0,61%,3.67,42.0,85%,0.0
2669,LEVI ALFORD,41b34b7f11f6d085,Levi Alford,0.0,0.0,0.0,,,,,,0.0,0.0,0.0,0%,0.0,0.0,0%,0.0
2670,LEVI AVERA,ba5c6eeb8ef45f5c,Levi Avera,0.0,0.0,0.0,1982-05-17,185.42,,,,0.0,0.0,0.0,0%,0.0,0.0,0%,0.0
2671,LEVI RODRIGUES,9ac4e43ed56429ed,Levi Rodrigues,0.0,0.0,0.0,1996-10-15,,,,,,,,,,,,
2672,LEWIS GONZALEZ,2ff2e6e5abea3e53,Lewis Gonzalez,11.0,3.0,0.0,1987-09-19,177.8,77.11064,,Orthodox,1.4,1.87,37.0,41%,2.0,33.0,62%,0.0
2673,LI JINGLIANG,e64b96c07d7ce999,Li Jingliang,19.0,9.0,0.0,1988-03-20,182.88,77.11064,180.34,Orthodox,4.52,3.65,42.0,59%,1.28,39.0,59%,0.0
2674,LI YUNFENG,4c7afd56ef1947ac,Li Yunfeng,0.0,0.0,0.0,1999-03-08,172.72,,172.72,Orthodox,,,,,,,,
2675,LIAM ANDERSON,b03a0c78ca45facf,Liam Anderson,0.0,0.0,0.0,1995-01-13,190.5,,190.5,Orthodox,,,,,,,,
2676,LIAM MCGEARY,e4e0993befecdaf8,Liam McGeary,0.0,0.0,0.0,1982-10-04,198.12,,,,1.28,1.92,48.0,50%,0.51,100.0,0%,2.5
2677,LIANA JOJUA,eebc23626e38f5dc,Liana Jojua,8.0,5.0,0.0,1995-03-22,162.56,56.699,157.48,Orthodox,2.53,4.86,39.0,48%,1.49,66.0,50%,2.2
2678,LIANG NA,ec0dcceace7d25a3,Liang Na,19.0,8.0,0.0,1996-07-27,165.1,56.699,170.18,Orthodox,1.99,3.95,42.0,36%,3.6,58.0,25,0.5
2679,LILIYA SHAKIROVA,f300763147320d12,Liliya Shakirova,8.0,2.0,0.0,1991-10-24,162.56,56.699,165.1,Orthodox,2.7,2.58,30.0,74%,0.0,0.0,0%,0.0
2680,LINA KVOKOV,843dd76c50cae0f6,Lina Kvokov,0.0,0.0,0.0,,175.26,,,Orthodox,2.31,12.12,30.0,19%,0.0,0.0,0%,0.0
2681,LINA LANSBERG,2eeaefbfc7f9fcff,Lina Lansberg,10.0,8.0,0.0,1982-03-13,170.18,61.23492,165.1,Orthodox,2.76,3.7,57.0,44%,0.71,33.0,50%,0.1
2682,LINTON VASSELL,a148dfe3485be79d,Linton Vassell,0.0,0.0,0.0,1983-06-03,193.04,,,,3.39,2.13,37.0,54%,2.46,50.0,50%,0.0
2683,LIONEL LANHAM,b8980dd7e8fc5976,Lionel Lanham,0.0,0.0,0.0,1980-08-31,,,,,0.0,0.0,0.0,0%,0.0,0.0,0%,0.0
2684,LISA ELLIS,77350fd0e6d1dba8,Lisa Ellis,15.0,11.0,0.0,1982-11-15,162.56,52.16308,,,1.68,2.32,48.0,57%,4.19,63.0,50%,0.6
2685,LISA KYRIACOU,edbc609a3b0d2aba,Lisa Kyriacou,0.0,0.0,0.0,1993-11-17,165.1,,162.56,Orthodox,,,,,,,,
2686,LISSETTE NERI,f4db63258ecf0613,Lissette Neri,0.0,0.0,0.0,1987-08-05,157.48,,,,0.0,0.0,0.0,0%,0.0,0.0,0%,0.0
2687,LIUDVIK SHOLINIAN,1a54231796e24a3f,Liudvik Sholinian,9.0,4.0,1.0,1990-01-20,177.8,61.23492,180.34,Orthodox,2.5,5.67,30.0,55%,0.0,0.0,66,0.0
2688,LIVINHA SOUZA,dab8cfbb6b1db10a,Livinha Souza,14.0,4.0,0.0,1991-03-11,160.02,52.16308,160.02,Orthodox,2.06,3.38,45.0,62%,2.4,44.0,40%,1.2
2689,LIZ CARMOUCHE,51a0c09cbe9b8472,Liz Carmouche,13.0,7.0,0.0,1984-02-19,167.64,56.699,167.64,Orthodox,2.78,2.51,54.0,61%,2.57,51.0,65%,0.3
2690,LLOYD VAN DAMS,02177caefe7c07d4,Lloyd Van Dams,0.0,0.0,0.0,1972-03-05,185.42,,,Southpaw,0.0,3.01,0.0,15%,0.0,0.0,0%,0.0
2691,LODUNE SINCAID,265589bdd93e7ce5,Lodune Sincaid,15.0,9.0,0.0,1973-05-07,175.26,83.91452,,Orthodox,2.72,6.17,42.0,57%,0.0,0.0,75%,0.0
2692,LOGAN CLARK,6776260cb0aef647,Logan Clark,18.0,6.0,0.0,1985-02-16,187.96,83.91452,,Orthodox,2.2,1.49,54.0,53%,0.31,100.0,30%,2.1
2693,LOGAN NAIL,47e0b5833e6bc91a,Logan Nail,0.0,0.0,0.0,1989-06-20,,,,,1.93,2.27,51.0,39%,0.0,0.0,37%,0.0
2694,LOGAN URBAN,5e23f30e9c6ed74e,Logan Urban,0.0,0.0,0.0,1994-04-22,182.88,,182.88,Orthodox,,,,,,,,
2695,LOGAN WOODS,133a9d2e6efd8a50,Logan Woods,0.0,0.0,0.0,1994-05-30,,,,,,,,,,,,
2696,LOIK RADZHABOV,8c169fbe1ac33637,Loik Radzhabov,18.0,6.0,1.0,1990-09-17,180.34,70.30676,175.26,Orthodox,2.89,3.76,44.0,46%,4.65,57.0,42,0.0
2697,LOLOHEA MAHE,fb0b6593cec84356,Lolohea Mahe,0.0,0.0,0.0,,,,,,1.71,6.92,29.0,40%,2.44,40.0,0%,0.0
2698,LOMA LOOKBOONMEE,4e30e4250cb08b61,Loma Lookboonmee,10.0,3.0,0.0,1996-01-18,154.94,52.16308,154.94,Orthodox,3.58,2.45,55.0,53%,1.76,50.0,70%,0.1
2699,LONE'ER KAVANAGH,bb2c3c3a466224af,Lone'er Kavanagh,9.0,1.0,0.0,1999-06-09,167.64,56.699,170.18,Orthodox,4.29,3.69,49.0,58%,1.79,50.0,88,0.4
2700,LOOPY GODINEZ,8e5d953bdb9ae5e7,Loopy Godinez,14.0,5.0,0.0,1993-09-06,157.48,52.16308,154.94,Orthodox,4.43,3.94,49.0,62%,2.99,42.0,76%,0.8
2701,LORENZ LARKIN,9450848a71d53776,Lorenz Larkin,18.0,6.0,0.0,1986-09-03,180.34,77.11064,182.88,Orthodox,3.53,2.74,46.0,63%,0.27,42.0,79%,0.1
2702,LORENZO HOOD,7f9abc4db2d05764,Lorenzo Hood,0.0,0.0,0.0,1989-03-02,190.5,,203.2,Southpaw,0.0,0.0,0.0,0%,0.0,0.0,0%,0.0
2703,LOSENE KEITA,5b43d68174b6e2ab,Losene Keita,0.0,0.0,0.0,1997-12-30,172.72,65.77083999999999,182.88,Orthodox,,,,,,,,
2704,LOUIE SUTHERLAND,cdb7b38b1b357f26,Louie Sutherland,0.0,0.0,0.0,1994-02-08,190.5,119.748288,193.04,Orthodox,1.81,2.03,68.0,30%,4.95,42.0,0%,0.0
2705,LOUIS COSCE,afe8d5b39ff7fca2,Louis Cosce,7.0,2.0,0.0,1995-08-27,175.26,77.11064,180.34,Orthodox,8.22,9.3,48.0,48%,1.07,11.0,0%,0.0
2706,LOUIS GAUDINOT,b72a60a0cadff408,Louis Gaudinot,8.0,4.0,0.0,1984-08-28,160.02,56.699,160.02,Orthodox,2.34,6.42,37.0,48%,0.57,40.0,31%,1.1
2707,LOUIS JAUREGUI,0e8744ded08ee5fb,Louis Jauregui,0.0,0.0,0.0,,170.18,,,,0.0,0.0,0.0,0%,0.0,0.0,0%,0.0
2708,LOUIS JOURDAIN,91cd52cb92dfdd52,Louis Jourdain,0.0,0.0,0.0,1997-03-13,175.26,,175.26,Orthodox,,,,,,,,
2709,LOUIS LEE SCOTT,4327506eb9ee342f,Louis Lee Scott,0.0,0.0,0.0,2000-02-26,172.72,,177.8,Orthodox,,,,,,,,
2710,LOUIS SMOLKA,d2bc285ead803db0,Louis Smolka,17.0,9.0,0.0,1991-07-16,175.26,61.23492,172.72,Orthodox,4.44,3.74,46.0,53%,1.84,37.0,31%,1.9
2711,LOUIS TAYLOR,49bddfee9ed54cf3,Louis Taylor,0.0,0.0,0.0,1979-05-12,180.34,,,Orthodox,2.06,1.24,32.0,68%,2.48,28.0,100%,0.0
2712,LOWELL ANDERSON,1ffc38f67785797b,Lowell Anderson,0.0,1.0,0.0,,167.64,72.57472,,Orthodox,0.0,0.0,0.0,0%,0.0,0.0,0%,0.0
2713,LU KAI,a2d23e684b3db732,Lu Kai,0.0,0.0,0.0,1994-03-01,175.26,,175.26,Orthodox,,,,,,,,
2714,LU ZHENGYONG,dc1bfd47c3b21ad3,Lu Zhengyong,0.0,0.0,0.0,,,,,,,,,,,,,
2715,LUAN CHAGAS,9ccf8371fd80d45d,Luan Chagas,15.0,3.0,1.0,1993-06-17,182.88,77.11064,190.5,Orthodox,4.16,3.19,47.0,62%,0.32,12.0,85%,0.3
2716,LUAN LACERDA,6fc506e1099afe20,Luan Lacerda,12.0,3.0,0.0,1993-01-07,170.18,61.23492,180.34,Orthodox,4.52,7.07,44.0,47%,1.26,25.0,75,0.6
2717,LUANA CAROLINA,528b071cf3da7c56,Luana Carolina,11.0,4.0,0.0,1993-06-11,167.64,61.23492,175.26,Orthodox,6.29,3.75,50.0,47%,0.0,0.0,100%,2.4
2718,LUANA PINHEIRO,a3a542074109b347,Luana Pinheiro,11.0,5.0,0.0,1992-11-18,157.48,52.16308,157.48,Orthodox,3.57,1.43,40.0,78%,0.0,0.0,0%,0.0
2719,LUANA SANTOS,5078e1dacf9d25f4,Luana Santos,9.0,2.0,0.0,2000-04-16,167.64,61.23492,170.18,Orthodox,2.53,2.45,53.0,64%,2.14,37.0,85%,1.0
2720,LUC BONDOLE,8691881b31c16b88,Luc Bondole,0.0,0.0,0.0,1982-07-02,187.96,,,,3.35,2.04,51.0,62%,0.0,0.0,0%,1.8
2721,LUCAS ALEXANDER,11583163f45c7b31,Lucas Alexander,8.0,5.0,0.0,1995-07-28,180.34,65.77083999999999,185.42,Orthodox,4.69,2.87,57.0,56%,0.0,0.0,60,0.0
2722,LUCAS ALMEIDA,710f0f8c5d5c9d41,Lucas Almeida,15.0,4.0,0.0,1991-01-31,180.34,65.77083999999999,180.34,Orthodox,4.94,5.04,39.0,44%,0.0,0.0,53,0.0
2723,LUCAS BRENNAN,33a8708747b7f943,Lucas Brennan,0.0,0.0,0.0,2000-06-03,177.8,70.30676,182.88,Southpaw,0.6,2.2,25.0,52%,0.0,0.0,33%,1.0
2724,LUCAS CALDAS,8661578c8bb80f51,Lucas Caldas,0.0,0.0,0.0,1996-05-22,,,,Orthodox,,,,,,,,
2725,LUCAS CAMACHO,71d25689f70e4036,Lucas Camacho,0.0,0.0,0.0,1992-12-15,193.04,,203.2,Orthodox,,,,,,,,
2726,LUCAS FERNANDO,3df223aeaacecf3f,Lucas Fernando,0.0,0.0,0.0,1997-01-10,190.5,,203.2,,,,,,,,,
2727,LUCAS GAMAZA,289a3b69b85da7cd,Lucas Gamaza,0.0,0.0,0.0,,,,,,7.57,6.99,31.0,45%,0.0,0.0,0%,0.0
2728,LUCAS LOPES,1f70dd67ad507990,Lucas Lopes,0.0,0.0,0.0,1979-10-05,187.96,,,,0.0,0.0,0.0,0%,0.0,0.0,0%,0.0
2729,LUCAS MARTINS,7413b80dbb0f8f9f,Lucas Martins,19.0,3.0,0.0,1988-11-11,182.88,65.77083999999999,182.88,Southpaw,2.87,4.14,35.0,60%,0.0,0.0,76%,0.5
2730,LUCAS ROCHA,e0d3d9b564f95635,Lucas Rocha,17.0,2.0,0.0,2000-08-12,160.02,56.699,162.56,Orthodox,2.0,4.48,44.0,39%,0.0,0.0,61,0.0
2731,LUCAS STARK,93e4754d0984c82f,Lucas Stark,0.0,0.0,0.0,,,,,,1.6,3.2,25.0,66%,12.0,100.0,0%,0.0
2732,LUCASZ SUDOLSKI,b160e4f251283d70,Lucasz Sudolski,0.0,0.0,0.0,1993-06-15,193.04,,190.5,Orthodox,,,,,,,,
2733,LUCIANO AZEVEDO,9bcfb40dbcd50568,Luciano Azevedo,0.0,0.0,0.0,1981-06-25,190.5,,,Orthodox,0.76,1.97,45.0,27%,2.28,11.0,0%,0.0
2734,LUCIANO PEREIRA,d7ee49bf3c779fa6,Luciano Pereira,0.0,0.0,0.0,2001-01-09,,,,Orthodox,,,,,,,,
2735,LUCIE PUDILOVA,3cf66c62d9069f43,Lucie Pudilova,14.0,10.0,0.0,1994-06-13,172.72,56.699,170.18,Orthodox,4.15,4.09,36.0,52%,0.16,12.0,61%,0.6
2736,LUCIO LINHARES,a780d16cf7eed44d,Lucio Linhares,19.0,8.0,0.0,1973-12-08,187.96,83.91452,,Orthodox,0.99,3.47,22.0,34%,1.86,50.0,50%,1.9
2737,LUCREZIA RIA,042cc07ad5a53a33,Lucrezia Ria,0.0,0.0,0.0,1992-06-24,167.64,,,Orthodox,4.07,4.4,46.0,45%,1.0,33.0,0%,0.0
2738,LUDOVIT KLEIN,5b86d491d63890c5,Ludovit Klein,23.0,5.0,1.0,1995-02-22,170.18,70.30676,182.88,Southpaw,7.11,3.16,69.0,42%,0.0,0.0,0%,0.0
2739,LUIGI FIORAVANTI,9583662df31d943f,Luigi Fioravanti,26.0,15.0,0.0,1981-01-22,172.72,77.11064,177.8,Orthodox,2.23,2.21,42.0,69%,3.76,63.0,67%,0.9
2740,LUIGI VENDRAMINI,2f1a257d6777096d,Luigi Vendramini,9.0,3.0,0.0,1996-01-16,172.72,70.30676,185.42,Orthodox,2.26,2.26,42.0,59%,0.0,0.0,0%,2.0
2741,LUIS FELIPE DIAS,33a86e839ad202d8,Luis Felipe Dias,0.0,0.0,0.0,1995-01-17,184.14999999999998,83.91452,187.96,,2.86,2.71,45.0,55%,4.52,57.0,66%,1.1
2742,LUIS GOMEZ,513e84bfe65ff509,Luis Gomez,0.0,0.0,0.0,1995-01-28,170.18,,172.72,Orthodox,1.57,4.03,33.0,55%,4.48,50.0,33%,0.0
2743,LUIS GURULE,29162be25ebef5f0,Luis Gurule,10.0,1.0,0.0,1993-11-16,165.1,56.699,162.56,Orthodox,5.44,5.35,43.0,57%,0.64,15.0,60%,0.2
2744,LUIS HENRIQUE,e5bda12faabfc850,Luis Henrique,10.0,5.0,0.0,1993-08-21,187.96,110.222856,187.96,Orthodox,1.81,2.22,43.0,47%,3.09,36.0,50%,1.0
2745,LUIS MENDOZA,28200bc87367614f,Luis Mendoza,0.0,0.0,0.0,,,,,,0.0,0.0,0.0,0%,0.0,0.0,0%,0.0
2746,LUIS PAJUELO,e530df53922f413e,Luis Pajuelo,8.0,2.0,0.0,1994-12-18,177.8,65.77083999999999,175.26,Orthodox,6.03,8.2,57.0,52%,0.0,0.0,66,0.0
2747,LUIS PENA,2844b047183a1adb,Luis Pena,9.0,3.0,0.0,1993-07-05,190.5,70.30676,190.5,Southpaw,3.26,2.74,47.0,50%,1.37,33.0,45%,1.4
2748,LUIS RAMOS,7bc475b0fc2020ab,Luis Ramos,20.0,10.0,2.0,1981-01-18,172.72,77.11064,,Orthodox,2.4,5.6,35.0,42%,1.5,20.0,100%,0.0
2749,LUIS RODRIGUEZ,6e27525af778d89a,Luis Rodriguez,0.0,0.0,0.0,1999-05-07,,,165.1,Orthodox,1.27,3.2,37.0,54%,2.0,50.0,100%,2.0
2750,LUIS SALDANA,12e0fdc606f7e274,Luis Saldana,16.0,7.0,1.0,1991-01-27,180.34,65.77083999999999,185.42,Orthodox,7.17,1.21,59.0,78%,0.0,0.0,0%,0.0
2751,LUIS SANTOS,7701377be464d2ef,Luis Santos,0.0,0.0,0.0,1980-01-02,185.42,,,Southpaw,4.4,4.0,57.0,64%,0.0,0.0,0%,0.0
2752,LUIZ AZEREDO,063649e21bc9d6d5,Luiz Azeredo,0.0,0.0,0.0,1976-06-10,175.26,,,Orthodox,2.16,2.76,39.0,57%,1.07,50.0,45%,0.3
2753,LUIZ CANE,24b033b3daf1c9df,Luiz Cane,17.0,7.0,0.0,1981-04-24,187.96,83.91452,195.58,Southpaw,4.79,5.0,41.0,60%,0.56,28.0,100%,0.3
2754,LUIZ DUTRA,2153a7f8396a46cc,Luiz Dutra,13.0,6.0,1.0,1982-05-06,180.34,77.11064,,Orthodox,3.92,4.8,50.0,41%,0.0,0.0,100%,0.0
2755,LUIZ FIRMINO,16d09e800ad7ec79,Luiz Firmino,0.0,0.0,0.0,1982-03-18,167.64,,,Orthodox,1.23,1.22,50.0,51%,3.86,45.0,20%,0.9
2756,LUKASZ BRZESKI,0c25d0a5e8cdbf19,Lukasz Brzeski,9.0,7.0,1.0,1992-05-17,190.5,107.047712,198.12,Orthodox,4.9,3.65,50.0,54%,0.41,33.0,35,0.4
2757,LUKASZ LES,5a8e30ed38a5bc6f,Lukasz Les,0.0,0.0,0.0,1981-11-05,,,,,0.0,0.0,0.0,0%,0.0,0.0,0%,0.0
2758,LUKASZ SAJEWSKI,fb41432b622992a9,Lukasz Sajewski,13.0,3.0,0.0,1990-11-27,172.72,70.30676,180.34,Orthodox,2.06,3.88,35.0,57%,1.01,25.0,66%,0.0
2759,LUKE BARNATT,172c2135e70f87b7,Luke Barnatt,13.0,4.0,0.0,1988-04-13,198.12,83.91452,195.58,Orthodox,4.43,3.87,36.0,59%,0.63,42.0,63%,0.4
2760,LUKE CAUDILLO,68d76fd9ecf7431d,Luke Caudillo,17.0,17.0,0.0,1980-11-30,170.18,70.30676,,Orthodox,1.97,5.07,28.0,55%,0.44,20.0,85%,0.0
2761,LUKE CUMMO,93ce4ac89e3d7652,Luke Cummo,6.0,6.0,0.0,1980-04-27,182.88,77.11064,187.96,Orthodox,1.74,1.5,43.0,59%,0.89,55.0,42%,1.4
2762,LUKE FERNANDEZ,d62e280d0f7b6d6f,Luke Fernandez,0.0,0.0,0.0,1995-06-29,187.96,92.98636,,Orthodox,,,,,,,,
2763,LUKE FLORES,b5f44dcb863f595b,Luke Flores,0.0,0.0,0.0,1988-03-17,182.88,,185.42,Southpaw,1.56,1.88,44.0,60%,0.0,0.0,40%,1.2
2764,LUKE HARTWIG,34f3869747bf8fa9,Luke Hartwig,0.0,0.0,0.0,,,,,,0.0,0.0,0.0,0%,0.0,0.0,0%,0.0
2765,LUKE JUMEAU,4c288a2b250bb576,Luke Jumeau,13.0,5.0,0.0,1988-02-12,180.34,77.11064,182.88,Orthodox,2.93,3.17,43.0,58%,0.25,100.0,86%,0.0
2766,LUKE RILEY,b1de86d835638319,Luke Riley,0.0,0.0,0.0,1999-06-30,175.26,65.77083999999999,,,,,,,,,,
2767,LUKE ROCKHOLD,00e11b5c8b7bfeeb,Luke Rockhold,16.0,6.0,0.0,1984-10-17,190.5,83.91452,195.58,Southpaw,4.18,2.43,48.0,56%,0.67,30.0,68%,1.1
2768,LUKE SANDERS,96428b9e9bd048ea,Luke Sanders,13.0,5.0,0.0,1985-12-12,167.64,61.23492,170.18,Southpaw,6.21,4.11,51.0,53%,0.31,20.0,66%,0.3
2769,LUKE STEWART,27b1a406ac171b19,Luke Stewart,0.0,0.0,0.0,,180.34,,,Orthodox,3.75,2.34,56.0,53%,3.75,33.0,50%,1.9
2770,LUKE ZACHRICH,2284092f8b63273b,Luke Zachrich,14.0,4.0,0.0,1981-12-19,187.96,83.91452,187.96,Orthodox,4.56,4.46,32.0,62%,0.74,33.0,80%,0.0
2771,LUMUMBA SAYERS,402ea3b5ee233852,Lumumba Sayers,0.0,0.0,0.0,1978-06-30,182.88,,,,2.54,2.37,41.0,48%,7.63,75.0,0%,2.5
2772,LV ZHENHONG,5a4913108a3b9190,Lv Zhenhong,0.0,0.0,0.0,1993-06-25,172.72,,170.18,Switch,0.0,0.0,0.0,0%,0.0,0.0,0%,0.0
2773,LYLE BEERBOHM,babc6b5745335f18,Lyle Beerbohm,0.0,0.0,0.0,1979-02-05,177.8,,,Southpaw,1.98,1.61,55.0,54%,2.1,23.0,64%,0.3
2774,LYMAN GOOD,4e0692ad070976e4,Lyman Good,21.0,6.0,0.0,1985-05-26,182.88,77.11064,187.96,Orthodox,5.34,4.01,48.0,63%,0.27,100.0,75%,0.0
2775,LYOTO MACHIDA,f7a7f7118d4b01b6,Lyoto Machida,24.0,8.0,0.0,1978-05-30,185.42,83.91452,187.96,Southpaw,2.59,1.57,53.0,61%,1.21,65.0,75%,0.4
2776,MABELLY LIMA,6135fd9665fbb74e,Mabelly Lima,0.0,0.0,0.0,1994-01-25,157.48,,,Orthodox,3.07,5.67,63.0,44%,0.0,0.0,100%,0.0
2777,MAC DANZIG,86f582852a5b240a,Mac Danzig,21.0,12.0,1.0,1980-01-02,172.72,70.30676,177.8,Orthodox,3.39,3.44,48.0,57%,1.2,37.0,46%,0.6
2778,MACHI FUKUDA,42189c98d434a413,Machi Fukuda,0.0,0.0,0.0,2003-06-03,,,,,,,,,,,,
2779,MACIEJ JEWTUSZKO,6b5b9be990774f0e,Maciej Jewtuszko,12.0,3.0,0.0,1981-01-31,182.88,70.30676,,Southpaw,2.29,1.39,45.0,66%,0.0,0.0,42%,0.9
2780,MACK BREWER,106a925d947a0de9,Mack Brewer,0.0,0.0,0.0,,,,,,0.0,6.67,0.0,36%,0.0,0.0,0%,0.0
2781,MACKENS SEMERZIER,51b1e2fd9872005b,Mackens Semerzier,8.0,4.0,0.0,1980-11-03,175.26,65.77083999999999,182.88,Orthodox,2.91,3.48,45.0,46%,2.14,50.0,50%,2.1
2782,MACKENZIE DERN,7447e9f28508106a,Mackenzie Dern,15.0,5.0,0.0,1993-03-24,162.56,52.16308,160.02,Orthodox,3.74,3.81,38.0,61%,0.28,5.0,0%,2.2
2783,MACKSOM LEE,9fd299c8356cbf0f,Macksom Lee,0.0,0.0,0.0,1999-01-06,185.42,,190.5,Orthodox,,,,,,,,
2784,MACY CHIASSON,9cdd2da1a9104a0b,Macy Chiasson,11.0,4.0,0.0,1991-07-27,180.34,61.23492,182.88,Orthodox,4.16,2.17,49.0,46%,0.98,21.0,64%,0.5
2785,MADS BURNELL,69f01b25dfabaf6b,Mads Burnell,9.0,3.0,0.0,1994-03-06,172.72,65.77083999999999,175.26,Orthodox,1.28,2.71,41.0,51%,3.45,47.0,22%,0.4
2786,MAGNO ALMEIDA,d615d6a10a4704cd,Magno Almeida,0.0,0.0,0.0,1985-06-06,182.88,,,,1.67,2.6,36.0,41%,0.0,0.0,40%,5.0
2787,MAGNO DIAS,270e84d8174721d2,Magno Dias,0.0,0.0,0.0,1995-11-30,165.1,,170.18,,,,,,,,,
2788,MAGNUS CEDENBLAD,0e21976afc92e4d1,Magnus Cedenblad,14.0,5.0,0.0,1982-04-10,195.58,83.91452,200.66,Orthodox,2.38,3.02,51.0,40%,2.87,64.0,66%,1.0
2789,MAGOMED ANKALAEV,d802174b0c0c1f4e,Magomed Ankalaev,21.0,1.0,1.0,1992-06-02,190.5,92.98636,190.5,Orthodox,3.41,1.78,53.0,65%,1.18,33.0,85%,0.0
2790,MAGOMED GADZHIYASULOV,6e344b71421103da,Magomed Gadzhiyasulov,9.0,1.0,0.0,1993-11-04,187.96,92.98636,190.5,Orthodox,2.89,1.64,49.0,62%,3.67,73.0,61,0.0
2791,MAGOMED MUSTAFAEV,31d7446b184e3305,Magomed Mustafaev,14.0,4.0,0.0,1988-08-02,172.72,70.30676,180.34,Orthodox,2.59,2.68,58.0,41%,3.31,50.0,23%,0.4
2792,MAGOMED SULTANAKHMEDOV,fe1fdc6be470f773,Magomed Sultanakhmedov,0.0,0.0,0.0,,187.96,,,Southpaw,0.0,2.4,0.0,42%,9.0,100.0,0%,9.0
2793,MAGOMED TUCHALOV,bc5a51159ec2fdf2,Magomed Tuchalov,0.0,0.0,0.0,1999-12-30,,,,,,,,,,,,
2794,MAGOMED ZAYNUKOV,04ff3a711504d6b3,Magomed Zaynukov,0.0,0.0,0.0,1995-01-02,,,,Orthodox,,,,,,,,
2795,MAHAMED ALY,86c1441676af2c73,Mahamed Aly,0.0,0.0,0.0,1994-01-11,187.96,,198.12,Orthodox,,,,,,,,
2796,MAHESHATE,8c1ca54b5089d199,Maheshate,10.0,5.0,0.0,1999-12-01,182.88,70.30676,180.34,Orthodox,3.96,5.96,31.0,51%,0.0,0.0,47,0.0
2797,MAIA STEVENSON,2fee10d5cf86bfca,Maia Stevenson,6.0,5.0,0.0,1982-03-19,162.56,52.16308,157.48,Orthodox,1.57,3.13,54.0,33%,3.91,100.0,50%,0.0
2798,MAIARA AMANAJAS DOS SANTOS,247fbbfafea60bb1,Maiara Amanajas dos Santos,0.0,0.0,0.0,1987-07-11,165.1,,,Southpaw,5.53,24.47,35.0,33%,0.0,0.0,100%,0.0
2799,MAIJU KUJALA,4e77d070239699e2,Maiju Kujala,0.0,0.0,0.0,,,,,,2.5,5.5,40.0,36%,0.0,0.0,50%,0.0
2800,MAIMAITITUOHETI KEREMUAILI,772022b989534f0d,Maimaitituoheti Keremuaili,0.0,0.0,0.0,1991-03-18,167.64,,167.64,Orthodox,,,,,,,,
2801,MAIQUEL FALCAO,d58478ded5534695,Maiquel Falcao,37.0,10.0,0.0,1981-03-08,180.34,83.91452,,Orthodox,1.67,0.53,55.0,86%,1.0,100.0,71%,3.0
2802,MAIRBEK TAISUMOV,8f5c8850b2484173,Mairbek Taisumov,27.0,6.0,0.0,1988-08-08,175.26,70.30676,185.42,Orthodox,2.98,3.03,39.0,64%,1.34,63.0,88%,0.0
2803,MAIRON SANTOS,480779d7f9a424d3,Mairon Santos,17.0,1.0,0.0,2000-06-10,170.18,70.30676,182.88,Orthodox,3.53,2.38,46.0,66%,0.0,0.0,50,0.0
2804,MAKA WATSON,a31dfd9e8b2dc6ca,Maka Watson,0.0,0.0,0.0,1984-09-22,,,,,0.93,1.6,37.0,22%,2.0,100.0,33%,0.0
2805,MAKHMUD MURADOV,ea7e5bc78d9de658,Makhmud Muradov,26.0,8.0,0.0,1990-02-08,187.96,83.91452,190.5,Orthodox,5.32,2.92,42.0,64%,0.36,16.0,100%,0.4
2806,MAKI PITOLO,c549573c0df4d676,Maki Pitolo,13.0,9.0,0.0,1990-11-24,177.8,83.91452,190.5,Orthodox,4.2,3.71,44.0,56%,2.42,52.0,55%,0.5
2807,MAKOTO TAKIMOTO,a7724f51e32e763e,Makoto Takimoto,0.0,0.0,0.0,1979-12-08,170.18,,,Southpaw,1.37,1.71,39.0,55%,1.48,50.0,25%,1.1
2808,MAKWAN AMIRKHANI,87a1dc546b1c5caf,Makwan Amirkhani,17.0,9.0,0.0,1988-11-08,177.8,65.77083999999999,182.88,Southpaw,1.42,2.63,44.0,51%,3.37,37.0,57%,1.4
2809,MAL FOKI,fa534853eb195270,Mal Foki,0.0,0.0,0.0,1976-03-16,170.18,,,Orthodox,2.86,14.29,14.0,54%,0.0,0.0,0%,0.0
2810,MALCOLM GORDON,dee294e9717012c2,Malcolm Gordon,14.0,8.0,0.0,1990-05-19,170.18,56.699,180.34,Switch,0.55,3.87,13.0,54%,0.0,0.0,0%,0.0
2811,MALCOLM WELLMAKER,2e45d08b3f2f02c8,Malcolm Wellmaker,10.0,0.0,0.0,1994-06-04,177.8,61.23492,180.34,Switch,4.58,4.23,55.0,52%,0.0,0.0,46%,0.0
2812,MALIK LEWIS,f60dbe6e05489c4f,Malik Lewis,0.0,0.0,0.0,1996-03-04,182.88,,190.5,Orthodox,,,,,,,,
2813,MALLORY MARTIN,19b7738321cfae42,Mallory Martin,7.0,5.0,0.0,1994-01-29,162.56,52.16308,160.02,Orthodox,3.99,5.53,59.0,58%,3.37,63.0,25%,0.5
2814,MANA MARTINEZ,c0386644627a7ee5,Mana Martinez,10.0,4.0,0.0,1996-03-25,177.8,61.23492,177.8,Orthodox,2.11,1.27,62.0,50%,0.0,0.0,0%,6.3
2815,MANDEL NALLO,8f4528c10bd34fab,Mandel Nallo,0.0,0.0,0.0,1989-07-26,182.88,70.30676,190.5,Orthodox,8.26,5.03,58.0,54%,0.0,0.0,100%,0.0
2816,MANDO GUTIERREZ,5f33ae0620e050c5,Mando Gutierrez,0.0,0.0,0.0,1997-02-24,167.64,,177.8,Southpaw,,,,,,,,
2817,MANDY BOHM,297a2b35444c245b,Mandy Bohm,8.0,2.0,0.0,1989-07-30,170.18,56.699,180.34,Orthodox,2.51,3.24,45.0,60%,0.72,18.0,75,0.7
2818,MANEL KAPE,5d1b7e3dd9e11074,Manel Kape,21.0,7.0,0.0,1993-11-14,165.1,56.699,172.72,Southpaw,4.68,3.88,55.0,57%,0.36,30.0,78%,0.2
2819,MANNY BERMUDEZ,2dc1bc1a02961656,Manny Bermudez,14.0,2.0,0.0,1994-07-16,177.8,65.77083999999999,180.34,Orthodox,2.92,2.68,61.0,46%,3.06,54.0,0%,3.1
2820,MANNY TAPIA,0eec866a077889f0,Manny Tapia,0.0,0.0,0.0,1981-03-14,165.1,,170.18,Orthodox,2.69,4.74,21.0,58%,0.49,40.0,66%,0.2
2821,MANNY VAZQUEZ,8d4d25fd9218860b,Manny Vazquez,0.0,0.0,0.0,1993-11-19,177.8,,182.88,Orthodox,1.47,2.67,41.0,48%,1.0,33.0,0%,1.0
2822,MANOEL SOUSA,5870c541798124ae,Manoel Sousa,0.0,0.0,0.0,1997-06-04,175.26,70.30676,177.8,Orthodox,,,,,,,,
2823,MANOLO ZECCHINI,fd7ab338e4953644,Manolo Zecchini,11.0,4.0,0.0,1996-10-22,172.72,65.77083999999999,172.72,Orthodox,3.72,12.82,28.0,45%,0.0,0.0,0%,0.0
2824,MANON FIOROT,34ff304266360297,Manon Fiorot,12.0,2.0,0.0,1990-02-17,170.18,56.699,165.1,Orthodox,5.8,1.86,53.0,79%,1.64,100.0,100%,0.0
2825,MANSHER KHERA,4bbd1e5c77ef3c2f,Mansher Khera,0.0,0.0,0.0,1992-04-15,177.8,,172.72,Orthodox,,,,,,,,
2826,MANSUR ABDUL-MALIK,841695e02c99a521,Mansur Abdul-Malik,8.0,0.0,1.0,1997-10-07,187.96,83.91452,203.2,Orthodox,4.27,3.49,48.0,51%,0.49,33.0,82,0.0
2827,MANTAS KONDRATAVICIUS,3cc506f115cbb9d5,Mantas Kondratavicius,0.0,0.0,0.0,1999-07-17,187.96,83.91452,190.5,Orthodox,,,,,,,,
2828,MANUEL EXPOSITO,a1cb266d7f44f35f,Manuel Exposito,0.0,0.0,0.0,2000-05-09,170.18,,172.72,Orthodox,,,,,,,,
2829,MANUEL GAXHJA,618643d0d5c0631d,Manuel Gaxhja,0.0,0.0,0.0,1997-07-23,172.72,,,Switch,,,,,,,,
2830,MANUEL RODRIGUEZ,5a6e4d2f0c76a242,Manuel Rodriguez,11.0,5.0,0.0,1985-04-25,175.26,77.11064,,Orthodox,0.81,3.23,33.0,38%,9.09,75.0,0%,0.0
2831,MANUEL TORRES,2e7878927067fdca,Manuel Torres,16.0,3.0,0.0,1995-03-25,177.8,70.30676,185.42,Switch,6.57,4.24,56.0,50%,1.32,66.0,76%,0.7
2832,MANVEL GAMBURYAN,cc6f9d1e89f3449a,Manvel Gamburyan,15.0,10.0,0.0,1981-05-08,165.1,61.23492,170.18,Orthodox,2.13,2.83,41.0,55%,3.26,34.0,69%,0.7
2833,MARA ROMERO BORELLA,82cbb809d5ee565c,Mara Romero Borella,12.0,9.0,0.0,1986-06-03,167.64,56.699,175.26,Orthodox,2.54,2.48,37.0,71%,1.83,44.0,66%,0.2
2834,MARC COFER,e90d9d0681270953,Marc Cofer,0.0,0.0,0.0,1972-03-03,,,,,0.0,0.0,0.0,0%,0.0,0.0,0%,0.0
2835,MARC DIAKIESE,32c355b04fc57f3a,Marc Diakiese,17.0,7.0,0.0,1993-03-16,177.8,70.30676,185.42,Orthodox,3.08,2.79,39.0,54%,2.16,36.0,62%,0.0
2836,MARC STEVENS,310c4d4b2b32796b,Marc Stevens,0.0,0.0,0.0,1985-05-28,175.26,,,,0.45,1.79,26.0,46%,0.0,0.0,0%,0.0
2837,MARC-ANDRE BARRIAULT,8e9eb3fc86db0f7d,Marc-Andre Barriault,17.0,10.0,0.0,1990-02-18,185.42,83.91452,187.96,Orthodox,4.25,4.12,46.0,57%,0.55,28.0,69%,0.0
2838,MARCEL FORTUNA,d761b3766e38c5db,Marcel Fortuna,9.0,3.0,0.0,1985-10-22,185.42,92.98636,187.96,Orthodox,3.83,4.52,46.0,64%,0.45,8.0,75%,0.5
2839,MARCELO AGUIAR,44aa652b181bcf68,Marcelo Aguiar,2.0,3.0,1.0,1969-01-20,177.8,77.11064,,Orthodox,0.0,0.0,0.0,0%,0.0,0.0,0%,0.0
2840,MARCELO BRITO,3a97fda0de6f1fa4,Marcelo Brito,0.0,0.0,0.0,1977-11-27,185.42,,,Orthodox,0.6,3.53,20.0,55%,0.0,0.0,50%,0.0
2841,MARCELO GOLM,ac29d508d78384c9,Marcelo Golm,6.0,3.0,0.0,1992-09-15,190.5,112.944408,190.5,Orthodox,4.27,4.3,58.0,45%,0.45,50.0,87%,0.5
2842,MARCELO GUIMARAES,0c9c0a43d3f3f49d,Marcelo Guimaraes,9.0,2.0,1.0,1983-06-25,182.88,83.91452,185.42,Orthodox,4.67,4.41,51.0,62%,1.99,13.0,0%,0.0
2843,MARCELO MELLO,672ef06fd9f41f7d,Marcelo Mello,1.0,0.0,0.0,,170.18,77.11064,,Southpaw,0.0,0.0,0.0,0%,0.0,0.0,0%,0.0
2844,MARCELO ROJO,2804ce8dadab5770,Marcelo Rojo,16.0,10.0,0.0,1988-07-02,172.72,65.77083999999999,180.34,Orthodox,5.1,7.3,36.0,51%,1.03,50.0,100%,0.0
2845,MARCIN BANDEL,5c2ce761399dc9c5,Marcin Bandel,15.0,7.0,0.0,1989-10-10,177.8,70.30676,,Orthodox,0.79,5.26,50.0,23%,0.0,0.0,0%,0.0
2846,MARCIN HELD,bf43fed8f29e1671,Marcin Held,23.0,7.0,0.0,1992-01-18,175.26,70.30676,180.34,Orthodox,1.41,2.02,34.0,47%,2.46,46.0,37%,1.3
2847,MARCIN PRACHNIO,6370c1c1e12723d5,Marcin Prachnio,17.0,9.0,0.0,1988-07-14,190.5,92.98636,185.42,Orthodox,5.4,3.71,47.0,58%,0.0,0.0,0%,0.0
2848,MARCIN TYBURA,c9cf753cfdf77fc2,Marcin Tybura,27.0,10.0,0.0,1985-11-09,190.5,111.583632,198.12,Orthodox,3.7,3.25,50.0,56%,1.62,45.0,82%,0.1
2849,MARCIN WRZOSEK,aac6edb0d5e0b7e9,Marcin Wrzosek,12.0,4.0,0.0,1987-10-14,175.26,70.30676,,,3.47,4.07,43.0,43%,3.0,25.0,33%,0.0
2850,MARCIO ALEXANDRE JUNIOR,d53482bef23235ba,Marcio Alexandre Junior,17.0,4.0,0.0,1989-05-05,182.88,83.91452,190.5,Southpaw,1.61,2.89,45.0,42%,0.35,20.0,66%,0.7
2851,MARCIO BARBOSA,c85bad793cd14e28,Marcio Barbosa,0.0,0.0,0.0,1998-05-22,167.64,65.77083999999999,177.8,Orthodox,7.01,6.65,47.0,52%,0.0,0.0,100%,0.0
2852,MARCIO CRUZ,6aa1cbc1466e9a0b,Marcio Cruz,8.0,3.0,0.0,1978-04-24,193.04,105.233344,,Orthodox,2.92,1.51,46.0,68%,0.53,7.0,37%,1.6
2853,MARCIO NAVARRO,52f7d300738961ac,Marcio Navarro,0.0,0.0,0.0,1978-09-17,182.88,,,,0.0,0.0,0.0,0%,0.0,0.0,0%,0.0
2854,MARCO BELTRAN,ec71a892fada28c7,Marco Beltran,8.0,6.0,0.0,1986-05-18,172.72,56.699,175.26,Orthodox,2.07,1.93,37.0,63%,0.7,50.0,46%,0.2
2855,MARCO POLO REYES,edd02825c29028fe,Marco Polo Reyes,8.0,7.0,0.0,1984-11-07,180.34,70.30676,180.34,Orthodox,6.0,5.52,37.0,59%,0.0,0.0,46%,0.0
2856,MARCO RUAS,597db668b01c442c,Marco Ruas,9.0,4.0,2.0,1961-01-23,185.42,95.25431999999999,,Orthodox,0.0,0.0,0.0,0%,0.0,0.0,0%,0.0
2857,MARCO TULIO,9384e71bca6c409d,Marco Tulio,14.0,1.0,0.0,1994-06-13,182.88,83.91452,187.96,Orthodox,6.02,2.97,53.0,56%,1.05,26.0,0%,0.3
2858,MARCOS BONILLA,d311fbefff44a39b,Marcos Bonilla,0.0,0.0,0.0,1985-07-17,177.8,,,,0.47,0.47,12.0,94%,0.0,0.0,0%,0.0
2859,MARCOS BRIGAGAO,11547e29f253fb89,Marcos Brigagao,0.0,0.0,0.0,1996-04-01,190.5,,193.04,Southpaw,3.07,3.27,43.0,25%,0.0,0.0,36%,0.0
2860,MARCOS CONRADO JR.,d450769115a193c2,Marcos Conrado Jr.,0.0,0.0,0.0,1982-03-14,187.96,,,Orthodox,1.6,9.69,34.0,35%,1.84,14.0,0%,0.0
2861,MARCOS DA MATTA,3b6d84343579fd33,Marcos da Matta,0.0,0.0,0.0,1973-03-18,162.56,,,,0.0,0.0,0.0,0%,0.0,0.0,0%,0.0
2862,MARCOS GALVAO,e15d0a2519d6a0b5,Marcos Galvao,0.0,0.0,0.0,1981-06-23,170.18,,,Orthodox,1.97,3.86,32.0,61%,2.27,28.0,88%,1.1
2863,MARCOS MARIANO,72e5e5a6edfa8223,Marcos Mariano,6.0,6.0,0.0,1986-10-12,185.42,70.30676,193.04,Switch,0.25,2.11,27.0,43%,0.0,0.0,28%,0.0
2864,MARCOS ROGERIO DE LIMA,ab943cd2c3c17825,Marcos Rogerio de Lima,22.0,10.0,1.0,1985-06-25,185.42,114.758776,190.5,Orthodox,3.78,2.53,54.0,54%,0.71,60.0,43%,0.7
2865,MARCOS VINICIUS,e363b21261814830,Marcos Vinicius,23.0,11.0,1.0,1979-12-05,175.26,56.699,,Orthodox,1.93,2.91,49.0,47%,0.0,0.0,25%,0.5
2866,MARCUS AURELIO,04643fd03d9159cc,Marcus Aurelio,22.0,10.0,0.0,1973-08-18,177.8,70.30676,187.96,Orthodox,1.42,2.27,33.0,59%,1.69,27.0,27%,1.3
2867,MARCUS BOSSETT,e8fb8e53bc2e29d6,Marcus Bossett,1.0,3.0,0.0,,185.42,97.52228,,Orthodox,0.0,0.0,0.0,0%,0.0,0.0,0%,0.0
2868,MARCUS BRIMAGE,81801f57bd0a7c41,Marcus Brimage,7.0,7.0,0.0,1985-04-06,162.56,61.23492,180.34,Southpaw,3.97,3.64,35.0,56%,0.56,100.0,80%,0.0
2869,MARCUS BUCHECHA,095854a135e6db55,Marcus Buchecha,5.0,2.0,0.0,1990-01-08,187.96,115.66596,195.58,Orthodox,1.59,2.15,50.0,50%,2.02,16.0,0%,0.4
2870,MARCUS DAVIS,b7d524c77c27389b,Marcus Davis,22.0,11.0,0.0,1973-08-24,177.8,77.11064,177.8,Southpaw,2.72,2.79,39.0,65%,1.6,48.0,47%,1.4
2871,MARCUS HICKS,e69c5ce12f4e762b,Marcus Hicks,0.0,0.0,0.0,1975-11-25,167.64,,162.56,Southpaw,1.42,3.06,43.0,61%,2.7,53.0,25%,4.0
2872,MARCUS JONES,8fa2b06572365321,Marcus Jones,4.0,2.0,0.0,1973-08-15,198.12,120.20188,,Orthodox,1.94,2.71,52.0,58%,8.71,75.0,0%,2.9
2873,MARCUS KOWAL,ad0e42800a0d8977,Marcus Kowal,0.0,0.0,0.0,1977-03-29,,,,,0.0,0.0,0.0,0%,0.0,0.0,0%,0.0
2874,MARCUS LEVESSEUR,182f2b78582de3d8,Marcus LeVesseur,22.0,7.0,0.0,1982-07-17,175.26,70.30676,177.8,Southpaw,2.55,3.7,64.0,37%,3.89,36.0,83%,0.6
2875,MARCUS MCGHEE,c0ac37a4a1133da9,Marcus McGhee,10.0,2.0,0.0,1990-05-07,172.72,61.23492,175.26,Orthodox,5.44,3.64,43.0,56%,0.24,11.0,90%,0.2
2876,MARCUS SILVEIRA,f717b6002486f73f,Marcus Silveira,6.0,4.0,0.0,1964-12-09,190.5,109.76926399999999,,Orthodox,0.0,0.0,0.0,0%,0.0,0.0,0%,0.0
2877,MAREK BUJLO,ac0874309da489b9,Marek Bujlo,0.0,0.0,0.0,1993-10-10,190.5,120.20188,,,,,,,,,,
2878,MARIA DE OLIVEIRA NETA,f0c4519bc403cff3,Maria De Oliveira Neta,0.0,0.0,0.0,1996-12-12,,,,Orthodox,2.62,11.48,42.0,23%,0.0,0.0,0%,0.0
2879,MARIA OLIVEIRA,37d752ec41ed84bb,Maria Oliveira,13.0,7.0,0.0,1996-12-12,167.64,52.16308,175.26,Orthodox,5.03,5.76,38.0,44%,0.95,44.0,47,0.0
2880,MARIA RIOS,9ec12134b1515f12,Maria Rios,0.0,0.0,0.0,1983-05-31,165.1,,,,2.93,4.13,34.0,56%,2.0,50.0,100%,0.0
2881,MARIA SILVA,4408865b4e65e374,Maria Silva,0.0,0.0,0.0,1995-12-19,160.02,,162.56,Orthodox,,,,,,,,
2882,MARILIA SANTOS,4cb79988b2a9bd07,Marilia Santos,0.0,0.0,0.0,1992-12-12,162.56,,,Orthodox,4.4,4.07,54.0,53%,1.0,100.0,66%,1.0
2883,MARINA RODRIGUEZ,cd2c4d30c6e13b47,Marina Rodriguez,17.0,6.0,2.0,1987-04-29,167.64,52.16308,165.1,Orthodox,4.86,3.16,50.0,53%,0.36,33.0,59%,0.2
2884,MARIO BAUTISTA,bc711b6dd95c1af6,Mario Bautista,16.0,2.0,0.0,1993-07-01,175.26,61.23492,175.26,Switch,5.71,4.78,45.0,54%,0.48,33.0,70%,0.0
2885,MARIO MINGAJ,1ccaeae54725d897,Mario Mingaj,0.0,0.0,0.0,1998-10-28,,,,,,,,,,,,
2886,MARIO MIRANDA,df2bf09c99594848,Mario Miranda,14.0,7.0,0.0,1979-07-12,190.5,83.91452,187.96,Orthodox,1.96,2.46,54.0,36%,1.02,60.0,54%,0.0
2887,MARIO NETO,1209b5134401ca53,Mario Neto,13.0,5.0,0.0,,182.88,103.872568,,Orthodox,1.89,1.89,50.0,70%,2.84,100.0,0%,0.0
2888,MARIO PIAZZON,44f234a36324e6c8,Mario Piazzon,0.0,0.0,0.0,1998-04-06,175.26,,185.42,Orthodox,,,,,,,,
2889,MARIO PINTO,39d309957c5c210d,Mario Pinto,10.0,0.0,0.0,1998-03-14,195.58,120.20188,200.66,Orthodox,3.67,5.29,71.0,51%,0.0,0.0,100,0.0
2890,MARIO RIVERA,0f7210aa8d61af8d,Mario Rivera,0.0,0.0,0.0,,177.8,,,,0.0,8.41,0.0,20%,0.0,0.0,0%,0.0
2891,MARIO SOTO,cac3aaa66c20bee1,Mario Soto,0.0,0.0,0.0,1986-12-04,182.88,,,,1.43,5.23,23.0,42%,0.0,0.0,0%,0.0
2892,MARIO SOUSA,72782745eb47161a,Mario Sousa,0.0,0.0,0.0,1996-10-20,190.5,,200.66,Orthodox,,,,,,,,
2893,MARIO SOUZA,f45ee01f72b97b5f,Mario Souza,0.0,0.0,0.0,1996-10-20,,,200.66,Orthodox,3.4,0.93,60.0,54%,0.0,0.0,0%,1.0
2894,MARIO SPERRY,5f2197acaba7d5ef,Mario Sperry,0.0,0.0,0.0,1966-09-28,187.96,,,Orthodox,2.81,1.53,52.0,47%,2.09,42.0,71%,1.4
2895,MARION RENEAU,c7d297714d9ab1a4,Marion Reneau,9.0,8.0,1.0,1977-06-20,167.64,61.23492,172.72,Orthodox,3.29,3.37,41.0,61%,0.66,63.0,50%,0.8
2896,MARIUS ENACHE,e3f443e4cbc3da8f,Marius Enache,0.0,0.0,0.0,1975-10-16,180.34,,,,1.71,0.66,34.0,84%,3.94,100.0,0%,3.9
2897,MARIUS ZAROMSKIS,abcf7e55a0a9ed89,Marius Zaromskis,0.0,0.0,0.0,1980-07-30,175.26,,,Orthodox,5.02,5.93,34.0,50%,0.73,42.0,73%,0.0
2898,MARIUSZ KSIAZKIEWICZ,ab16537dd1e5e81d,Mariusz Ksiazkiewicz,0.0,0.0,0.0,1989-10-04,190.5,,190.5,Southpaw,0.93,3.4,45.0,39%,4.0,100.0,0%,2.0
2899,MARIYA AGAPOVA,a08ddd04eaffd81d,Mariya Agapova,10.0,5.0,0.0,1997-04-07,167.64,56.699,172.72,Southpaw,3.7,4.15,50.0,47%,1.23,66.0,33%,0.6
2900,MARK BOCEK,cf9d24e4bd0cf2ce,Mark Bocek,12.0,5.0,0.0,1981-10-24,172.72,70.30676,190.5,Orthodox,2.34,2.32,43.0,60%,3.65,36.0,31%,1.3
2901,MARK CHERICO,79a193111e3bc99b,Mark Cherico,0.0,0.0,0.0,1986-05-12,170.18,,175.26,Orthodox,3.69,7.37,34.0,56%,5.03,50.0,0%,0.0
2902,MARK CHOINSKI,001eb2ab0f30e7ea,Mark Choinski,8.0,1.0,0.0,1995-10-22,172.72,70.30676,175.26,Orthodox,3.87,7.33,50.0,33%,2.0,18.0,0,0.0
2903,MARK CLIMACO,60098849c703e389,Mark Climaco,0.0,0.0,0.0,1997-11-06,162.56,,165.1,Southpaw,,,,,,,,
2904,MARK COLEMAN,21b8a0f5c231096f,Mark Coleman,16.0,10.0,0.0,1964-12-20,185.42,92.98636,190.5,Orthodox,1.88,2.62,52.0,40%,3.89,40.0,50%,0.8
2905,MARK DE LA ROSA,f57dd0bfa8c17813,Mark De La Rosa,11.0,5.0,0.0,1994-08-31,167.64,61.23492,165.1,Orthodox,3.13,5.0,35.0,48%,0.54,13.0,40%,0.2
2906,MARK DICKMAN,2482ef3331a82e75,Mark Dickman,0.0,0.0,0.0,1984-07-19,175.26,,,,0.0,0.0,0.0,0%,0.0,0.0,0%,0.0
2907,MARK EDDIVA,40ff198adda94b9f,Mark Eddiva,6.0,3.0,0.0,1986-02-16,172.72,65.77083999999999,172.72,Orthodox,3.37,2.98,45.0,54%,1.45,22.0,63%,0.0
2908,MARK GODBEER,ad56b3f00ca38dfd,Mark Godbeer,13.0,4.0,0.0,1983-11-22,193.04,108.86207999999999,195.58,Orthodox,3.97,3.3,53.0,54%,0.0,0.0,28%,0.0
2909,MARK HALL,18524b46c570730b,Mark Hall,5.0,6.0,0.0,1961-03-03,182.88,86.18248,,Orthodox,0.0,0.0,0.0,0%,0.0,0.0,0%,0.0
2910,MARK HOLST,c11f50e9c1513ce9,Mark Holst,12.0,6.0,0.0,1985-08-14,182.88,70.30676,,Orthodox,0.25,1.67,19.0,47%,0.76,100.0,60%,2.3
2911,MARK HOMINICK,0a97691039c4bbfb,Mark Hominick,20.0,12.0,0.0,1982-07-22,172.72,65.77083999999999,172.72,Orthodox,4.08,4.18,42.0,69%,0.25,66.0,71%,0.9
2912,MARK HUGHES,d62bb4d84a7267ba,Mark Hughes,6.0,2.0,0.0,1973-10-13,175.26,92.98636,,Southpaw,0.9,0.4,47.0,42%,3.0,50.0,0%,4.5
2913,MARK HUNT,eef9b891edbd4604,Mark Hunt,13.0,14.0,1.0,1974-03-23,177.8,120.20188,182.88,Orthodox,2.81,2.9,43.0,51%,0.51,55.0,64%,0.2
2914,MARK KERR,a7b48e18ca27795d,Mark Kerr,15.0,11.0,0.0,1968-12-21,190.5,120.655472,,Switch,0.28,0.89,41.0,28%,2.92,77.0,0%,0.4
2915,MARK MADSEN,da0995f19b749cfa,Mark Madsen,12.0,2.0,0.0,1984-09-23,172.72,70.30676,182.88,Orthodox,2.28,2.53,42.0,46%,8.33,64.0,0%,0.0
2916,MARK MUNOZ,179f1948dc234f1f,Mark Munoz,14.0,6.0,0.0,1978-02-09,182.88,83.91452,180.34,Orthodox,3.12,2.26,51.0,57%,3.17,29.0,57%,0.6
2917,MARK ROBINSON,4604ab1de9058474,Mark Robinson,1.0,0.0,0.0,1969-12-31,182.88,120.20188,,Orthodox,0.0,5.8,0.0,13%,0.0,0.0,0%,0.0
2918,MARK SCANLON,771b60ff889661c8,Mark Scanlon,9.0,2.0,0.0,,175.26,77.11064,,Orthodox,2.2,3.33,35.0,48%,3.0,75.0,25%,2.0
2919,MARK SCHULTZ,c1684f00c626f4c0,Mark Schultz,1.0,1.0,0.0,1960-10-26,175.26,90.7184,,Orthodox,0.0,0.0,0.0,0%,0.0,0.0,0%,0.0
2920,MARK STRIEGL,ef1182eb28c17d4e,Mark Striegl,18.0,4.0,0.0,1988-06-23,172.72,65.77083999999999,177.8,Southpaw,3.53,21.18,42.0,25%,0.0,0.0,0%,0.0
2921,MARK VOLOGDIN,0e6b611451a9a7d8,Mark Vologdin,0.0,0.0,0.0,2000-04-18,177.8,61.23492,165.1,Orthodox,6.93,10.0,47.0,40%,0.5,14.0,57%,0.0
2922,MARK VORGEAS,ef0344ed552d8a22,Mark Vorgeas,0.0,0.0,0.0,,177.8,,,,3.87,4.19,32.0,51%,0.0,0.0,50%,0.8
2923,MARK WEIR,9ccdd2ce45903f34,Mark Weir,21.0,18.0,1.0,1967-09-19,187.96,83.91452,,Southpaw,1.54,2.5,56.0,38%,0.8,50.0,25%,2.4
2924,MARKO DAMIANI,6e9b5c74c0860deb,Marko Damiani,0.0,0.0,0.0,,182.88,,,,0.0,0.0,0.0,0%,0.0,0.0,0%,0.0
2925,MARKUS PEREZ,2ac4628c08ec5125,Markus Perez,12.0,5.0,0.0,1988-06-22,185.42,83.91452,185.42,Orthodox,2.6,3.72,47.0,52%,0.81,25.0,77%,1.0
2926,MARLOES COENEN,0b77a05bcbd2de74,Marloes Coenen,0.0,0.0,0.0,1981-03-31,175.26,,170.18,,2.15,1.9,51.0,67%,0.82,30.0,41%,2.5
2927,MARLON MORAES,fea79f9bc8c68769,Marlon Moraes,23.0,10.0,1.0,1988-04-26,167.64,61.23492,170.18,Orthodox,3.38,4.11,39.0,56%,1.0,41.0,66%,0.4
2928,MARLON SIMS,9eedac48b497de5a,Marlon Sims,0.0,0.0,0.0,1974-01-18,,,,,0.0,0.0,0.0,0%,0.0,0.0,0%,0.0
2929,MARLON VERA,7c7332319c14094c,Marlon Vera,23.0,10.0,1.0,1992-12-02,172.72,61.23492,177.8,Switch,3.65,3.95,49.0,52%,0.78,37.0,70%,1.1
2930,MARNIC MANN,b6203e0492a9336c,Marnic Mann,6.0,3.0,0.0,1993-03-05,152.4,52.16308,162.56,Southpaw,1.47,5.08,41.0,31%,1.9,33.0,25,0.4
2931,MARQUEL MEDEROS,e2be0c1a9b886d92,MarQuel Mederos,11.0,1.0,0.0,1996-11-30,177.8,70.30676,175.26,Orthodox,5.46,4.58,58.0,52%,0.23,8.0,82%,0.0
2932,MARQUES DANIELS,55a80a9365bc107d,Marques Daniels,0.0,0.0,0.0,,,,,,0.0,0.0,0.0,0%,0.0,0.0,0%,0.0
2933,MARTIN BRAVO,9c44f290f5726d95,Martin Bravo,11.0,3.0,0.0,1993-09-21,172.72,65.77083999999999,180.34,Southpaw,7.66,5.72,39.0,51%,2.6,35.0,85%,0.0
2934,MARTIN BUDAY,8eb046f83e82bf26,Martin Buday,16.0,2.0,0.0,1991-11-11,193.04,120.20188,195.58,Orthodox,4.39,4.49,53.0,55%,0.15,20.0,93,0.1
2935,MARTIN BUSCHKAMP,8fc30d8cebb17116,Martin Buschkamp,0.0,0.0,0.0,1991-01-06,175.26,,,Orthodox,0.0,0.0,0.0,0%,0.0,0.0,0%,0.0
2936,MARTIN DAY,ea3dcc417c322064,Martin Day,8.0,6.0,0.0,1988-11-10,177.8,65.77083999999999,185.42,Orthodox,3.97,3.79,45.0,53%,0.72,60.0,65%,0.5
2937,MARTIN KAMPMANN,8b69839f3555a67b,Martin Kampmann,20.0,7.0,0.0,1982-04-17,182.88,77.11064,182.88,Orthodox,3.22,3.28,42.0,62%,1.86,41.0,78%,2.0
2938,MARTIN SANO,16a64f93f6678b7b,Martin Sano,4.0,3.0,1.0,1991-05-30,180.34,77.11064,190.5,Orthodox,4.0,12.0,33.0,40%,0.0,0.0,0,0.0
2939,MARTIN SVENSSON,bcad7223af3c19da,Martin Svensson,15.0,6.0,0.0,1985-04-25,185.42,70.30676,,,2.02,5.91,38.0,38%,0.0,0.0,0%,0.0
2940,MARVIN EASTMAN,05866d8c3a321856,Marvin Eastman,18.0,15.0,1.0,1971-06-08,175.26,83.91452,185.42,Orthodox,2.21,3.92,35.0,42%,1.38,33.0,81%,0.0
2941,MARVIN MALDONADO,e5ce754b01f922be,Marvin Maldonado,0.0,0.0,0.0,,167.64,,,,0.87,3.47,56.0,43%,0.0,0.0,20%,0.0
2942,MARVIN VETTORI,7acbb0972e75281a,Marvin Vettori,19.0,9.0,1.0,1993-09-20,182.88,83.91452,187.96,Southpaw,4.78,3.19,45.0,66%,1.33,45.0,78%,0.8
2943,MARWAN RAHIKI,6eedb757f13b9978,Marwan Rahiki,0.0,0.0,0.0,2002-05-10,175.26,65.77083999999999,182.88,Orthodox,7.75,5.9,52.0,57%,0.0,0.0,100%,0.8
2944,MARYNA MOROZ,b4192a975027aab6,Maryna Moroz,11.0,6.0,0.0,1991-09-08,170.18,56.699,170.18,Orthodox,4.09,4.15,31.0,53%,0.56,18.0,47%,0.4
2945,MASAAKI SATAKE,f4a031ac205ac580,Masaaki Satake,0.0,0.0,0.0,1965-08-17,185.42,,,Orthodox,1.4,3.76,35.0,41%,0.0,0.0,58%,0.0
2946,MASAKATSU FUNAKI,aa3153a9941b4d44,Masakatsu Funaki,0.0,0.0,0.0,1969-03-13,182.88,,,Southpaw,1.82,2.92,68.0,35%,0.0,0.0,0%,5.5
2947,MASAKATSU OKUDA,02a65a55f25fb4f3,Masakatsu Okuda,0.0,0.0,0.0,1976-01-16,,,,,0.0,4.27,0.0,34%,0.0,0.0,0%,4.3
2948,MASAKAZU IMANARI,a4dd5c9a75763295,Masakazu Imanari,0.0,0.0,0.0,1976-02-10,162.56,,,Southpaw,0.55,1.74,30.0,57%,0.0,0.0,0%,2.1
2949,MASANORI KANEHARA,f3a078277b3b8ff4,Masanori Kanehara,26.0,12.0,5.0,1982-11-19,170.18,61.23492,170.18,Orthodox,1.88,1.63,49.0,62%,1.44,50.0,63%,0.9
2950,MASANORI SUDA,3a7513372f79c8c8,Masanori Suda,0.0,0.0,0.0,1973-07-24,175.26,,,Orthodox,1.8,1.2,50.0,63%,0.0,0.0,60%,0.0
2951,MASANORI TONOOKA,9de7c97e1c0d7927,Masanori Tonooka,0.0,0.0,0.0,1973-05-25,172.72,,,Orthodox,0.16,1.09,5.0,36%,0.0,0.0,0%,0.0
2952,MASHRABJON RUZIBAEV,e5a898f2a1afec67,Mashrabjon Ruzibaev,0.0,0.0,0.0,1996-02-16,172.72,,170.18,Orthodox,,,,,,,,
2953,MASIO FULLEN,4638cc6479cc0afe,Masio Fullen,11.0,7.0,0.0,1986-10-06,177.8,65.77083999999999,177.8,Orthodox,2.46,3.5,32.0,54%,0.47,33.0,69%,0.0
2954,MASON FOWLER,d745d4146be48679,Mason Fowler,0.0,0.0,0.0,1993-01-18,180.34,,,,0.0,0.0,0.0,0%,0.0,0.0,0%,0.0
2955,MASON JONES,f6ad6a1e4d600e0d,Mason Jones,17.0,2.0,0.0,1995-04-26,177.8,70.30676,187.96,Orthodox,7.8,7.2,37.0,47%,1.0,25.0,66%,0.0
2956,MASUTATSU YANO,d56caaa5e123f518,Masutatsu Yano,2.0,4.0,1.0,1975-07-11,175.26,89.811216,,Orthodox,0.0,0.0,0.0,0%,0.0,0.0,0%,0.0
2957,MASUTO KAWANA,49f4171f14f54220,Masuto Kawana,0.0,0.0,0.0,1995-01-30,167.64,,175.26,Orthodox,,,,,,,,
2958,MATEJ PENAZ,abd64006fd37298d,Matej Penaz,0.0,0.0,0.0,1996-10-14,190.5,,210.82,Southpaw,,,,,,,,
2959,MATEO VOGEL,90b57b19d20e1969,Mateo Vogel,0.0,0.0,0.0,1996-03-05,172.72,,180.34,Orthodox,,,,,,,,
2960,MATEUS MENDONCA,48812daf291a4e23,Mateus Mendonca,10.0,3.0,0.0,1999-01-17,167.64,56.699,180.34,Orthodox,1.66,4.14,40.0,30%,2.54,27.0,55,0.4
2961,MATEUSZ GAMROT,72db2a14ffa73ece,Mateusz Gamrot,25.0,3.0,0.0,1990-12-11,177.8,70.30676,177.8,Southpaw,3.21,2.81,51.0,60%,5.22,38.0,83%,0.2
2962,MATEUSZ REBECKI,849c5d9979df5357,Mateusz Rebecki,20.0,3.0,0.0,1992-11-03,170.18,70.30676,167.64,Southpaw,4.79,4.36,46.0,54%,3.05,48.0,53%,0.4
2963,MATHEUS CAMILO,72f890c5d421e705,Matheus Camilo,9.0,3.0,0.0,2001-01-02,177.8,70.30676,175.26,Orthodox,2.22,3.05,43.0,66%,4.16,53.0,0%,0.6
2964,MATHEUS NICOLAU,1a31ef98efce7a79,Matheus Nicolau,19.0,6.0,1.0,1993-01-06,167.64,56.699,167.64,Orthodox,3.79,2.83,52.0,67%,1.93,44.0,100%,1.4
2965,MATHEUS SCHEFFEL,a296ad1d238d97df,Matheus Scheffel,0.0,0.0,0.0,1992-11-04,187.96,,190.5,Orthodox,0.0,0.0,0.0,0%,0.0,0.0,0%,0.0
2966,MATS NILSSON,a9bcf8717dd12532,Mats Nilsson,11.0,4.0,1.0,1983-12-05,185.42,77.11064,,Orthodox,2.99,5.62,39.0,63%,3.87,83.0,44%,2.3
2967,MATT ANDERSEN,8738eacd62e82a32,Matt Andersen,14.0,8.0,1.0,1971-05-29,187.96,104.32616,,Southpaw,0.0,0.0,0.0,0%,0.0,0.0,0%,0.0
2968,MATT ARROYO,de62052b2ede65ba,Matt Arroyo,3.0,3.0,0.0,1982-09-01,177.8,77.11064,182.88,Orthodox,1.62,2.01,47.0,58%,2.12,36.0,100%,5.3
2969,MATT BESSETTE,0b8d512c79b4baf3,Matt Bessette,22.0,9.0,0.0,1984-12-28,177.8,65.77083999999999,177.8,Orthodox,4.36,4.45,41.0,58%,0.64,28.0,61%,0.3
2970,MATT BROWN,31123249b0bbf52e,Matt Brown,26.0,19.0,0.0,1981-01-10,182.88,77.11064,190.5,Orthodox,3.69,2.67,54.0,55%,1.56,44.0,63%,1.4
2971,MATT DIXON,1db445a4468447d0,Matt Dixon,0.0,0.0,0.0,1995-10-09,177.8,,190.5,Switch,1.97,4.56,43.0,37%,3.06,30.0,0%,0.0
2972,MATT DWYER,8f0d576beba1cfcd,Matt Dwyer,9.0,4.0,0.0,1989-12-17,193.04,77.11064,193.04,Orthodox,2.57,3.24,34.0,54%,0.44,10.0,60%,0.0
2973,MATT FOKI,5de61b03868035ff,Matt Foki,0.0,0.0,0.0,1976-03-16,170.18,,,Orthodox,0.0,3.37,0.0,56%,0.0,0.0,0%,0.0
2974,MATT FREVOLA,dccb63727f2f5f74,Matt Frevola,11.0,5.0,1.0,1990-06-11,175.26,70.30676,180.34,Orthodox,2.73,3.44,37.0,58%,2.59,37.0,40%,1.1
2975,MATT GRICE,bfc2fc38a0e20211,Matt Grice,15.0,5.0,0.0,1981-07-29,172.72,65.77083999999999,177.8,Orthodox,4.09,2.69,53.0,56%,2.19,37.0,82%,0.5
2976,MATT HAMILL,98b80a717b9bda17,Matt Hamill,12.0,8.0,0.0,1976-10-05,185.42,92.98636,193.04,Orthodox,3.69,3.8,42.0,61%,3.0,34.0,91%,0.0
2977,MATT HELM,cacfd51b8e97ace0,Matt Helm,0.0,0.0,0.0,1980-10-11,,,,,0.0,0.0,0.0,0%,0.0,0.0,0%,0.0
2978,MATT HOBAR,b57edace7b647f07,Matt Hobar,9.0,3.0,0.0,1987-01-07,177.8,61.23492,177.8,Southpaw,3.23,4.27,42.0,52%,3.66,44.0,50%,0.0
2979,MATT HORNING,21632ba272c0785a,Matt Horning,0.0,0.0,0.0,1976-08-18,162.56,,,,0.0,0.0,0.0,0%,0.0,0.0,0%,0.0
2980,MATT HORWICH,049d698d773eb3e1,Matt Horwich,30.0,25.0,1.0,1978-10-02,185.42,83.91452,,Orthodox,1.11,2.16,62.0,38%,0.33,9.0,28%,2.7
2981,MATT HUGHES,621a6c59f88a44fe,Matt Hughes,45.0,9.0,0.0,1973-10-13,175.26,77.11064,185.42,Switch,2.14,1.36,53.0,53%,2.95,50.0,35%,1.2
2982,MATT KOVACS,8fbcd82bf7f352bf,Matt Kovacs,0.0,0.0,0.0,1981-05-09,182.88,,,Orthodox,1.47,4.87,22.0,44%,1.0,25.0,0%,0.0
2983,MATT LEE,d9e3743bae8d703d,Matt Lee,0.0,0.0,0.0,1971-07-09,180.34,,,Orthodox,0.0,9.68,0.0,21%,0.0,0.0,0%,0.0
2984,MATT LINDLAND,0e041d43a47d2e4b,Matt Lindland,22.0,9.0,0.0,1970-05-17,182.88,83.91452,187.96,Southpaw,2.62,1.56,50.0,52%,3.01,48.0,60%,1.3
2985,MATT LUCAS,668222c99c5c311d,Matt Lucas,15.0,3.0,0.0,1973-12-27,185.42,92.98636,,,1.27,3.93,48.0,40%,1.0,10.0,0%,0.0
2986,MATT MITRIONE,ba280572acfba13f,Matt Mitrione,12.0,5.0,0.0,1978-07-15,190.5,120.20188,208.28,Switch,3.55,2.79,50.0,64%,0.0,0.0,55%,0.7
2987,MATT PEDRO,f354c50b8d63d9b3,Matt Pedro,0.0,0.0,0.0,,,,,,0.0,0.0,0.0,0%,0.0,0.0,0%,0.0
2988,MATT RAMIREZ,96c05ba5ab9eccaf,Matt Ramirez,0.0,0.0,0.0,1993-02-03,165.1,,,,3.03,0.67,50.0,75%,2.53,16.0,100%,0.0
2989,MATT RICEHOUSE,343d57cde1a14338,Matt Ricehouse,0.0,0.0,0.0,1987-03-11,,,,,3.7,4.8,44.0,47%,1.0,22.0,81%,0.0
2990,MATT SAYLES,5b8ba8f5512893b1,Matt Sayles,8.0,4.0,0.0,1994-02-21,170.18,70.30676,172.72,Orthodox,5.44,3.13,42.0,61%,0.0,0.0,81%,0.4
2991,MATT SCHNELL,67c1d46f4ed16f9e,Matt Schnell,17.0,9.0,0.0,1990-01-15,172.72,56.699,177.8,Orthodox,4.05,4.18,40.0,54%,0.59,45.0,43%,1.2
2992,MATT SECOR,d1ce40aca99a9b70,Matt Secor,0.0,0.0,0.0,1986-09-26,182.88,,,,0.51,0.81,20.0,50%,3.03,100.0,0%,3.0
2993,MATT SERRA,86dfed7cc24a9fa7,Matt Serra,11.0,7.0,0.0,1974-06-02,167.64,77.11064,172.72,Orthodox,1.98,2.64,39.0,46%,2.05,20.0,38%,0.9
2994,MATT SKELTON,caced97768818230,Matt Skelton,0.0,0.0,0.0,1967-01-23,190.5,,,Orthodox,0.0,0.54,0.0,0%,0.0,0.0,66%,0.0
2995,MATT VAN BUREN,7b39035fae7268b8,Matt Van Buren,7.0,6.0,0.0,1986-06-12,195.58,92.98636,,,7.73,6.82,45.0,49%,0.0,0.0,50%,0.0
2996,MATT VEACH,5731cc327790b731,Matt Veach,17.0,5.0,0.0,1981-05-31,180.34,70.30676,,Orthodox,1.12,4.91,28.0,44%,3.64,38.0,100%,1.5
2997,MATT WIMAN,eb29176b03dfa888,Matt Wiman,16.0,10.0,0.0,1983-09-19,177.8,70.30676,172.72,Orthodox,3.17,3.57,50.0,51%,2.13,37.0,56%,1.5
2998,MATTHEW LOPEZ,2fc7e9701642ca38,Matthew Lopez,10.0,4.0,0.0,1987-01-21,170.18,61.23492,175.26,Southpaw,3.13,3.73,50.0,55%,3.32,60.0,71%,1.3
2999,MATTHEW RIDDLE,d023ae89a2a4a41e,Matthew Riddle,8.0,3.0,0.0,1986-01-14,185.42,77.11064,193.04,Southpaw,3.01,2.74,42.0,54%,3.51,50.0,89%,0.5
3000,MATTHEW SEMELSBERGER,4aa58269d0664b5b,Matthew Semelsberger,11.0,8.0,0.0,1992-11-23,185.42,77.11064,190.5,Switch,7.93,5.31,50.0,56%,1.97,100.0,100%,1.0
3001,MATTHIEU DUCLOS,ec322adbabbfa6e7,Matthieu Duclos,0.0,0.0,0.0,1995-04-04,190.5,,195.58,Orthodox,,,,,,,,
3002,MATTY IANN,031c06c8210e357c,Matty Iann,0.0,0.0,0.0,2000-10-26,,,,,,,,,,,,
3003,MAURICE EAZEL,4acb99524a9a81ab,Maurice Eazel,0.0,0.0,0.0,,170.18,,,,0.0,0.0,0.0,0%,0.0,0.0,0%,0.0
3004,MAURICE GREENE,068f8a189a47fea6,Maurice Greene,9.0,7.0,0.0,1986-07-05,200.66,117.026736,203.2,Orthodox,4.12,4.37,44.0,45%,0.0,0.0,28%,0.6
3005,MAURICE MITCHELL,568bebed6366b667,Maurice Mitchell,0.0,0.0,0.0,1987-06-29,175.26,,,Orthodox,3.8,3.54,55.0,60%,0.0,0.0,100%,0.0
3006,MAURICE SMITH,33e33d51f289d2a1,Maurice Smith,12.0,14.0,0.0,1961-12-13,187.96,100.243832,,Orthodox,0.41,0.47,46.0,60%,0.89,50.0,20%,0.9
3007,MAURICIO ALONSO,c6bf75775b278ed8,Mauricio Alonso,0.0,0.0,0.0,1980-02-27,187.96,,,,5.74,1.91,34.0,67%,0.0,0.0,0%,0.0
3008,MAURICIO RUA,140745cbbcb023ac,Mauricio Rua,27.0,14.0,1.0,1981-11-25,185.42,92.98636,193.04,Orthodox,3.57,2.71,50.0,54%,2.12,48.0,47%,0.8
3009,MAURICIO RUFFY,9c393e836a852f30,Mauricio Ruffy,12.0,2.0,0.0,1996-06-17,180.34,70.30676,190.5,Orthodox,4.19,3.83,57.0,59%,0.0,0.0,86%,0.0
3010,MAX GIMENIS,6a311920edd73c85,Max Gimenis,0.0,0.0,0.0,1983-04-14,190.5,120.20188,,,,,,,,,,
3011,MAX GRIFFIN,b0d6a1d8ac3d563d,Max Griffin,20.0,12.0,0.0,1985-11-29,180.34,77.11064,193.04,Orthodox,3.7,3.69,47.0,58%,1.44,41.0,69%,0.2
3012,MAX HOLLOWAY,150ff4cc642270b9,Max Holloway,27.0,8.0,0.0,1991-12-04,180.34,65.77083999999999,175.26,Orthodox,7.26,4.58,46.0,60%,0.21,71.0,84%,0.3
3013,MAX MARTYNIOUK,69d3fa376ff2595e,Max Martyniouk,0.0,0.0,0.0,,,,,,0.0,0.0,0.0,0%,0.0,0.0,0%,0.0
3014,MAX MUSTAKI,f4c40f8a64d3151d,Max Mustaki,0.0,0.0,0.0,1987-11-07,182.88,,,Orthodox,8.2,13.0,50.0,45%,0.0,0.0,0%,0.0
3015,MAX ROHSKOPF,59a27d2e6d0802ac,Max Rohskopf,5.0,1.0,0.0,1994-09-27,185.42,70.30676,180.34,Orthodox,1.7,5.8,31.0,42%,3.0,33.0,0%,1.5
3016,MAXIM GRISHIN,950d0ef5c17157c5,Maxim Grishin,32.0,10.0,2.0,1984-05-02,190.5,92.98636,198.12,Orthodox,2.95,2.33,44.0,56%,0.38,33.0,66%,0.0
3017,MAXIMO BLANCO,4a1329cc8eb0928a,Maximo Blanco,12.0,8.0,1.0,1983-10-16,172.72,65.77083999999999,180.34,Orthodox,4.11,3.19,44.0,66%,1.85,36.0,63%,0.3
3018,MAYANA KELLEM,c788481ae19e798d,Mayana Kellem,0.0,0.0,0.0,1981-07-07,165.1,,,Orthodox,1.94,2.9,22.0,62%,0.0,0.0,0%,0.0
3019,MAYCEE BARBER,6a740daf1b279661,Maycee Barber,14.0,2.0,0.0,1998-05-18,165.1,56.699,165.1,Switch,5.21,3.0,52.0,50%,1.44,40.0,80%,0.2
3020,MAYRA BUENO SILVA,cc8c623cca88f54f,Mayra Bueno Silva,10.0,5.0,1.0,1991-08-22,167.64,61.23492,167.64,Orthodox,3.52,4.71,56.0,51%,0.46,23.0,64%,1.3
3021,MEGAN ANDERSON,a0e75f4a13eb73f1,Megan Anderson,11.0,5.0,0.0,1990-02-11,182.88,65.77083999999999,182.88,Orthodox,1.76,3.35,46.0,37%,0.52,25.0,53%,0.5
3022,MEGUMI FUJII,fb6c531726447ff3,Megumi Fujii,0.0,0.0,0.0,1974-04-26,160.02,,,,2.4,0.0,42.0,100%,0.0,0.0,0%,12.0
3023,MEHDI BAGHDAD,e4d2564ea0e34e2b,Mehdi Baghdad,11.0,5.0,0.0,1985-04-13,185.42,70.30676,,Orthodox,3.13,4.56,30.0,46%,0.0,0.0,33%,0.0
3024,MELCHOR MANIBUSAN,b6c6d1731ff00eeb,Melchor Manibusan,0.0,0.0,0.0,1976-12-27,165.1,,,Southpaw,1.58,5.79,54.0,15%,0.0,0.0,0%,0.0
3025,MELINDA FABIAN,8c020156779f7888,Melinda Fabian,4.0,4.0,2.0,1987-06-25,167.64,56.699,167.64,Orthodox,4.03,4.0,41.0,62%,0.0,0.0,100%,0.0
3026,MELISSA CRODEN,51e2f44a8dbf6984,Melissa Croden,0.0,0.0,0.0,1991-04-12,170.18,61.23492,172.72,Orthodox,4.27,2.13,47.0,59%,2.02,50.0,66%,0.3
3027,MELISSA GATTO,a4a80dd7336ffd59,Melissa Gatto,9.0,2.0,2.0,1996-05-02,165.1,61.23492,175.26,Orthodox,3.47,2.67,49.0,54%,1.77,27.0,58%,0.4
3028,MELISSA MARTINEZ,3f4c3bc822bea45d,Melissa Martinez,8.0,2.0,0.0,1997-08-18,157.48,52.16308,167.64,Southpaw,3.78,5.21,47.0,53%,0.35,50.0,50,0.0
3029,MELISSA MULLINS,bd532e9a2b93870c,Melissa Mullins,7.0,2.0,0.0,1991-07-23,170.18,61.23492,172.72,Orthodox,3.67,4.15,49.0,53%,2.2,46.0,85%,0.0
3030,MELQUIZAEL COSTA,20bccc9bb4ceb23e,Melquizael Costa,24.0,7.0,0.0,1996-09-14,177.8,65.77083999999999,180.34,Southpaw,4.29,3.19,47.0,50%,1.53,35.0,50%,0.8
3031,MELSIK BAGHDASARYAN,a52bc1e62cf0b7c6,Melsik Baghdasaryan,8.0,3.0,0.0,1992-01-28,175.26,65.77083999999999,177.8,Southpaw,4.98,3.15,58.0,56%,0.0,0.0,70%,0.0
3032,MELTON BOWEN,81ca2c245b19b3c5,Melton Bowen,0.0,1.0,0.0,1969-07-16,182.88,102.0582,,Orthodox,0.0,0.0,0.0,0%,0.0,0.0,0%,0.0
3033,MELVIN GUILLARD,ccd1299e0345e0ce,Melvin Guillard,32.0,18.0,2.0,1983-03-30,175.26,70.30676,180.34,Orthodox,2.96,1.85,40.0,66%,1.3,63.0,61%,0.2
3034,MELVIN MANHOEF,e5767ed355a937c2,Melvin Manhoef,0.0,0.0,0.0,1976-05-11,175.26,,,Orthodox,3.52,2.64,48.0,51%,0.33,25.0,78%,0.0
3035,MERAB DVALISHVILI,c03520b5c88ed6b4,Merab Dvalishvili,20.0,4.0,0.0,1991-01-10,167.64,61.23492,172.72,Orthodox,3.91,2.08,39.0,61%,7.71,43.0,80%,0.3
3036,MERRITT WARREN,1e47dba648ea438c,Merritt Warren,0.0,0.0,0.0,,177.8,,,Southpaw,0.0,0.0,0.0,0%,0.0,0.0,0%,0.0
3037,MICAH MILLER,3ff0d0dc7a14bb50,Micah Miller,0.0,0.0,0.0,1987-02-14,182.88,,,Orthodox,1.33,2.15,33.0,54%,0.98,37.0,21%,2.0
3038,MICHAEL ASWELL,01c9e4013afce141,Michael Aswell,10.0,3.0,0.0,2000-09-27,172.72,,175.26,Orthodox,9.1,7.93,44.0,54%,0.0,0.0,57,0.0
3039,MICHAEL ASWELL JR.,d564db7e95b1fe07,MICHAEL ASWELL JR.,0.0,0.0,0.0,2000-09-27,175.26,65.77083999999999,175.26,Orthodox,7.6,7.03,42.0,52%,0.24,25.0,55%,0.0
3040,MICHAEL BISPING,2b93ebd9f5417ad2,Michael Bisping,30.0,9.0,0.0,1979-02-28,185.42,83.91452,190.5,Orthodox,4.33,2.71,38.0,65%,1.05,43.0,63%,0.3
3041,MICHAEL BRAVO,dc63542668295c23,Michael Bravo,0.0,0.0,0.0,,,,,,0.0,0.0,0.0,0%,0.0,0.0,0%,0.0
3042,MICHAEL BYRNES,87f0b37f153cf497,Michael Byrnes,0.0,0.0,0.0,1990-07-17,180.34,,,,0.0,0.0,0.0,0%,0.0,0.0,0%,0.0
3043,MICHAEL CHANDLER,4b93a88f3b1de35b,Michael Chandler,23.0,10.0,0.0,1986-04-24,172.72,70.30676,180.34,Orthodox,3.91,4.51,49.0,43%,1.88,37.0,61%,0.5
3044,MICHAEL CHIESA,c58f51dedb310998,Michael Chiesa,19.0,7.0,0.0,1987-12-07,185.42,77.11064,190.5,Southpaw,1.89,1.71,40.0,54%,3.6,52.0,68%,0.9
3045,MICHAEL CORA,2b91eff985b532cd,Michael Cora,0.0,0.0,0.0,1989-08-24,185.42,,195.58,Southpaw,0.8,0.13,28.0,66%,0.0,0.0,25%,0.0
3046,MICHAEL DIAZ,5e7a48e469770615,Michael Diaz,0.0,0.0,0.0,,,,,,0.0,0.0,0.0,0%,0.0,0.0,0%,0.0
3047,MICHAEL GRAVES,3f1d23b01c552a13,Michael Graves,6.0,0.0,1.0,1991-01-08,177.8,77.11064,180.34,Orthodox,1.25,1.47,54.0,58%,4.8,52.0,66%,0.4
3048,MICHAEL IMPERATO,59e52d56bab2b1ee,Michael Imperato,0.0,0.0,0.0,1989-09-01,170.18,,167.64,Switch,,,,,,,,
3049,MICHAEL JOHNSON,511e82663651438d,Michael Johnson,25.0,19.0,0.0,1986-06-04,177.8,70.30676,185.42,Southpaw,4.21,3.82,38.0,58%,0.49,45.0,77%,0.1
3050,MICHAEL KNAAP,02f0e04acf102ea9,Michael Knaap,0.0,0.0,0.0,1984-02-27,187.96,,,Orthodox,0.0,0.0,0.0,0%,0.0,0.0,0%,0.0
3051,MICHAEL KUIPER,b7f38813485745da,Michael Kuiper,15.0,5.0,0.0,1989-06-07,182.88,83.91452,185.42,Orthodox,3.28,3.62,54.0,54%,2.3,55.0,79%,0.0
3052,MICHAEL LERMA,f1fd8ec1023c89b3,Michael Lerma,0.0,0.0,0.0,1973-11-18,,,,,0.0,6.47,0.0,45%,0.0,0.0,0%,0.0
3053,MICHAEL LOMBARDO,6d6b9a6cb063b60d,Michael Lombardo,0.0,0.0,0.0,1990-04-03,182.88,,182.88,Orthodox,1.47,2.63,62.0,31%,2.5,21.0,60%,0.0
3054,MICHAEL MANGAN,9297ce6eee046f7a,Michael Mangan,0.0,0.0,0.0,,,,,,1.94,4.52,33.0,46%,19.35,50.0,100%,0.0
3055,MICHAEL MCBRIDE,443f60bec7c3c3d5,Michael McBride,8.0,3.0,0.0,1986-03-09,185.42,70.30676,,Orthodox,4.08,5.85,48.0,40%,1.85,42.0,30%,1.2
3056,MICHAEL MCDONALD,d52ef694108f8235,Michael McDonald,17.0,4.0,0.0,1965-02-06,180.34,92.98636,177.8,Orthodox,2.69,2.76,42.0,57%,1.09,66.0,52%,1.4
3057,MICHAEL MORALES,c32aeb1a59e6272d,Michael Morales,18.0,0.0,0.0,1999-06-24,182.88,77.11064,200.66,Orthodox,5.62,3.31,49.0,53%,1.09,41.0,89,0.0
3058,MICHAEL OLIVEIRA,037cfd34a27d59e9,Michael Oliveira,0.0,0.0,0.0,1998-01-21,,,,,,,,,,,,
3059,MICHAEL PAGE,a67d071163962af8,Michael Page,24.0,3.0,0.0,1987-04-07,190.5,83.91452,200.66,Switch,4.53,0.45,76.0,77%,3.4,100.0,100%,0.0
3060,MICHAEL PATT,83d0de122f2f9664,Michael Patt,12.0,4.0,0.0,,182.88,92.98636,,Orthodox,1.65,5.53,28.0,55%,0.0,0.0,0%,0.0
3061,MICHAEL TRIZANO,5bf31a46becc1204,Michael Trizano,11.0,3.0,0.0,1991-12-31,180.34,65.77083999999999,180.34,Orthodox,3.02,2.11,53.0,63%,0.4,50.0,80%,0.8
3062,MICHAL FIGLAK,b4c57a8c2b773e82,Michal Figlak,8.0,2.0,0.0,1996-08-15,177.8,70.30676,177.8,Orthodox,4.0,4.93,39.0,52%,0.5,12.0,57,0.0
3063,MICHAL MARTINEK,9acf42aebe9bb895,Michal Martinek,0.0,0.0,0.0,1990-04-19,187.96,,,Southpaw,2.45,4.29,53.0,51%,0.0,0.0,0%,0.0
3064,MICHAL OLEKSIEJCZUK,0d65c432720accb9,Michal Oleksiejczuk,21.0,9.0,0.0,1995-02-22,182.88,83.91452,187.96,Southpaw,5.73,4.45,52.0,60%,0.99,42.0,52%,0.0
3065,MICHEAL GILLMORE,ce175eaafe867d1f,Micheal Gillmore,6.0,5.0,0.0,1987-03-28,180.34,77.11064,182.88,Orthodox,2.04,3.02,57.0,43%,0.0,0.0,50,0.0
3066,MICHEL BATISTA,34218661c44ed55d,Michel Batista,4.0,1.0,0.0,1984-04-20,190.5,117.93392,,Orthodox,0.0,4.03,0.0,40%,6.72,50.0,0%,0.0
3067,MICHEL PEREIRA,595db60957de51d3,Michel Pereira,31.0,14.0,0.0,1993-10-06,185.42,83.91452,185.42,Orthodox,4.28,4.32,51.0,50%,1.11,52.0,75%,0.6
3068,MICHEL PRAZERES,e51fcd9cd84c0b93,Michel Prazeres,26.0,4.0,0.0,1981-07-25,167.64,77.11064,170.18,Orthodox,2.44,2.49,47.0,58%,4.11,36.0,50%,0.6
3069,MICHEL QUINONES,5e84a859c6a82288,Michel Quinones,8.0,3.0,0.0,1984-12-22,177.8,70.30676,185.42,Orthodox,2.91,5.98,29.0,48%,0.0,0.0,36%,0.0
3070,MICHELLE MAHER,118463dd8db16e7f,Michelle Maher,0.0,0.0,0.0,,,,,,0.0,0.0,0.0,0%,0.0,0.0,0%,0.0
3071,MICHELLE MONTAGUE,ca80d72da81d7224,Michelle Montague,0.0,0.0,0.0,1993-11-25,175.26,61.23492,172.72,Southpaw,2.77,2.47,48.0,41%,3.5,53.0,0%,0.0
3072,MICHELLE WATERSON,602ddf5ccbc48b5f,Michelle Waterson,0.0,0.0,0.0,1986-01-06,,,157.48,Orthodox,3.58,4.0,49.0,49%,1.52,34.0,67%,0.9
3073,MICHELLE WATERSON-GOMEZ,eb04b9d31e938edb,Michelle Waterson-Gomez,18.0,13.0,0.0,1986-01-06,160.02,52.16308,157.48,Orthodox,3.42,4.25,46.0,48%,1.39,33.0,69,0.6
3074,MICHIHIRO OMIGAWA,9f842be1a5337be6,Michihiro Omigawa,17.0,14.0,1.0,1975-12-19,167.64,65.77083999999999,172.72,Orthodox,2.01,3.06,39.0,64%,1.19,36.0,49%,1.5
3075,MICHINORI TANAKA,64788ee44b062ded,Michinori Tanaka,11.0,3.0,0.0,1990-10-04,165.1,61.23492,170.18,Orthodox,1.97,1.99,37.0,50%,2.4,38.0,43%,0.2
3076,MICHIYOSHI OHARA,6a8a06b542e1516d,Michiyoshi Ohara,0.0,0.0,0.0,1967-11-15,177.8,,,Orthodox,0.28,3.13,29.0,48%,0.0,0.0,33%,0.0
3077,MICK PARKIN,0d5cc0170c1a7e71,Mick Parkin,10.0,1.0,0.0,1995-10-02,193.04,120.20188,200.66,Orthodox,4.7,4.13,50.0,58%,1.38,46.0,50,0.2
3078,MICKAEL LEBOUT,c575ab451e3c5b1d,Mickael Lebout,16.0,7.0,1.0,1987-08-16,180.34,70.30676,185.42,Orthodox,2.6,2.98,34.0,54%,0.0,0.0,60%,0.0
3079,MICKEY GALL,9e50097a89442158,Mickey Gall,7.0,7.0,0.0,1992-01-22,187.96,77.11064,187.96,Switch,2.55,3.65,46.0,42%,1.15,26.0,40%,2.1
3080,MICOL DI SEGNI,8126e4dff0cdf69e,Micol Di Segni,0.0,0.0,0.0,1987-12-29,160.02,,152.4,Orthodox,7.47,5.87,40.0,33%,0.0,0.0,37%,0.0
3081,MIESHA TATE,b96619b3acd7d9da,Miesha Tate,20.0,10.0,0.0,1986-08-18,167.64,61.23492,165.1,Orthodox,1.93,2.71,41.0,50%,2.06,31.0,52%,1.6
3082,MIGUEL BAEZA,82d4c957649faf9b,Miguel Baeza,10.0,4.0,0.0,1992-08-23,187.96,77.11064,187.96,Orthodox,4.64,3.89,55.0,50%,0.8,40.0,100%,1.2
3083,MIGUEL COSIO,d150c6fbdb7687f4,Miguel Cosio,0.0,0.0,0.0,1981-02-18,193.04,,,,0.0,0.0,0.0,0%,0.0,0.0,0%,0.0
3084,MIGUEL LINARES,18c49685296c60e6,Miguel Linares,0.0,0.0,0.0,,,,,,6.51,8.84,50.0,36%,0.0,0.0,0%,0.0
3085,MIGUEL TORRES,33b2f68ef95252e0,Miguel Torres,44.0,9.0,0.0,1981-01-18,175.26,61.23492,193.04,Orthodox,3.98,1.86,43.0,74%,0.0,0.0,17%,1.6
3086,MIIKA MEHMET,41dca66f9dadfc86,Miika Mehmet,0.0,0.0,0.0,,,,,Orthodox,0.33,7.29,12.0,24%,0.0,0.0,0%,0.0
3087,MIKE AINA,9e3dbb9c68ed5d1a,Mike Aina,0.0,0.0,0.0,1980-12-25,175.26,,,Orthodox,2.87,6.33,33.0,59%,0.0,0.0,71%,0.0
3088,MIKE ALTMAN,c11036da9162cb5f,Mike Altman,0.0,0.0,0.0,,177.8,,,Orthodox,1.56,2.08,20.0,75%,0.0,0.0,0%,0.0
3089,MIKE BENCIC,a71feb7ea7592a71,Mike Bencic,0.0,0.0,0.0,1966-07-03,182.88,,,Orthodox,0.0,3.32,0.0,53%,0.0,0.0,0%,0.0
3090,MIKE BOURKE,dfdd0c5dd0d4bc23,Mike Bourke,0.0,0.0,0.0,1968-11-25,182.88,,,Orthodox,0.0,0.0,0.0,0%,0.0,0.0,0%,0.0
3091,MIKE BREEDEN,d80ee110748171ac,Mike Breeden,11.0,6.0,0.0,1989-04-21,177.8,70.30676,177.8,Orthodox,4.0,5.87,34.0,47%,0.0,0.0,77%,0.0
3092,MIKE BRONZOULIS,df3c39573d01f55b,Mike Bronzoulis,0.0,0.0,0.0,1979-01-05,182.88,,,,1.13,2.54,34.0,37%,0.0,0.0,33%,0.0
3093,MIKE BROWN,e0b74df14f52cd15,Mike Brown,26.0,9.0,0.0,1975-09-08,167.64,65.77083999999999,177.8,Orthodox,2.98,2.45,44.0,60%,3.23,40.0,66%,0.6
3094,MIKE BUDNIK,b98209144b63ae26,Mike Budnik,0.0,0.0,0.0,1974-08-08,175.26,,172.72,Orthodox,0.65,0.95,52.0,53%,0.0,0.0,0%,3.4
3095,MIKE CAMPBELL,f5585e675af7afd4,Mike Campbell,0.0,0.0,0.0,1982-11-15,175.26,,,Southpaw,1.4,1.4,26.0,63%,5.26,100.0,0%,0.0
3096,MIKE CIESNOLEVICZ,51b0bb73a1da34bc,Mike Ciesnolevicz,19.0,4.0,0.0,1979-10-28,182.88,106.59412,,Orthodox,0.51,4.62,50.0,57%,0.0,0.0,20%,5.1
3097,MIKE COOK,3ab0df1ddd5f1dc2,Mike Cook,0.0,0.0,0.0,1981-10-07,185.42,,,Orthodox,1.72,2.4,49.0,46%,1.03,33.0,55%,2.1
3098,MIKE DAVIS,c8661e204c66f325,Mike Davis,12.0,3.0,0.0,1992-10-07,182.88,70.30676,182.88,Orthodox,6.24,6.76,53.0,57%,1.39,33.0,69%,0.0
3099,MIKE DE LA TORRE,1971869b7e054261,Mike de la Torre,14.0,7.0,0.0,1986-09-22,180.34,65.77083999999999,180.34,Orthodox,3.21,4.75,39.0,51%,0.36,16.0,83%,0.0
3100,MIKE DOLCE,29b5791e51e7e832,Mike Dolce,0.0,0.0,0.0,1976-04-15,180.34,,,,0.0,0.0,0.0,0%,0.0,0.0,0%,0.0
3101,MIKE EASTON,bc7230f231701d66,Mike Easton,13.0,6.0,0.0,1984-01-25,167.64,61.23492,177.8,Southpaw,3.51,4.28,37.0,61%,0.75,22.0,66%,0.0
3102,MIKE FRENCH,756f45905fb20cb5,Mike French,0.0,0.0,0.0,1975-05-29,177.8,,,,0.23,2.17,23.0,42%,0.0,0.0,22%,1.0
3103,MIKE GLENN,ed133185689088b3,Mike Glenn,0.0,0.0,0.0,1977-10-09,,,,,0.0,0.0,0.0,0%,0.0,0.0,0%,0.0
3104,MIKE GRUNDY,56fcb2c4d99f9d1b,Mike Grundy,12.0,4.0,0.0,1987-01-03,170.18,65.77083999999999,182.88,Orthodox,2.15,4.09,43.0,58%,4.25,38.0,100%,0.6
3105,MIKE GUYMON,eaea0fc7b76525a8,Mike Guymon,15.0,6.0,1.0,1974-09-17,182.88,77.11064,187.96,Orthodox,2.75,0.79,65.0,66%,1.87,37.0,54%,1.2
3106,MIKE HAYES,0cfbbfa0ba6d9855,Mike Hayes,0.0,0.0,0.0,1980-10-16,193.04,,,Orthodox,4.87,1.47,55.0,77%,0.0,0.0,75%,4.0
3107,MIKE JACKSON,0641c21bec209472,Mike Jackson,1.0,2.0,0.0,1985-03-22,187.96,77.11064,187.96,Orthodox,4.25,1.33,58.0,75%,0.95,100.0,88%,0.0
3108,MIKE JOY,35080a7f406f9ab3,Mike Joy,0.0,0.0,0.0,1985-07-18,167.64,,,Southpaw,0.57,1.71,33.0,47%,0.78,33.0,0%,2.3
3109,MIKE KING,564c2f5f9eb45d67,Mike King,5.0,1.0,0.0,1983-08-04,190.5,83.91452,,,4.44,1.29,58.0,72%,1.75,25.0,40%,3.5
3110,MIKE KYLE,56b8b24f65f9f057,Mike Kyle,22.0,14.0,1.0,1980-03-31,193.04,92.98636,195.58,Orthodox,3.93,3.35,51.0,49%,1.33,62.0,50%,0.8
3111,MIKE LULLO,e26882820f9e8df5,Mike Lullo,8.0,3.0,0.0,1979-07-24,172.72,65.77083999999999,,Orthodox,2.48,4.84,36.0,40%,1.18,11.0,0%,0.6
3112,MIKE MALOTT,dd6103dd7127db1d,Mike Malott,12.0,2.0,1.0,1991-11-07,185.42,77.11064,185.42,Orthodox,4.02,3.09,48.0,56%,1.63,50.0,57%,0.7
3113,MIKE MASSENZIO,5b2d7906aa894274,Mike Massenzio,13.0,9.0,0.0,1982-11-01,187.96,83.91452,185.42,Southpaw,2.08,3.59,45.0,54%,2.74,24.0,50%,1.4
3114,MIKE MINNIGER,c8aa3541bec4042e,Mike Minniger,0.0,0.0,0.0,,,,,,0.0,0.0,0.0,0%,0.0,0.0,0%,0.0
3115,MIKE MORENO,bb2eee4fb3259c01,Mike Moreno,0.0,0.0,0.0,,182.88,,,,1.27,1.07,51.0,58%,0.0,0.0,44%,0.0
3116,MIKE NICKELS,330ec26453c44a59,Mike Nickels,9.0,5.0,0.0,1971-12-13,193.04,92.98636,,Orthodox,4.44,1.11,52.0,64%,11.11,80.0,0%,2.8
3117,MIKE PERRY,f2b6fdb20675b11c,Mike Perry,14.0,8.0,0.0,1991-09-15,177.8,77.11064,180.34,Orthodox,4.35,4.82,47.0,54%,0.69,38.0,77%,0.2
3118,MIKE PIERCE,236a37d96d476164,Mike Pierce,17.0,7.0,0.0,1980-09-01,172.72,77.11064,180.34,Orthodox,2.62,2.36,42.0,62%,3.08,42.0,71%,0.2
3119,MIKE POLCHLOPEK,3bb030257966b022,Mike Polchlopek,0.0,0.0,0.0,1965-12-27,193.04,,,Orthodox,2.0,1.33,38.0,57%,0.0,0.0,0%,0.0
3120,MIKE PYLE,f5990c11974d8e9c,Mike Pyle,27.0,14.0,1.0,1975-09-18,182.88,77.11064,187.96,Orthodox,2.74,2.84,45.0,60%,1.8,35.0,70%,1.5
3121,MIKE RHODES,b7ad576b8ae115e6,Mike Rhodes,10.0,5.0,0.0,1989-12-04,185.42,77.11064,187.96,Orthodox,3.2,4.13,39.0,64%,0.96,33.0,75%,0.5
3122,MIKE RICCI,3c921b1a30fdcbdd,Mike Ricci,11.0,5.0,0.0,1986-03-18,182.88,70.30676,193.04,Southpaw,1.8,1.64,32.0,65%,0.67,100.0,54%,0.0
3123,MIKE RICHMAN,d6a740cf6e898e27,Mike Richman,0.0,0.0,0.0,1985-06-23,172.72,,,,4.06,3.49,44.0,43%,0.0,0.0,76%,0.0
3124,MIKE RIO,af90b10c785ced3e,Mike Rio,10.0,5.0,0.0,1981-07-06,177.8,70.30676,177.8,Orthodox,1.68,2.99,39.0,53%,2.58,27.0,0%,1.0
3125,MIKE RODRIGUEZ,18b602842a24f7c5,Mike Rodriguez,11.0,7.0,0.0,1988-11-28,193.04,92.98636,208.28,Southpaw,4.61,3.39,59.0,40%,0.0,0.0,41%,0.0
3126,MIKE RUSSOW,353de740bb6c7e75,Mike Russow,15.0,3.0,0.0,1976-09-11,185.42,115.66596,185.42,Orthodox,1.55,2.9,47.0,59%,4.66,43.0,0%,0.7
3127,MIKE SANTIAGO,bc656db347f31e19,Mike Santiago,19.0,12.0,0.0,1989-07-28,177.8,65.77083999999999,175.26,Orthodox,3.44,3.58,49.0,36%,2.66,50.0,53%,1.1
3128,MIKE SEAL,0c01568b1ac77bff,Mike Seal,0.0,0.0,0.0,1977-07-30,193.04,,,Orthodox,5.5,3.33,68.0,50%,0.0,0.0,33%,0.0
3129,MIKE STUMPF,c0c36a5b3d5bbdd5,Mike Stumpf,11.0,4.0,0.0,1986-08-01,177.8,77.11064,,,3.34,8.85,43.0,47%,1.59,25.0,33%,0.8
3130,MIKE SWICK,9fe85152f351e737,Mike Swick,15.0,6.0,0.0,1979-06-19,185.42,77.11064,195.58,Orthodox,2.36,2.29,37.0,54%,1.06,50.0,61%,0.6
3131,MIKE VAN ARSDALE,2ee09ec2a0695eb9,Mike van Arsdale,8.0,5.0,0.0,1965-06-20,187.96,92.98636,,Switch,1.52,1.91,41.0,41%,1.06,14.0,37%,0.0
3132,MIKE WESSEL,b51841e7c594090d,Mike Wessel,15.0,8.0,0.0,1977-12-02,182.88,117.93392,,Orthodox,1.82,6.43,56.0,22%,6.29,50.0,0%,0.0
3133,MIKE WHITEHEAD,22d1e00e1aabb7c9,Mike Whitehead,27.0,8.0,0.0,1981-06-29,185.42,92.98636,,Orthodox,1.62,2.36,33.0,59%,3.59,43.0,77%,0.3
3134,MIKE WILKINSON,cfaf010d5b389c09,Mike Wilkinson,9.0,4.0,0.0,1987-09-15,170.18,65.77083999999999,167.64,Orthodox,2.35,3.7,38.0,35%,0.92,14.0,55%,0.9
3135,MIKE ZICHELLE,6d3398b910461f2f,Mike Zichelle,0.0,0.0,0.0,,,,,,0.87,0.87,35.0,40%,0.0,0.0,0%,2.0
3136,MIKEY BURNETT,4c805f5f58a75df0,Mikey Burnett,5.0,2.0,0.0,1974-04-12,167.64,77.11064,,Orthodox,0.0,0.0,0.0,0%,0.0,0.0,0%,0.0
3137,MIKEY GONZALEZ,de47c33e48b0ce38,Mikey Gonzalez,0.0,0.0,0.0,1985-08-13,180.34,,187.96,Orthodox,0.91,14.55,16.0,11%,0.0,0.0,0%,0.0
3138,MIKHAIL ILOUKHINE,b71667c778b6d9e5,Mikhail Iloukhine,0.0,0.0,0.0,1966-11-21,175.26,,,Orthodox,0.16,2.95,20.0,26%,0.0,0.0,0%,7.0
3139,MIKHEIL SAZHINIANI,22a1f83edb865aee,Mikheil Sazhiniani,0.0,0.0,0.0,1996-10-05,182.88,,180.34,Orthodox,,,,,,,,
3140,MIKI MOTONO,a5fa51a81d0c5ed9,Miki Motono,0.0,0.0,0.0,1994-05-18,157.48,,160.02,Southpaw,,,,,,,,
3141,MILANA DUDIEVA,072a10e85f7d4bff,Milana Dudieva,11.0,6.0,0.0,1989-08-04,160.02,61.23492,,Orthodox,0.87,3.43,31.0,58%,2.34,45.0,0%,0.0
3142,MILCO VOORN,277ffed20cf07aea,Milco Voorn,0.0,0.0,0.0,,,,,Orthodox,0.0,0.0,0.0,100%,0.0,0.0,0%,0.0
3143,MILES JOHNS,46e0d677f91bacc0,Miles Johns,15.0,4.0,0.0,1994-03-30,170.18,61.23492,172.72,Orthodox,3.33,2.42,48.0,68%,1.21,30.0,87%,0.0
3144,MILES MCDONALD,a3f8356ace5e3eb5,Miles McDonald,0.0,0.0,0.0,1991-08-13,170.18,,,,5.1,4.0,45.0,43%,0.0,0.0,100%,1.0
3145,MILTON VIEIRA,7cf20446453f852b,Milton Vieira,13.0,8.0,2.0,1978-10-04,182.88,65.77083999999999,,Orthodox,1.13,2.36,35.0,48%,2.67,53.0,12%,0.7
3146,MIN SOO KIM,831b937811804dad,Min Soo Kim,0.0,0.0,0.0,1975-01-22,185.42,,,Southpaw,0.87,3.48,100.0,20%,0.0,0.0,0%,0.0
3147,MINOKI ICHIHARA,4565d435005319c0,Minoki Ichihara,0.0,1.0,0.0,1968-06-30,170.18,80.739376,,Orthodox,0.0,0.0,0.0,0%,0.0,0.0,0%,0.0
3148,MINORU TOYONAGA,04076783ca83d6ae,Minoru Toyonaga,0.0,0.0,0.0,1978-06-12,180.34,,,Southpaw,0.0,0.0,0.0,0%,0.0,0.0,0%,0.0
3149,MINWOO KIM,6343a95f1d9e6a33,MinWoo Kim,0.0,0.0,0.0,1993-07-21,172.72,,182.88,Orthodox,,,,,,,,
3150,MIRANDA GRANGER,7559395ad833c074,Miranda Granger,7.0,3.0,0.0,1992-04-13,170.18,52.16308,172.72,Orthodox,2.91,2.64,48.0,59%,0.0,0.0,40%,0.0
3151,MIRANDA MAVERICK,f29a6350c69f4a33,Miranda Maverick,17.0,6.0,0.0,1997-07-01,160.02,56.699,165.1,Southpaw,9.8,6.0,51.0,62%,0.0,0.0,0%,0.0
3152,MIRKO FILIPOVIC,c32fb8c0f6471a4d,Mirko Filipovic,35.0,11.0,2.0,1974-09-10,187.96,104.32616,185.42,Southpaw,2.11,1.89,50.0,63%,0.19,40.0,78%,0.3
3153,MIRSAD BEKTIC,cbd3e590a85b18c5,Mirsad Bektic,13.0,4.0,0.0,1991-02-16,172.72,65.77083999999999,177.8,Orthodox,2.43,1.8,41.0,57%,3.98,52.0,92%,0.4
3154,MISHA CIRKUNOV,67f272324a030d00,Misha Cirkunov,15.0,9.0,0.0,1987-02-27,190.5,92.98636,195.58,Orthodox,4.18,3.22,51.0,60%,4.28,57.0,71%,2.3
3155,MITCH CLARKE,c76ec2bc3a57666a,Mitch Clarke,11.0,5.0,0.0,1985-11-24,177.8,70.30676,185.42,Orthodox,2.35,3.27,34.0,47%,0.64,15.0,50%,0.4
3156,MITCH GAGNON,b8592b4a383696cd,Mitch Gagnon,12.0,5.0,0.0,1984-10-10,165.1,61.23492,165.1,Southpaw,2.76,2.21,46.0,61%,1.16,25.0,65%,1.9
3157,MITCH RAMIREZ,e99eb0ef25885de5,Mitch Ramirez,8.0,3.0,0.0,1992-11-03,180.34,70.30676,180.34,Orthodox,3.51,3.98,44.0,37%,0.59,33.0,25,0.0
3158,MITCH RAPOSO,0be6776db31d98ec,Mitch Raposo,9.0,3.0,0.0,1998-10-16,165.1,56.699,162.56,Switch,1.91,2.92,38.0,60%,1.98,36.0,68%,0.0
3159,MITCH WHITESEL,b6debbda44d4a5a0,Mitch Whitesel,0.0,0.0,0.0,1981-07-12,175.26,,,,0.0,0.0,0.0,0%,0.0,0.0,0%,0.0
3160,MITCHELL SIPE,71ef1111bf829b82,Mitchell Sipe,0.0,0.0,0.0,1996-04-09,187.96,,,Orthodox,5.5,9.98,56.0,46%,1.53,20.0,0%,0.0
3161,MITSUHIRO ISHIDA,82f5c81f4e3c3eb5,Mitsuhiro Ishida,0.0,0.0,0.0,1978-12-29,167.64,,,Southpaw,1.46,1.13,41.0,61%,4.76,53.0,33%,0.7
3162,MIZUKI,43a59ce3bb40449e,Mizuki,15.0,6.0,0.0,1994-08-19,160.02,52.16308,165.1,Orthodox,4.56,5.62,50.0,48%,0.33,14.0,85,0.0
3163,MIZUTO HIROTA,35faad160d346839,Mizuto Hirota,18.0,10.0,2.0,1981-05-05,170.18,70.30676,170.18,Orthodox,3.36,3.5,40.0,54%,1.36,50.0,58%,0.1
3164,MO MILLER,39019970ac8543e9,Mo Miller,0.0,0.0,0.0,1992-08-10,172.72,,182.88,Orthodox,,,,,,,,
3165,MODESTAS BUKAUSKAS,476fe566d2df676e,Modestas Bukauskas,19.0,6.0,0.0,1994-02-10,190.5,92.98636,193.04,Switch,3.14,3.86,43.0,50%,0.23,66.0,82%,0.1
3166,MOHAMED ADO,7a846fcbf182a7c8,Mohamed Ado,0.0,0.0,0.0,2000-05-03,180.34,,193.04,Switch,,,,,,,,
3167,MOHAMMAD YAHYA,3753714927f18437,Mohammad Yahya,12.0,6.0,0.0,1994-05-23,175.26,65.77083999999999,185.42,Switch,3.5,6.39,39.0,43%,0.5,20.0,42,0.5
3168,MOHAMMED USMAN,da7f113b5ea39c43,Mohammed Usman,12.0,4.0,0.0,1989-04-01,187.96,108.408488,200.66,Orthodox,3.85,4.27,39.0,51%,0.56,14.0,66,0.0
3169,MOISE RIMBON,9be3728f3f7badb2,Moise Rimbon,0.0,0.0,0.0,1977-04-20,177.8,,,Orthodox,0.8,1.0,34.0,71%,1.0,50.0,37%,0.0
3170,MOLLY MCCANN,51018a31ddf31eb2,Molly McCann,14.0,8.0,0.0,1990-05-04,162.56,52.16308,157.48,Orthodox,5.15,4.28,50.0,65%,1.64,29.0,28%,0.7
3171,MONTANA DE LA ROSA,80d8aed0ca9b00f3,Montana De La Rosa,13.0,9.0,1.0,1995-02-14,170.18,56.699,172.72,Orthodox,2.85,3.39,36.0,45%,2.14,28.0,57%,1.2
3172,MONTEL JACKSON,cc1a8b4b38b92c6d,Montel Jackson,15.0,2.0,0.0,1992-04-24,177.8,61.23492,190.5,Southpaw,3.02,1.4,52.0,60%,2.71,63.0,67%,0.3
3173,MONTSE RENDON,60193e707634e560,Montse Rendon,6.0,1.0,0.0,1989-03-16,172.72,61.23492,172.72,Orthodox,3.13,3.9,28.0,54%,3.0,54.0,100,0.0
3174,MONTSERRAT CONEJO,92fcb2178279c506,Montserrat Conejo,0.0,0.0,0.0,1993-02-03,,,154.94,Southpaw,1.0,2.07,36.0,52%,4.0,80.0,0%,2.0
3175,MONTSERRAT CONEJO RUIZ,1235b31de15d0c6e,Montserrat Conejo Ruiz,10.0,4.0,0.0,1993-02-03,152.4,52.16308,154.94,Southpaw,0.79,4.96,27.0,37%,2.05,83.0,33,0.8
3176,MORGAN CHARRIERE,5b03b61f9d90125e,Morgan Charriere,21.0,11.0,1.0,1995-10-26,172.72,65.77083999999999,175.26,Orthodox,4.08,4.54,50.0,53%,2.11,46.0,83,0.3
3177,MOSTAPHA AL-TURK,1cf1310684a841f5,Mostapha Al-Turk,6.0,6.0,0.0,1973-07-14,187.96,111.13004,195.58,Orthodox,1.36,3.61,19.0,53%,0.0,0.0,0%,0.0
3178,MOTI HORENSTEIN,baf942f4bcb09894,Moti Horenstein,1.0,6.0,0.0,1964-03-23,193.04,104.32616,,Orthodox,0.0,0.0,0.0,0%,0.0,0.0,0%,0.0
3179,MOTOKI MIYAZAWA,9649d75defe0dedb,Motoki Miyazawa,0.0,0.0,0.0,1985-04-23,180.34,,,Southpaw,1.23,3.91,28.0,61%,0.0,0.0,0%,0.0
3180,MOTONOBU TEZUKA,d34636a85f0f4c90,Motonobu Tezuka,28.0,12.0,7.0,1987-08-29,170.18,61.23492,,Southpaw,0.87,2.8,23.0,51%,1.5,11.0,0%,0.5
3181,MOUNIR LAZZEZ,49ee5024966efc0d,Mounir Lazzez,11.0,3.0,0.0,1987-11-16,185.42,77.11064,193.04,Orthodox,5.69,4.78,55.0,45%,3.41,100.0,60%,0.0
3182,MOVSAR EVLOEV,76e2870ffafbe38f,Movsar Evloev,19.0,0.0,0.0,1994-02-11,170.18,65.77083999999999,182.88,Orthodox,4.7,2.83,44.0,64%,2.75,37.0,70%,0.0
3183,MRIDUL SAIKIA,96c76dd695eb3b88,Mridul Saikia,0.0,0.0,0.0,1997-05-09,170.18,,172.72,Orthodox,,,,,,,,
3184,MU BAE CHOI,371a1c91b24dec2b,Mu Bae Choi,0.0,0.0,0.0,1970-06-27,187.96,,,Orthodox,1.55,3.65,49.0,44%,3.12,75.0,60%,1.0
3185,MUHAMMAD MOKAEV,75353550928a7921,Muhammad Mokaev,13.0,0.0,0.0,2000-07-30,170.18,56.699,177.8,Orthodox,1.61,1.35,45.0,57%,5.29,41.0,25,0.8
3186,MUHAMMAD NAIMOV,8d11d9c13e2ccdf7,Muhammad Naimov,13.0,3.0,0.0,1994-08-07,175.26,65.77083999999999,177.8,Orthodox,3.47,5.87,41.0,44%,0.0,0.0,25%,0.0
3187,MUHAMMED LAWAL,a571770c4016736f,Muhammed Lawal,0.0,0.0,0.0,1981-01-11,182.88,,198.12,Southpaw,3.79,1.61,52.0,66%,5.96,75.0,87%,0.0
3188,MUHSIN CORBBREY,1f9344211ca7fd60,Muhsin Corbbrey,0.0,0.0,0.0,1978-05-18,177.8,,,Orthodox,2.02,5.41,34.0,53%,0.0,0.0,80%,0.4
3189,MUIN GAFUROV,a54660deb6a8489c,Muin Gafurov,20.0,6.0,0.0,1996-05-17,170.18,61.23492,172.72,Orthodox,0.0,0.0,0.0,0%,0.0,0.0,0%,0.0
3190,MURAD CHUNKAIEV,d4a12dfa4067742f,Murad Chunkaiev,0.0,0.0,0.0,1979-12-29,180.34,,,Orthodox,0.85,3.41,16.0,66%,8.53,100.0,0%,0.0
3191,MURILO BUSTAMANTE,85d905f7c4f5a1af,Murilo Bustamante,15.0,8.0,1.0,1966-07-30,187.96,83.007336,,Orthodox,1.33,1.9,32.0,60%,2.46,33.0,54%,1.2
3192,MURILO RUA,90e7447d8b7f3f35,Murilo Rua,0.0,0.0,0.0,1980-05-22,180.34,,,Orthodox,2.48,1.85,45.0,53%,1.97,45.0,37%,1.2
3193,MURTAZA TALHA,6aab5c20395ee722,Murtaza Talha,0.0,0.0,0.0,1996-07-10,182.88,,187.96,Orthodox,,,,,,,,
3194,MURTAZALI MAGOMEDOV,d436f5d55156a521,Murtazali Magomedov,0.0,0.0,0.0,1999-08-26,175.26,65.77083999999999,177.8,Orthodox,4.83,2.07,48.0,81%,5.17,50.0,0%,5.2
3195,MUSLIM SALIKHOV,447f9858ae78f921,Muslim Salikhov,22.0,5.0,0.0,1984-06-09,180.34,77.11064,177.8,Orthodox,2.85,2.29,46.0,67%,0.87,30.0,80%,0.0
3196,MYCHAL CLARK,69108cb8b32efe04,Mychal Clark,0.0,0.0,0.0,,190.5,,,Orthodox,5.8,2.9,56.0,59%,0.0,0.0,0%,0.0
3197,MYKTYBEK OROLBAI,bf2c8e01b07d3eb1,Myktybek Orolbai,14.0,2.0,1.0,1998-02-10,177.8,70.30676,187.96,Orthodox,3.11,3.08,48.0,50%,5.82,45.0,40,0.7
3198,MYLES JURY,08e908ed6d18d6a0,Myles Jury,17.0,4.0,0.0,1988-10-31,177.8,65.77083999999999,185.42,Orthodox,2.94,2.16,42.0,66%,2.16,55.0,50%,0.3
3199,NA LIANG,8e5655714ba3fc46,Na Liang,0.0,0.0,0.0,1996-07-27,,,,,0.0,0.0,0.0,0%,0.0,0.0,0%,0.0
3200,NAD NARIMANI,776a58a67665a171,Nad Narimani,12.0,4.0,0.0,1987-04-14,172.72,65.77083999999999,177.8,Orthodox,3.33,3.0,42.0,58%,1.92,41.0,70%,0.0
3201,NADIA KASSEM,6e7506127408aa9e,Nadia Kassem,5.0,2.0,0.0,1995-11-15,165.1,56.699,167.64,Southpaw,3.13,4.48,41.0,48%,0.46,33.0,40%,2.8
3202,NAH-SHON BURRELL,2c64c035485906aa,Nah-Shon Burrell,15.0,7.0,0.0,1990-02-05,180.34,77.11064,,Orthodox,4.83,3.45,47.0,56%,0.0,0.0,52%,0.3
3203,NAHO SUGIYUMA,b205d4f2ff44bc89,Naho Sugiyuma,0.0,0.0,0.0,1978-02-03,154.94,,,,2.59,2.45,48.0,71%,2.05,100.0,66%,0.0
3204,NAIR MELIKYAN,64b8561624d3b15e,Nair Melikyan,0.0,0.0,0.0,1997-08-08,167.64,,,,,,,,,,,
3205,NAM PHAN,80dbeb1dd5b53e64,Nam Phan,21.0,17.0,0.0,1983-03-13,167.64,61.23492,177.8,Orthodox,4.52,6.55,37.0,59%,0.18,18.0,60%,0.2
3206,NAMSRAI BATBAYAR,e1f8beeb6d2d871a,Namsrai Batbayar,0.0,0.0,0.0,2000-12-29,162.56,,172.72,Orthodox,,,,,,,,
3207,NANDOR GUELMINO,1abfb658cd4f8533,Nandor Guelmino,11.0,5.0,1.0,1975-12-20,190.5,104.32616,,,3.62,3.16,56.0,33%,0.0,0.0,42%,0.0
3208,NAOKI INOUE,199eb7cf6ae90294,Naoki Inoue,11.0,1.0,0.0,1997-06-14,175.26,56.699,180.34,Orthodox,3.67,3.37,35.0,60%,0.0,0.0,60%,2.5
3209,NAOKI MATSUSHITA,990060b2a68a7b82,Naoki Matsushita,0.0,0.0,0.0,1976-03-31,167.64,,,Orthodox,3.3,2.2,32.0,63%,1.5,100.0,0%,0.0
3210,NAOYA OGAWA,4b2390cfaceb91d8,Naoya Ogawa,0.0,0.0,0.0,1968-03-31,193.04,,,Orthodox,2.41,1.66,42.0,47%,1.25,100.0,66%,1.2
3211,NAOYUKI KOTANI,bc8f6b42767e28df,Naoyuki Kotani,34.0,14.0,7.0,1981-12-08,172.72,70.30676,167.64,Southpaw,1.02,2.89,31.0,50%,0.83,16.0,46%,0.8
3212,NARIMAN ABBASOV,59a9d6dac61c2540,Nariman Abbasov,0.0,0.0,0.0,1994-02-01,172.72,,167.64,Orthodox,,,,,,,,
3213,NASRAT HAQPARAST,b7b84ccd221be298,Nasrat Haqparast,18.0,5.0,0.0,1995-08-22,177.8,70.30676,182.88,Southpaw,5.81,3.23,47.0,74%,0.18,16.0,84%,0.0
3214,NASRUDIN NASRUDINOV,769fa803bf9d2e3b,Nasrudin Nasrudinov,0.0,0.0,0.0,1991-10-06,182.88,,180.34,Orthodox,,,,,,,,
3215,NASSOURDINE IMAVOV,881bf86d4cba8578,Nassourdine Imavov,17.0,4.0,0.0,1996-03-01,190.5,83.91452,190.5,Orthodox,4.17,2.03,61.0,59%,0.5,12.0,60%,2.0
3216,NATALIA SILVA,262d32ebda89efc4,Natalia Silva,19.0,5.0,1.0,1997-02-03,162.56,56.699,165.1,Southpaw,0.0,0.0,0.0,0%,0.0,0.0,0%,0.0
3217,NATAN LEVY,a29db9cd4f9ccea5,Natan Levy,8.0,2.0,0.0,1991-09-30,175.26,70.30676,180.34,Southpaw,1.65,0.82,60.0,57%,2.75,100.0,100%,2.8
3218,NATE DIAZ,8355922d564b152c,Nate Diaz,22.0,13.0,0.0,1985-04-16,182.88,77.11064,193.04,Southpaw,4.62,3.78,45.0,53%,1.19,30.0,42%,1.4
3219,NATE JAMES,a34fecf2f4e5a317,Nate James,0.0,0.0,0.0,1978-05-29,182.88,,,,1.33,2.67,42.0,28%,0.0,0.0,44%,0.0
3220,NATE LANDWEHR,583ee11abddfc581,Nate Landwehr,18.0,7.0,0.0,1988-06-06,175.26,65.77083999999999,182.88,Orthodox,5.55,5.96,45.0,51%,0.73,41.0,71%,0.7
3221,NATE LOUGHRAN,cbf94e4c4af4ff6d,Nate Loughran,11.0,2.0,0.0,1980-07-28,187.96,83.91452,,Orthodox,1.81,4.11,40.0,59%,0.0,0.0,0%,2.1
3222,NATE MANESS,6e9f40c706f91f32,Nate Maness,16.0,3.0,0.0,1991-06-27,177.8,56.699,182.88,Orthodox,2.4,4.63,45.0,45%,1.33,66.0,88%,0.7
3223,NATE MARQUARDT,a8e6a69796280f17,Nate Marquardt,35.0,19.0,2.0,1979-04-20,182.88,83.91452,187.96,Orthodox,2.71,2.32,49.0,55%,1.87,51.0,70%,0.8
3224,NATE MOHR,04c15b52c3cc1cab,Nate Mohr,9.0,7.0,0.0,1983-03-03,175.26,70.30676,182.88,Orthodox,3.79,2.5,41.0,74%,0.45,50.0,71%,0.0
3225,NATE MOORE,518e5202a91980d4,Nate Moore,0.0,0.0,0.0,1983-04-06,182.88,,,,2.21,2.87,25.0,42%,1.23,16.0,25%,0.0
3226,NATE QUARRY,52cae54377b433b7,Nate Quarry,12.0,4.0,0.0,1972-03-18,182.88,83.91452,182.88,Open Stance,4.96,2.8,44.0,66%,0.25,33.0,60%,0.0
3227,NATE SCHROEDER,040426baba8a45e8,Nate Schroeder,11.0,10.0,0.0,1973-06-02,185.42,104.32616,,,0.0,0.0,0.0,0%,0.0,0.0,0%,0.0
3228,NATE SMITH,0bbb69f69c9a2eea,Nate Smith,0.0,0.0,0.0,1995-04-09,167.64,,175.26,Switch,1.28,2.04,38.0,35%,0.0,0.0,33%,2.3
3229,NATHAN COY,15ec018d144710db,Nathan Coy,15.0,7.0,0.0,1978-07-24,177.8,77.11064,175.26,Southpaw,3.88,2.4,52.0,61%,3.17,47.0,50%,0.0
3230,NATHAN FLETCHER,a2d342ffc83913ed,Nathan Fletcher,9.0,3.0,0.0,1998-01-03,170.18,61.23492,177.8,Orthodox,3.41,2.16,59.0,57%,3.37,38.0,50,0.7
3231,NATHAN JONES,f54fb3b9c4228142,Nathan Jones,0.0,0.0,0.0,1970-08-21,210.82,,,Orthodox,0.0,0.0,0.0,0%,0.0,0.0,0%,0.0
3232,NATHANIEL WOOD,329e403448756217,Nathaniel Wood,21.0,6.0,0.0,1993-05-08,167.64,65.77083999999999,175.26,Orthodox,6.28,4.36,46.0,53%,1.29,46.0,75%,0.9
3233,NAVAJO STIRLING,b4b496ec2197ee3e,Navajo Stirling,7.0,0.0,0.0,1997-11-07,193.04,92.98636,200.66,Orthodox,6.24,2.62,54.0,58%,0.86,26.0,71%,0.0
3234,NAYARA MAIA,03b1b79b34eaf217,Nayara Maia,0.0,0.0,0.0,1990-07-25,165.1,,167.64,Orthodox,,,,,,,,
3235,NAZARENO MALEGARIE,d38e8c6ae2dfc051,Nazareno Malegarie,28.0,4.0,0.0,1986-05-16,172.72,70.30676,,,3.87,3.27,34.0,69%,1.0,33.0,0%,0.0
3236,NAZIM SADYKHOV,ff62013d2fce6d13,Nazim Sadykhov,11.0,1.0,1.0,1994-05-16,177.8,70.30676,175.26,Southpaw,4.69,5.42,48.0,49%,1.08,45.0,72%,0.2
3237,NEAL EWING,0798f558681d0eb5,Neal Ewing,0.0,0.0,0.0,1985-09-30,,,,,2.27,1.93,60.0,48%,5.0,62.0,0%,0.0
3238,NEEMIAS SANTANA,86989ee8fe97884d,Neemias Santana,0.0,0.0,0.0,1996-07-10,187.96,,193.04,Orthodox,,,,,,,,
3239,NEIL GROVE,36a432f22144843e,Neil Grove,12.0,8.0,1.0,1971-01-18,198.12,120.20188,,Orthodox,0.0,0.0,0.0,0%,0.0,0.0,100%,14.3
3240,NEIL MAGNY,84b3e7d38f2d2ec5,Neil Magny,30.0,14.0,0.0,1987-08-03,190.5,77.11064,203.2,Orthodox,3.67,2.05,47.0,56%,2.46,45.0,57%,0.3
3241,NEIL SEERY,49a74b9fb2e45fdf,Neil Seery,16.0,13.0,0.0,1979-08-30,162.56,56.699,162.56,Orthodox,3.56,3.79,41.0,58%,0.78,27.0,53%,1.6
3242,NEIL WAIN,6b7bc7eaf2465387,Neil Wain,13.0,4.0,0.0,,177.8,109.76926399999999,,Orthodox,2.64,8.57,50.0,43%,0.0,0.0,50%,0.0
3243,NEIMAN GRACIE,12d855d12a624da2,Neiman Gracie,0.0,0.0,0.0,1988-12-12,182.88,,,,0.77,0.38,100.0,75%,5.77,100.0,0%,5.8
3244,NGHIEM VAN Y,fd08d6536b7b91f0,Nghiem Van Y,0.0,0.0,0.0,1999-05-15,170.18,,172.72,Orthodox,,,,,,,,
3245,NICCO MONTANO,1de9ad94de18eeaf,Nicco Montano,5.0,3.0,0.0,1988-12-16,165.1,61.23492,165.1,Southpaw,5.6,4.43,41.0,64%,2.25,54.0,69%,0.4
3246,NICDALI RIVERA-CALANOC,60917f79b7271d83,Nicdali Rivera-Calanoc,0.0,0.0,0.0,1985-06-12,160.02,,,,1.82,2.42,20.0,78%,0.0,0.0,0%,0.0
3247,NICHOLAS MUSOKE,8b5f9ea38184ded3,Nicholas Musoke,13.0,5.0,0.0,1986-04-05,182.88,77.11064,190.5,Orthodox,3.56,3.8,35.0,57%,1.16,19.0,82%,0.2
3248,NICHOLAS SERGIACOMI,efab191f204ffa17,Nicholas Sergiacomi,0.0,0.0,0.0,,,,,,4.38,3.94,55.0,59%,0.0,0.0,0%,0.0
3249,NICK AGALLAR,ebc5af72ad5a28cb,Nick Agallar,24.0,6.0,0.0,1979-01-13,172.72,70.30676,,Orthodox,0.69,4.56,11.0,42%,0.0,0.0,0%,0.0
3250,NICK AGUIRRE,0978385b2bd9ef9b,Nick Aguirre,7.0,2.0,0.0,1996-01-15,175.26,61.23492,187.96,Southpaw,0.73,2.89,33.0,45%,1.16,20.0,33,0.6
3251,NICK BARNES,78a5eea49638685d,Nick Barnes,0.0,0.0,0.0,1990-08-16,180.34,,,,2.86,8.93,29.0,51%,5.36,100.0,100%,5.4
3252,NICK BUSTAMANTE,51b1ca2a4b064101,Nick Bustamante,0.0,0.0,0.0,,175.26,,,,0.0,0.0,0.0,0%,0.0,0.0,0%,0.0
3253,NICK CATONE,f8fe2053d73d7bcf,Nick Catone,10.0,4.0,0.0,1981-09-01,182.88,83.91452,182.88,Southpaw,2.11,2.32,44.0,63%,3.71,44.0,83%,0.5
3254,NICK DENIS,e4aaaa34535e32b6,Nick Denis,11.0,3.0,0.0,1983-10-11,170.18,61.23492,,Orthodox,6.54,5.42,53.0,36%,2.8,100.0,80%,0.0
3255,NICK DIAZ,f57a8a52ca401ed9,Nick Diaz,26.0,10.0,0.0,1983-08-02,185.42,77.11064,193.04,Southpaw,5.43,3.56,42.0,61%,1.32,33.0,60%,1.0
3256,NICK ERTL,74061adb224be3cc,Nick Ertl,0.0,0.0,0.0,1968-10-29,175.26,,,,1.34,1.59,69.0,41%,1.88,50.0,0%,0.0
3257,NICK FIORE,036e96c1c12b8a59,Nick Fiore,6.0,2.0,0.0,1997-12-10,177.8,70.30676,182.88,Orthodox,2.83,7.93,46.0,42%,2.5,45.0,71,0.0
3258,NICK GARCIA,8a04d94dfcfab159,Nick Garcia,0.0,0.0,0.0,,162.56,,,,0.67,3.03,25.0,50%,0.0,0.0,83%,5.1
3259,NICK GIBBONS,96a221341035b701,Nick Gibbons,0.0,0.0,0.0,,177.8,,,,0.0,0.0,0.0,0%,0.0,0.0,0%,0.0
3260,NICK GONZALEZ,28d8638ea0a71908,Nick Gonzalez,0.0,0.0,0.0,1981-03-03,167.64,,,Orthodox,0.59,2.35,20.0,33%,0.0,0.0,50%,0.0
3261,NICK HEIN,2816ced060a21be3,Nick Hein,14.0,5.0,0.0,1984-04-24,167.64,70.30676,167.64,Southpaw,2.65,3.61,35.0,59%,0.86,33.0,83%,0.0
3262,NICK KLEIN,7eaa5e31c2dd86aa,Nick Klein,6.0,3.0,0.0,1995-09-08,185.42,83.91452,195.58,Orthodox,2.51,3.41,56.0,39%,5.79,35.0,66,1.9
3263,NICK MAXIMOV,12585614e0ed2626,Nick Maximov,8.0,2.0,0.0,1997-12-23,182.88,83.91452,193.04,Southpaw,2.47,0.33,58.0,58%,2.0,40.0,0%,0.0
3264,NICK MEREGALI,2f6dc878d653c442,Nick Meregali,0.0,0.0,0.0,1994-05-27,,,,,,,,,,,,
3265,NICK NEWELL,f562238becb9ec50,Nick Newell,0.0,0.0,0.0,1986-03-17,177.8,,,Southpaw,3.53,4.07,46.0,36%,0.0,0.0,33%,0.0
3266,NICK NOLTE,d665de9b4da87c22,Nick Nolte,0.0,0.0,0.0,1981-03-04,182.88,,,,0.0,0.0,0.0,0%,0.0,0.0,0%,0.0
3267,NICK OSIPCZAK,5b407acfe0ef9b76,Nick Osipczak,6.0,3.0,0.0,1984-12-30,187.96,77.11064,193.04,Orthodox,2.83,3.77,50.0,50%,1.2,45.0,71%,1.0
3268,NICK PACE,8cb76103cd8a1562,Nick Pace,8.0,3.0,0.0,1987-04-17,170.18,61.23492,172.72,Orthodox,1.48,3.14,34.0,57%,2.52,43.0,54%,0.5
3269,NICK PENNER,879b8df81523d91b,Nick Penner,11.0,3.0,0.0,1980-03-26,193.04,92.98636,,Southpaw,1.25,4.6,30.0,38%,0.0,0.0,40%,0.0
3270,NICK PICA,7922e8269adcc25a,Nick Pica,0.0,0.0,0.0,,177.8,,,,0.0,0.0,0.0,0%,0.0,0.0,0%,0.0
3271,NICK PICCININNI,a5cb1c29461853ca,Nick Piccininni,0.0,0.0,0.0,1996-12-16,167.64,,167.64,Orthodox,,,,,,,,
3272,NICK PIEDMONT,df7d386a54e07446,Nick Piedmont,0.0,0.0,0.0,1989-04-10,177.8,,,,0.0,0.0,0.0,0%,0.0,0.0,0%,0.0
3273,NICK RING,b13da0b1a3aed3e7,Nick Ring,14.0,4.0,0.0,1979-02-10,182.88,83.91452,187.96,Southpaw,3.52,3.48,42.0,62%,1.36,36.0,52%,0.3
3274,NICK ROEHRICK,7195e2a932686f82,Nick Roehrick,7.0,1.0,0.0,1987-07-06,187.96,92.98636,,Orthodox,2.31,6.92,17.0,44%,0.0,0.0,0%,0.0
3275,NICK ROSSBOROUGH,ff3a915256b899c0,Nick Rossborough,0.0,0.0,0.0,1981-11-18,195.58,,,,2.8,4.33,35.0,35%,0.0,0.0,100%,0.0
3276,NICK SANZO,1d147d4163a6989b,Nick Sanzo,1.0,1.0,0.0,1963-01-16,175.26,86.18248,,,0.0,0.0,0.0,0%,0.0,0.0,0%,0.0
3277,NICK SERRA,1975c2272ba40e71,Nick Serra,7.0,3.0,0.0,1978-03-27,175.26,77.11064,,Orthodox,0.0,1.73,0.0,43%,1.0,10.0,0%,2.0
3278,NICK SPERLING,7d68f3bec89e08ec,Nick Sperling,0.0,0.0,0.0,,,,,,1.4,1.4,25.0,66%,0.0,0.0,0%,0.0
3279,NICK THOMPSON,7d3caf0f96f1b33d,Nick Thompson,38.0,14.0,1.0,1981-06-23,185.42,77.11064,187.96,Orthodox,1.87,1.8,42.0,49%,1.06,100.0,35%,2.6
3280,NICK URSO,e78c4c3d329c531b,Nick Urso,0.0,0.0,0.0,1985-09-26,167.64,,167.64,Southpaw,3.61,5.06,45.0,36%,0.0,0.0,0%,0.0
3281,NICOLAE NEGUMEREANU,8c57c7b8c3bab0eb,Nicolae Negumereanu,13.0,2.0,0.0,1994-09-04,182.88,92.98636,198.12,Orthodox,0.73,4.67,40.0,18%,0.0,0.0,40%,0.0
3282,NICOLAS DALBY,9d19d9e4aa2662e8,Nicolas Dalby,23.0,6.0,1.0,1984-11-16,180.34,77.11064,187.96,Orthodox,3.2,3.57,37.0,55%,1.45,33.0,63%,0.0
3283,NICOLLE CALIARI,fc0a4053eb8a3a59,Nicolle Caliari,8.0,4.0,0.0,1996-11-04,160.02,56.699,157.48,Orthodox,2.88,5.59,39.0,52%,3.38,29.0,50%,1.0
3284,NIK LENTZ,6fb1ba67bef41b37,Nik Lentz,30.0,12.0,2.0,1984-08-13,172.72,65.77083999999999,172.72,Orthodox,3.44,3.25,47.0,50%,3.3,32.0,43%,1.2
3285,NIK THEOTIKOS,ca936c67687789e9,Nik Theotikos,0.0,0.0,0.0,,,,,Orthodox,0.0,5.48,0.0,19%,0.0,0.0,0%,4.8
3286,NIKITA KRYLOV,1091d4d957141094,Nikita Krylov,30.0,11.0,0.0,1992-03-07,190.5,92.98636,195.58,Orthodox,4.33,2.52,56.0,43%,1.34,33.0,55%,1.3
3287,NIKK COVERT,400c7b43c86d27d3,Nikk Covert,0.0,0.0,0.0,1969-08-04,172.72,,,,0.0,0.0,0.0,0%,0.0,0.0,0%,0.0
3288,NIKLAS BACKSTROM,39cc64bf0a269db9,Niklas Backstrom,11.0,3.0,0.0,1989-08-22,185.42,65.77083999999999,,Orthodox,1.12,3.65,41.0,40%,2.92,80.0,72%,2.2
3289,NIKLAS STOLZE,62f7097c04311193,Niklas Stolze,12.0,6.0,0.0,1992-12-28,185.42,70.30676,187.96,Switch,2.0,1.93,41.0,56%,1.0,100.0,66%,0.0
3290,NIKO PRICE,d8da10db80131bec,Niko Price,16.0,9.0,0.0,1989-09-29,182.88,77.11064,193.04,Orthodox,5.33,5.83,41.0,49%,0.89,22.0,72%,0.9
3291,NIKOLA JOKSOVIC,a6aa3157e1a1d104,Nikola Joksovic,0.0,0.0,0.0,1994-09-11,,,,,,,,,,,,
3292,NIKOLAJUS CILKINAS,3f3550bf126a5721,Nikolajus Cilkinas,0.0,0.0,0.0,,,,,Orthodox,0.0,5.88,0.0,16%,0.0,0.0,0%,0.0
3293,NIKOLAS MOTTA,37f560436d745c18,Nikolas Motta,15.0,6.0,0.0,1993-02-08,175.26,70.30676,177.8,Orthodox,2.8,3.6,27.0,66%,0.0,0.0,100%,0.0
3294,NIKOLAY VERETENNIKOV,0f1efce7d2571d10,Nikolay Veretennikov,13.0,6.0,0.0,1989-12-22,185.42,77.11064,187.96,Orthodox,2.74,3.43,56.0,47%,0.4,16.0,62%,0.4
3295,NINA ANSAROFF,37032df605cbf86d,Nina Ansaroff,0.0,0.0,0.0,1985-12-03,,,162.56,Orthodox,4.81,3.55,47.0,54%,0.29,40.0,77%,0.6
3296,NINA NUNES,d343df8ba11f4c4e,Nina Nunes,11.0,7.0,0.0,1985-12-03,165.1,56.699,162.56,Orthodox,4.39,3.47,45.0,55%,0.24,33.0,73,0.5
3297,NISSEN OSTERNECK,d632d156c0549e07,Nissen Osterneck,12.0,4.0,0.0,1981-05-01,187.96,83.91452,,Orthodox,3.15,2.9,58.0,41%,0.63,12.0,42%,1.3
3298,NOAD LAHAT,9f755fb04cc21499,Noad Lahat,11.0,2.0,0.0,1984-06-08,175.26,65.77083999999999,175.26,Orthodox,2.79,1.47,46.0,63%,2.37,26.0,16%,2.4
3299,NOAH THOMAS,319c15b8aac5bfde,Noah Thomas,0.0,0.0,0.0,1981-03-27,175.26,,,Orthodox,0.44,4.99,13.0,33%,0.0,0.0,0%,1.3
3300,NOBUHIKO TAKADA,a25b71fe5e31fa97,Nobuhiko Takada,0.0,0.0,0.0,1962-04-12,182.88,,,Southpaw,0.31,1.92,24.0,39%,1.15,20.0,0%,0.0
3301,NOBUHIRO OBIYA,6e3282d57d2467a0,Nobuhiro Obiya,0.0,0.0,0.0,1981-01-15,172.72,,,Orthodox,0.63,2.53,28.0,55%,0.5,50.0,41%,0.5
3302,NOE HERNANDEZ,df2cf66d8c0123db,Noe Hernandez,5.0,5.0,0.0,,184.14999999999998,83.91452,,Orthodox,0.0,0.0,0.0,0%,0.0,0.0,0%,0.0
3303,NOHELIN HERNANDEZ,f97c5433c77522d3,Nohelin Hernandez,9.0,4.0,0.0,1994-03-01,177.8,61.23492,180.34,Orthodox,1.32,2.63,34.0,52%,0.71,50.0,37%,0.0
3304,NOLAN TICMAN,9eb069062a0cfc13,Nolan Ticman,4.0,3.0,0.0,1988-05-17,167.64,56.699,,Orthodox,2.57,2.53,47.0,67%,0.0,0.0,60%,0.0
3305,NORA CORNOLLE,f2b3f4ef3f780168,Nora Cornolle,9.0,3.0,0.0,1989-12-06,170.18,61.23492,170.18,Orthodox,2.75,1.98,54.0,58%,0.25,11.0,47,0.2
3306,NORDINE TALEB,49858bf46dabf6fb,Nordine Taleb,15.0,7.0,0.0,1981-06-10,185.42,77.11064,187.96,Orthodox,3.66,2.62,51.0,66%,1.94,76.0,73%,0.0
3307,NORIFUMI YAMAMOTO,4834ff149dc9542a,Norifumi Yamamoto,18.0,6.0,0.0,1977-03-15,162.56,61.23492,167.64,Southpaw,2.09,2.01,45.0,57%,0.41,22.0,45%,0.0
3308,NORMA DUMONT,d3f5d33d61cd00c9,Norma Dumont,12.0,2.0,0.0,1990-10-01,170.18,61.23492,170.18,Orthodox,3.85,2.33,50.0,64%,1.43,54.0,71%,0.0
3309,NORMAN PARKE,14ff46596ad80609,Norman Parke,23.0,6.0,1.0,1986-12-22,180.34,70.30676,177.8,Southpaw,3.06,2.88,35.0,64%,1.98,26.0,77%,0.0
3310,NURSULTON RUZIBOEV,49d2a08964c5eb11,Nursulton Ruziboev,36.0,9.0,2.0,1993-11-19,195.58,83.91452,193.04,Orthodox,2.38,2.68,46.0,49%,1.36,80.0,33%,0.3
3311,NURULLO ALIEV,ca28cdf526d6b6e9,Nurullo Aliev,10.0,0.0,0.0,2000-12-08,177.8,70.30676,182.88,Orthodox,2.43,1.07,45.0,58%,2.6,54.0,0,0.0
3312,NYAMJARGAL TUMENDEMBEREL,17cb6d8e8187f304,Nyamjargal Tumendemberel,9.0,1.0,0.0,1998-03-22,170.18,56.699,180.34,Orthodox,3.18,3.33,39.0,52%,3.1,38.0,54,2.6
3313,OBAN ELLIOTT,6b56e94a59b7b134,Oban Elliott,12.0,3.0,0.0,1997-12-19,182.88,77.11064,182.88,Orthodox,3.5,2.24,48.0,60%,1.7,44.0,55,0.0
3314,ODE OSBOURNE,6d68c1afe954f121,Ode Osbourne,13.0,9.0,0.0,1992-01-09,170.18,56.699,185.42,Southpaw,4.3,3.04,54.0,42%,1.9,100.0,66%,1.9
3315,OJ DOMINGUEZ,1a50e734bb54861a,OJ Dominguez,0.0,0.0,0.0,,,,,,0.0,0.0,0.0,0%,0.0,0.0,0%,0.0
3316,OLAF ALFONSO,b757c73f443d4fca,Olaf Alfonso,0.0,0.0,0.0,1974-08-06,187.96,,,Orthodox,1.65,4.77,38.0,53%,0.37,7.0,22%,0.7
3317,OLEG TAKTAROV,1dc56b59cb28425d,Oleg Taktarov,17.0,5.0,2.0,1967-08-26,182.88,95.25431999999999,,Orthodox,0.0,0.0,0.0,0%,0.0,0.0,0%,0.0
3318,OLEKSANDR DOSKALCHUK,86cb6f5b1ca98dc0,Oleksandr Doskalchuk,0.0,0.0,0.0,1990-03-13,167.64,,,Southpaw,0.0,0.0,0.0,0%,0.0,0.0,0%,0.0
3319,OLI THOMPSON,dcdd511ff757f15c,Oli Thompson,17.0,10.0,0.0,1980-01-02,185.42,109.76926399999999,190.5,Orthodox,1.66,5.31,46.0,46%,0.0,0.0,50%,0.5
3320,OLIVER ENKAMP,330bafba312face4,Oliver Enkamp,7.0,2.0,0.0,1991-08-10,182.88,77.11064,195.58,Switch,2.38,3.55,36.0,37%,0.87,16.0,0%,0.0
3321,OLIVIER AUBIN-MERCIER,55ee431411ccf07a,Olivier Aubin-Mercier,11.0,5.0,0.0,1989-02-23,175.26,70.30676,177.8,Southpaw,2.48,2.97,51.0,55%,2.36,33.0,70%,0.5
3322,OLIVIER MURAD,c3dd69333eb8085a,Olivier Murad,0.0,0.0,0.0,1993-12-21,177.8,,182.88,Southpaw,,,,,,,,
3323,OLLIE SCHMID,b701f095e6ccb149,Ollie Schmid,0.0,0.0,0.0,2000-12-28,175.26,65.77083999999999,180.34,Orthodox,3.23,7.9,30.0,45%,0.0,0.0,0%,0.0
3324,OLUWALE BAMGBOSE,04b39f4e8eb59d7c,Oluwale Bamgbose,6.0,4.0,0.0,1987-08-04,180.34,83.91452,198.12,Switch,2.45,2.7,48.0,55%,0.94,33.0,37%,0.0
3325,OMAR MORALES,a0e6753c42698f13,Omar Morales,11.0,4.0,0.0,1985-10-17,180.34,70.30676,185.42,Orthodox,3.39,2.99,34.0,65%,0.29,100.0,100%,0.0
3326,OMARI AKHMEDOV,16690d100f995f8f,Omari Akhmedov,21.0,6.0,1.0,1987-10-12,182.88,83.91452,185.42,Orthodox,2.95,2.59,35.0,57%,2.63,49.0,65%,0.3
3327,ONASSIS PARUNGAO,96d173b7f92aa520,Onassis Parungao,2.0,1.0,0.0,,180.34,,,,0.0,0.0,0.0,0%,0.0,0.0,0%,0.0
3328,ORION COSCE,2c010b26a3306969,Orion Cosce,8.0,2.0,0.0,1994-07-15,180.34,77.11064,180.34,Switch,4.56,1.97,62.0,56%,1.02,100.0,70%,0.0
3329,ORLANDO WIET,a6c2f5381d575920,Orlando Wiet,1.0,5.0,0.0,1965-10-24,177.8,77.11064,,Southpaw,0.0,0.0,0.0,0%,0.0,0.0,0%,0.0
3330,ORON KAHLON,00a35c92b03992b0,Oron Kahlon,0.0,0.0,0.0,1984-11-04,172.72,,177.8,Orthodox,0.0,0.0,0.0,0%,0.0,0.0,0%,0.0
3331,OSAMU TACHIHIKARI,e7bc606d269896aa,Osamu Tachihikari,0.0,0.0,0.0,,195.58,,,Orthodox,0.0,0.0,0.0,0%,0.0,0.0,0%,0.0
3332,OSCAR COTA,f584a6e0b5b74604,Oscar Cota,0.0,0.0,0.0,1984-10-15,182.88,,182.88,Orthodox,0.33,2.47,41.0,41%,0.0,0.0,60%,1.0
3333,OSKAR PIECHOTA,1cf7ccf64a5bf24e,Oskar Piechota,11.0,3.0,1.0,1990-01-24,182.88,83.91452,193.04,Southpaw,3.3,3.93,52.0,51%,0.61,40.0,38%,1.5
3334,OTARI TANZILOVI,b9124c308671e303,Otari Tanzilovi,0.0,0.0,0.0,1998-04-09,177.8,61.23492,177.8,Orthodox,4.2,4.2,68.0,49%,4.5,36.0,85%,0.0
3335,OTGONBAATAR BOLDBAATAR,3f773caad71c4131,Otgonbaatar Boldbaatar,0.0,0.0,0.0,2002-12-25,,,,,,,,,,,,
3336,OTTMAN AZAITAR,ee18ff42063174df,Ottman Azaitar,13.0,3.0,0.0,1990-02-20,172.72,70.30676,180.34,Switch,8.43,1.76,57.0,67%,0.0,0.0,100%,0.0
3337,OUMAR SY,46e2011d92463b7e,Oumar Sy,12.0,1.0,0.0,1995-11-21,193.04,92.98636,210.82,Orthodox,3.67,1.72,48.0,70%,2.73,36.0,100,0.4
3338,OVINCE SAINT PREUX,50db8711c70196cd,Ovince Saint Preux,27.0,18.0,0.0,1983-04-08,190.5,92.98636,203.2,Southpaw,2.68,3.03,46.0,45%,1.19,40.0,66%,0.6
3339,OZZY DIAZ,6967153c7edb4d87,Ozzy Diaz,10.0,3.0,0.0,1990-11-22,193.04,83.91452,200.66,Orthodox,5.33,6.52,49.0,61%,0.0,0.0,50%,0.0
3340,PABLO ALFONSO,4b37a0bc2ab4cae1,Pablo Alfonso,0.0,0.0,0.0,1983-05-09,172.72,,,,0.0,0.0,0.0,0%,0.0,0.0,0%,0.0
3341,PABLO GARZA,8e5bfd4e82352340,Pablo Garza,12.0,4.0,0.0,1983-09-16,185.42,65.77083999999999,185.42,Orthodox,3.37,2.7,44.0,50%,0.94,25.0,15%,1.3
3342,PABLO VILLASECA,34f93dfbd43b2144,Pablo Villaseca,0.0,0.0,0.0,1987-01-26,170.18,,,,2.79,3.25,42.0,65%,2.5,50.0,33%,0.0
3343,PADDY HOLOHAN,6e7c758f5cdec01a,Paddy Holohan,12.0,2.0,1.0,1988-05-03,177.8,56.699,175.26,Orthodox,2.13,2.81,46.0,46%,2.88,47.0,71%,1.3
3344,PADDY MCCORRY,b43620395f655046,Paddy McCorry,0.0,0.0,0.0,1997-12-09,190.5,,185.42,Switch,,,,,,,,
3345,PADDY PIMBLETT,7826923b47f8d72a,Paddy Pimblett,23.0,3.0,0.0,1995-01-03,177.8,70.30676,185.42,Orthodox,5.19,3.14,53.0,42%,0.96,28.0,50,1.7
3346,PAIGE VANZANT,4d5197f331c47290,Paige VanZant,8.0,5.0,0.0,1994-03-26,162.56,52.16308,165.1,Orthodox,3.35,2.62,52.0,42%,1.27,33.0,34%,1.0
3347,PANNIE KIANZAD,91dac5e69e28d5b5,Pannie Kianzad,17.0,9.0,0.0,1991-12-08,170.18,61.23492,167.64,Orthodox,5.14,3.62,49.0,57%,0.22,14.0,83%,0.2
3348,PAPY ABEDI,c9f6385af6df66d7,Papy Abedi,10.0,4.0,0.0,1978-06-30,180.34,83.91452,,Southpaw,2.8,3.15,55.0,48%,3.47,57.0,50%,1.3
3349,PARKER PORTER,ac40f7e3cbecdda4,Parker Porter,14.0,9.0,0.0,1985-04-22,182.88,120.20188,190.5,Orthodox,7.69,7.36,49.0,52%,1.65,60.0,0%,1.1
3350,PASCAL KRAUSS,a01e84abefd85ec0,Pascal Krauss,11.0,2.0,0.0,1987-04-19,185.42,77.11064,,Orthodox,5.45,3.88,47.0,59%,1.53,50.0,60%,0.9
3351,PAT AUDINWOOD,196ed28337adc630,Pat Audinwood,11.0,2.0,1.0,1986-04-16,182.88,70.30676,,Orthodox,1.17,4.31,12.0,41%,0.8,50.0,0%,0.0
3352,PAT BARRY,658c3465581ae46b,Pat Barry,8.0,7.0,0.0,1979-07-07,180.34,106.59412,187.96,Orthodox,2.72,3.54,52.0,59%,0.0,0.0,76%,0.2
3353,PAT BENSON,a25f3dc0df974597,Pat Benson,0.0,0.0,0.0,1974-07-14,175.26,,,,0.0,0.0,0.0,0%,0.0,0.0,0%,0.0
3354,PAT CURRAN,d8291d0dd63da29c,Pat Curran,0.0,0.0,0.0,1987-08-31,175.26,,,,4.7,4.4,58.0,63%,2.5,62.0,66%,0.0
3355,PAT HEALY,50d2f0018bcf9eef,Pat Healy,34.0,23.0,0.0,1983-07-20,182.88,70.30676,182.88,Orthodox,2.57,2.57,36.0,50%,3.08,37.0,55%,1.1
3356,PAT MILETICH,cedfdf8d423d500c,Pat Miletich,29.0,7.0,2.0,1968-03-09,177.8,77.11064,,Orthodox,1.79,1.66,45.0,63%,1.96,100.0,54%,1.0
3357,PAT PYTLIK,4fd140eea593526e,Pat Pytlik,0.0,0.0,0.0,1989-04-24,182.88,,185.42,Orthodox,,,,,,,,
3358,PAT SABATINI,b8bbdeff718dbb7d,Pat Sabatini,20.0,5.0,0.0,1990-11-09,172.72,65.77083999999999,177.8,Orthodox,1.69,1.16,54.0,54%,4.27,41.0,50%,1.3
3359,PAT SCHILLING,de12bd65e2f46478,Pat Schilling,5.0,2.0,0.0,1988-08-28,172.72,65.77083999999999,,Orthodox,1.87,8.24,26.0,52%,0.0,0.0,0%,0.0
3360,PATCHY MIX,2cfba6c837c03ed0,Patchy Mix,20.0,2.0,0.0,1993-08-16,172.72,61.23492,182.88,Southpaw,8.13,11.53,40.0,42%,0.0,0.0,0,0.0
3361,PATRICIA ALUJAS,430c533614d45813,Patricia Alujas,0.0,0.0,0.0,1996-05-08,162.56,,162.56,Orthodox,,,,,,,,
3362,PATRICIO FREIRE,98a58c26c5b1ed17,Patricio Freire,37.0,8.0,0.0,1987-07-07,167.64,65.77083999999999,170.18,Orthodox,2.84,4.43,41.0,60%,0.6,18.0,94%,0.6
3363,PATRICIO PITBULL,ab04a703bbe46709,PATRICIO PITBULL,0.0,0.0,0.0,1987-07-07,175.26,65.77083999999999,170.18,Orthodox,2.77,4.61,45.0,55%,1.26,33.0,74%,0.5
3364,PATRICK COTE,9fa3bd637edd9aa2,Patrick Cote,23.0,11.0,0.0,1980-02-29,180.34,77.11064,190.5,Orthodox,2.81,3.21,48.0,48%,0.68,20.0,43%,0.2
3365,PATRICK CUMMINS,e51e5cb722bd47a8,Patrick Cummins,10.0,7.0,0.0,1980-11-16,187.96,92.98636,193.04,Orthodox,4.26,3.35,50.0,55%,4.49,41.0,28%,0.1
3366,PATRICK KAASE,b180f05acb24d430,Patrick Kaase,0.0,0.0,0.0,,175.26,,,,4.4,0.53,67.0,50%,0.0,0.0,50%,0.0
3367,PATRICK MURPHY,eca7e064746c161a,Patrick Murphy,0.0,0.0,0.0,,182.88,,,,3.4,0.8,66.0,42%,0.0,0.0,50%,1.0
3368,PATRICK SABATINI,19dacb66da584052,Patrick Sabatini,0.0,0.0,0.0,1990-11-09,,,177.8,Orthodox,0.0,0.0,0.0,0%,0.0,0.0,0%,0.0
3369,PATRICK SMITH,46c8ec317aff28ac,Patrick Smith,20.0,17.0,0.0,1963-08-28,187.96,102.0582,,Orthodox,0.0,0.0,0.0,0%,0.0,0.0,0%,0.0
3370,PATRICK SPEIGHT,ae4650eb56ab6a11,Patrick Speight,0.0,0.0,0.0,,185.42,,,Orthodox,0.0,0.0,0.0,0%,0.0,0.0,0%,0.0
3371,PATRICK WALSH,b4c96c3d9139bf0e,Patrick Walsh,10.0,3.0,0.0,1988-11-28,180.34,83.91452,,,2.03,2.83,19.0,64%,3.0,54.0,100%,1.5
3372,PATRICK WILLIAMS,39330403ad27c2bb,Patrick Williams,8.0,6.0,0.0,1981-09-07,172.72,61.23492,185.42,Orthodox,4.12,4.12,51.0,52%,2.71,41.0,100%,0.5
3373,PATRICKY FREIRE,90e6dde9113830bd,Patricky Freire,0.0,0.0,0.0,1986-06-01,170.18,,180.34,,3.06,3.34,44.0,69%,1.26,33.0,100%,0.0
3374,PATRIK WHITE,4debc6c4c6249690,Patrik White,0.0,0.0,0.0,1993-06-11,182.88,,182.88,Orthodox,,,,,,,,
3375,PATRYK GRABOWSKI,4e163b53d1de1fbc,Patryk Grabowski,0.0,0.0,0.0,1995-11-12,,,,,,,,,,,,
3376,PAUL BRADLEY,c7011de4765d2497,Paul Bradley,23.0,8.0,0.0,1983-06-13,175.26,77.11064,,Orthodox,2.26,4.13,32.0,56%,1.12,16.0,100%,0.0
3377,PAUL BUENTELLO,f0abbb6f3444dae7,Paul Buentello,35.0,17.0,0.0,1974-01-16,187.96,111.13004,195.58,Orthodox,3.29,3.83,45.0,52%,0.19,33.0,39%,0.4
3378,PAUL CAPALDO,83b8fe74224dd642,Paul Capaldo,0.0,0.0,0.0,1996-12-27,170.18,,,,,,,,,,,
3379,PAUL CRAIG,eabf206b162b3b83,Paul Craig,17.0,10.0,1.0,1987-11-27,190.5,92.98636,193.04,Orthodox,2.4,2.43,49.0,49%,2.11,26.0,55%,1.5
3380,PAUL CREIGHTON,ed73c85164a5f5a4,Paul Creighton,3.0,1.0,0.0,1970-06-04,167.64,70.30676,,Southpaw,0.72,4.65,75.0,30%,5.37,37.0,0%,0.0
3381,PAUL DALEY,23725c826c481e7f,Paul Daley,39.0,15.0,2.0,1983-02-21,175.26,77.11064,193.04,Orthodox,3.14,2.37,47.0,60%,0.91,40.0,64%,0.0
3382,PAUL FELDER,e5010b1b94ca5755,Paul Felder,17.0,6.0,0.0,1984-04-25,180.34,70.30676,177.8,Orthodox,3.7,3.44,44.0,48%,0.29,28.0,64%,0.2
3383,PAUL GEORGIEFF,2f1700b3a4a09bc7,Paul Georgieff,6.0,2.0,0.0,1982-09-22,187.96,77.11064,,Orthodox,2.55,2.34,40.0,35%,0.0,0.0,0%,0.0
3384,PAUL HERRERA,440c9dbab63528fb,Paul Herrera,1.0,1.0,0.0,1964-02-21,177.8,83.91452,,Orthodox,0.0,0.0,0.0,0%,0.0,0.0,0%,0.0
3385,PAUL JONES,f341f9551ba744e2,Paul Jones,11.0,1.0,1.0,1963-06-16,175.26,90.264808,,Orthodox,0.0,0.0,0.0,0%,0.0,0.0,0%,0.0
3386,PAUL KELLY,aac5ac38148f0528,Paul Kelly,14.0,5.0,0.0,1984-09-12,175.26,70.30676,177.8,Orthodox,3.22,2.61,37.0,59%,1.34,60.0,30%,1.5
3387,PAUL REDMOND,3f56b99447f00607,Paul Redmond,12.0,7.0,0.0,1986-10-20,177.8,65.77083999999999,,Orthodox,0.72,2.99,34.0,41%,0.0,0.0,50%,0.0
3388,PAUL RODRIGUEZ,26eddcda9d6b2ffe,Paul Rodriguez,10.0,9.0,2.0,1975-05-18,170.18,70.30676,,Orthodox,0.84,1.68,100.0,68%,0.0,0.0,50%,0.0
3389,PAUL RUIZ,babc0b19e89cec6e,Paul Ruiz,0.0,0.0,0.0,1987-06-23,167.64,,,,1.4,1.4,33.0,75%,0.0,0.0,100%,20.9
3390,PAUL SASS,7b143a54451263d9,Paul Sass,14.0,2.0,0.0,1988-08-04,182.88,70.30676,185.42,Orthodox,0.53,1.9,26.0,51%,0.53,16.0,33%,7.4
3391,PAUL SONG,9775eabcb1be1a00,Paul Song,0.0,0.0,0.0,1987-01-20,,,,,0.0,0.0,0.0,0%,0.0,0.0,0%,0.0
3392,PAUL TAYLOR,9b74de674c355425,Paul Taylor,11.0,6.0,1.0,1979-12-15,182.88,70.30676,182.88,Orthodox,4.44,4.47,47.0,55%,0.27,25.0,56%,0.5
3393,PAUL VARELANS,07a18ae55dfc3cd9,Paul Varelans,9.0,9.0,0.0,1969-09-17,203.2,136.0776,,Orthodox,0.0,0.0,0.0,0%,0.0,0.0,0%,0.0
3394,PAULA LUNA,5b1effb0db45273a,Paula Luna,0.0,0.0,0.0,1999-07-05,157.48,,157.48,Orthodox,,,,,,,,
3395,PAULINE MACIAS,e88b83dea18f5d31,Pauline Macias,0.0,0.0,0.0,1988-06-27,162.56,,162.56,Southpaw,0.8,4.6,29.0,42%,2.0,18.0,0%,0.0
3396,PAULO CESAR SILVA,55b8dc4e54fe2c59,Paulo Cesar Silva,0.0,0.0,0.0,1963-07-21,226.06,,,Orthodox,0.4,2.72,15.0,47%,0.42,100.0,16%,0.4
3397,PAULO COSTA,2e5c2aa8e4ab9d82,Paulo Costa,15.0,4.0,0.0,1991-04-21,185.42,83.91452,182.88,Orthodox,6.15,5.96,59.0,49%,0.3,42.0,77%,0.0
3398,PAULO FILHO,2abdead94ce73552,Paulo Filho,0.0,0.0,0.0,1978-05-24,172.72,,,Southpaw,1.86,1.67,48.0,66%,2.4,32.0,42%,1.6
3399,PAULO HENRIQUE,3fe8ad7e1594537a,Paulo Henrique,0.0,0.0,0.0,2002-07-03,170.18,,175.26,,,,,,,,,
3400,PAULO RENATO JUNIOR,01dfb60661153735,Paulo Renato Junior,0.0,0.0,0.0,1994-01-25,182.88,,185.42,Orthodox,,,,,,,,
3401,PAULO SANTOS,7ca4c3f8aa8bacae,Paulo Santos,0.0,3.0,0.0,1991-05-22,,,,,0.0,0.0,0.0,0%,0.0,0.0,0%,0.0
3402,PAULO THIAGO,30a09e43f15f1d75,Paulo Thiago,18.0,9.0,0.0,1981-01-25,180.34,77.11064,187.96,Orthodox,1.71,1.99,39.0,63%,1.42,31.0,63%,1.2
3403,PAWAN MAAN,450bacdacd706bcd,Pawan Maan,0.0,0.0,0.0,1986-04-06,170.18,,177.8,Orthodox,,,,,,,,
3404,PAWEL NASTULA,154a6b3ffae264cd,Pawel Nastula,0.0,0.0,0.0,1970-06-26,182.88,,,Southpaw,1.3,1.73,43.0,50%,3.0,60.0,0%,1.5
3405,PAWEL PAWLAK,9310418684bc896f,Pawel Pawlak,12.0,3.0,0.0,1989-02-08,182.88,77.11064,185.42,Orthodox,1.67,2.22,33.0,53%,1.0,37.0,70%,0.0
3406,PAYTON TALBOTT,6e743a33d56bdaa4,Payton Talbott,10.0,1.0,0.0,1998-09-09,177.8,61.23492,177.8,Switch,6.05,3.26,54.0,46%,0.24,25.0,76,0.2
3407,PEARL GONZALEZ,1ebdcb7488d0ebee,Pearl Gonzalez,6.0,3.0,0.0,1986-08-12,162.56,52.16308,,Orthodox,2.23,4.07,37.0,57%,1.04,11.0,0%,0.5
3408,PEDRO FALCAO,f7be1db194e03d7e,Pedro Falcao,16.0,5.0,0.0,1992-07-30,167.64,61.23492,167.64,Orthodox,3.21,3.39,48.0,50%,2.73,25.0,66,0.0
3409,PEDRO MUNHOZ,6bd02119599741a4,Pedro Munhoz,20.0,10.0,0.0,1986-09-07,167.64,61.23492,165.1,Orthodox,5.6,5.87,43.0,58%,0.68,21.0,80%,0.8
3410,PEDRO NOBRE,e983c62faf677ab2,Pedro Nobre,18.0,4.0,2.0,1986-02-13,165.1,61.23492,,,1.37,9.16,30.0,35%,0.0,0.0,0%,0.0
3411,PEDRO OTAVIO,4512e46543b960ad,Pedro Otavio,0.0,0.0,0.0,1967-12-17,190.5,,,Orthodox,0.0,0.0,0.0,0%,0.0,0.0,0%,0.0
3412,PEDRO RIZZO,b44f39a5c6596953,Pedro Rizzo,20.0,11.0,0.0,1974-05-03,185.42,109.31567199999999,,Orthodox,1.93,3.02,34.0,50%,0.26,28.0,78%,0.0
3413,PEDRO ROCHA,5921fd3f889afa3b,Pedro Rocha,0.0,0.0,0.0,,,,,,,,,,,,,
3414,PEGGY MORGAN,92b36014314b028b,Peggy Morgan,4.0,4.0,0.0,1979-12-16,185.42,61.23492,,,2.27,8.2,23.0,33%,0.0,0.0,50%,0.0
3415,PER EKLUND,58bc81376286b3d3,Per Eklund,14.0,5.0,1.0,1980-11-12,177.8,70.30676,182.88,Orthodox,2.07,2.38,61.0,67%,2.07,11.0,50%,3.6
3416,PETE RODRIGUEZ,776d4262c4da38bf,Pete Rodriguez,5.0,2.0,0.0,1996-11-13,175.26,77.11064,180.34,Switch,9.28,12.83,43.0,42%,0.0,0.0,100,0.0
3417,PETE ROGERS JR.,36f3d235493d35ad,Pete Rogers Jr.,0.0,0.0,0.0,,182.88,,,,0.66,1.71,15.0,65%,0.0,0.0,0%,0.0
3418,PETE SABALA,7956f026e2672c47,Pete Sabala,0.0,0.0,0.0,,,,,,0.0,0.0,0.0,0%,0.0,0.0,0%,0.0
3419,PETE SELL,0359313549d230a1,Pete Sell,10.0,7.0,0.0,1982-08-05,180.34,77.11064,190.5,Orthodox,2.6,3.65,42.0,51%,0.91,21.0,47%,0.9
3420,PETE SPRATT,c3ea8deeba00462b,Pete Spratt,25.0,23.0,0.0,1971-01-09,175.26,77.11064,,Orthodox,1.63,1.33,48.0,55%,0.3,100.0,46%,0.3
3421,PETE WILLIAMS,6291ac0a3726732f,Pete Williams,12.0,6.0,0.0,1975-07-10,190.5,106.59412,,Orthodox,0.61,2.77,62.0,40%,1.84,40.0,16%,0.9
3422,PETER BARRETT,d21113c9ff3788ae,Peter Barrett,11.0,5.0,0.0,1986-08-10,177.8,65.77083999999999,185.42,Southpaw,4.18,4.32,61.0,42%,1.39,22.0,66%,0.0
3423,PETER DANESOE,5f119b24c0f9679c,Peter Danesoe,0.0,0.0,0.0,2000-09-01,175.26,,172.72,Orthodox,,,,,,,,
3424,PETER PETTIES,7ea5d60d2e6a8ad0,Peter Petties,0.0,0.0,0.0,1990-12-20,180.34,,182.88,Southpaw,2.61,8.24,29.0,48%,0.0,0.0,0%,0.0
3425,PETER SOBOTTA,1fcfc3709fe58151,Peter Sobotta,17.0,7.0,1.0,1987-01-11,182.88,77.11064,190.5,Southpaw,2.14,2.9,40.0,58%,1.53,32.0,77%,0.5
3426,PETR YAN,d661ce4da776fc20,Petr Yan,19.0,5.0,0.0,1993-02-11,170.18,61.23492,170.18,Switch,5.99,3.55,52.0,62%,2.14,66.0,90%,0.1
3427,PHIL BARONI,1652f3213655b935,Phil Baroni,15.0,18.0,0.0,1976-04-16,175.26,77.11064,182.88,Orthodox,2.77,3.93,45.0,40%,1.46,47.0,60%,0.5
3428,PHIL CARACAPPA,bd81a97864acf098,Phil Caracappa,0.0,0.0,0.0,1992-06-05,172.72,,177.8,Orthodox,2.93,4.07,50.0,29%,1.0,8.0,100%,1.0
3429,PHIL CARDELLA,f6a7b02c42e9fc5b,Phil Cardella,0.0,0.0,0.0,1976-07-09,180.34,,,,2.47,2.0,50.0,57%,0.0,0.0,11%,2.5
3430,PHIL DAVIS,902ab9197b83d0db,Phil Davis,17.0,4.0,0.0,1984-09-25,187.96,92.98636,200.66,Orthodox,2.85,1.33,34.0,72%,2.99,38.0,72%,0.6
3431,PHIL HARRIS,ba043b03eb799063,Phil Harris,22.0,12.0,0.0,1983-09-04,162.56,56.699,165.1,Orthodox,2.34,3.16,26.0,68%,1.76,21.0,60%,0.0
3432,PHIL HAWES,547afe1017e72dbe,Phil Hawes,12.0,6.0,0.0,1989-01-08,182.88,83.91452,195.58,Orthodox,2.84,4.18,52.0,47%,3.13,35.0,0%,0.0
3433,PHIL JOHNS,a8fa0c4e95512806,Phil Johns,30.0,14.0,1.0,1968-10-22,157.48,77.11064,,Southpaw,1.2,1.8,66.0,50%,0.0,0.0,50%,0.0
3434,PHIL ROWE,8e382b585a92affe,Phil Rowe,11.0,5.0,0.0,1990-07-18,190.5,77.11064,203.2,Orthodox,3.99,4.38,49.0,53%,0.6,36.0,56,0.3
3435,PHILIP DE FRIES,6ef65b6a152e49d5,Philip De Fries,12.0,6.0,0.0,1986-04-21,195.58,113.398,200.66,Orthodox,2.3,3.0,47.0,37%,3.29,42.0,100%,0.6
3436,PHILIP PEREZ,eee8efec7b951d84,Philip Perez,0.0,0.0,0.0,,165.1,,,Southpaw,1.36,0.68,100.0,66%,10.23,100.0,0%,10.2
3437,PHILIP PREECE,6597b611f1c32555,Philip Preece,0.0,0.0,0.0,1974-06-04,172.72,,,Orthodox,0.8,0.7,72.0,63%,0.0,0.0,0%,0.0
3438,PHILIP ROWE,ceae22c523926973,Philip Rowe,0.0,0.0,0.0,1990-07-18,,,203.2,Orthodox,4.99,5.34,60.0,51%,1.19,33.0,25%,0.0
3439,PHILIPE LINS,53c943c873cffe90,Philipe Lins,18.0,5.0,0.0,1985-08-17,187.96,92.98636,198.12,Orthodox,2.66,3.68,40.0,49%,0.0,0.0,0%,0.0
3440,PHILLIP LATU,09224b76d27007ee,Phillip Latu,0.0,0.0,0.0,1991-02-17,190.5,,193.04,Orthodox,,,,,,,,
3441,PHILLIP MILLER,18aecaf50f52e4c3,Phillip Miller,16.0,0.0,0.0,1979-02-20,180.34,83.91452,,Orthodox,1.61,1.93,54.0,50%,3.62,25.0,100%,0.6
3442,PHILLIPE NOVER,64360e618823a8e4,Phillipe Nover,11.0,8.0,1.0,1984-02-03,175.26,65.77083999999999,182.88,Orthodox,1.79,2.48,35.0,56%,0.99,28.0,44%,0.7
3443,PIERA RODRIGUEZ,e375cb5caf4717b6,Piera Rodriguez,11.0,2.0,0.0,1992-11-11,160.02,52.16308,160.02,Orthodox,3.54,2.81,47.0,55%,4.53,54.0,73,0.0
3444,PIETRO MENGA,869d68b5383131fd,Pietro Menga,0.0,0.0,0.0,1988-02-15,170.18,,172.72,Southpaw,0.0,0.0,0.0,0%,0.0,0.0,0%,0.0
3445,PINGYUAN LIU,31bbd39c0a075d4e,Pingyuan Liu,13.0,7.0,0.0,1993-02-13,167.64,61.23492,182.88,Orthodox,2.36,2.99,33.0,54%,0.25,20.0,56%,1.0
3446,PIOTR HALLMANN,a3be148af5c7b088,Piotr Hallmann,18.0,6.0,0.0,1987-08-25,175.26,70.30676,180.34,Orthodox,3.98,3.17,45.0,58%,2.55,44.0,70%,0.4
3447,POLIANA BOTELHO,5c126c6aac3ef364,Poliana Botelho,8.0,5.0,0.0,1988-12-15,172.72,56.699,170.18,Orthodox,3.0,3.08,56.0,50%,0.89,100.0,80%,0.0
3448,POLYANA VIANA,9673a497a9da119a,Polyana Viana,13.0,8.0,0.0,1992-06-14,165.1,52.16308,170.18,Orthodox,2.82,2.74,40.0,52%,0.67,33.0,33%,1.5
3449,POPPIES MARTINEZ,8851bb0418d27d28,Poppies Martinez,0.0,0.0,0.0,1983-08-19,175.26,,,,2.88,2.16,50.0,51%,1.54,33.0,50%,9.2
3450,PRESTON PARSONS,9fe7af8b3fbe00a0,Preston Parsons,11.0,6.0,0.0,1995-07-15,180.34,77.11064,180.34,Orthodox,3.54,3.25,51.0,54%,3.46,36.0,71,2.3
3451,PRISCILA CACHOEIRA,b1e5bcaad32a3cac,Priscila Cachoeira,13.0,7.0,0.0,1988-08-19,170.18,61.23492,165.1,Orthodox,4.35,7.45,44.0,45%,0.37,50.0,69%,0.0
3452,PRIYA SHARMA,5f23eaf9e9c34667,Priya Sharma,0.0,0.0,0.0,1991-08-29,154.94,,149.86,Orthodox,,,,,,,,
3453,PRO ESCOBEDO,b36874652ed7715d,Pro Escobedo,0.0,0.0,0.0,,,,,,0.0,0.0,0.0,0%,0.0,0.0,0%,0.0
3454,PUJA TOMAR,19f8a2f6eecd92ac,Puja Tomar,9.0,5.0,0.0,1993-12-05,162.56,52.16308,149.86,Southpaw,5.61,5.82,48.0,46%,0.0,0.0,100,0.0
3455,PUNAHELE SORIANO,64facb6cc564262d,Punahele Soriano,11.0,4.0,0.0,1992-11-22,180.34,77.11064,182.88,Southpaw,4.46,2.86,43.0,52%,2.6,66.0,0%,0.0
3456,QIU LUN,126bdc1710a8cbf4,Qiu Lun,0.0,0.0,0.0,1997-07-08,172.72,,167.64,Southpaw,,,,,,,,
3457,QUANG LE,32feae6d9a1e5047,Quang Le,9.0,2.0,0.0,1991-10-18,170.18,61.23492,177.8,Orthodox,2.7,4.53,37.0,47%,3.15,35.0,100,0.5
3458,QUEMUEL OTTONI,7ce21433c2a53168,Quemuel Ottoni,0.0,0.0,0.0,1992-10-22,182.88,,182.88,Orthodox,,,,,,,,
3459,QUENTIN PASLEY,15b1f83a90302adf,Quentin Pasley,0.0,0.0,0.0,2001-10-15,,,,,,,,,,,,
3460,QUILLAN SALKILLD,17734443a833cdf7,Quillan Salkilld,9.0,1.0,0.0,1999-12-28,182.88,70.30676,190.5,Orthodox,5.01,3.03,57.0,45%,7.25,35.0,80%,0.8
3461,QUINN MULHERN,16af2d5a6f28bee2,Quinn Mulhern,18.0,4.0,0.0,1984-09-20,190.5,70.30676,,Orthodox,1.48,2.09,28.0,51%,1.36,20.0,33%,0.0
3462,QUINTON JACKSON,ffc088e64fab57e9,Quinton Jackson,37.0,12.0,0.0,1978-06-20,185.42,92.98636,185.42,Orthodox,3.25,2.51,54.0,55%,1.52,56.0,73%,0.1
3463,RABINDRA DHANT,9f8bd85aaeec2f56,Rabindra Dhant,0.0,0.0,0.0,1998-11-30,,,,,,,,,,,,
3464,RACHAEL OSTOVICH,01784fbc27c68b14,Rachael Ostovich,4.0,6.0,0.0,1991-02-25,160.02,56.699,157.48,Orthodox,2.54,3.97,43.0,57%,2.03,83.0,66%,0.8
3465,RADLEY DA SILVA,0d68c7bfdff1dc34,Radley Da Silva,0.0,0.0,0.0,1995-06-20,175.26,,180.34,Orthodox,,,,,,,,
3466,RAFA GARCIA,e132d47bd9efbbe0,Rafa Garcia,17.0,4.0,0.0,1994-08-05,170.18,70.30676,177.8,Orthodox,4.28,4.42,44.0,61%,3.22,45.0,77%,0.4
3467,RAFAEL ALVES,029afd138865d20a,Rafael Alves,20.0,12.0,0.0,1990-11-14,172.72,70.30676,172.72,Orthodox,2.02,3.66,45.0,59%,0.0,0.0,100%,1.9
3468,RAFAEL CARINO,08a7080ff5904661,Rafael Carino,2.0,1.0,1.0,1973-07-16,203.2,111.13004,,Orthodox,0.0,0.0,0.0,0%,0.0,0.0,0%,0.0
3469,RAFAEL CARVALHO,620d8710e89cfeae,Rafael Carvalho,0.0,0.0,0.0,1986-07-27,190.5,,,,1.94,1.84,50.0,54%,2.77,40.0,70%,0.0
3470,RAFAEL CAVALCANTE,5c1ca0c72b599a3c,Rafael Cavalcante,12.0,7.0,0.0,1980-04-14,185.42,92.98636,187.96,Orthodox,2.71,3.62,53.0,49%,0.6,40.0,63%,0.1
3471,RAFAEL CERQUEIRA,09a4447655fd4b7b,Rafael Cerqueira,11.0,3.0,0.0,1990-03-15,190.5,92.98636,193.04,Southpaw,1.61,4.88,44.0,36%,0.0,0.0,40,0.0
3472,RAFAEL DEL REAL,6993a479f38e7ba9,Rafael  Del Real,0.0,0.0,0.0,,,,,,5.58,0.0,40.0,0%,20.93,100.0,100%,0.0
3473,RAFAEL DIAS,b5abaa65f87938eb,Rafael Dias,0.0,0.0,0.0,1979-10-20,175.26,,,Orthodox,1.13,2.19,27.0,60%,3.17,47.0,100%,1.2
3474,RAFAEL DOS ANJOS,6a2f7c151031653d,Rafael Dos Anjos,32.0,17.0,0.0,1984-10-26,172.72,77.11064,177.8,Southpaw,3.49,3.22,46.0,61%,1.93,37.0,58%,0.6
3475,RAFAEL ESTEVAM,83455a9d17f57dae,Rafael Estevam,14.0,0.0,0.0,1996-08-10,172.72,56.699,175.26,Orthodox,2.4,3.9,39.0,45%,4.91,33.0,66%,0.2
3476,RAFAEL FIZIEV,c814b4c899793af6,Rafael Fiziev,13.0,4.0,0.0,1993-03-05,172.72,70.30676,180.34,Switch,4.71,4.81,52.0,50%,1.0,71.0,90%,0.0
3477,RAFAEL FREITAS,14b9e0f2679a2205,Rafael Freitas,0.0,0.0,0.0,,,,,Orthodox,2.0,8.0,29.0,51%,11.25,50.0,0%,0.0
3478,RAFAEL NATAL,0dba4df5f34d5ff0,Rafael Natal,21.0,9.0,1.0,1982-12-25,182.88,83.91452,195.58,Orthodox,3.1,2.48,47.0,57%,2.55,34.0,77%,0.5
3479,RAFAEL PERGENTINO,8d3b4a630b1bf1e6,Rafael Pergentino,0.0,0.0,0.0,2002-01-08,,,,Orthodox,,,,,,,,
3480,RAFAEL REBELLO,972197a8c61ac413,Rafael Rebello,0.0,0.0,0.0,1980-10-16,165.1,,170.18,Orthodox,2.19,3.29,32.0,58%,2.82,33.0,75%,0.5
3481,RAFAEL RIOS,2f5754b48eab1486,Rafael Rios,0.0,0.0,0.0,,,,,,0.0,0.0,0.0,0%,0.0,0.0,0%,0.0
3482,RAFAEL SILVA,a31358d90d4bb40a,Rafael Silva,0.0,0.0,0.0,1985-03-20,170.18,,,,0.67,0.73,50.0,67%,0.0,0.0,25%,1.0
3483,RAFAEL TOBIAS,d6a8edb7410223a0,Rafael Tobias,0.0,0.0,0.0,2003-03-20,187.96,92.98636,187.96,Orthodox,,,,,,,,
3484,RAFAELDEL REAL,e82b2adcaeff71ec,RafaelDel Real,0.0,0.0,0.0,,180.34,,,,,,,,,,,
3485,RAFAELLO OLIVEIRA,15b1b21cd743d652,Rafaello Oliveira,17.0,8.0,0.0,1982-01-26,172.72,70.30676,180.34,Orthodox,2.19,3.38,33.0,59%,2.49,36.0,11%,1.6
3486,RAHEAM FOREST,90390dd1b0791e7f,Raheam Forest,0.0,0.0,0.0,1997-07-11,180.34,,185.42,Switch,,,,,,,,
3487,RAIMOND MAGOMEDALIEV,d16373b3568678d4,Raimond Magomedaliev,0.0,0.0,0.0,1990-06-10,185.42,,190.5,Orthodox,,,,,,,,
3488,RAINN GUERRERO,8300a47f6fd6fe4f,Rainn Guerrero,0.0,0.0,0.0,1992-05-13,167.64,,165.1,Orthodox,,,,,,,,
3489,RAINY MARTINEZ,577ec7e108b94be3,Rainy Martinez,0.0,2.0,0.0,,182.88,90.264808,,Orthodox,0.0,0.0,0.0,0%,0.0,0.0,0%,0.0
3490,RAJA SHIPPEN,d9e1942637bd57a4,Raja Shippen,0.0,0.0,0.0,1986-10-07,167.64,,,,0.0,0.0,0.0,0%,0.0,0.0,0%,0.0
3491,RALEK GRACIE,84283233ec42be5f,Ralek Gracie,0.0,0.0,0.0,1985-10-04,187.96,,,Orthodox,1.61,1.05,46.0,55%,2.5,75.0,0%,1.7
3492,RALPH DILLON,b4f7a2d8ecc5e0c3,Ralph Dillon,0.0,0.0,0.0,,187.96,,,Orthodox,0.34,0.69,14.0,60%,0.0,0.0,0%,0.0
3493,RALPH GRACIE,a9c45a8b21eabadc,Ralph Gracie,0.0,0.0,0.0,1971-05-25,175.26,,,Orthodox,0.86,1.72,37.0,31%,0.0,0.0,25%,4.0
3494,RAMA SUPANDHI,6d537248fe7cccf1,Rama Supandhi,0.0,0.0,0.0,1991-11-07,165.1,,167.64,Southpaw,,,,,,,,
3495,RAMAZAN EMEEV,abd5fb12437eda21,Ramazan Emeev,20.0,6.0,0.0,1987-05-23,177.8,77.11064,193.04,Southpaw,2.5,1.98,45.0,66%,2.33,29.0,66%,0.5
3496,RAMAZAN KURAMAGOMEDOV,b6a73e6f11a8835c,Ramazan Kuramagomedov,0.0,0.0,0.0,1996-08-23,185.42,,185.42,Orthodox,11.67,9.13,67.0,54%,1.0,14.0,0%,0.0
3497,RAMAZAN TEMIROV,7d0a1968b38ca439,Ramazan Temirov,19.0,3.0,0.0,1997-01-31,162.56,56.699,160.02,Orthodox,4.37,3.93,40.0,59%,0.84,50.0,100,0.0
3498,RAMEAU THIERRY SOKOUDJOU,d1152823307d7e7c,Rameau Thierry Sokoudjou,18.0,18.0,0.0,1984-04-18,177.8,92.98636,198.12,Orthodox,2.26,2.61,45.0,56%,1.93,47.0,78%,0.9
3499,RAMI HAMED,a59017211b775b5d,Rami Hamed,0.0,0.0,0.0,1991-04-25,185.42,,180.34,Orthodox,,,,,,,,
3500,RAMIRO HERNANDEZ,915c8d39d4a0e7d1,Ramiro Hernandez,19.0,9.0,0.0,1986-07-22,175.26,61.23492,,Orthodox,2.72,5.51,28.0,64%,0.0,0.0,0%,0.0
3501,RAMIRO JIMENEZ,1c02b964466c10e4,Ramiro Jimenez,0.0,0.0,0.0,1999-01-16,175.26,,185.42,Southpaw,,,,,,,,
3502,RAMIZ BRAHIMAJ,3d074044a33825e7,Ramiz Brahimaj,12.0,5.0,0.0,1992-11-17,177.8,77.11064,182.88,Orthodox,3.73,6.14,36.0,55%,0.0,0.0,100%,0.0
3503,RAMON TAVERAS,c5ccd878231c5407,Ramon Taveras,10.0,3.0,0.0,1994-01-09,172.72,65.77083999999999,177.8,Southpaw,4.62,7.41,44.0,57%,0.0,0.0,100,0.0
3504,RAMONA PASCUAL,3eb4dc9a7d4ac906,Ramona Pascual,6.0,5.0,0.0,1988-09-23,170.18,61.23492,167.64,Southpaw,3.87,8.43,57.0,46%,1.81,19.0,100,0.0
3505,RAMSEY NIJEM,22aa91e402d0fe1f,Ramsey Nijem,9.0,6.0,0.0,1988-04-01,180.34,70.30676,190.5,Orthodox,3.05,1.62,44.0,62%,5.32,62.0,55%,1.1
3506,RANA RUDRA PRATAP SINGH,254ed71756cfd18c,Rana Rudra Pratap Singh,0.0,0.0,0.0,1997-05-09,177.8,,175.26,Orthodox,,,,,,,,
3507,RANDA MARKOS,4a57ebb14315b251,Randa Markos,11.0,12.0,1.0,1985-08-10,162.56,52.16308,160.02,Orthodox,2.85,3.2,41.0,59%,1.23,28.0,57%,0.2
3508,RANDALL WALLACE,95cf6be9071e68b0,Randall Wallace,0.0,0.0,0.0,1989-03-01,180.34,,185.42,Orthodox,1.13,4.11,38.0,45%,2.13,50.0,0%,0.0
3509,RANDY BROWN,c6aee362c7a7d482,Randy Brown,20.0,6.0,0.0,1990-07-08,190.5,77.11064,198.12,Orthodox,4.39,3.35,47.0,53%,0.71,34.0,74%,0.5
3510,RANDY COSTA,325ad0dd9126d3df,Randy Costa,6.0,4.0,0.0,1994-07-06,175.26,61.23492,185.42,Switch,7.88,5.26,47.0,58%,0.0,0.0,100%,0.0
3511,RANDY COUTURE,0aa92558424ced9e,Randy Couture,19.0,11.0,0.0,1963-06-22,185.42,92.98636,190.5,Orthodox,2.85,1.53,57.0,59%,2.78,46.0,58%,0.5
3512,RANI YAHYA,94527830000ab715,Rani Yahya,28.0,12.0,1.0,1984-09-12,167.64,61.23492,170.18,Orthodox,1.57,1.7,37.0,50%,2.89,33.0,24%,2.0
3513,RAONI BARCELOS,b9f28e7045fdfce7,Raoni Barcelos,20.0,5.0,0.0,1987-05-01,170.18,61.23492,170.18,Orthodox,4.65,4.24,51.0,60%,2.51,31.0,87%,0.7
3514,RAOU RAOU,ed069a95aaaf4f56,Raou Raou,0.0,0.0,0.0,,172.72,,,Orthodox,2.01,6.75,16.0,60%,0.0,0.0,0%,0.0
3515,RAPHAEL ASSUNCAO,2f13e4020cea5b38,Raphael Assuncao,28.0,10.0,0.0,1982-07-19,165.1,61.23492,167.64,Orthodox,3.26,2.33,40.0,68%,1.48,38.0,80%,0.3
3516,RAPHAEL BUTLER,f941505e35fb1eae,Raphael Butler,0.0,0.0,0.0,1984-01-04,190.5,,,,4.69,0.94,45.0,91%,0.0,0.0,100%,14.1
3517,RAPHAEL PESSOA,41f90012b86a11bf,Raphael Pessoa,10.0,2.0,0.0,1989-03-09,190.5,118.841104,198.12,Orthodox,2.16,3.43,26.0,42%,0.0,0.0,100%,0.0
3518,RAPHAEL UCHEGBU,cb680d85b84cbfd9,Raphael Uchegbu,0.0,0.0,0.0,1995-08-16,175.26,,185.42,Orthodox,,,,,,,,
3519,RAQUEL PA'ALUHI,373be586f370d400,Raquel Pa'aluhi,0.0,0.0,0.0,,170.18,,,,1.71,3.42,56.0,46%,0.0,0.0,18%,0.0
3520,RAQUEL PENNINGTON,fc169c387b4b465d,Raquel Pennington,16.0,10.0,0.0,1988-09-05,170.18,61.23492,170.18,Orthodox,3.62,3.2,48.0,63%,1.12,28.0,65%,0.7
3521,RASHAD COULTER,d1528ac5675558b1,Rashad Coulter,9.0,4.0,0.0,1981-11-27,180.34,92.98636,193.04,Orthodox,4.82,6.68,56.0,50%,0.0,0.0,62%,0.0
3522,RASHAD EVANS,ee779c43a8926d52,Rashad Evans,19.0,8.0,1.0,1979-09-25,182.88,92.98636,190.5,Orthodox,2.14,2.42,37.0,63%,2.98,44.0,73%,0.0
3523,RASHARD LOVELACE,e601d71cf8e5be22,Rashard Lovelace,0.0,0.0,0.0,1989-04-05,,,,,0.0,0.0,0.0,0%,0.0,0.0,0%,0.0
3524,RASHID MAGOMEDOV,7ea1f74cef32f906,Rashid Magomedov,20.0,2.0,0.0,1984-11-29,175.26,70.30676,177.8,Orthodox,4.4,3.05,49.0,54%,0.67,57.0,89%,0.2
3525,RASHID VAGABOV,0d1190beced94f7c,Rashid Vagabov,0.0,0.0,0.0,1998-06-27,170.18,,160.02,Orthodox,,,,,,,,
3526,RAUL CASTILLO,feeae92f951f49a9,Raul Castillo,0.0,0.0,0.0,,180.34,,,Orthodox,1.47,3.27,48.0,60%,0.0,0.0,0%,0.0
3527,RAUL ROSAS JR.,fe2babf95de24fb1,Raul Rosas Jr.,11.0,1.0,0.0,2004-10-08,175.26,61.23492,170.18,Switch,1.51,1.37,44.0,50%,4.01,41.0,0,1.1
3528,RAUL SANDOVAL,f9ad10f6a49e5452,Raul Sandoval,0.0,0.0,0.0,,,,,,0.0,0.0,0.0,0%,0.0,0.0,0%,0.0
3529,RAULIAN PAIVA,82b4e942781b1046,Raulian Paiva,21.0,5.0,0.0,1995-10-17,172.72,61.23492,175.26,Orthodox,4.46,4.89,43.0,51%,0.26,20.0,80%,0.3
3530,RAVENA OLIVEIRA,4948e412fa6ab67d,Ravena Oliveira,7.0,2.0,1.0,1997-02-20,165.1,52.16308,165.1,Orthodox,1.0,1.2,48.0,48%,2.0,66.0,62,0.0
3531,RAY BORG,a4de54ea806fb525,Ray Borg,13.0,5.0,0.0,1993-08-04,162.56,61.23492,160.02,Orthodox,1.52,1.93,52.0,48%,3.89,50.0,46%,1.0
3532,RAY PERALES,9a70f67ad2187fa3,Ray Perales,0.0,0.0,0.0,1975-07-02,177.8,,,Orthodox,0.18,2.39,25.0,32%,0.0,0.0,33%,0.0
3533,RAY RODRIGUEZ,90e0985df05e51bc,Ray Rodriguez,16.0,8.0,0.0,1987-12-10,170.18,61.23492,177.8,Orthodox,0.9,3.89,27.0,40%,1.42,50.0,44%,0.0
3534,RAY ROUTH,cba3a2dfbc06ce79,Ray Routh,0.0,0.0,0.0,,172.72,,,Orthodox,0.54,3.22,21.0,28%,2.69,33.0,0%,0.0
3535,RAY SEFO,646d5dbe509accd4,Ray Sefo,0.0,0.0,0.0,1971-02-15,182.88,,,Orthodox,0.86,1.71,31.0,72%,0.0,0.0,66%,0.0
3536,RAY SERAILLE,2f04c4183523be2e,Ray Seraille,0.0,0.0,0.0,1979-06-23,190.5,,,,5.29,17.65,27.0,41%,0.0,0.0,0%,0.0
3537,RAY SLOAN,a2d1d3d144fed708,Ray Sloan,0.0,0.0,0.0,1985-07-14,185.42,,,,0.0,0.0,0.0,0%,0.0,0.0,0%,0.0
3538,RAY STEINBEISS,6000b5ae6c462142,Ray Steinbeiss,0.0,0.0,0.0,1979-09-12,180.34,,,Orthodox,0.0,0.0,0.0,100%,0.0,0.0,0%,0.0
3539,RAY WIZARD,ea0ad155451ed1f5,Ray Wizard,0.0,1.0,0.0,,182.88,81.64656,,,0.0,0.0,0.0,0%,0.0,0.0,0%,0.0
3540,RAYANNE DOS SANTOS,02bb48869eb7ac8f,Rayanne dos Santos,14.0,9.0,0.0,1995-06-08,157.48,52.16308,157.48,Orthodox,4.57,6.47,40.0,59%,0.5,14.0,80,0.0
3541,RAYMOND DANIELS,fccb0fee256b7b4d,Raymond Daniels,0.0,0.0,0.0,1980-04-29,187.96,,,Southpaw,0.0,2.61,0.0,38%,0.0,0.0,33%,3.0
3542,RAZAK AL-HASSAN,38b50fd1e1b5b656,Razak Al-Hassan,13.0,5.0,0.0,1982-05-14,187.96,92.98636,,Orthodox,3.27,3.14,39.0,60%,0.65,14.0,57%,0.0
3543,REESE ANDY,46e2ca71fd5089cb,Reese Andy,7.0,3.0,0.0,1973-03-31,182.88,92.98636,,Orthodox,2.87,3.5,50.0,58%,0.67,20.0,40%,0.0
3544,REGINA TARIN,bc7f4b2d4c2724a2,Regina Malpica,0.0,0.0,0.0,2004-10-19,177.8,56.699,,,,,,,,,,
3545,REGINA MALPICA RIVERA,9f5609dba6584ab2,Regina Malpica Rivera,0.0,0.0,0.0,2004-10-19,,,,,,,,,,,,
3546,REGINALDO VIEIRA,f9081770e28ea2e1,Reginaldo Vieira,13.0,5.0,0.0,1982-11-26,170.18,61.23492,165.1,Orthodox,3.76,2.89,40.0,59%,1.97,27.0,25%,0.8
3547,REI TSURUYA,2f43a3e82661fa99,Rei Tsuruya,10.0,1.0,0.0,2002-06-22,167.64,56.699,172.72,Orthodox,2.4,1.91,53.0,43%,5.03,37.0,50%,2.0
3548,REINIER DE RIDDER,d549cefc7c54ab78,Reinier de Ridder,21.0,2.0,0.0,1990-09-07,193.04,83.91452,198.12,Southpaw,2.95,2.44,52.0,50%,2.86,27.0,66,0.6
3549,REMCO PARDOEL,749685d24e2cac50,Remco Pardoel,9.0,6.0,1.0,1969-05-23,190.5,117.93392,,Southpaw,0.0,0.0,0.0,0%,0.0,0.0,0%,0.0
3550,REMO CARDARELLI,e5512a6aed150d8f,Remo Cardarelli,0.0,0.0,0.0,,,,,,2.27,1.47,47.0,59%,0.0,0.0,100%,0.0
3551,REN OZAKI,8997ee20b6a43d76,Ren Ozaki,0.0,0.0,0.0,2001-12-15,170.18,,172.72,Orthodox,,,,,,,,
3552,REN YAWEI,b2d9758cdd124143,Ren Yawei,0.0,0.0,0.0,1998-02-07,175.26,,175.26,Orthodox,,,,,,,,
3553,RENAN BARAO,2c99576fefe53c7c,Renan Barao,34.0,9.0,0.0,1987-01-31,167.64,65.77083999999999,177.8,Orthodox,3.78,3.9,36.0,57%,1.49,41.0,91%,0.5
3554,RENATO MOICANO,b6452706b373eea1,Renato Moicano,20.0,7.0,1.0,1989-05-21,180.34,70.30676,182.88,Orthodox,4.1,3.55,49.0,59%,1.68,40.0,64%,0.6
3555,RENATO SOBRAL,d468288756ae3982,Renato Sobral,37.0,11.0,0.0,1975-09-07,185.42,92.98636,190.5,Orthodox,2.23,1.53,45.0,57%,2.48,42.0,65%,2.6
3556,RENATO VERISSIMO,c24b1db4b809d41b,Renato Verissimo,7.0,5.0,0.0,1973-08-03,185.42,77.11064,,Orthodox,0.92,1.87,48.0,47%,1.46,30.0,50%,2.5
3557,RENE KRONVOLD,db05271715bb4874,Rene Kronvold,0.0,0.0,0.0,1970-01-03,172.72,,,Orthodox,0.82,2.47,100.0,60%,0.0,0.0,66%,4.1
3558,RENEE FORTE,44bc27bfa76dcd9e,Renee Forte,8.0,4.0,0.0,1987-03-27,170.18,70.30676,180.34,Orthodox,2.08,2.12,32.0,63%,2.32,58.0,66%,0.0
3559,RENZO GRACIE,aae0897825336b1a,Renzo Gracie,13.0,7.0,1.0,1967-03-11,177.8,83.91452,,Orthodox,1.71,1.67,41.0,55%,1.13,20.0,40%,0.8
3560,REUBEN DURAN,4417980b3e798abf,Reuben Duran,11.0,7.0,1.0,1983-07-02,170.18,61.23492,180.34,Orthodox,3.19,2.61,49.0,50%,0.98,23.0,25%,0.7
3561,REX HOLMAN,b5ea750025697880,Rex Holman,4.0,2.0,0.0,,190.5,92.98636,,Southpaw,2.75,7.25,34.0,40%,0.0,0.0,100%,0.0
3562,REX RICHARDS,ad23903ef3af7406,Rex Richards,0.0,0.0,0.0,1980-10-17,195.58,,,,17.65,5.29,58.0,72%,0.0,0.0,0%,0.0
3563,REYES CORTEZ JR.,1a7d44196949577c,Reyes Cortez Jr.,0.0,0.0,0.0,1992-07-31,170.18,,172.72,Orthodox,,,,,,,,
3564,REYNALDO TRUJILLO,e6b233a007cb06c4,Reynaldo Trujillo,0.0,0.0,0.0,1982-01-01,175.26,,,,0.0,0.0,0.0,0%,0.0,0.0,0%,0.0
3565,REZA ARIANTO,90063913321e7670,Reza Arianto,0.0,0.0,0.0,2000-07-08,,,,,,,,,,,,
3566,REZA MADADI,e25bcbcdaf6537a1,Reza Madadi,14.0,6.0,0.0,1978-06-20,180.34,70.30676,185.42,Orthodox,2.51,3.31,46.0,66%,3.17,33.0,89%,0.5
3567,REZA NASRI,d41937647eae9a34,Reza Nasri,0.0,1.0,0.0,,180.34,92.98636,,Orthodox,0.0,0.0,0.0,0%,0.0,0.0,0%,0.0
3568,RHADI FERGUSON,15f4550e017f6c7d,Rhadi Ferguson,0.0,0.0,0.0,1973-04-03,170.18,,,,0.0,0.0,0.0,0%,0.0,0.0,0%,0.0
3569,RHYS MCKEE,f748267c4ab6c127,Rhys McKee,14.0,7.0,1.0,1995-09-10,187.96,77.11064,198.12,Orthodox,6.83,11.9,53.0,43%,0.0,0.0,20%,0.0
3570,RICARDO ABREU,aa6e591c2a2cdecd,Ricardo Abreu,5.0,1.0,0.0,1984-04-27,180.34,83.91452,,Orthodox,3.79,3.98,31.0,68%,2.13,42.0,100%,0.7
3571,RICARDO ALMEIDA,91186547a7f3f758,Ricardo Almeida,13.0,5.0,0.0,1976-11-29,182.88,77.11064,187.96,Orthodox,2.02,1.2,49.0,61%,3.74,38.0,31%,1.2
3572,RICARDO ARONA,05fbfe628658c538,Ricardo Arona,0.0,0.0,0.0,1978-07-17,180.34,,,Orthodox,1.66,1.15,48.0,57%,2.41,48.0,58%,1.2
3573,RICARDO BARROS,d26394fc0e8e880a,Ricardo Barros,0.0,0.0,0.0,1976-03-22,185.42,,,,0.0,8.22,0.0,31%,0.0,0.0,100%,0.0
3574,RICARDO FUNCH,e9e1acc96536bb4f,Ricardo Funch,9.0,6.0,0.0,1980-08-14,177.8,77.11064,187.96,Southpaw,2.61,3.57,65.0,40%,1.24,18.0,60%,0.0
3575,RICARDO LAMAS,3974fa35c917af1d,Ricardo Lamas,20.0,8.0,0.0,1982-05-21,172.72,65.77083999999999,180.34,Orthodox,3.13,2.87,47.0,57%,1.84,33.0,46%,0.9
3576,RICARDO MORAIS,2dc7f1762dc0a7ef,Ricardo Morais,0.0,0.0,0.0,1967-02-26,203.2,,,Orthodox,2.86,2.39,37.0,53%,0.0,0.0,0%,0.0
3577,RICARDO PRASEL,b51d0ed3782a1bf5,Ricardo Prasel,0.0,0.0,0.0,1990-06-02,200.66,,198.12,Orthodox,2.21,7.83,57.0,37%,0.0,0.0,0%,0.0
3578,RICARDO RAMOS,1ae8f3c723aacff4,Ricardo Ramos,17.0,7.0,0.0,1995-08-01,175.26,65.77083999999999,182.88,Orthodox,3.0,3.28,39.0,58%,1.99,56.0,71%,0.7
3579,RICARDO ROMERO,744e098e065cfdbe,Ricardo Romero,11.0,3.0,0.0,1978-04-15,182.88,92.98636,193.04,Orthodox,2.17,4.77,55.0,46%,1.63,10.0,100%,3.3
3580,RICCO RODRIGUEZ,50cc91ce2982785d,Ricco Rodriguez,53.0,25.0,0.0,1977-08-19,193.04,120.20188,,Orthodox,1.85,1.15,51.0,61%,2.3,39.0,40%,1.0
3581,RICH ATTONITO,210935fd21670f6d,Rich Attonito,10.0,5.0,0.0,1977-06-16,177.8,77.11064,182.88,Orthodox,2.28,2.13,47.0,59%,0.74,37.0,75%,0.0
3582,RICH BOUPHANOUVONG,611b9c068c9e2c44,Rich Bouphanouvong,0.0,0.0,0.0,,170.18,,,,0.0,0.0,0.0,0%,0.0,0.0,0%,0.0
3583,RICH CLEMENTI,7d21de9c6d7c98b2,Rich Clementi,45.0,23.0,1.0,1976-03-31,175.26,70.30676,182.88,Southpaw,1.43,2.29,37.0,60%,1.72,42.0,25%,1.1
3584,RICH FRANKLIN,d897897060f10a3a,Rich Franklin,29.0,7.0,0.0,1974-10-05,185.42,83.91452,193.04,Southpaw,4.1,2.07,44.0,62%,1.31,66.0,63%,0.7
3585,RICHARD CRUNKILTON,22ee260735da0d58,Richard Crunkilton,19.0,4.0,0.0,1979-11-25,170.18,70.30676,,Orthodox,1.72,1.45,41.0,58%,4.08,61.0,65%,1.3
3586,RICHARD DALTON,6cd3dfc54f01287f,Richard Dalton,0.0,0.0,0.0,1977-07-19,185.42,,,Orthodox,1.2,3.27,69.0,25%,1.0,11.0,0%,0.0
3587,RICHARD JACOBI,46f557bd44da630e,Richard Jacobi,0.0,0.0,0.0,1993-09-28,193.04,,190.5,Orthodox,,,,,,,,
3588,RICHARD ODOMS,f43907e75f8d9baa,Richard Odoms,0.0,0.0,0.0,1975-05-08,195.58,,,Orthodox,0.0,0.0,0.0,0%,0.0,0.0,0%,0.0
3589,RICHARD WALSH,303a05a7aa3ff761,Richard Walsh,9.0,5.0,0.0,1988-12-01,182.88,77.11064,185.42,Orthodox,3.84,2.72,46.0,58%,1.55,40.0,66%,0.2
3590,RICHARDSON MOREIRA,9147679e1a4ad4a3,Richardson Moreira,7.0,4.0,0.0,1984-03-31,187.96,83.91452,,Orthodox,1.17,1.83,28.0,67%,0.0,0.0,100%,0.0
3591,RICHIE HIGHTOWER,318e629d1eb7aa49,Richie Hightower,8.0,4.0,0.0,1974-11-26,172.72,77.11064,,Orthodox,4.62,6.92,35.0,21%,3.46,100.0,100%,0.0
3592,RICHIE SANTIAGO,9f95d6b5b459cc6b,Richie Santiago,0.0,0.0,0.0,1992-10-10,170.18,,170.18,Southpaw,3.87,4.87,49.0,42%,0.0,0.0,25%,0.0
3593,RICHIE SMULLEN,f75c5ca0d91b9115,Richie Smullen,3.0,1.0,1.0,1991-08-17,175.26,70.30676,172.72,Orthodox,1.98,2.26,77.0,65%,8.49,66.0,0%,0.0
3594,RICHIE VACULIK,54578e5927adea53,Richie Vaculik,10.0,4.0,0.0,1983-06-19,167.64,56.699,175.26,Orthodox,3.69,4.09,46.0,57%,3.0,45.0,31%,1.0
3595,RICK DAVIS,2549d63da9c456cb,Rick Davis,3.0,1.0,1.0,,175.26,70.30676,,Orthodox,3.09,6.19,50.0,64%,0.0,0.0,0%,0.0
3596,RICK GLENN,f926ff76ad32000e,Rick Glenn,0.0,0.0,0.0,1989-04-12,,,177.8,Southpaw,4.31,4.29,42.0,53%,0.67,13.0,66%,0.3
3597,RICK ROUFUS,872b018076f831b0,Rick Roufus,0.0,0.0,0.0,1966-06-03,182.88,,,Southpaw,0.53,1.06,33.0,33%,0.0,0.0,50%,0.0
3598,RICK STORY,5b5307450405abf0,Rick Story,19.0,9.0,0.0,1984-08-28,175.26,77.11064,180.34,Southpaw,3.8,2.17,41.0,62%,2.53,48.0,63%,0.9
3599,RICKSON GRACIE,194fc025f9355db6,Rickson Gracie,0.0,0.0,0.0,1958-11-20,177.8,,,Switch,0.0,0.0,0.0,0%,0.0,0.0,0%,0.0
3600,RICKSON ZENIDIM,c879d8620261b1a3,Rickson Zenidim,0.0,0.0,0.0,1999-02-17,170.18,,170.18,Orthodox,,,,,,,,
3601,RICKY CALATAYUD,800feaa25700a85f,Ricky Calatayud,0.0,0.0,0.0,1982-10-10,175.26,,,,0.0,0.0,0.0,0%,0.0,0.0,0%,0.0
3602,RICKY CAMP,4a99978a0366bb29,Ricky Camp,0.0,0.0,0.0,1992-08-20,170.18,,,,,,,,,,,
3603,RICKY GLENN,814ff3018127e8fc,Ricky Glenn,22.0,9.0,2.0,1989-04-12,182.88,77.11064,177.8,Southpaw,3.79,4.3,42.0,51%,0.72,13.0,69,0.4
3604,RICKY JOHNSON,fa2fca260beeb9c0,Ricky Johnson,0.0,0.0,0.0,,172.72,,,Orthodox,1.83,6.3,25.0,36%,0.0,0.0,0%,0.0
3605,RICKY LEGERE JR.,5817df778cc27274,Ricky Legere Jr.,0.0,0.0,0.0,1985-12-21,172.72,,,,1.07,1.53,41.0,60%,5.0,41.0,0%,0.0
3606,RICKY PALACIOS,797ddccda75f169f,Ricky Palacios,0.0,0.0,0.0,1987-07-05,167.64,,,Orthodox,7.73,3.27,53.0,59%,0.0,0.0,100%,0.0
3607,RICKY RAINEY,9b1e3fb4f8cbd5b7,Ricky Rainey,12.0,6.0,0.0,1983-06-29,185.42,77.11064,195.58,Switch,2.55,2.62,48.0,46%,0.95,18.0,55%,0.0
3608,RICKY SIMON,5987b2458f4b5290,Ricky Simon,22.0,6.0,0.0,1992-08-31,167.64,61.23492,175.26,Orthodox,3.08,3.13,42.0,64%,6.93,54.0,72%,0.4
3609,RICKY STEELE,09a6ed4ee97a5606,Ricky Steele,0.0,0.0,0.0,1988-05-26,175.26,,187.96,Orthodox,4.07,2.93,70.0,50%,0.0,0.0,91%,0.0
3610,RICKY TURCIOS,cd3d7e37ff2d679c,Ricky Turcios,13.0,5.0,0.0,1993-06-05,175.26,61.23492,180.34,Orthodox,7.33,4.07,37.0,64%,0.0,0.0,0%,0.0
3611,RICO ALTAMIRANO,c61b49cec6abd6b9,Rico Altamirano,0.0,0.0,0.0,,177.8,,,,0.0,0.0,0.0,0%,0.0,0.0,0%,0.0
3612,RICO DISCIULLO,ec7f7263bf36579b,Rico DiSciullo,0.0,0.0,0.0,1986-10-12,172.72,,,Orthodox,1.71,4.41,33.0,56%,0.0,0.0,0%,0.0
3613,RICO FARRINGTON,f89e6e66b9b112de,Rico Farrington,0.0,0.0,0.0,1989-06-19,193.04,,200.66,Southpaw,6.33,7.2,41.0,51%,0.0,0.0,20%,0.0
3614,RIKI FUKUDA,7c35f869033901ae,Riki Fukuda,24.0,9.0,0.0,1981-01-06,182.88,83.91452,185.42,Southpaw,4.24,3.71,43.0,64%,2.17,43.0,70%,0.0
3615,RILLEY DUTRO,43db649da89fac4b,Rilley Dutro,0.0,0.0,0.0,1987-09-03,172.72,,,Orthodox,4.74,5.95,54.0,33%,0.0,0.0,83%,0.0
3616,RIN NAKAI,f9ae6914f604aa9f,Rin Nakai,19.0,2.0,1.0,1986-10-22,154.94,61.23492,,Orthodox,1.57,3.9,33.0,60%,3.0,18.0,75%,0.5
3617,RINAT FAKHRETDINOV,8f765fd5775a8873,Rinat Fakhretdinov,24.0,1.0,1.0,1991-09-28,182.88,77.11064,187.96,Orthodox,0.0,0.0,0.0,0%,0.0,0.0,0%,0.0
3618,RINYA NAKAMURA,d8c811df0386d5e8,Rinya Nakamura,10.0,1.0,0.0,1995-03-23,170.18,61.23492,172.72,Southpaw,3.27,1.72,52.0,63%,2.58,81.0,100,1.4
3619,RIO TIRTO,c830bc2eb134b646,Rio Tirto,0.0,0.0,0.0,2000-02-09,162.56,,167.64,Switch,,,,,,,,
3620,RIZVAN KUNIEV,739fd4fbb5d862f4,Rizvan Kuniev,12.0,3.0,1.0,1992-03-10,193.04,108.86207999999999,193.04,Orthodox,4.45,2.45,58.0,45%,1.45,75.0,90,0.0
3621,RJ CLIFFORD,8e32bfcff3ec1717,RJ Clifford,0.0,0.0,0.0,,,,,,0.0,0.0,0.0,0%,0.0,0.0,0%,0.0
3622,ROAN CARNEIRO,1c86754617d9813a,Roan Carneiro,21.0,11.0,0.0,1978-06-02,180.34,77.11064,193.04,Orthodox,1.46,1.82,46.0,62%,3.05,42.0,83%,1.4
3623,ROB BROUGHTON,a7d687e6ecb30981,Rob Broughton,16.0,7.0,1.0,1983-03-03,187.96,120.20188,187.96,Orthodox,2.83,2.54,60.0,51%,0.0,0.0,26%,3.2
3624,ROB EMERSON,dc0f07928009a127,Rob Emerson,18.0,12.0,0.0,1981-07-30,175.26,70.30676,177.8,Orthodox,2.5,2.83,30.0,64%,2.02,52.0,65%,0.4
3625,ROB FONT,05339613bf8e9808,Rob Font,22.0,8.0,0.0,1987-06-25,172.72,61.23492,180.34,Orthodox,5.21,3.83,42.0,62%,1.2,36.0,48%,0.8
3626,ROB KIMMONS,054defd5420a551f,Rob Kimmons,25.0,9.0,0.0,1981-01-30,177.8,83.91452,185.42,Orthodox,1.86,4.79,48.0,38%,2.08,46.0,25%,2.4
3627,ROB MACDONALD,f3388d2cf7ab3f64,Rob MacDonald,5.0,4.0,0.0,1978-09-05,190.5,92.98636,198.12,Orthodox,1.8,2.04,50.0,46%,7.19,80.0,80%,5.4
3628,ROB MCCULLOUGH,11e3fd7546359fc5,Rob McCullough,0.0,0.0,0.0,1977-05-26,175.26,,175.26,Orthodox,2.47,2.84,36.0,59%,0.46,100.0,68%,0.0
3629,ROB SINCLAIR,3b65c9dd39741bc4,Rob Sinclair,0.0,0.0,0.0,1980-02-20,172.72,,,,1.2,1.73,33.0,73%,0.0,0.0,50%,0.0
3630,ROB WILKINSON,826475cc758e60e6,Rob Wilkinson,11.0,2.0,0.0,1992-02-22,190.5,83.91452,203.2,Orthodox,2.74,5.66,50.0,39%,4.47,25.0,0%,0.0
3631,ROB YUNDT,42078a86d3dd037b,Rob Yundt,9.0,5.0,0.0,1980-05-05,185.42,83.91452,,Orthodox,1.37,2.55,41.0,31%,2.94,100.0,0%,0.0
3632,ROBBIE LAWLER,f2925e6db404bf1d,Robbie Lawler,30.0,16.0,0.0,1982-03-20,180.34,77.11064,187.96,Southpaw,3.5,4.16,45.0,60%,0.68,64.0,64%,0.0
3633,ROBBIE RING,fa9746fa5d23c202,Robbie Ring,0.0,0.0,0.0,2000-07-14,175.26,,172.72,Orthodox,,,,,,,,
3634,ROBELIS DESPAIGNE,140567899d98978a,Robelis Despaigne,5.0,2.0,0.0,1988-09-09,200.66,120.20188,213.36,Orthodox,2.11,2.54,59.0,46%,0.0,0.0,50,0.0
3635,ROBERT BRESLIN,e319d6697d41f3cf,Robert Breslin,0.0,0.0,0.0,,180.34,,,,2.21,3.5,46.0,66%,1.38,100.0,50%,0.0
3636,ROBERT BRYCZEK,f96856f9d69fd7e4,Robert Bryczek,18.0,6.0,0.0,1990-07-04,182.88,83.91452,190.5,Orthodox,2.8,4.51,37.0,55%,0.36,100.0,71%,0.4
3637,ROBERT DENSLEY,b72f3cafa6376e35,Robert Densley,0.0,0.0,0.0,,175.26,,,,1.81,0.4,47.0,60%,0.0,0.0,50%,0.0
3638,ROBERT DRYSDALE,d2a9be6bf2de624c,Robert Drysdale,7.0,0.0,0.0,1981-10-05,190.5,92.98636,,Orthodox,0.0,0.0,0.0,0%,7.32,100.0,0%,21.9
3639,ROBERT LUCARELLI,96087e90d900f0ef,Robert Lucarelli,0.0,1.0,0.0,,187.96,111.13004,,,0.0,0.0,0.0,0%,0.0,0.0,0%,0.0
3640,ROBERT MCDANIEL,5cafbc97dba2e797,Robert McDaniel,28.0,10.0,0.0,1983-05-03,190.5,83.91452,190.5,Southpaw,1.64,1.98,44.0,56%,0.93,50.0,50%,1.4
3641,ROBERT PERALTA,960d6cae8879ba2b,Robert Peralta,18.0,8.0,0.0,1986-03-14,172.72,65.77083999999999,180.34,Orthodox,3.76,2.97,44.0,53%,0.59,66.0,65%,0.0
3642,ROBERT RUCHALA,92aed9d16794f42b,Robert Ruchala,11.0,2.0,0.0,1998-05-15,172.72,65.77083999999999,182.88,Switch,3.37,5.2,34.0,45%,1.0,22.0,71%,0.0
3643,ROBERT SANCHEZ,546f8599a63c29da,Robert Sanchez,8.0,2.0,0.0,1986-03-05,167.64,56.699,167.64,Orthodox,0.96,1.78,40.0,46%,3.61,62.0,50%,0.7
3644,ROBERT VALENTIN,0cd0456d6029cec2,Robert Valentin,11.0,6.0,0.0,1995-03-31,187.96,83.91452,195.58,Orthodox,1.3,2.72,55.0,33%,0.59,50.0,55%,1.8
3645,ROBERT WHITEFORD,1dafccb62a0f98ec,Robert Whiteford,14.0,4.0,0.0,1983-04-12,175.26,65.77083999999999,175.26,Southpaw,2.33,1.99,46.0,62%,1.9,30.0,45%,0.0
3646,ROBERT WHITTAKER,e1147d3d2dabe1ce,Robert Whittaker,27.0,9.0,0.0,1990-12-20,182.88,83.91452,185.42,Orthodox,4.52,3.44,40.0,60%,0.43,27.0,84%,0.0
3647,ROBERTA ROVEL,9d7fbf438766791f,Roberta Rovel,0.0,0.0,0.0,,172.72,,,,0.87,3.0,46.0,26%,0.0,0.0,100%,0.0
3648,ROBERTO ROMERO,15ea371202eb25e1,Roberto Romero,8.0,5.0,1.0,2000-01-30,172.72,65.77083999999999,177.8,Orthodox,4.56,6.44,49.0,44%,0.0,0.0,71,0.0
3649,ROBERTO TRAVEN,20ec0061400178ca,Roberto Traven,6.0,4.0,1.0,1968-09-16,190.5,102.965384,,Orthodox,0.92,2.77,50.0,57%,0.0,0.0,0%,0.0
3650,ROCKY LEE,0d1c163b206e8c5f,Rocky Lee,3.0,2.0,0.0,1987-04-08,175.26,65.77083999999999,,Orthodox,2.47,5.33,51.0,44%,1.0,10.0,33%,0.0
3651,ROCKY LONG,10e04e5e81f391a0,Rocky Long,0.0,0.0,0.0,1978-02-18,,,,,0.0,0.0,0.0,0%,0.0,0.0,0%,0.0
3652,RODNEY FAVERUS,5af26b3201690d29,Rodney Faverus,0.0,0.0,0.0,,182.88,,,Southpaw,2.3,1.6,53.0,54%,4.5,100.0,25%,0.0
3653,RODNEY WALLACE,b9415726dc3ec526,Rodney Wallace,26.0,15.0,1.0,1981-11-21,175.26,92.98636,182.88,Switch,1.13,3.44,46.0,45%,6.0,54.0,28%,1.0
3654,RODOLFO BELLATO,69898645d600abdb,Rodolfo Bellato,12.0,2.0,1.0,1996-02-05,190.5,92.98636,190.5,Orthodox,5.84,6.0,61.0,45%,1.26,36.0,100,0.3
3655,RODOLFO MARQUES DINIZ,2d2239d0f6fa83dd,Rodolfo Marques Diniz,0.0,0.0,0.0,1984-01-23,167.64,,,,1.08,2.36,32.0,33%,0.0,0.0,50%,1.8
3656,RODOLFO RUBIO PEREZ,c4731f43693b96b8,Rodolfo Rubio Perez,10.0,16.0,1.0,1987-01-29,165.1,65.77083999999999,,Orthodox,1.13,1.0,36.0,62%,2.0,33.0,33%,0.0
3657,RODOLFO VIEIRA,260e9e0d4954aea6,Rodolfo Vieira,11.0,3.0,0.0,1989-09-25,182.88,83.91452,185.42,Orthodox,3.43,4.28,54.0,49%,2.87,22.0,60%,0.9
3658,RODRIGO DAMM,a20d7dfaba74c067,Rodrigo Damm,13.0,9.0,0.0,1980-02-03,170.18,70.30676,180.34,Orthodox,3.5,5.61,36.0,57%,0.44,16.0,80%,0.3
3659,RODRIGO DE LIMA,a4dc47001f202bcd,Rodrigo de Lima,8.0,3.0,1.0,1991-03-12,170.18,70.30676,,Orthodox,1.29,5.5,33.0,32%,2.66,36.0,0%,1.3
3660,RODRIGO GRACIE,36877f0e62b25b96,Rodrigo Gracie,0.0,0.0,0.0,1975-04-11,182.88,,,Orthodox,1.34,0.86,51.0,46%,1.49,50.0,75%,0.4
3661,RODRIGO GRIPP DE SOUSA,dde70a112e053a6c,Rodrigo Gripp de Sousa,0.0,0.0,0.0,,180.34,,,Orthodox,0.48,4.81,23.0,52%,0.0,0.0,0%,9.6
3662,RODRIGO LIDIO,11b5a809c3120e27,Rodrigo Lidio,0.0,0.0,0.0,1989-07-07,180.34,,185.42,Orthodox,,,,,,,,
3663,RODRIGO NASCIMENTO,d31a5546c0e9b213,Rodrigo Nascimento,11.0,3.0,0.0,1992-11-26,187.96,111.583632,203.2,Orthodox,4.23,4.32,55.0,42%,2.7,100.0,100%,2.7
3664,RODRIGO RUAS,94070f6544c4b2a5,Rodrigo Ruas,4.0,5.0,1.0,1977-10-06,177.8,83.91452,,Orthodox,1.28,7.0,35.0,41%,0.0,0.0,0%,0.0
3665,RODRIGO SEZINANDO,c06d6b18862f9a53,Rodrigo Sezinando,0.0,0.0,0.0,1997-12-11,175.26,77.11064,180.34,Orthodox,,,,,,,,
3666,RODRIGO VERA,2b266e623e20737a,Rodrigo Vera,0.0,0.0,0.0,1995-10-18,175.26,65.77083999999999,172.72,Orthodox,9.27,3.82,58.0,50%,8.18,100.0,0%,0.0
3667,ROGER BOWLING,3b9f723e2720a238,Roger Bowling,12.0,6.0,0.0,1982-12-05,175.26,70.30676,172.72,Orthodox,3.9,3.86,47.0,51%,3.09,43.0,27%,0.9
3668,ROGER CARROLL,572a89dbe1f76761,Roger Carroll,0.0,0.0,0.0,1982-05-20,177.8,,,,7.62,10.48,61.0,43%,0.0,0.0,100%,0.0
3669,ROGER GRACIE,a6bbd3df469c6bea,Roger Gracie,8.0,2.0,0.0,1981-09-26,193.04,83.91452,200.66,Orthodox,1.78,1.79,35.0,61%,1.87,53.0,60%,1.9
3670,ROGER HOLLETT,27d65e9d0fba61ea,Roger Hollett,13.0,5.0,0.0,1978-10-08,180.34,92.98636,,Orthodox,1.83,6.47,47.0,34%,1.0,28.0,30%,0.0
3671,ROGER HUERTA,daf1b84aebd6602b,Roger Huerta,23.0,9.0,1.0,1983-05-20,175.26,70.30676,177.8,Orthodox,3.64,2.33,36.0,56%,2.13,46.0,52%,0.5
3672,ROGER NARVAEZ,3a12a2f096a6d975,Roger Narvaez,8.0,3.0,0.0,1983-09-09,190.5,83.91452,,Southpaw,2.12,3.32,37.0,64%,0.0,0.0,50%,0.9
3673,ROGER ZAPATA,fe5ca7ef93c3f6a7,Roger Zapata,4.0,2.0,0.0,1986-05-09,180.34,77.11064,,Southpaw,2.6,2.13,51.0,36%,0.0,0.0,81%,1.4
3674,ROGERIO BONTORIN,07a2bdaa0afdd831,Rogerio Bontorin,16.0,4.0,0.0,1992-04-25,165.1,56.699,170.18,Orthodox,2.19,3.12,50.0,38%,1.9,40.0,51%,1.6
3675,ROGERIO NOGUEIRA,73e09f837f3b5ecc,Rogerio Nogueira,23.0,10.0,0.0,1976-06-02,187.96,92.98636,190.5,Southpaw,2.43,2.34,35.0,59%,0.64,44.0,62%,0.8
3676,ROLAND DELORME,173acb3f920082b8,Roland Delorme,9.0,5.0,0.0,1983-12-18,175.26,61.23492,180.34,Orthodox,2.28,4.32,44.0,40%,2.51,34.0,42%,1.6
3677,ROLAND PAYNE,2e04a3b4a2011b97,Roland Payne,0.0,1.0,0.0,1964-07-16,175.26,92.98636,,Orthodox,0.0,0.0,0.0,0%,0.0,0.0,0%,0.0
3678,ROLANDO BEDOYA,40a456a25d52ee65,Rolando Bedoya,14.0,4.0,0.0,1997-01-13,180.34,70.30676,187.96,Orthodox,7.29,6.38,49.0,52%,0.0,0.0,33,0.0
3679,ROLANDO DELGADO,37b1696e6d115957,Rolando Delgado,11.0,6.0,1.0,1981-11-22,190.5,70.30676,195.58,Orthodox,1.56,1.83,40.0,62%,1.17,22.0,0%,3.5
3680,ROLANDO DY,55ed59d541f8b90c,Rolando Dy,9.0,7.0,1.0,1990-08-11,172.72,65.77083999999999,175.26,Orthodox,3.04,4.47,37.0,52%,0.3,20.0,68%,0.0
3681,ROLANDO PEREZ,4a9e305633f3ef47,Rolando Perez,0.0,0.0,0.0,,172.72,,,Orthodox,4.23,4.83,36.0,63%,0.0,0.0,100%,0.0
3682,ROLDAN SANGCHA'AN,57887765f831e228,Roldan Sangcha'an,4.0,2.0,0.0,1990-12-04,162.56,56.699,,Orthodox,2.71,2.15,46.0,51%,1.94,60.0,68%,0.0
3683,ROLLES GRACIE,e4a9dbade7c7e1a7,Rolles Gracie,8.0,4.0,0.0,1978-07-14,193.04,109.76926399999999,,Orthodox,2.3,3.38,32.0,55%,2.3,10.0,0%,0.0
3684,ROMAN BOGATOV,d61316139d68dbe3,Roman Bogatov,10.0,1.0,0.0,1990-12-15,172.72,70.30676,185.42,Orthodox,3.33,4.4,42.0,44%,1.0,9.0,50%,0.0
3685,ROMAN BRAVO-YOUNG,37ce890a4670b287,Roman Bravo-Young,0.0,0.0,0.0,,,,,,,,,,,,,
3686,ROMAN DOLIDZE,327d5f279895110d,Roman Dolidze,15.0,4.0,0.0,1988-07-15,187.96,83.91452,193.04,Orthodox,2.98,1.75,51.0,61%,1.75,50.0,33%,2.2
3687,ROMAN KOPYLOV,9d83f6da776ff7d6,Roman Kopylov,14.0,4.0,0.0,1991-05-04,182.88,83.91452,190.5,Southpaw,4.54,5.08,50.0,53%,1.12,50.0,88%,0.0
3688,ROMAN MITICHYAN,2961be02cfb0d2c1,Roman Mitichyan,8.0,3.0,0.0,1978-09-04,177.8,77.11064,,Orthodox,0.26,2.7,16.0,43%,1.93,100.0,25%,1.9
3689,ROMAN SALAZAR,72c4b253d2f5ebf2,Roman Salazar,10.0,6.0,0.0,1988-02-21,170.18,61.23492,,Orthodox,1.95,2.89,39.0,57%,1.77,18.0,50%,0.0
3690,ROMAN ZENTSOV,3144121470023e9a,Roman Zentsov,0.0,0.0,0.0,1973-09-10,185.42,,,Orthodox,1.18,0.53,36.0,70%,1.6,100.0,33%,3.2
3691,ROMIE ARAM,73ef22f25d0f70e2,Romie Aram,7.0,1.0,0.0,1977-12-02,177.8,77.11064,,Orthodox,1.8,2.83,35.0,50%,2.5,62.0,83%,0.0
3692,RON FAIRCLOTH,453ee00c3e1ae9dd,Ron Faircloth,33.0,20.0,0.0,1979-08-16,175.26,92.98636,,Orthodox,0.39,8.9,40.0,42%,0.0,0.0,0%,0.0
3693,RON FIELDS,6e380a4d73ab4f0e,Ron Fields,0.0,0.0,0.0,1974-11-18,187.96,,,Orthodox,0.33,2.64,33.0,11%,0.0,0.0,0%,0.0
3694,RON HENDERSON,498f0d066396ec59,Ron Henderson,0.0,0.0,0.0,,177.8,,,,2.53,3.6,25.0,48%,1.0,20.0,0%,0.0
3695,RON KESLAR,b84f34b425dfd24b,Ron Keslar,0.0,0.0,0.0,1980-04-17,,,,,0.0,2.05,0.0,60%,0.0,0.0,100%,7.7
3696,RON SPARKS,743fd9080892501d,Ron Sparks,0.0,0.0,0.0,1974-11-23,195.58,,,,0.0,0.0,0.0,0%,0.0,0.0,0%,0.0
3697,RON STALLINGS,6dd758d34da8d254,Ron Stallings,14.0,8.0,0.0,1983-01-25,187.96,77.11064,190.5,Southpaw,3.22,3.26,60.0,51%,0.0,0.0,71%,0.0
3698,RON VAN CLIEF,23ab42947c1990e3,Ron van Clief,0.0,1.0,0.0,1943-01-25,177.8,86.18248,,Orthodox,0.0,0.0,0.0,0%,0.0,0.0,0%,0.0
3699,RON WATERMAN,efaf544314bb5c2e,Ron Waterman,16.0,6.0,2.0,1965-11-23,187.96,127.00576,,Orthodox,0.84,1.37,50.0,42%,4.19,69.0,50%,2.8
3700,RONAL SIAHAAN,762226efa2b01654,Ronal Siahaan,0.0,0.0,0.0,1996-05-05,170.18,,180.34,Southpaw,,,,,,,,
3701,RONALD CARILLO,cbd022eaf2ac546a,Ronald Carillo,0.0,0.0,0.0,,,,,,0.0,0.0,0.0,0%,0.0,0.0,0%,0.0
3702,RONALD JHUN,b9e871af730f826c,Ronald Jhun,24.0,26.0,2.0,1970-09-21,180.34,77.11064,,Orthodox,1.45,3.01,57.0,50%,1.81,100.0,100%,0.0
3703,RONALDO CANDIDO,23fbe02caabcd214,Ronaldo Candido,0.0,0.0,0.0,1989-04-24,167.64,,,Southpaw,1.67,3.87,42.0,52%,8.0,53.0,0%,5.0
3704,RONALDO RODRIGUEZ,f2900678e98f6d6a,Ronaldo Rodriguez,17.0,3.0,0.0,1999-05-07,167.64,56.699,165.1,Orthodox,2.71,3.8,43.0,44%,1.09,36.0,64,0.8
3705,RONDA ROUSEY,8bdac25ce0bb874d,Ronda Rousey,12.0,2.0,0.0,1987-02-01,170.18,61.23492,167.64,Orthodox,4.17,4.14,52.0,44%,6.26,68.0,50%,4.8
3706,RONG ZHU,af1e2dac91905674,Rong Zhu,0.0,0.0,0.0,2000-03-07,,,,,0.0,0.0,0.0,0%,0.0,0.0,0%,0.0
3707,RONGZHU,a13d755965a4ec9f,Rongzhu,27.0,6.0,0.0,2000-03-07,175.26,70.30676,180.34,Orthodox,6.02,5.44,51.0,52%,1.35,62.0,84,0.1
3708,RONNIE LAWRENCE,e7e01e266a9d4342,Ronnie Lawrence,8.0,2.0,0.0,1992-06-13,172.72,61.23492,172.72,Switch,3.8,1.09,58.0,61%,10.86,76.0,100%,0.5
3709,RONNY MARKES,bd21a1e3d41c97ee,Ronny Markes,17.0,5.0,0.0,1988-04-21,185.42,83.91452,190.5,Orthodox,2.17,2.43,53.0,45%,3.13,40.0,100%,0.5
3710,RONY JASON,b71ce838b01f2cad,Rony Jason,14.0,7.0,0.0,1984-03-21,170.18,65.77083999999999,185.42,Orthodox,2.04,3.14,44.0,53%,0.59,30.0,36%,0.8
3711,RONY SEFO,d6b68eaf4b68b160,Rony Sefo,0.0,0.0,0.0,,175.26,,,Orthodox,0.0,0.43,0.0,0%,0.0,0.0,0%,0.0
3712,RONYS TORRES,cce79e827569f26e,Ronys Torres,35.0,5.0,0.0,1975-08-13,170.18,70.30676,,Orthodox,0.87,1.93,26.0,57%,4.0,47.0,16%,0.5
3713,ROOSEVELT ROBERTS,37c5366d18ed6c05,Roosevelt Roberts,12.0,6.0,0.0,1994-02-11,187.96,70.30676,185.42,Orthodox,3.03,2.27,49.0,52%,1.75,53.0,58%,1.1
3714,ROQUE CONCEICAO,b4ebc1539a08054b,Roque Conceicao,0.0,0.0,0.0,1999-10-27,,,,Orthodox,,,,,,,,
3715,ROQUE MARTINEZ,2c5a0b8317f8f27a,Roque Martinez,15.0,8.0,2.0,1986-03-04,177.8,113.398,182.88,Orthodox,2.67,4.68,51.0,59%,0.62,50.0,16%,0.0
3716,RORY MACDONALD,cbd5d3cdd862e90e,Rory MacDonald,19.0,4.0,0.0,1989-07-22,182.88,77.11064,193.04,Orthodox,3.75,2.8,42.0,62%,1.77,47.0,88%,0.4
3717,RORY MARKHAM,23a16ebe733e3041,Rory Markham,17.0,6.0,0.0,1982-03-25,182.88,77.11064,180.34,Orthodox,1.98,10.27,21.0,45%,0.0,0.0,0%,0.0
3718,RORY SINGER,546015aa2ad945fd,Rory Singer,11.0,9.0,0.0,1976-05-28,187.96,83.91452,195.58,Orthodox,2.55,2.42,39.0,63%,0.39,25.0,64%,0.8
3719,ROSE CONCEICAO,a76c07e8e4c76e9a,Rose Conceicao,0.0,0.0,0.0,1997-05-13,139.7,,165.1,Orthodox,,,,,,,,
3720,ROSE NAMAJUNAS,47b63240018d5d86,Rose Namajunas,15.0,7.0,0.0,1992-06-29,165.1,56.699,165.1,Orthodox,4.13,3.98,40.0,60%,1.91,53.0,50%,0.8
3721,ROSHAN MAINAM,b301292b1bc92bdb,Roshan Mainam,0.0,0.0,0.0,,,,,,,,,,,,,
3722,ROSHAUN JONES,8a9f54b9056b07f5,Roshaun Jones,0.0,0.0,0.0,1983-05-28,172.72,,,,0.0,0.0,0.0,0%,0.0,0.0,0%,0.0
3723,ROSI SEXTON,5dfe71ade71f3a4b,Rosi Sexton,13.0,5.0,0.0,1977-07-16,160.02,61.23492,,Orthodox,3.31,7.42,39.0,41%,0.75,10.0,80%,0.0
3724,ROSS EBANEZ,a5b0bd216d8ba84e,Ross Ebanez,0.0,0.0,0.0,1975-05-18,175.26,,,Southpaw,0.74,0.74,50.0,62%,3.7,100.0,0%,0.0
3725,ROSS PEARSON,4f732e58ed907eff,Ross Pearson,20.0,16.0,0.0,1984-09-26,172.72,70.30676,175.26,Orthodox,3.68,4.09,40.0,62%,0.74,35.0,75%,0.0
3726,ROSS POINTON,7215953cd5c6254d,Ross Pointon,6.0,17.0,0.0,1980-02-18,172.72,77.11064,,Orthodox,2.62,2.77,23.0,58%,1.19,100.0,0%,0.0
3727,ROSTEM AKMAN,1fc64507a0cb38cf,Rostem Akman,6.0,2.0,0.0,1991-12-19,177.8,77.11064,182.88,Switch,1.8,3.97,25.0,57%,1.0,40.0,87%,0.0
3728,ROUSIMAR PALHARES,8ddf9c51c5fdea75,Rousimar Palhares,19.0,8.0,0.0,1980-02-26,172.72,77.11064,180.34,Orthodox,1.75,2.04,51.0,59%,3.93,45.0,0%,4.1
3729,ROXANNE MODAFFERI,4498b382c65a7faa,Roxanne Modafferi,25.0,21.0,0.0,1982-09-24,170.18,56.699,175.26,Orthodox,3.13,5.03,30.0,53%,1.42,23.0,30%,0.1
3730,ROY BOUGHTON,2aaf0181432adf0b,Roy Boughton,0.0,0.0,0.0,1992-05-26,182.88,,,,0.0,0.0,0.0,0%,0.0,0.0,0%,0.0
3731,ROY JONES,be8dfcf0442812b1,Roy Jones,0.0,0.0,0.0,1983-10-26,,,,,0.0,0.0,0.0,0%,0.0,0.0,0%,0.0
3732,ROY NELSON,3f7c14c7eca7195d,Roy Nelson,22.0,14.0,0.0,1976-06-20,182.88,119.294696,185.42,Orthodox,2.18,4.79,36.0,46%,1.14,27.0,65%,0.1
3733,ROYBERT ECHEVERRIA,20b13e96668caaa4,Roybert Echeverria,0.0,0.0,0.0,1995-08-21,165.1,,170.18,Switch,,,,,,,,
3734,ROYCE ALGER,669a3cb6e394f515,Royce Alger,3.0,2.0,0.0,1965-03-06,177.8,90.264808,,Orthodox,0.0,0.0,0.0,0%,0.0,0.0,0%,0.0
3735,ROYCE GRACIE,429e7d3725852ce9,Royce Gracie,15.0,2.0,3.0,1966-12-12,185.42,79.3786,,Southpaw,0.88,1.13,41.0,37%,0.0,0.0,66%,0.8
3736,ROYLER GRACIE,b807814d977682eb,Royler Gracie,0.0,0.0,0.0,1965-12-06,172.72,,,Southpaw,0.0,0.0,0.0,0%,0.0,0.0,0%,0.0
3737,ROYSTON WEE,b9c03e7a4557e542,Royston Wee,4.0,1.0,0.0,1986-11-15,170.18,61.23492,170.18,Orthodox,1.1,2.45,60.0,49%,3.38,81.0,0%,0.0
3738,RUAN POTTS,7e208569469c8bc8,Ruan Potts,11.0,6.0,0.0,1978-02-23,187.96,112.037224,190.5,Orthodox,0.85,5.92,37.0,22%,0.75,16.0,33%,2.3
3739,RUBEN VILLAREAL,39f68882def7a507,Ruben Villareal,0.0,0.0,0.0,1970-05-01,193.04,,,Orthodox,5.18,4.86,53.0,35%,0.0,0.0,0%,0.0
3740,RUBENS XAVIER,e6dac752a2418a88,Rubens Xavier,0.0,0.0,0.0,1974-09-08,190.5,,,Orthodox,0.77,1.82,42.0,21%,2.1,40.0,25%,1.1
3741,RUBIN WILLIAMS,6f812143641ceff8,Rubin Williams,0.0,0.0,0.0,1976-04-09,185.42,,,Orthodox,0.0,1.39,0.0,60%,0.0,0.0,0%,0.0
3742,RUDY BEARS,74f13066b1417ef3,Rudy Bears,0.0,0.0,0.0,1978-11-12,180.34,,,Southpaw,1.27,2.53,29.0,50%,0.0,0.0,0%,0.0
3743,RUDYARD MONCAYO,02d276b7d62b3472,Rudyard Moncayo,0.0,3.0,0.0,1973-05-17,177.8,88.45044,,Orthodox,0.0,0.0,0.0,0%,0.0,0.0,0%,0.0
3744,RUEL PANALES,2742f028399bf8c7,Ruel Panales,0.0,0.0,0.0,1996-12-07,165.1,,170.18,Southpaw,,,,,,,,
3745,RUI IMURA,bb56173e2275e622,Rui Imura,0.0,0.0,0.0,1999-03-24,177.8,,175.26,Southpaw,,,,,,,,
3746,RULON GARDNER,4f7e290e71d60f87,Rulon Gardner,0.0,0.0,0.0,1971-08-16,190.5,,,Orthodox,2.05,1.45,25.0,60%,0.75,100.0,100%,0.0
3747,RUSLAN MAGOMEDOV,369e1ce458ef50a6,Ruslan Magomedov,14.0,1.0,0.0,1986-11-26,190.5,109.76926399999999,198.12,Orthodox,4.02,1.47,47.0,66%,0.33,100.0,88%,0.0
3748,RUSSELL DOANE,f50d95223751e6ca,Russell Doane,15.0,8.0,0.0,1986-08-13,170.18,61.23492,177.8,Orthodox,1.75,1.68,40.0,53%,2.11,45.0,52%,0.8
3749,RUSSELL PATRICK,eafedba0617ced81,Russell Patrick,0.0,0.0,0.0,1984-09-30,175.26,,,,0.0,0.0,0.0,0%,0.0,0.0,0%,0.0
3750,RUSTAM KHABILOV,9b7694d064a8a0ad,Rustam Khabilov,24.0,4.0,0.0,1986-11-04,172.72,70.30676,185.42,Orthodox,1.98,2.16,34.0,65%,3.95,41.0,61%,0.1
3751,RYAN BADER,c0ab242c40decc55,Ryan Bader,23.0,5.0,0.0,1983-06-07,187.96,92.98636,187.96,Orthodox,2.82,1.39,43.0,71%,3.37,44.0,80%,0.4
3752,RYAN BASTIANELLI,29508aff4d93cbbe,Ryan Bastianelli,0.0,0.0,0.0,1979-09-07,165.1,,,,0.0,0.0,0.0,0%,0.0,0.0,0%,0.0
3753,RYAN BENOIT,20999e27ddd94bda,Ryan Benoit,10.0,8.0,0.0,1989-08-25,165.1,56.699,172.72,Orthodox,2.95,3.4,41.0,60%,0.33,25.0,70%,0.5
3754,RYAN COUTURE,46fd223e3ced39b3,Ryan Couture,11.0,5.0,0.0,1982-08-27,177.8,70.30676,185.42,Orthodox,3.54,2.87,45.0,54%,1.55,29.0,46%,1.3
3755,RYAN DIAZ,ceee5dd37253199a,Ryan Diaz,0.0,0.0,0.0,1979-02-06,,,,,0.0,0.0,0.0,0%,0.0,0.0,0%,0.0
3756,RYAN GANDRA,e463ce0a2ca474f4,Ryan Gandra,0.0,0.0,0.0,1995-05-08,185.42,83.91452,187.96,Orthodox,,,,,,,,
3757,RYAN GRACIE,0c3838c8f7c620c2,Ryan Gracie,0.0,0.0,0.0,1974-08-14,175.26,,,Orthodox,0.82,0.5,61.0,40%,2.83,75.0,25%,0.9
3758,RYAN HALL,8866c6f509c19089,Ryan Hall,9.0,2.0,0.0,1985-02-22,177.8,65.77083999999999,177.8,Southpaw,2.32,0.96,43.0,75%,0.31,16.0,0%,0.9
3759,RYAN HAYES,a620638435de0628,Ryan Hayes,0.0,0.0,0.0,1989-03-10,,,,,0.0,0.0,0.0,0%,0.0,0.0,0%,0.0
3760,RYAN HEALY,f3eb664db7fb1df3,Ryan Healy,0.0,0.0,0.0,1983-07-20,185.42,,,Orthodox,1.67,3.0,35.0,38%,3.0,50.0,40%,1.0
3761,RYAN JANES,b59037262c8fe060,Ryan Janes,10.0,3.0,0.0,1981-08-22,190.5,83.91452,193.04,Orthodox,7.69,5.53,48.0,59%,0.35,100.0,58%,0.0
3762,RYAN JENSEN,aae99701b21554e4,Ryan Jensen,21.0,8.0,0.0,1977-09-20,185.42,83.91452,193.04,Orthodox,2.84,2.99,39.0,59%,1.55,50.0,31%,1.9
3763,RYAN JIMMO,bc3ec52ef70fc155,Ryan Jimmo,19.0,5.0,0.0,1981-11-27,185.42,92.98636,185.42,Orthodox,3.12,2.77,66.0,46%,0.45,28.0,87%,0.0
3764,RYAN KEENAN,a72b20136239ba39,Ryan Keenan,0.0,0.0,0.0,1985-06-15,177.8,,,,0.0,0.0,0.0,0%,0.0,0.0,0%,0.0
3765,RYAN LAFLARE,4c7781da8c6cae93,Ryan LaFlare,14.0,3.0,0.0,1983-10-01,185.42,77.11064,187.96,Southpaw,2.89,1.86,40.0,63%,2.13,44.0,58%,0.2
3766,RYAN LARSON,7107e53ebd7435fb,Ryan Larson,0.0,0.0,0.0,1980-12-30,,,,,0.0,0.0,0.0,0%,0.0,0.0,0%,0.0
3767,RYAN LODER,d5bab53a1a603aac,Ryan Loder,8.0,2.0,0.0,1991-06-05,187.96,83.91452,193.04,Southpaw,5.76,2.51,71.0,50%,1.57,14.0,100,1.6
3768,RYAN MACDONALD,35e1f9984ed64206,Ryan MacDonald,10.0,2.0,0.0,1993-03-18,180.34,61.23492,180.34,Switch,2.28,6.49,29.0,45%,0.0,0.0,0%,0.0
3769,RYAN MADIGAN,a8d521d913df4e31,Ryan Madigan,5.0,3.0,0.0,,182.88,77.11064,,Orthodox,0.0,3.35,0.0,47%,0.0,0.0,0%,0.0
3770,RYAN MCGILLIVRAY,1f9c371c93dfd3a9,Ryan McGillivray,12.0,0.0,1.0,1986-09-27,180.34,77.11064,,,1.27,2.2,20.0,52%,0.0,0.0,44%,0.0
3771,RYAN MCGIVERN,856ec65948b7d234,Ryan McGivern,0.0,0.0,0.0,1980-01-17,182.88,,,Orthodox,2.22,2.22,29.0,57%,0.0,0.0,0%,0.0
3772,RYAN PARKER,6a0b80a24f22e152,Ryan Parker,0.0,1.0,0.0,,190.5,106.59412,,Southpaw,0.0,0.0,0.0,0%,0.0,0.0,0%,0.0
3773,RYAN QUINN,cc23ed51619421a3,Ryan Quinn,0.0,0.0,0.0,1987-01-22,172.72,,,,2.31,1.67,41.0,48%,0.0,0.0,0%,1.9
3774,RYAN ROBERTS,35dc6220b113b7ec,Ryan Roberts,21.0,12.0,1.0,1978-07-16,167.64,70.30676,,Orthodox,0.0,22.5,0.0,45%,0.0,0.0,0%,0.0
3775,RYAN SPANN,a67f5afa8d6a1b80,Ryan Spann,23.0,11.0,0.0,1991-08-24,195.58,92.98636,200.66,Orthodox,3.11,3.92,39.0,43%,1.21,34.0,59%,1.7
3776,RYAN STONITSCH,8d477c3fbe001f9d,Ryan Stonitsch,0.0,0.0,0.0,1977-02-03,175.26,,,Southpaw,2.53,2.53,36.0,71%,0.0,0.0,0%,0.0
3777,RYAN THOMAS,b732b326c362fb62,Ryan Thomas,20.0,8.0,0.0,1984-11-05,182.88,77.11064,,Orthodox,2.01,4.17,36.0,30%,5.59,33.0,0%,2.2
3778,RYAN TOBAR,57481f1f10530c61,Ryan Tobar,0.0,0.0,0.0,,,,,,0.0,0.0,0.0,0%,0.0,0.0,0%,0.0
3779,RYO CHONAN,55a7b2d4e54ffac9,Ryo Chonan,22.0,13.0,0.0,1976-10-08,175.26,77.11064,177.8,Orthodox,2.57,2.25,43.0,60%,0.61,41.0,39%,0.3
3780,RYO KAWAMURA,9e91d7fd2720e241,Ryo Kawamura,0.0,0.0,0.0,1981-06-29,180.34,,,Orthodox,0.6,3.93,16.0,39%,0.0,0.0,6%,0.0
3781,RYO TAJIMA,34fbfc3f65b64645,Ryo Tajima,0.0,0.0,0.0,1999-08-14,,,,,,,,,,,,
3782,RYOGA ARIMOTO,e0e1801e8721af17,Ryoga Arimoto,0.0,0.0,0.0,1998-12-07,,,,,,,,,,,,
3783,RYUHO MIYAGUCHI,f1a9c0998c683782,Ryuho Miyaguchi,0.0,0.0,0.0,1998-01-27,,,,,,,,,,,,
3784,RYUICHI MURATA,e3a6c6d6d0ac0815,Ryuichi Murata,0.0,0.0,0.0,1976-08-27,172.72,,,Orthodox,0.84,1.89,36.0,50%,4.74,50.0,100%,3.2
3785,RYUKI UEYAMA,bcd124bcd3d5be46,Ryuki Ueyama,0.0,0.0,0.0,1976-04-17,180.34,,,Southpaw,0.13,1.4,21.0,46%,0.5,100.0,0%,1.5
3786,RYUTA SAKURAI,ff9578cdbfabd323,Ryuta Sakurai,0.0,0.0,0.0,,170.18,,,Orthodox,1.8,3.44,48.0,58%,0.52,100.0,36%,1.6
3787,SAAD AWAD,da603332ad41f165,Saad Awad,0.0,0.0,0.0,1983-06-07,180.34,,,,2.13,1.87,26.0,60%,0.5,16.0,100%,0.5
3788,SABAH HOMASI,71f048adbfed5b49,Sabah Homasi,11.0,8.0,0.0,1988-10-19,182.88,77.11064,182.88,Orthodox,4.98,6.91,48.0,47%,2.8,50.0,66%,0.0
3789,SABINA MAZO,70d2329a92864fdb,Sabina Mazo,9.0,4.0,0.0,1997-03-25,170.18,56.699,177.8,Orthodox,6.56,3.91,44.0,60%,0.81,80.0,66%,0.2
3790,SAEED HOSSEINI,21f2974fd08085e3,Saeed Hosseini,0.0,1.0,0.0,,177.8,120.20188,,,0.0,0.0,0.0,0%,0.0,0.0,0%,0.0
3791,SAGE NORTHCUTT,ed9d8ee3a4239b1c,Sage Northcutt,11.0,2.0,0.0,1996-03-01,182.88,77.11064,180.34,Orthodox,3.58,1.96,52.0,58%,1.81,34.0,41%,0.6
3792,SAI WANG,efb9a43415a56d34,Sai Wang,20.0,6.0,1.0,1986-01-14,182.88,77.11064,,Southpaw,3.17,2.27,46.0,53%,0.0,0.0,77%,0.0
3793,SAID NURMAGOMEDOV,0fd5f4b838e890cc,Said Nurmagomedov,18.0,5.0,0.0,1992-04-05,172.72,61.23492,177.8,Orthodox,4.65,2.37,46.0,60%,0.45,7.0,71%,0.0
3794,SAIDYOKUB KAKHRAMONOV,50a28b9f8314e008,Saidyokub Kakhramonov,10.0,3.0,0.0,1995-11-14,172.72,61.23492,175.26,Orthodox,2.05,0.88,51.0,58%,6.63,48.0,83,1.9
3795,SAIMON OLIVEIRA,72ea1984c52019b5,Saimon Oliveira,18.0,6.0,0.0,1991-04-21,162.56,61.23492,182.88,Orthodox,2.67,4.13,40.0,46%,1.07,25.0,38,1.4
3796,SAKO CHIVITCHIAN,9f7787e56a6bc0f4,Sako Chivitchian,8.0,1.0,0.0,1984-03-11,180.34,70.30676,,Orthodox,2.4,4.8,27.0,46%,0.0,0.0,100%,0.0
3797,SALIM TOUAHRI,cbf1c7ba5408a66f,Salim Touahri,10.0,4.0,0.0,1989-09-28,177.8,77.11064,182.88,Orthodox,2.6,2.87,46.0,58%,0.0,0.0,83%,0.0
3798,SALVADOR BECERRA,4fd76e7ba8313457,Salvador Becerra,0.0,0.0,0.0,,175.26,,,,4.57,3.83,31.0,58%,0.0,0.0,66%,0.0
3799,SALVADOR WOODS,8de471543d9c933e,Salvador Woods,0.0,0.0,0.0,1985-02-05,180.34,,,,0.0,0.0,0.0,0%,0.0,0.0,0%,0.0
3800,SAM ADKINS,0e9869d712e81f8f,Sam Adkins,7.0,20.0,2.0,1965-04-26,190.5,102.0582,,Orthodox,0.0,0.0,0.0,0%,0.0,0.0,0%,0.0
3801,SAM ALVEY,d156513a19acf856,Sam Alvey,33.0,18.0,1.0,1986-05-06,187.96,83.91452,190.5,Southpaw,3.17,3.26,44.0,55%,0.08,16.0,82%,0.1
3802,SAM FULTON,1f5f75658551f2d3,Sam Fulton,0.0,2.0,0.0,,190.5,113.398,,,0.0,0.0,0.0,0%,0.0,0.0,0%,0.0
3803,SAM GRECO,6d12031661db8ac8,Sam Greco,0.0,0.0,0.0,1967-05-03,187.96,,,Orthodox,2.4,1.33,75.0,53%,0.0,0.0,25%,1.0
3804,SAM HOGER,84a067c46306a737,Sam Hoger,10.0,4.0,0.0,1980-06-28,187.96,92.98636,,Orthodox,1.07,2.25,25.0,57%,1.12,38.0,29%,1.3
3805,SAM HUGHES,e94085e821bd81de,Sam Hughes,11.0,6.0,0.0,1992-06-28,165.1,52.16308,162.56,Orthodox,4.0,10.4,37.0,49%,0.0,0.0,0%,0.0
3806,SAM LIERA,421ccfc6ddb17958,Sam Liera,0.0,0.0,0.0,1983-11-26,,,,,0.82,7.36,60.0,51%,0.0,0.0,66%,0.0
3807,SAM OROPEZA,6b8db407d49c6e4b,Sam Oropeza,0.0,0.0,0.0,1985-06-17,187.96,,,,7.68,1.44,56.0,70%,3.6,33.0,100%,0.0
3808,SAM PATTERSON,8b6e5dc2ba1edbe7,Sam Patterson,14.0,2.0,1.0,1996-04-30,190.5,77.11064,198.12,Orthodox,3.89,3.93,43.0,49%,1.39,100.0,33,2.8
3809,SAM SICILIA,b8aef0faf4ce9b31,Sam Sicilia,15.0,8.0,0.0,1986-02-01,172.72,65.77083999999999,170.18,Orthodox,2.46,3.55,33.0,59%,1.45,43.0,70%,0.9
3810,SAM SPENGLER,221b2a3070c7ce3e,Sam Spengler,0.0,0.0,0.0,1976-04-04,180.34,,,Orthodox,3.27,3.27,62.0,54%,1.75,11.0,75%,1.8
3811,SAM STOUT,501b07aec9b8fc2d,Sam Stout,20.0,12.0,1.0,1984-04-23,175.26,70.30676,177.8,Orthodox,4.17,4.08,28.0,57%,0.63,38.0,77%,0.1
3812,SAM WATFORD,1836639ecf9b6e7f,Sam Watford,0.0,0.0,0.0,1999-01-09,,,,,0.13,0.73,18.0,62%,2.0,40.0,60%,1.0
3813,SAMANDAR MURODOV,6f4d199c0adc06f5,Samandar Murodov,0.0,0.0,0.0,1999-08-28,185.42,,190.5,Orthodox,,,,,,,,
3814,SAMMY MORGAN,2067a177a2842fbf,Sammy Morgan,18.0,12.0,0.0,1981-09-28,177.8,77.11064,,Orthodox,1.05,3.74,22.0,40%,1.43,20.0,0%,0.5
3815,SAMUEL SANCHES,438d497617ecb16e,Samuel Sanches,0.0,0.0,0.0,2003-01-28,177.8,,187.96,Orthodox,,,,,,,,
3816,SAMUEL SILVA,04e0507b94014dbb,Samuel Silva,0.0,0.0,0.0,1996-01-02,182.88,,182.88,Orthodox,,,,,,,,
3817,SAMY SCHIAVO,1208ffc5be6e31ad,Samy Schiavo,10.0,6.0,0.0,1975-12-24,172.72,70.30676,,Orthodox,1.68,2.62,34.0,38%,0.94,50.0,66%,0.9
3818,SANAE KIKUTA,e4bde462b043d3e1,Sanae Kikuta,31.0,9.0,3.0,1971-09-10,175.26,90.7184,,Orthodox,0.7,0.9,45.0,52%,1.6,63.0,25%,1.8
3819,SANDRA LAVADO,aa6da8cb3a26da04,Sandra Lavado,0.0,0.0,0.0,1994-05-03,170.18,,167.64,Orthodox,,,,,,,,
3820,SANFORD ALTON MEEKS,27c59ac201539d10,Sanford Alton Meeks,0.0,0.0,0.0,1994-04-05,195.58,,190.5,Orthodox,0.71,4.47,42.0,38%,7.06,25.0,0%,0.0
3821,SANGHOON YOO,00b490982afd1b17,SangHoon Yoo,0.0,0.0,0.0,1990-01-18,182.88,,187.96,Orthodox,5.0,7.27,66.0,27%,1.0,100.0,75%,1.0
3822,SANGWON KIM,e9712cad24948ce1,SangWon Kim,0.0,0.0,0.0,1993-09-01,175.26,,175.26,Orthodox,,,,,,,,
3823,SANGWOOK KIM,a264d4e9a4d6bfe4,Sangwook Kim,0.0,0.0,0.0,1993-10-17,182.88,70.30676,180.34,Orthodox,,,,,,,,
3824,SANTIAGO LUNA,faf317c665546a36,Santiago Luna,0.0,0.0,0.0,2004-08-06,175.26,61.23492,187.96,Orthodox,4.74,2.76,53.0,67%,2.3,71.0,57%,0.9
3825,SANTIAGO PONZINIBBIO,6d1bffff14897645,Santiago Ponzinibbio,31.0,9.0,0.0,1986-09-26,182.88,77.11064,185.42,Orthodox,4.21,4.05,40.0,64%,0.52,44.0,60%,0.0
3826,SANTO CURATOLO,b8b765e320a8db39,Santo Curatolo,0.0,0.0,0.0,1995-01-18,160.02,,157.48,Southpaw,,,,,,,,
3827,SAPARBEG SAFAROV,88d7b6d8230e1f3f,Saparbeg Safarov,9.0,3.0,0.0,1986-10-14,185.42,83.91452,198.12,Orthodox,4.03,2.96,48.0,47%,2.52,41.0,33%,0.0
3828,SARA MCMANN,7be74a12d7352df2,Sara McMann,13.0,6.0,0.0,1980-09-24,167.64,61.23492,167.64,Orthodox,2.32,1.94,45.0,48%,4.41,65.0,50%,0.5
3829,SARAH ALPAR,49b130de1da2e1bf,Sarah Alpar,9.0,6.0,0.0,1991-06-01,162.56,61.23492,160.02,Southpaw,2.11,4.76,54.0,32%,2.69,28.0,50%,0.7
3830,SARAH D'ALELIO,ac45450f75d14f16,Sarah D'alelio,0.0,0.0,0.0,1980-12-13,170.18,,,,2.4,0.0,33.0,100%,0.0,0.0,100%,0.0
3831,SARAH FROTA,1641ef250e9de19b,Sarah Frota,9.0,2.0,0.0,1987-04-14,167.64,56.699,175.26,Southpaw,4.52,2.57,52.0,55%,0.0,0.0,53%,0.0
3832,SARAH KAUFMAN,36df8e119aec6175,Sarah Kaufman,18.0,4.0,0.0,1985-09-20,165.1,61.23492,167.64,Orthodox,6.65,4.0,46.0,62%,0.38,57.0,81%,0.0
3833,SARAH MORAS,539ed332b3078821,Sarah Moras,6.0,8.0,0.0,1988-04-30,170.18,61.23492,170.18,Orthodox,2.28,3.58,34.0,50%,0.67,21.0,33%,0.8
3834,SARAH PAYANT,748d4e35f846a029,Sarah Payant,0.0,0.0,0.0,,162.56,,,,0.29,2.06,16.0,30%,0.0,0.0,0%,0.0
3835,SASHA PALATNIKOV,a6c20202c701e5ca,Sasha Palatnikov,6.0,4.0,0.0,1989-03-15,185.42,77.11064,182.88,Switch,9.78,7.74,52.0,51%,1.17,100.0,88%,0.0
3836,SATORU KITAOKA,e2ac5bb645f33088,Satoru Kitaoka,0.0,0.0,0.0,1980-02-04,167.64,,,,0.68,2.15,33.0,45%,0.62,10.0,27%,2.1
3837,SATOSHI HONMA,d2b1c1317a39f6c6,Satoshi Honma,4.0,6.0,3.0,1968-05-19,185.42,92.98636,,Orthodox,0.0,0.0,0.0,0%,0.0,0.0,0%,0.0
3838,SATOSHI ISHII,c8a49ff2acb6f3c5,Satoshi Ishii,0.0,0.0,0.0,1986-12-19,180.34,,,Orthodox,1.41,1.58,36.0,63%,3.47,52.0,100%,1.6
3839,SAUL ELIZONDO,e295b96f135d758a,Saul Elizondo,0.0,0.0,0.0,1985-07-17,170.18,,,,2.07,4.93,30.0,48%,2.0,100.0,66%,1.0
3840,SAYGID IZAGAKHMAEV,de26d906f2874dd4,Saygid Izagakhmaev,0.0,0.0,0.0,1994-09-03,180.34,77.11064,,,,,,,,,,
3841,SCOTT ADAMS,2620f3eb21c79614,Scott Adams,8.0,1.0,0.0,1974-07-16,182.88,102.0582,,Southpaw,0.0,0.0,0.0,0%,0.0,0.0,0%,0.0
3842,SCOTT ASKHAM,06827d70c53ff0d9,Scott Askham,14.0,4.0,0.0,1988-05-20,190.5,83.91452,190.5,Southpaw,3.03,3.52,46.0,52%,0.44,18.0,65%,0.7
3843,SCOTT BAKER,7d5b12de1625984e,Scott Baker,1.0,1.0,0.0,,182.88,95.25431999999999,,,0.0,0.0,0.0,0%,0.0,0.0,0%,0.0
3844,SCOTT BESSAC,3f24c96753dbd9f9,Scott Bessac,4.0,6.0,0.0,1965-10-05,193.04,111.13004,,,0.0,0.0,0.0,0%,0.0,0.0,0%,0.0
3845,SCOTT BILLS,53f02bbc41d99432,Scott Bills,0.0,0.0,0.0,1972-12-29,177.8,,,,0.0,0.0,0.0,0%,0.0,0.0,0%,0.0
3846,SCOTT CARSON,1e3302f9ab6f549a,Scott Carson,0.0,0.0,0.0,,187.96,,,,0.62,6.22,66.0,23%,0.0,0.0,0%,0.0
3847,SCOTT ETTLING,74b5736f1df40be3,Scott Ettling,0.0,0.0,0.0,1992-07-17,,,,,0.0,0.54,0.0,83%,8.04,100.0,0%,0.0
3848,SCOTT FERROZZO,977081bc01197656,Scott Ferrozzo,4.0,2.0,0.0,1965-04-26,180.34,146.51021599999999,,Orthodox,0.0,0.0,0.0,0%,0.0,0.0,0%,0.0
3849,SCOTT FIEDLER,0ec821423baa26bd,Scott Fiedler,0.0,1.0,0.0,,193.04,106.59412,,Orthodox,0.0,0.0,0.0,0%,0.0,0.0,0%,0.0
3850,SCOTT GRAHAM,6e4acc2c115215b5,Scott Graham,0.0,0.0,0.0,,193.04,,,Orthodox,0.91,2.27,42.0,28%,0.0,0.0,0%,0.0
3851,SCOTT HARPER,14a433bccba87016,Scott Harper,0.0,0.0,0.0,1972-04-14,182.88,,,Orthodox,1.3,4.98,54.0,47%,3.25,100.0,0%,0.0
3852,SCOTT HOLTZMAN,df1eb4354d18a906,Scott Holtzman,14.0,6.0,0.0,1983-09-30,175.26,70.30676,175.26,Orthodox,4.44,3.47,49.0,54%,2.16,58.0,66%,0.2
3853,SCOTT JORGENSEN,0b64d0fed453ef7f,Scott Jorgensen,15.0,12.0,0.0,1982-09-17,165.1,61.23492,167.64,Orthodox,3.37,3.41,40.0,65%,2.61,45.0,59%,0.7
3854,SCOTT JUNK,ac70a4f1db1b8c40,Scott Junk,8.0,3.0,1.0,1978-12-17,185.42,120.20188,,Orthodox,5.13,1.81,60.0,45%,0.0,0.0,0%,0.0
3855,SCOTT LIGHTY,998c8890a8dde1eb,Scott Lighty,0.0,0.0,0.0,1978-10-15,187.96,,,,2.91,4.24,21.0,49%,0.0,0.0,0%,0.0
3856,SCOTT MCAFEE,7e7d81bf162a5ec1,Scott McAfee,0.0,0.0,0.0,1983-08-23,172.72,,,Orthodox,0.0,1.33,0.0,50%,0.0,0.0,0%,0.0
3857,SCOTT MCDONALD,08ae3100bf2100ed,Scott McDonald,0.0,0.0,0.0,,,,,,0.0,0.0,0.0,0%,0.0,0.0,0%,0.0
3858,SCOTT MORRIS,be9d259be012e8a4,Scott Morris,2.0,1.0,0.0,,177.8,95.25431999999999,,Orthodox,0.0,0.0,0.0,0%,0.0,0.0,0%,0.0
3859,SCOTT NORTON,f21a3d68fb9df387,Scott Norton,0.0,0.0,0.0,1973-03-15,177.8,,,Orthodox,0.67,0.34,30.0,60%,2.52,25.0,0%,0.0
3860,SCOTT SHAFFER,5c38639f860a5542,Scott Shaffer,0.0,0.0,0.0,,170.18,,,Orthodox,2.4,0.53,67.0,50%,0.0,0.0,72%,3.0
3861,SCOTT SMITH,3410cf010558dc8b,Scott Smith,18.0,11.0,0.0,1979-05-21,182.88,83.91452,177.8,Orthodox,1.9,5.87,27.0,50%,0.12,6.0,58%,0.5
3862,SCOTT VENTIMIGLIA,6e62bb64f7cc5026,Scott Ventimiglia,0.0,0.0,0.0,1972-11-17,180.34,,,,0.0,0.0,0.0,0%,0.0,0.0,0%,0.0
3863,SEAN ALVAREZ,e741536153227386,Sean Alvarez,4.0,3.0,0.0,1971-07-14,182.88,106.59412,,Orthodox,0.89,3.25,37.0,47%,0.0,0.0,0%,0.0
3864,SEAN BASSETT,2c733e059462c1dc,Sean Bassett,0.0,0.0,0.0,,,,,,0.0,0.0,0.0,0%,0.0,0.0,0%,0.0
3865,SEAN BRADY,45f7cb591c3ab00b,Sean Brady,18.0,1.0,0.0,1992-11-23,177.8,77.11064,182.88,Orthodox,4.08,2.77,53.0,59%,3.58,51.0,86%,0.8
3866,SEAN DAUGHERTY,a683f9ddb70aa4bd,Sean Daugherty,0.0,2.0,0.0,1975-12-04,182.88,79.3786,,,0.0,0.0,0.0,0%,0.0,0.0,0%,0.0
3867,SEAN GANNON,6d7886b094b471ac,Sean Gannon,2.0,1.0,0.0,,190.5,120.20188,,Southpaw,0.0,6.38,0.0,28%,0.0,0.0,50%,0.0
3868,SEAN GAUCI,d758f272d94f5866,Sean Gauci,0.0,0.0,0.0,1996-10-07,165.1,,162.56,Switch,,,,,,,,
3869,SEAN HOLDEN,acbb9c76f5894e36,Sean Holden,0.0,0.0,0.0,1984-09-17,177.8,,,,2.4,0.6,59.0,59%,5.0,83.0,0%,2.0
3870,SEAN LALLY,e62ce041bb7aeb1f,Sean Lally,0.0,0.0,0.0,1990-11-04,182.88,,,Orthodox,5.34,7.23,39.0,30%,0.0,0.0,0%,0.0
3871,SEAN LOEFFLER,d3d1ff3f3dfa0931,Sean Loeffler,0.0,0.0,0.0,1982-05-23,190.5,,,Orthodox,0.0,0.0,0.0,0%,0.0,0.0,0%,0.0
3872,SEAN MCCORKLE,008dc37cca279def,Sean McCorkle,17.0,7.0,0.0,1976-07-17,200.66,120.20188,205.74,Orthodox,0.85,2.48,44.0,52%,2.12,40.0,33%,4.2
3873,SEAN O'CONNELL,cb52f9490c2dc069,Sean O'Connell,17.0,9.0,0.0,1983-09-02,185.42,92.98636,187.96,Orthodox,5.46,6.77,48.0,45%,0.0,0.0,30%,0.5
3874,SEAN O'HAIRE,46effbd1135423c5,Sean O'Haire,0.0,0.0,0.0,1971-02-25,195.58,,,Orthodox,8.28,22.76,57.0,21%,0.0,0.0,0%,0.0
3875,SEAN O'MALLEY,b50a426a33da0012,Sean O'Malley,18.0,3.0,0.0,1994-10-24,180.34,61.23492,182.88,Switch,5.98,3.4,60.0,59%,0.23,42.0,60%,0.2
3876,SEAN PIERSON,0d506315895efffc,Sean Pierson,14.0,6.0,0.0,1976-03-10,182.88,77.11064,193.04,Southpaw,3.84,3.73,39.0,64%,0.39,18.0,66%,0.4
3877,SEAN SALMON,7c0847d3854a95f2,Sean Salmon,18.0,21.0,0.0,1977-09-11,177.8,83.91452,,Southpaw,1.49,2.03,33.0,65%,4.06,50.0,0%,0.0
3878,SEAN SANTELLA,39792c2f42c9f527,Sean Santella,0.0,0.0,0.0,1984-10-25,165.1,,,,0.0,0.0,0.0,0%,0.0,0.0,0%,0.0
3879,SEAN SHARAF,0f3a990526c5e706,Sean Sharaf,4.0,1.0,0.0,1993-07-11,190.5,114.305184,195.58,Orthodox,7.31,9.79,44.0,44%,2.07,12.0,0,0.0
3880,SEAN SHERK,029880cdbf5ca089,Sean Sherk,36.0,4.0,1.0,1973-08-05,167.64,70.30676,170.18,Orthodox,2.17,2.71,35.0,55%,4.09,46.0,56%,0.4
3881,SEAN SORIANO,bd5403efbaa445c0,Sean Soriano,14.0,8.0,0.0,1989-10-06,175.26,65.77083999999999,177.8,Orthodox,3.15,2.31,61.0,52%,1.27,42.0,55%,0.0
3882,SEAN SPENCER,ab850a77a0fa487d,Sean Spencer,12.0,6.0,0.0,1987-06-25,177.8,77.11064,187.96,Orthodox,4.24,4.02,32.0,60%,0.14,33.0,68%,0.0
3883,SEAN STRICKLAND,0d8011111be000b2,Sean Strickland,29.0,7.0,0.0,1991-02-27,185.42,83.91452,193.04,Orthodox,5.98,4.53,42.0,60%,0.66,62.0,68%,0.1
3884,SEAN WILSON,b8e6393c39cb9740,Sean Wilson,0.0,0.0,0.0,1982-10-20,172.72,,,,1.01,5.88,31.0,62%,0.0,0.0,0%,0.0
3885,SEAN WOODSON,4682bc59d5f55145,Sean Woodson,13.0,2.0,1.0,1992-06-07,187.96,65.77083999999999,198.12,Orthodox,6.4,4.43,45.0,58%,0.0,0.0,77%,0.0
3886,SEBASTIAN SZALAY,f201f21cf2c79eb2,Sebastian Szalay,0.0,0.0,0.0,1994-02-03,167.64,65.77083999999999,167.64,Orthodox,,,,,,,,
3887,SEDRIQUES DUMAS,4e6738062d469256,Sedriques Dumas,10.0,3.0,0.0,1995-08-06,187.96,83.91452,200.66,Orthodox,1.97,2.64,44.0,53%,1.3,31.0,33%,0.2
3888,SEICHI IKEMOTO,81f38d1640c4e70d,Seichi Ikemoto,0.0,0.0,0.0,1975-08-24,180.34,,,Orthodox,2.59,3.74,32.0,57%,1.23,26.0,60%,0.0
3889,SEMMY SCHILT,d5ed14b2153c6ed2,Semmy Schilt,26.0,14.0,1.0,1973-10-27,208.28,120.20188,,Orthodox,1.2,1.31,50.0,53%,0.0,0.0,47%,1.1
3890,SEO HEE HAM,165c244bcca3ed26,Seo Hee Ham,17.0,8.0,0.0,1987-03-08,157.48,52.16308,157.48,Southpaw,4.2,5.15,39.0,61%,0.0,0.0,66%,0.2
3891,SEOKHYEON KO,4a07b1988477502c,Seokhyeon Ko,12.0,2.0,0.0,1993-09-24,177.8,77.11064,180.34,Southpaw,2.9,2.0,52.0,59%,4.0,53.0,75,0.5
3892,SEONGCHAN HONG,10d4575f497face4,SeongChan Hong,0.0,0.0,0.0,1989-11-28,170.18,,175.26,Orthodox,,,,,,,,
3893,SERGEI KHARITONOV,0693b2eab79198ea,Sergei Kharitonov,0.0,0.0,0.0,1980-08-18,182.88,,,Orthodox,3.9,3.03,44.0,54%,1.16,53.0,70%,1.0
3894,SERGEI PAVLOVICH,f14cf73e51b29254,Sergei Pavlovich,20.0,3.0,0.0,1992-05-13,190.5,116.573144,213.36,Southpaw,4.49,3.58,44.0,56%,0.47,25.0,75%,0.0
3895,SERGEY IGNATOV,df9e9c1f65805d29,Sergey Ignatov,0.0,0.0,0.0,,175.26,,,Orthodox,0.35,3.25,50.0,42%,0.0,0.0,0%,0.0
3896,SERGEY KHANDOZHKO,90da09db03e41748,Sergey Khandozhko,28.0,6.0,1.0,1992-05-19,185.42,77.11064,187.96,Orthodox,2.83,1.7,42.0,60%,0.5,16.0,64%,0.0
3897,SERGEY MOROZOV,2f6a993c7f547c13,Sergey Morozov,19.0,5.0,0.0,1989-06-14,167.64,61.23492,170.18,Orthodox,0.81,2.89,23.0,39%,0.0,0.0,54%,0.0
3898,SERGHEI SPIVAC,e2f6b2769aaedd6c,Serghei Spivac,17.0,6.0,0.0,1995-01-24,190.5,117.93392,198.12,Orthodox,3.58,2.84,49.0,58%,3.7,63.0,75%,0.3
3899,SERGIO GOMEZ,af1e5c64b8663aa0,Sergio Gomez,0.0,0.0,0.0,1982-04-29,167.64,,,Orthodox,1.5,1.16,42.0,56%,2.57,66.0,31%,0.0
3900,SERGIO MORAES,1bcaac2d99b90fce,Sergio Moraes,14.0,6.0,1.0,1982-07-23,182.88,77.11064,182.88,Orthodox,2.42,3.73,42.0,59%,1.2,38.0,75%,0.4
3901,SERGIO PETTIS,de75d1c45a39e221,Sergio Pettis,18.0,5.0,0.0,1993-08-18,167.64,56.699,175.26,Orthodox,3.88,2.91,37.0,65%,0.85,40.0,67%,0.4
3902,SERHIY SIDEY,1a2bf44edb8055b6,Serhiy Sidey,12.0,2.0,0.0,1996-07-04,180.34,61.23492,182.88,Switch,4.49,4.26,39.0,54%,1.58,25.0,20,1.3
3903,SETH BACZYNSKI,fd5b6598a3b70c0a,Seth Baczynski,20.0,14.0,0.0,1981-10-26,190.5,77.11064,190.5,Orthodox,3.08,3.14,31.0,51%,0.89,16.0,48%,0.8
3904,SETH DIKUN,eb42d4febfafefd1,Seth Dikun,0.0,0.0,0.0,1980-08-05,177.8,,175.26,Orthodox,1.45,2.18,26.0,55%,0.0,0.0,45%,0.9
3905,SETH KLEINBECK,8ad022dd81224f61,Seth Kleinbeck,0.0,0.0,0.0,1973-07-25,187.96,,,,2.55,2.42,33.0,40%,0.98,25.0,90%,0.0
3906,SETH PETRUZELLI,93b9496275bbbf80,Seth Petruzelli,14.0,8.0,0.0,1979-12-03,182.88,92.98636,193.04,Orthodox,2.17,2.08,41.0,55%,0.46,50.0,47%,2.3
3907,SEUNGGUK CHOI,adccbc19b22e19af,SeungGuk Choi,7.0,3.0,0.0,1996-12-26,167.64,56.699,162.56,Orthodox,2.69,2.69,42.0,65%,1.02,27.0,74,0.0
3908,SEUNGWOO CHOI,a68575214ecad140,SeungWoo Choi,11.0,8.0,0.0,1992-11-03,182.88,65.77083999999999,187.96,Orthodox,3.17,2.45,41.0,46%,1.03,57.0,66%,0.0
3909,SHAH KAMALI,a46ab6c64d321c2d,Shah Kamali,0.0,0.0,0.0,1998-10-25,,,,,,,,,,,,
3910,SHAHEEN SANTANA,19809d475ed832d5,Shaheen Santana,0.0,0.0,0.0,1991-06-04,185.42,,190.5,Orthodox,0.82,1.65,42.0,40%,0.0,0.0,0%,2.8
3911,SHAMAR BAILEY,e2b8186b618b00c4,Shamar Bailey,16.0,11.0,0.0,1982-09-22,175.26,70.30676,190.5,Southpaw,1.56,3.91,20.0,69%,1.5,33.0,37%,0.0
3912,SHAMIL ABDURAKHIMOV,2f5cbecbbe18bac4,Shamil Abdurakhimov,20.0,8.0,0.0,1981-09-02,190.5,106.59412,193.04,Orthodox,2.45,2.45,44.0,58%,1.23,24.0,47%,0.2
3913,SHAMIL GAMZATOV,0d980975001ae3d8,Shamil Gamzatov,14.0,1.0,0.0,1990-08-09,187.96,92.98636,193.04,Orthodox,4.27,2.13,46.0,58%,0.0,0.0,50%,0.0
3914,SHAMIL GAZIEV,6747ccd6d1acd266,Shamil Gaziev,14.0,1.0,0.0,1990-02-10,193.04,120.20188,198.12,Orthodox,2.94,4.92,46.0,45%,1.06,33.0,83%,0.3
3915,SHANA DOBSON,122ac9b816d8b71c,Shana Dobson,4.0,5.0,0.0,1989-03-30,167.64,56.699,175.26,Orthodox,3.34,5.2,37.0,50%,0.84,50.0,14%,0.0
3916,SHANA OLSEN,dfbb95ca0c143988,Shana Olsen,0.0,0.0,0.0,1980-12-17,170.18,,,,0.0,0.0,0.0,0%,0.0,0.0,0%,0.0
3917,SHANE BURGOS,98d961097baaf308,Shane Burgos,15.0,3.0,0.0,1991-03-19,180.34,65.77083999999999,190.5,Orthodox,7.31,5.81,50.0,60%,0.3,100.0,89%,0.1
3918,SHANE CAMPBELL,784285b7ae7dd85f,Shane Campbell,14.0,6.0,0.0,1987-01-21,182.88,70.30676,180.34,Orthodox,3.99,3.19,59.0,55%,1.36,28.0,82%,0.0
3919,SHANE CARWIN,68dd7b3783c19f9c,Shane Carwin,12.0,2.0,0.0,1975-01-04,187.96,120.20188,203.2,Orthodox,4.38,3.53,47.0,53%,1.42,33.0,42%,0.0
3920,SHANE COLLINS,ba2e05e3b184e5ee,SHANE COLLINS,0.0,0.0,0.0,2000-03-08,175.26,65.77083999999999,180.34,Orthodox,5.07,3.87,55.0,34%,0.0,0.0,44%,3.0
3921,SHANE DEL ROSARIO,85980f5da429c0a6,Shane del Rosario,11.0,2.0,0.0,1983-09-23,193.04,113.398,,Southpaw,3.93,2.97,60.0,54%,1.2,40.0,16%,2.4
3922,SHANE HOWELL,a7de976620f2ed13,Shane Howell,13.0,10.0,0.0,1983-11-28,172.72,56.699,,Orthodox,1.27,2.55,32.0,42%,0.0,0.0,20%,0.0
3923,SHANE NELSON,2db7fa8db6bc9632,Shane Nelson,16.0,7.0,0.0,1984-11-29,175.26,70.30676,177.8,Southpaw,1.38,2.84,31.0,61%,1.31,18.0,54%,1.6
3924,SHANE PRIMM,5114f1b5ad4cdf72,Shane Primm,5.0,5.0,0.0,1984-07-30,190.5,92.98636,,Orthodox,0.83,2.25,26.0,62%,1.78,20.0,0%,0.0
3925,SHANE ROLLER,75e0d3cc2262b732,Shane Roller,11.0,7.0,0.0,1979-07-14,177.8,70.30676,182.88,Orthodox,2.04,2.65,34.0,60%,2.46,33.0,42%,1.9
3926,SHANE YOUNG,4cd8b03aee1d0138,Shane Young,13.0,8.0,0.0,1993-07-31,172.72,65.77083999999999,182.88,Orthodox,6.01,5.15,40.0,56%,0.73,25.0,64%,0.0
3927,SHANELLE DYER,cfbb3edab781dfd2,Shanelle Dyer,0.0,0.0,0.0,2001-04-23,167.64,52.16308,165.1,Orthodox,,,,,,,,
3928,SHANG ZHIFA,5a7350645bc9bd6e,Shang Zhifa,0.0,0.0,0.0,1986-03-15,170.18,,160.02,Orthodox,,,,,,,,
3929,SHANNA YOUNG,568bbad0eaced57c,Shanna Young,9.0,6.0,0.0,1991-02-20,170.18,56.699,165.1,Orthodox,3.05,5.28,57.0,45%,0.0,0.0,54%,0.0
3930,SHANNON CLARK,7ae36b3791e0969a,Shannon Clark,0.0,0.0,0.0,1992-07-07,165.1,,162.56,Orthodox,,,,,,,,
3931,SHANNON GUGERTY,9f1641c08cf8fbe2,Shannon Gugerty,15.0,7.0,0.0,1981-12-30,177.8,70.30676,180.34,Orthodox,1.25,1.88,39.0,58%,2.13,27.0,50%,3.4
3932,SHANNON RITCH,1c7cce2f5c17160d,Shannon Ritch,0.0,0.0,0.0,1970-09-27,175.26,,,Orthodox,1.0,6.0,100.0,50%,0.0,0.0,0%,0.0
3933,SHANNON ROSS,51c655162e462ceb,Shannon Ross,13.0,9.0,0.0,1989-05-12,167.64,56.699,167.64,Switch,5.96,7.39,39.0,55%,0.0,0.0,100,0.0
3934,SHEM ROCK,52b6bf4528130e86,Shaqueme Rock,0.0,0.0,0.0,1993-11-05,177.8,70.30676,,,,,,,,,,
3935,SHARA MAGOMEDOV,06734ca9d88dec3a,Shara Magomedov,16.0,1.0,0.0,1994-05-16,187.96,83.91452,185.42,Orthodox,5.55,3.62,62.0,45%,0.0,0.0,73%,0.0
3936,SHAUN ETCHELL,ea9bfe9c25037bba,Shaun Etchell,0.0,0.0,0.0,1993-08-05,170.18,,172.72,Switch,,,,,,,,
3937,SHAUNA BANNON,9c442aaf149ea982,Shauna Bannon,7.0,2.0,0.0,1993-10-23,165.1,52.16308,165.1,Switch,3.85,3.25,44.0,45%,0.0,0.0,47%,0.5
3938,SHAVKAT RAKHMONOV,01afe0916a40c7c5,Shavkat Rakhmonov,19.0,0.0,0.0,1994-10-23,185.42,77.11064,195.58,Orthodox,2.79,1.93,52.0,50%,0.0,0.0,100%,3.2
3939,SHAWN BUNCH,6e9af164ab91a229,Shawn Bunch,0.0,0.0,0.0,1983-03-19,165.1,,,,0.0,1.55,0.0,55%,0.0,0.0,50%,0.0
3940,SHAWN JORDAN,ca2efc9d7d523c43,Shawn Jordan,19.0,8.0,0.0,1984-10-21,182.88,117.93392,190.5,Southpaw,2.87,3.3,50.0,47%,1.97,38.0,76%,0.1
3941,SHAWN TEED,5bb70ebd65075c5c,Shawn Teed,0.0,0.0,0.0,1992-02-13,195.58,,,Orthodox,1.4,13.31,42.0,21%,0.0,0.0,0%,0.0
3942,SHAYILAN NUERDANBIEKE,0a73acff6325c1e2,Shayilan Nuerdanbieke,39.0,12.0,0.0,1994-05-04,172.72,65.77083999999999,175.26,Orthodox,1.95,2.64,45.0,50%,3.3,35.0,28,0.2
3943,SHAYNA BASZLER,8ef4a91ac694b7ce,Shayna Baszler,15.0,11.0,0.0,1980-08-08,170.18,61.23492,,Orthodox,2.49,6.36,30.0,51%,0.67,18.0,44%,1.3
3944,SHEILA GAFF,837d30395faca41e,Sheila Gaff,9.0,7.0,0.0,1989-12-29,165.1,61.23492,,Orthodox,1.6,2.89,50.0,28%,0.0,0.0,20%,0.0
3945,SHELDON WESTCOTT,ec2d13a87d3d9541,Sheldon Westcott,10.0,3.0,1.0,1984-08-20,185.42,77.11064,180.34,Southpaw,2.26,3.73,40.0,37%,3.23,37.0,14%,0.0
3946,SHELTON GRAVES,642862d6d63605cd,Shelton Graves,0.0,0.0,0.0,1985-10-23,187.96,,193.04,Southpaw,2.19,0.81,69.0,33%,4.86,57.0,0%,0.0
3947,SHERMAN PENDERGARST,e670f8cc2969a789,Sherman Pendergarst,11.0,18.0,0.0,1967-08-01,185.42,106.59412,,Orthodox,1.23,3.08,36.0,16%,4.62,100.0,0%,0.0
3948,SHERRARD BLACKLEDGE,0e5c79b3594ff0ad,Sherrard Blackledge,0.0,0.0,0.0,1993-08-16,180.34,,190.5,Orthodox,3.7,3.13,49.0,55%,4.0,33.0,42%,0.0
3949,SHERRON LEGGETT,4f670b7972fa0a2e,Sherron Leggett,0.0,0.0,0.0,1978-10-27,172.72,,,Southpaw,2.86,2.08,51.0,47%,5.19,80.0,33%,0.0
3950,SHEYMON MORAES,0d62719b1dcf7c40,Sheymon Moraes,11.0,4.0,0.0,1990-10-11,172.72,65.77083999999999,182.88,Orthodox,3.0,3.64,42.0,63%,0.0,0.0,53%,0.0
3951,SHI MING,d683f4870742b273,Shi Ming,17.0,6.0,0.0,1994-11-14,157.48,52.16308,152.4,Orthodox,3.12,2.92,36.0,53%,0.81,30.0,57,0.0
3952,SHIMON SMOTRITSKY,1b0491ef0f9c965e,Shimon Smotritsky,0.0,0.0,0.0,2000-08-22,187.96,,187.96,Orthodox,,,,,,,,
3953,SHIN HARAGUCHI,05b17ae24e6bba81,Shin Haraguchi,0.0,0.0,0.0,1998-11-27,165.1,,172.72,Switch,,,,,,,,
3954,SHINGO KOHARA,44c233770075cea1,Shingo Kohara,0.0,0.0,0.0,,167.64,,,,0.0,0.0,0.0,0%,0.0,0.0,0%,0.0
3955,SHINSHO ANZAI,4665f9f909cd7214,Shinsho Anzai,10.0,3.0,0.0,1985-12-01,170.18,77.11064,177.8,Orthodox,3.23,3.75,58.0,45%,1.83,16.0,75%,0.0
3956,SHINYA AOKI,79ded75550efc139,Shinya Aoki,0.0,0.0,0.0,1983-05-09,180.34,,,Southpaw,0.97,1.25,58.0,58%,2.54,41.0,60%,4.0
3957,SHO PATRICK USAMI,fe30c5f5cc3e028b,Sho Patrick Usami,0.0,0.0,0.0,2000-05-08,175.26,,177.8,Orthodox,,,,,,,,
3958,SHOGO SATO,c982b98d33825763,Shogo Sato,0.0,0.0,0.0,1993-06-08,170.18,,167.64,Southpaw,,,,,,,,
3959,SHOHEI NOSE,6b0e83b094f816ac,Shohei Nose,0.0,0.0,0.0,1997-10-19,167.64,,172.72,Switch,,,,,,,,
3960,SHOJI MARUYAMA,c046100aea0dba9a,Shoji Maruyama,0.0,0.0,0.0,1983-04-24,170.18,,,Orthodox,1.4,0.27,63.0,55%,0.0,0.0,54%,0.0
3961,SHONIE CARTER,7b6e40a73b567072,Shonie Carter,51.0,31.0,7.0,1972-05-03,177.8,77.11064,,Southpaw,1.62,2.32,36.0,47%,0.75,66.0,75%,0.0
3962,SHONTE BARNES,e575b6ff678c1aca,Shonte Barnes,0.0,0.0,0.0,1987-02-09,180.34,,193.04,Southpaw,,,,,,,,
3963,SHUNGO OYAMA,47b7e4e60813b7b2,Shungo Oyama,0.0,0.0,0.0,1974-04-11,180.34,,,Southpaw,0.64,1.96,25.0,57%,1.07,57.0,62%,0.5
3964,SHUNICHI SHIMIZU,10657c60ce349e0f,Shunichi Shimizu,30.0,18.0,11.0,1985-01-31,165.1,61.23492,,Orthodox,0.14,4.68,33.0,30%,0.0,0.0,0%,0.0
3965,SHUYA KAMIKUBO,a46fa1c7972548d0,Shuya Kamikubo,0.0,0.0,0.0,1993-04-12,165.1,,172.72,Switch,,,,,,,,
3966,SIALA SILIGA,3cf68c1d17f66af7,Siala Siliga,0.0,0.0,0.0,1970-10-08,185.42,,,Orthodox,1.08,1.96,26.0,50%,1.47,50.0,80%,0.0
3967,SIDNEY OUTLAW,871ce0b4a01922b6,Sidney Outlaw,0.0,0.0,0.0,1992-04-11,172.72,,187.96,Orthodox,0.13,0.8,33.0,71%,3.0,75.0,0%,3.0
3968,SIDNEY SILVA,a6c32678efd4f434,Sidney Silva,0.0,0.0,0.0,1972-02-27,190.5,,,Southpaw,2.86,3.3,65.0,34%,3.3,100.0,0%,0.0
3969,SIJARA EUBANKS,4234f0097c83fa62,Sijara Eubanks,8.0,7.0,0.0,1985-04-27,162.56,56.699,170.18,Orthodox,4.52,3.69,43.0,57%,1.88,46.0,65%,0.4
3970,SILVANA GOMEZ JUAREZ,b4880ef2f838d4e1,Silvana Gomez Juarez,11.0,5.0,0.0,1984-12-06,160.02,52.16308,165.1,Orthodox,0.0,0.0,0.0,0%,0.0,0.0,0%,0.0
3971,SIM KAI XIONG,79e2cb1e813f881b,Sim Kai Xiong,0.0,0.0,0.0,1997-09-06,167.64,,170.18,Orthodox,,,,,,,,
3972,SIMEON THORESEN,fea8acf9bfcf09ec,Simeon Thoresen,17.0,6.0,1.0,1984-03-14,185.42,77.11064,200.66,Orthodox,3.85,3.85,43.0,64%,1.12,40.0,50%,1.7
3973,SIMON BIYONG,27ab7257bf6a3b65,Simon Biyong,0.0,0.0,0.0,1991-04-05,,,,,0.0,0.0,0.0,0%,0.0,0.0,0%,0.0
3974,SIONE LATU,5898357a45a73674,Sione Latu,1.0,0.0,0.0,,182.88,97.52228,,,0.0,0.0,0.0,0%,0.0,0.0,0%,0.0
3975,SIRWAN KAKAI,2525a853486ee670,Sirwan Kakai,12.0,5.0,0.0,1989-10-03,165.1,61.23492,,Orthodox,3.57,4.63,41.0,62%,4.0,42.0,83%,0.0
3976,SIYAR BAHADURZADA,aec185309b4843d0,Siyar Bahadurzada,24.0,8.0,1.0,1984-04-17,180.34,77.11064,185.42,Orthodox,2.91,3.23,40.0,49%,1.32,61.0,62%,0.3
3977,SLIM TRABELSI,ff2ec83f44000f78,Slim Trabelsi,0.0,0.0,0.0,1993-05-09,190.5,,,,,,,,,,,
3978,SO YUL KIM,864c07a7ff90caae,So Yul Kim,0.0,0.0,0.0,1997-05-25,,,,,,,,,,,,
3979,SOA PALELEI,60029bcf496bd707,Soa Palelei,22.0,5.0,0.0,1977-07-12,193.04,120.20188,205.74,Orthodox,2.47,2.68,57.0,48%,2.2,47.0,66%,0.0
3980,SODIQ YUSUFF,94426bb170c88115,Sodiq Yusuff,13.0,5.0,0.0,1993-05-19,175.26,70.30676,180.34,Orthodox,6.1,4.06,49.0,58%,0.0,0.0,72%,0.3
3981,SOFIA MONTENEGRO,8b1b051038354655,Sofia Montenegro,0.0,0.0,0.0,1999-06-18,167.64,,170.18,Orthodox,,,,,,,,
3982,SOICHI NISHIDA,6810d8d2dd557cf9,Soichi Nishida,0.0,0.0,0.0,1967-03-02,180.34,,,Orthodox,0.0,0.0,0.0,0%,0.0,0.0,0%,0.0
3983,SOKUN KOH,6d8ef8706781c49e,Sokun Koh,0.0,0.0,0.0,1979-06-17,185.42,,,,0.0,0.0,0.0,0%,0.0,0.0,0%,0.0
3984,SOLOMON HUTCHERSON,155bfc7ed36622df,Solomon Hutcherson,11.0,7.0,0.0,1972-08-31,180.34,83.91452,,Southpaw,2.59,2.59,39.0,64%,3.53,100.0,0%,0.0
3985,SOLOMON RENFRO,ce6b5b93a96dd15b,Solomon Renfro,0.0,0.0,0.0,1997-02-05,175.26,,182.88,Switch,,,,,,,,
3986,SONG KENAN,32490e80ddab1e5a,Song Kenan,22.0,9.0,0.0,1990-03-10,182.88,77.11064,180.34,Orthodox,4.39,4.37,46.0,54%,0.0,0.0,50%,0.0
3987,SONG YADONG,efb96bf3e9ada36f,Song Yadong,22.0,8.0,1.0,1997-12-02,172.72,61.23492,170.18,Orthodox,4.34,3.81,43.0,55%,0.82,41.0,73%,0.2
3988,SORA RAKHMONOVA,63ff619c52ff7976,Sora Rakhmonova,0.0,0.0,0.0,1998-06-21,,,,,,,,,,,,
3989,SOVANNAHRY EM,45c8fed13a62fe92,Sovannahry Em,0.0,0.0,0.0,1992-06-26,162.56,,,,0.0,0.0,0.0,0%,0.0,0.0,0%,0.0
3990,SPENCER FISHER,f34312c2ccfa0e00,Spencer Fisher,24.0,9.0,0.0,1976-05-09,170.18,70.30676,172.72,Southpaw,3.17,3.03,43.0,64%,0.67,30.0,60%,0.8
3991,SPENCER HEARNS,d85cf12439945941,Spencer Hearns,0.0,0.0,0.0,,180.34,,,,0.0,0.0,0.0,0%,0.0,0.0,0%,0.0
3992,SPIKE CARLYLE,be68b375707dcb85,Spike Carlyle,9.0,3.0,0.0,1993-05-06,172.72,65.77083999999999,180.34,Switch,2.55,3.85,54.0,30%,3.34,36.0,57%,0.5
3993,STANISLAV NEDKOV,1d4bbaabd8b60173,Stanislav Nedkov,12.0,2.0,0.0,1981-12-09,180.34,92.98636,180.34,Orthodox,3.33,5.39,43.0,43%,2.77,41.0,0%,0.0
3994,STEFAN KLEVER,bc3876891e155bb5,Stefan Klever,0.0,0.0,0.0,,,,,Orthodox,0.82,3.84,50.0,58%,0.0,0.0,0%,0.0
3995,STEFAN LEKO,d56bb6dff2ae77eb,Stefan Leko,0.0,0.0,0.0,1974-06-03,187.96,,,Orthodox,2.4,6.17,43.0,68%,0.0,0.0,0%,0.0
3996,STEFAN SEKULIC,348dff4e03bd18c6,Stefan Sekulic,12.0,4.0,0.0,1992-02-12,182.88,77.11064,190.5,Southpaw,1.47,2.4,37.0,57%,1.0,20.0,33%,0.0
3997,STEFAN STRUVE,ebc1f40e00e0c481,Stefan Struve,33.0,13.0,0.0,1988-02-18,210.82,120.20188,213.36,Orthodox,3.12,4.04,47.0,46%,0.56,46.0,55%,1.7
3998,STEPHAN BONNAR,c6a33ff198aaaeeb,Stephan Bonnar,15.0,9.0,0.0,1977-04-04,193.04,92.98636,200.66,Orthodox,2.76,3.01,38.0,52%,1.32,40.0,60%,1.0
3999,STEPHANIE EGGER,5e6294b37bbef029,Stephanie Egger,8.0,5.0,0.0,1988-08-12,167.64,61.23492,172.72,Orthodox,0.67,1.33,31.0,52%,1.0,16.0,40%,0.0
4000,STEPHANIE FRAUSTO,fee02819a271c050,Stephanie Frausto,0.0,0.0,0.0,1990-09-20,157.48,,154.94,Orthodox,1.43,3.57,21.0,60%,0.0,0.0,0%,0.0
4001,STEPHANIE LUCIANO,1b35af4d1529adf6,Stephanie Luciano,6.0,2.0,1.0,1999-12-16,167.64,52.16308,165.1,Orthodox,5.36,3.38,41.0,61%,0.67,66.0,80,0.0
4002,STEPHANIE WEBBER,d44a84409bf0da64,Stephanie Webber,0.0,0.0,0.0,,167.64,,,,0.91,3.85,80.0,15%,6.79,40.0,0%,0.0
4003,STEPHEN BANASZAK,4c4b44e3cf5815b3,Stephen Banaszak,0.0,0.0,0.0,1990-12-07,182.88,,,,4.2,1.15,47.0,66%,0.0,0.0,100%,1.9
4004,STEPHEN BASS,1cecc8fe6748a532,Stephen Bass,11.0,2.0,0.0,1982-11-14,175.26,65.77083999999999,,Orthodox,4.87,5.87,52.0,55%,0.0,0.0,0%,0.0
4005,STEPHEN LEDBETTER,56ec58954158966a,Stephen Ledbetter,0.0,0.0,0.0,1982-06-30,175.26,,,Orthodox,1.2,1.6,38.0,57%,5.0,45.0,100%,0.0
4006,STEPHEN PALLING,ab7c212de9f66af0,Stephen Palling,0.0,0.0,0.0,1967-01-29,162.56,,,,0.0,0.0,0.0,0%,0.0,0.0,0%,0.0
4007,STEPHEN REGMAN,24d98df7556ac8af,Stephen Regman,0.0,0.0,0.0,1991-08-05,180.34,,193.04,Orthodox,1.41,4.93,60.0,23%,3.52,100.0,0%,0.0
4008,STEPHEN THOMPSON,4a28cb716c19157a,Stephen Thompson,17.0,9.0,1.0,1983-02-11,182.88,77.11064,190.5,Orthodox,4.24,2.8,43.0,58%,0.32,45.0,78%,0.0
4009,STERLING FORD,a71ce6ff0b4a9dbb,Sterling Ford,0.0,0.0,0.0,1986-03-12,177.8,,,,0.0,0.0,0.0,0%,0.0,0.0,0%,0.0
4010,STEVE BERGER,21b1132949f2a9b0,Steve Berger,21.0,23.0,2.0,1973-05-20,180.34,77.11064,,Orthodox,1.0,3.26,27.0,36%,0.84,40.0,16%,1.7
4011,STEVE BOSSE,e023fa2e648ea0f1,Steve Bosse,12.0,2.0,0.0,1981-07-29,180.34,92.98636,182.88,Orthodox,5.99,5.38,52.0,50%,0.92,33.0,100%,0.0
4012,STEVE BRUNO,2f3f12002564bb55,Steve Bruno,15.0,6.0,0.0,1981-11-03,177.8,77.11064,,Orthodox,0.96,3.38,52.0,36%,1.94,25.0,46%,0.4
4013,STEVE BYRNES,43612456979e5d5e,Steve Byrnes,6.0,1.0,0.0,1979-08-26,182.88,77.11064,,Orthodox,1.2,2.67,51.0,27%,3.0,60.0,0%,4.0
4014,STEVE CANTWELL,f1f9e48a0d150757,Steve Cantwell,7.0,6.0,0.0,1986-12-08,187.96,83.91452,190.5,Orthodox,3.63,5.76,34.0,55%,0.65,30.0,80%,0.7
4015,STEVE ERCEG,32ab52e5de93092d,Steve Erceg,13.0,4.0,0.0,1995-07-27,172.72,56.699,172.72,Orthodox,4.64,4.07,47.0,55%,1.13,28.0,67%,0.4
4016,STEVE GARCIA,97cf1a2c7c5e7889,Steve Garcia,18.0,5.0,0.0,1992-05-22,182.88,65.77083999999999,190.5,Southpaw,5.46,2.22,48.0,59%,0.77,40.0,89%,0.4
4017,STEVE HADSEL,99793cf88c5adeee,Steve Hadsel,0.0,0.0,0.0,,172.72,,,,0.0,0.0,0.0,0%,0.0,0.0,0%,0.0
4018,STEVE JENNUM,ad047e3073a775f3,Steve Jennum,2.0,3.0,0.0,1963-09-23,177.8,97.52228,,Orthodox,0.0,0.0,0.0,0%,0.0,0.0,0%,0.0
4019,STEVE JUDSON,6ece1d2ab1bed31d,Steve Judson,0.0,2.0,0.0,,180.34,104.32616,,Orthodox,0.0,0.0,0.0,0%,0.0,0.0,0%,0.0
4020,STEVE KENNEDY,185fb0200a4605e6,Steve Kennedy,24.0,8.0,0.0,1983-03-07,180.34,77.11064,,Orthodox,2.28,5.52,35.0,45%,2.51,33.0,0%,0.0
4021,STEVE KOZOLA,fc36e2352dccf2a4,Steve Kozola,0.0,0.0,0.0,1989-12-17,,,,,3.9,4.36,39.0,50%,2.34,100.0,100%,0.0
4022,STEVE LOPEZ,6085ceb59087514b,Steve Lopez,13.0,6.0,1.0,1984-07-30,180.34,70.30676,,Orthodox,1.39,2.69,24.0,62%,0.0,0.0,37%,0.0
4023,STEVE MANN,0eef1bf99afd4ff2,Steve Mann,0.0,0.0,0.0,,185.42,,,,3.18,0.66,70.0,57%,1.64,100.0,60%,0.0
4024,STEVE MENSING,3bc27ec15facbcf3,Steve Mensing,0.0,0.0,0.0,1977-12-06,180.34,,,Orthodox,0.0,9.51,0.0,42%,0.0,0.0,0%,0.0
4025,STEVE MONTGOMERY,6e92eb1242b46636,Steve Montgomery,9.0,5.0,0.0,1990-12-19,193.04,83.91452,,Southpaw,4.85,4.12,39.0,47%,0.0,0.0,64%,0.0
4026,STEVE NELMARK,13e62d766b709aa6,Steve Nelmark,2.0,1.0,0.0,,182.88,108.86207999999999,,Orthodox,0.0,0.0,0.0,0%,0.0,0.0,0%,0.0
4027,STEVE RAMIREZ,4311e9d23604205c,Steve Ramirez,0.0,0.0,0.0,1987-01-22,170.18,,,,0.0,0.0,0.0,0%,0.0,0.0,0%,0.0
4028,STEVE STEINBEISS,0b5b6876c2a4723f,Steve Steinbeiss,9.0,4.0,0.0,1981-05-05,190.5,83.91452,190.5,Orthodox,3.92,1.86,55.0,49%,0.44,50.0,58%,0.0
4029,STEVE VIGNEAULT,6888e31ce88f5b17,Steve Vigneault,12.0,6.0,0.0,1978-02-14,177.8,83.91452,,Orthodox,2.19,5.75,28.0,44%,0.0,0.0,100%,0.0
4030,STEVE WHITE,d181689653115b6a,Steve White,0.0,0.0,0.0,1974-05-04,180.34,,,,0.0,0.0,0.0,0%,0.0,0.0,0%,0.0
4031,STEVEN ASPLUND,e56cee1ad697db04,Steven Asplund,0.0,0.0,0.0,1998-07-16,195.58,118.387512,198.12,Orthodox,,,,,,,,
4032,STEVEN CIACCIO,eaebaa6801338ea1,Steven Ciaccio,0.0,0.0,0.0,1990-01-23,182.88,,,,0.0,0.0,0.0,0%,0.0,0.0,0%,0.0
4033,STEVEN GRAHAM,3e514f437c51ce0a,Steven Graham,2.0,1.0,0.0,,185.42,131.54167999999999,,Orthodox,0.0,0.0,0.0,0%,0.0,0.0,0%,0.0
4034,STEVEN KOSLOW,84512339473dd300,Steven Koslow,6.0,1.0,0.0,1997-01-22,170.18,56.699,175.26,Switch,0.77,3.73,37.0,40%,5.28,55.0,0,1.1
4035,STEVEN NGUYEN,69037fc7730e4225,Steven Nguyen,10.0,2.0,0.0,1993-05-19,180.34,65.77083999999999,185.42,Switch,6.3,9.04,31.0,59%,0.0,0.0,100%,0.0
4036,STEVEN PETERSON,b93c06d09d1c4ac0,Steven Peterson,19.0,11.0,0.0,1990-05-29,177.8,65.77083999999999,177.8,Orthodox,4.65,5.89,35.0,56%,2.02,28.0,75%,0.4
4037,STEVEN SILER,d188a3b817860ec6,Steven Siler,29.0,16.0,0.0,1987-02-15,180.34,65.77083999999999,177.8,Orthodox,3.21,2.96,41.0,54%,0.47,21.0,55%,1.6
4038,STEVIE LYNCH,710d93f1508f7104,Stevie Lynch,5.0,2.0,0.0,,177.8,77.11064,,Orthodox,2.47,7.06,25.0,41%,0.0,0.0,0%,0.0
4039,STEVIE RAY,31a13532e724ca2b,Stevie Ray,23.0,9.0,0.0,1990-03-25,177.8,70.30676,177.8,Southpaw,3.73,2.93,44.0,54%,0.75,46.0,55%,0.6
4040,STEWART NICOLL,2bd98ab77a8daa75,Stewart Nicoll,8.0,1.0,0.0,1996-04-11,165.1,56.699,165.1,Orthodox,3.63,5.84,39.0,49%,1.63,11.0,28%,0.0
4041,STIPE MIOCIC,d28dee5c705991df,Stipe Miocic,20.0,5.0,0.0,1982-08-19,193.04,108.86207999999999,203.2,Orthodox,4.9,3.75,52.0,55%,1.92,34.0,70%,0.0
4042,STONEY HALE,206a7d47eb62170e,Stoney Hale,0.0,0.0,0.0,1979-10-18,182.88,,,,0.0,0.0,0.0,0%,0.0,0.0,0%,0.0
4043,SU MUDAERJI,f59bc44c8f6ce25d,Su Mudaerji,0.0,0.0,0.0,1996-01-20,,,182.88,Southpaw,4.49,2.19,51.0,68%,0.4,100.0,77%,0.8
4044,SULANGRANGBO,1dd1a3aacde66f72,Sulangrangbo,0.0,0.0,0.0,2005-07-17,175.26,61.23492,167.64,Southpaw,,,,,,,,
4045,SULTAN ALIEV,e70de1859b7ee78e,Sultan Aliev,15.0,3.0,0.0,1984-09-17,180.34,77.11064,187.96,Orthodox,1.41,2.2,45.0,56%,1.76,38.0,100%,0.0
4046,SUMAN MOKHTARIAN,192520689012c7e4,Suman Mokhtarian,8.0,5.0,0.0,1992-06-13,172.72,65.77083999999999,182.88,Orthodox,2.21,6.85,43.0,48%,0.0,0.0,0%,0.0
4047,SUMIT KUMAR,a0a625221e0dd339,Sumit Kumar,0.0,0.0,0.0,2000-09-09,165.1,,167.64,Orthodox,,,,,,,,
4048,SUMUDAERJI,3cf18e01cb6cbde3,Sumudaerji,18.0,7.0,0.0,1996-01-20,172.72,56.699,182.88,Southpaw,4.4,2.29,50.0,63%,0.76,37.0,73%,0.5
4049,SUNG BIN JO,6e0e977beb909837,Sung Bin Jo,9.0,1.0,0.0,1992-07-17,182.88,65.77083999999999,182.88,Orthodox,1.4,2.67,33.0,51%,1.0,33.0,83%,1.0
4050,SUYOUNG YOU,a474aade8eb3a8f0,SuYoung You,16.0,3.0,0.0,1995-12-11,167.64,61.23492,165.1,Orthodox,2.28,1.96,46.0,70%,3.8,47.0,66,0.4
4051,SYURI KONDO,a851c35f58199231,Syuri Kondo,6.0,3.0,0.0,1989-02-08,162.56,52.16308,167.64,Orthodox,5.4,7.22,44.0,58%,0.0,0.0,83%,0.3
4052,TABATHA RICCI,d25240135aee03e5,Tabatha Ricci,12.0,3.0,0.0,1995-02-21,154.94,52.16308,154.94,Orthodox,4.0,4.83,37.0,57%,2.51,37.0,65%,0.1
4053,TADAO YASUDA,49e7e05f902479ca,Tadao Yasuda,0.0,0.0,0.0,1963-10-09,193.04,,,Orthodox,2.7,0.85,73.0,60%,0.75,14.0,0%,0.0
4054,TAE HYUN BANG,9a2d3567abc02e34,Tae Hyun Bang,18.0,10.0,0.0,1983-04-15,175.26,70.30676,180.34,Switch,2.72,2.07,38.0,66%,0.49,33.0,57%,0.5
4055,TAE HYUN LEE,de99da2c0d18d34a,Tae Hyun Lee,0.0,0.0,0.0,1975-01-17,198.12,,,Orthodox,1.37,3.89,31.0,54%,5.15,100.0,0%,0.0
4056,TAFON NCHUKWI,6aae253467e8f9ce,Tafon Nchukwi,6.0,4.0,0.0,1994-10-14,182.88,83.91452,195.58,Orthodox,7.59,4.31,55.0,52%,0.0,0.0,75%,0.0
4057,TAGIR ULANBEKOV,f00ac08ab056af5d,Tagir Ulanbekov,17.0,2.0,0.0,1991-08-07,170.18,56.699,177.8,Southpaw,3.07,3.13,37.0,58%,5.0,45.0,50%,0.0
4058,TAHIR ABDULLAYEV,3cd50bed48024223,TAHIR ABDULLAYEV,0.0,0.0,0.0,1997-02-02,180.34,77.11064,185.42,Orthodox,2.56,2.42,42.0,51%,2.07,33.0,100%,0.0
4059,TAI BOWDEN,2efbc83a6b9b7f86,Tai Bowden,1.0,1.0,0.0,,180.34,104.32616,,,0.0,0.0,0.0,0%,0.0,0.0,0%,0.0
4060,TAI TUIVASA,c62fbc117d57b943,Tai Tuivasa,15.0,8.0,0.0,1993-03-16,187.96,119.748288,190.5,Southpaw,3.37,4.61,48.0,42%,0.0,0.0,58%,0.0
4061,TAIEI KIN,c7ac79839e86ce33,Taiei Kin,0.0,0.0,0.0,1970-07-08,180.34,,,Orthodox,2.71,1.33,60.0,52%,0.0,0.0,55%,0.0
4062,TAIGA IWASAKI,5b08af4fbc987f9c,Taiga Iwasaki,0.0,0.0,0.0,1997-07-07,185.42,,185.42,Orthodox,,,,,,,,
4063,TAILA SANTOS,f7467152fd9f18a2,Taila Santos,19.0,3.0,0.0,1993-06-22,167.64,56.699,172.72,Orthodox,3.52,2.22,48.0,59%,2.0,80.0,85%,1.0
4064,TAINARA LISBOA,2c5f5749569eef66,Tainara Lisboa,7.0,3.0,0.0,1991-03-02,170.18,61.23492,170.18,Orthodox,1.68,1.42,43.0,49%,1.53,36.0,58,0.4
4065,TAIYILAKE NUERAJI,7498b3ac79a3b948,Taiyilake Nueraji,12.0,1.0,0.0,2001-01-12,187.96,77.11064,190.5,Southpaw,9.82,5.01,53.0,58%,1.47,33.0,100,0.0
4066,TAKAFUMI OTSUKA,6b8f28da9a483049,Takafumi Otsuka,0.0,0.0,0.0,1986-08-22,167.64,,,Orthodox,1.29,2.12,27.0,67%,1.64,27.0,65%,0.0
4067,TAKAHIRO OBA,7139cd2ae4bf6a29,Takahiro Oba,0.0,0.0,0.0,1976-08-14,172.72,,,Southpaw,0.23,1.82,25.0,69%,0.0,0.0,0%,0.0
4068,TAKANORI GOMI,3be081c29bf734d9,Takanori Gomi,35.0,14.0,0.0,1978-09-22,170.18,70.30676,177.8,Southpaw,3.81,3.52,41.0,60%,1.23,65.0,63%,0.8
4069,TAKASHI SATO,8abac218746e04ca,Takashi Sato,16.0,7.0,0.0,1990-06-09,177.8,77.11064,185.42,Southpaw,3.16,4.81,37.0,50%,0.53,50.0,75%,0.0
4070,TAKASHI SUGIURA,06c60fc2c8dcd7bd,Takashi Sugiura,0.0,0.0,0.0,1970-05-31,180.34,,,Southpaw,1.37,2.08,40.0,53%,1.33,66.0,0%,0.0
4071,TAKAYA SUZUKI,81d59c1e07478361,Takaya Suzuki,0.0,0.0,0.0,2004-09-04,,,,,,,,,,,,
4072,TAKAYO HASHI,ae4343d29c68e9d0,Takayo Hashi,0.0,0.0,0.0,1977-10-02,162.56,,,Orthodox,2.84,6.56,26.0,61%,0.0,0.0,0%,0.0
4073,TAKAYUKI OKADA,32541eb5d12668b4,Takayuki Okada,0.0,0.0,0.0,1973-05-08,185.42,,,Orthodox,0.0,0.0,0.0,0%,0.0,0.0,0%,0.0
4074,TAKENORI SATO,276c60b14b571dd4,Takenori Sato,19.0,11.0,7.0,1985-06-08,177.8,77.11064,,Southpaw,0.46,12.92,33.0,9%,0.0,0.0,0%,0.0
4075,TAKERU UCHIDA,1d76f07ffdd765c2,Takeru Uchida,0.0,0.0,0.0,2002-09-30,165.1,,172.72,Southpaw,,,,,,,,
4076,TAKESHI INOUE,a61a0cd2829e5d4e,Takeshi Inoue,0.0,0.0,0.0,1980-03-18,172.72,,,,2.54,3.32,44.0,61%,0.0,0.0,47%,0.0
4077,TAKESHI YAMAZAKI,d1d20e651e6cbc02,Takeshi Yamazaki,0.0,0.0,0.0,1977-05-25,172.72,,,Southpaw,0.57,1.57,25.0,47%,4.5,50.0,100%,1.0
4078,TAKEYA MIZUGAKI,48e093ea1f43a053,Takeya Mizugaki,21.0,11.0,2.0,1983-12-16,170.18,61.23492,175.26,Orthodox,3.37,3.27,37.0,57%,1.46,57.0,70%,0.1
4079,TALITA ALENCAR,d35298b6df168456,Talita Alencar,6.0,1.0,1.0,1990-10-17,154.94,52.16308,147.32,Orthodox,3.09,3.67,36.0,51%,3.01,29.0,66%,0.5
4080,TALITA BERNARDO,5b2325cd70dbe2ea,Talita Bernardo,6.0,4.0,0.0,1987-03-04,162.56,61.23492,172.72,Orthodox,3.12,4.04,42.0,55%,1.62,22.0,28%,0.5
4081,TALITA NOGUEIRA,a3d1d060f9af97fe,Talita Nogueira,0.0,0.0,0.0,1985-10-13,177.8,,,,0.0,0.0,0.0,0%,0.0,0.0,0%,0.0
4082,TALLISON TEIXEIRA,17923f676f100e16,Tallison Teixeira,8.0,1.0,0.0,1999-12-07,200.66,117.026736,210.82,Orthodox,4.85,4.1,62.0,41%,2.4,30.0,0%,0.0
4083,TAMDAN MCCRORY,eff47295daf721a6,Tamdan McCrory,14.0,5.0,0.0,1986-11-05,193.04,83.91452,193.04,Switch,2.07,1.6,49.0,46%,2.28,50.0,33%,2.5
4084,TAMIRES VIDAL,4f3064faf17aa711,Tamires Vidal,7.0,4.0,0.0,1998-07-27,167.64,61.23492,172.72,Orthodox,2.91,4.46,53.0,49%,0.0,0.0,35,0.7
4085,TANEISHA TENNANT,87911d22a79d3203,Taneisha Tennant,0.0,0.0,0.0,1989-06-15,170.18,,177.8,Orthodox,5.67,3.4,55.0,71%,0.0,0.0,100%,0.0
4086,TANNER BOSER,04c8b08b16a5b99e,Tanner Boser,21.0,10.0,1.0,1991-08-02,187.96,92.98636,190.5,Orthodox,4.82,3.0,53.0,57%,0.0,0.0,69%,0.0
4087,TAREC SAFFIEDINE,0749d968e932df53,Tarec Saffiedine,16.0,7.0,0.0,1986-09-06,177.8,77.11064,177.8,Switch,4.05,3.06,47.0,62%,0.52,36.0,84%,0.1
4088,TATEKI MATSUDA,3a524c6700addc24,Tateki Matsuda,13.0,8.0,0.0,1986-02-27,170.18,56.699,,Orthodox,3.2,3.43,34.0,69%,0.0,0.0,16%,0.0
4089,TATIANA SUAREZ,b08012bbe542592a,Tatiana Suarez,11.0,1.0,0.0,1990-12-19,165.1,52.16308,167.64,Southpaw,2.86,1.63,60.0,44%,4.52,45.0,57%,0.7
4090,TATSURO TAIRA,4461d7e47375a895,Tatsuro Taira,17.0,1.0,0.0,2000-01-27,170.18,56.699,177.8,Orthodox,2.87,3.1,54.0,44%,3.57,43.0,46%,1.3
4091,TATSUYA ANDO,17615148dd4be6f6,Tatsuya Ando,0.0,0.0,0.0,1990-04-26,162.56,,172.72,Southpaw,,,,,,,,
4092,TATSUYA IWASAKI,243b07fc65ccbb16,Tatsuya Iwasaki,0.0,0.0,0.0,1969-06-20,175.26,,,Orthodox,0.79,8.68,100.0,38%,0.0,0.0,0%,0.0
4093,TATSUYA KAWAJIRI,80d918336163b80c,Tatsuya Kawajiri,36.0,11.0,2.0,1978-05-08,170.18,65.77083999999999,175.26,Orthodox,2.04,2.01,44.0,50%,3.63,48.0,63%,1.1
4094,TATSUYA MIZUNO,478c8706bdb92440,Tatsuya Mizuno,0.0,0.0,0.0,1981-06-02,185.42,,,Southpaw,2.25,3.52,37.0,53%,1.19,25.0,40%,3.6
4095,TATSUYA SAIKA,cc4e571964b084d4,Tatsuya Saika,0.0,0.0,0.0,1990-09-18,182.88,,185.42,Orthodox,,,,,,,,
4096,TAYLOR CALLENS,53d471e9bf5f2fc8,Taylor Callens,0.0,0.0,0.0,1991-05-21,177.8,,,,0.0,0.0,0.0,0%,0.0,0.0,0%,0.0
4097,TAYLOR JOHNSON,552b09cbf13b6328,Taylor Johnson,0.0,0.0,0.0,1990-11-09,182.88,,187.96,Switch,5.09,1.13,60.0,33%,8.49,100.0,100%,0.0
4098,TAYLOR LAPILUS,8b1ed83b02303075,Taylor Lapilus,21.0,4.0,0.0,1992-04-08,167.64,61.23492,185.42,Southpaw,3.77,2.0,45.0,61%,0.58,40.0,81%,0.6
4099,TAYLOR MOORE,26927dab41dbd5fc,Taylor Moore,0.0,0.0,0.0,1993-10-16,177.8,,177.8,Southpaw,0.2,2.07,75.0,42%,0.0,0.0,25%,0.0
4100,TAYLOR ROBERTS,c5ec23983dc2d8f4,Taylor Roberts,0.0,0.0,0.0,,180.34,,,,0.0,0.0,0.0,0%,0.0,0.0,0%,0.0
4101,TE EDWARDS,ef44e4ea9050f2ea,Te Edwards,6.0,3.0,0.0,1990-09-11,172.72,70.30676,182.88,Orthodox,1.5,4.15,41.0,44%,0.72,100.0,44%,0.0
4102,TEBARIS GORDON,68c4ca70067bf282,Tebaris Gordon,0.0,0.0,0.0,1988-07-19,185.42,,,Orthodox,3.53,49.41,16.0,22%,0.0,0.0,0%,0.0
4103,TECIA PENNINGTON,31ef8b67e13495b3,Tecia Pennington,15.0,7.0,0.0,1989-08-16,154.94,52.16308,152.4,Orthodox,4.78,3.48,48.0,61%,0.54,13.0,62,0.1
4104,TECIA TORRES,b8aa93fcc62fb346,Tecia Torres,0.0,0.0,0.0,1989-08-16,,,152.4,Orthodox,4.3,3.37,47.0,62%,0.68,15.0,56%,0.1
4105,TEDD WILLIAMS,b63e800c18e011b5,Tedd Williams,7.0,1.0,0.0,1969-12-19,185.42,124.7378,,Orthodox,0.0,0.0,0.0,0%,0.0,0.0,0%,0.0
4106,TEDDY ASH,a373085066dbfb54,Teddy Ash,0.0,0.0,0.0,1989-12-27,185.42,,185.42,Switch,7.27,6.8,61.0,28%,0.0,0.0,100%,0.0
4107,TEEMU PACKALEN,8f4eeaf7a0df7c1a,Teemu Packalen,8.0,3.0,0.0,1987-05-22,185.42,70.30676,190.5,Orthodox,2.57,3.91,54.0,47%,2.31,25.0,100%,1.5
4108,TEILA TULI,96eff1a628adcc7f,Teila Tuli,0.0,0.0,0.0,1969-06-14,182.88,,,Orthodox,0.0,0.0,0.0,0%,0.0,0.0,0%,0.0
4109,TEREZA BLEDA,59c438c81fbf3ece,Tereza Bleda,7.0,1.0,0.0,2001-11-30,175.26,56.699,180.34,Orthodox,3.02,1.86,53.0,46%,1.81,27.0,83,0.7
4110,TERRANCE MCKINNEY,809bd1a871491508,Terrance McKinney,17.0,7.0,0.0,1994-09-15,177.8,70.30676,185.42,Switch,1.17,0.59,50.0,66%,4.4,33.0,0%,0.0
4111,TERRANCE SAETEURN,a78f7a9135eb6249,Terrance Saeteurn,0.0,0.0,0.0,1995-05-30,167.64,56.699,170.18,Orthodox,,,,,,,,
4112,TERRELL BROWN,85df85a4e276c90e,Terrell Brown,0.0,0.0,0.0,1983-04-13,,,,,0.0,0.0,0.0,0%,0.0,0.0,0%,0.0
4113,TERRENCE MITCHELL,f3ca6908f78efebe,Terrence Mitchell,14.0,4.0,0.0,1989-12-30,177.8,61.23492,187.96,Orthodox,2.21,8.85,34.0,41%,3.69,50.0,0,0.0
4114,TERRION WARE,ba5e253af86db1a8,Terrion Ware,17.0,9.0,0.0,1986-03-31,172.72,61.23492,180.34,Orthodox,4.02,6.07,32.0,50%,0.5,22.0,44%,0.0
4115,TERRY ETIM,33011768c3c4dc9a,Terry Etim,16.0,5.0,0.0,1986-01-11,185.42,70.30676,185.42,Orthodox,2.16,2.53,35.0,67%,0.43,30.0,39%,1.4
4116,TERRY MARTIN,6a92caba39b64752,Terry Martin,23.0,11.0,0.0,1980-10-10,172.72,83.91452,180.34,Orthodox,2.82,3.13,43.0,54%,3.1,42.0,92%,0.0
4117,TERUTO ISHIHARA,88cd34d836b4ebcd,Teruto Ishihara,10.0,7.0,2.0,1991-07-23,170.18,61.23492,175.26,Southpaw,3.26,3.63,44.0,53%,0.5,16.0,30%,0.0
4118,TETSUJI KATO,542db012217ecb83,Tetsuji Kato,0.0,0.0,0.0,1977-12-05,,,,Orthodox,1.2,2.1,29.0,70%,2.0,57.0,80%,0.5
4119,TETSUYA SEKI,5e1062e066c601e6,Tetsuya Seki,0.0,0.0,0.0,1994-02-08,177.8,,,,,,,,,,,
4120,THADDEUS LUSTER,505934897b8b4824,Thaddeus Luster,0.0,1.0,0.0,,190.5,95.25431999999999,,,0.0,0.0,0.0,0%,0.0,0.0,0%,0.0
4121,THALES LEITES,cfb65863d5099327,Thales Leites,28.0,9.0,0.0,1981-09-06,185.42,83.91452,198.12,Orthodox,2.13,2.99,40.0,52%,2.1,27.0,30%,1.1
4122,THANH LE,882b3f5a0774d575,Thanh Le,0.0,0.0,0.0,1985-08-28,175.26,,187.96,Orthodox,1.97,1.82,40.0,70%,0.0,0.0,100%,0.0
4123,THEMBA GORIMBO,40f3cb27fc7305a1,Themba Gorimbo,14.0,5.0,0.0,1991-01-23,185.42,77.11064,195.58,Orthodox,2.7,1.75,56.0,51%,4.52,62.0,73%,0.4
4124,THEO HAIG,8a213af406eb2dd4,Theo Haig,0.0,0.0,0.0,1996-08-23,187.96,,195.58,Orthodox,,,,,,,,
4125,THEO RLAYANG,8aabef76351401d0,Theo Rlayang,0.0,0.0,0.0,1994-08-10,170.18,,165.1,Orthodox,,,,,,,,
4126,THEODOR BERGGREN,a726c784676a50b6,THEODOR BERGGREN,0.0,0.0,0.0,2000-04-09,180.34,77.11064,190.5,Switch,3.49,10.78,35.0,33%,0.0,0.0,0%,0.0
4127,THIAGO ALVES,31ee470ef5dc8d7f,Thiago Alves,23.0,15.0,0.0,1983-10-03,175.26,77.11064,177.8,Orthodox,3.73,3.42,41.0,62%,0.71,60.0,63%,0.3
4128,THIAGO MOISES,d945aae53e3e54e6,Thiago Moises,19.0,9.0,0.0,1995-03-23,175.26,70.30676,177.8,Orthodox,2.52,4.4,42.0,52%,1.37,29.0,52%,1.1
4129,THIAGO PERPETUO,c1a5d3843596df92,Thiago Perpetuo,9.0,4.0,1.0,1987-12-14,177.8,77.11064,,Orthodox,5.39,3.51,69.0,51%,2.82,50.0,66%,0.0
4130,THIAGO SANTOS,dea070ed4a2a8281,Thiago Santos,22.0,11.0,0.0,1984-01-07,187.96,92.98636,193.04,Orthodox,4.27,2.33,48.0,55%,0.7,38.0,66%,0.1
4131,THIAGO SILVA,2924886ee9c4c527,Thiago Silva,19.0,6.0,0.0,1982-11-12,187.96,92.98636,187.96,Orthodox,3.92,2.55,50.0,67%,1.03,47.0,70%,0.7
4132,THIAGO TAVARES,8a59d346dc976a10,Thiago Tavares,21.0,7.0,1.0,1984-11-08,170.18,65.77083999999999,177.8,Orthodox,2.0,2.31,40.0,62%,3.83,42.0,62%,1.5
4133,THIBAULT GOUTI,51e86de150ee8be6,Thibault Gouti,12.0,5.0,0.0,1987-02-27,177.8,70.30676,182.88,Orthodox,3.68,5.64,34.0,50%,1.23,80.0,83%,0.3
4134,THOMAS ALMEIDA,2b074403b7c6cdb4,Thomas Almeida,22.0,5.0,0.0,1991-07-31,170.18,65.77083999999999,177.8,Southpaw,5.39,4.69,44.0,64%,0.0,0.0,75%,0.0
4135,THOMAS CAMPBELL,d060014a5a039829,Thomas Campbell,0.0,0.0,0.0,,,,,,0.0,0.0,0.0,0%,0.0,0.0,0%,0.0
4136,THOMAS DENNY,a11a6ee8eeb03c18,Thomas Denny,0.0,0.0,0.0,1971-04-19,177.8,,,Orthodox,2.36,4.69,45.0,40%,1.48,17.0,42%,1.5
4137,THOMAS DIAGNE,8567466ae167216b,Thomas Diagne,0.0,0.0,0.0,1983-09-03,185.42,,,,4.53,4.53,48.0,63%,2.0,100.0,66%,0.0
4138,THOMAS GIFFORD,e7f51d9f9e9259e7,Thomas Gifford,14.0,9.0,0.0,1992-07-26,185.42,70.30676,190.5,Orthodox,3.97,6.45,37.0,37%,0.5,33.0,33%,0.0
4139,THOMAS LONGACRE,989be26791d0aad4,Thomas Longacre,0.0,0.0,0.0,,175.26,,,Orthodox,0.0,0.0,0.0,0%,0.0,0.0,0%,0.0
4140,THOMAS PAULL,dda67d7d3df6b406,Thomas Paull,0.0,0.0,0.0,1994-10-15,170.18,,170.18,Orthodox,,,,,,,,
4141,THOMAS PETERSEN,764d39074a352e33,Thomas Petersen,10.0,3.0,0.0,1995-03-30,185.42,119.748288,187.96,Southpaw,3.1,2.61,59.0,54%,3.01,43.0,87%,0.4
4142,THOMAS RAMIREZ,ea398c802d9998ee,Thomas Ramirez,0.0,1.0,0.0,,185.42,185.97272,,Sideways,0.0,0.0,0.0,0%,0.0,0.0,0%,0.0
4143,TI HAITAO,3848cd6cac73e091,Ti Haitao,0.0,0.0,0.0,,,,,,,,,,,,,
4144,TIAGO DOS SANTOS E SILVA,8ce87f7e3a9baed2,Tiago dos Santos e Silva,20.0,7.0,2.0,1987-04-12,175.26,65.77083999999999,177.8,Orthodox,3.69,4.23,35.0,59%,0.63,11.0,33%,0.3
4145,TIFFANY MASTERS,ca743f96dd2063d5,Tiffany Masters,0.0,0.0,0.0,1994-07-31,160.02,,165.1,Orthodox,3.53,2.58,62.0,50%,3.06,60.0,0%,0.0
4146,TIKI GHOSN,cb6783c39c01d896,Tiki Ghosn,10.0,7.0,1.0,1977-02-09,177.8,77.11064,,Orthodox,2.78,2.94,46.0,58%,0.41,50.0,61%,0.0
4147,TIM BOETSCH,c80095f6092271a7,Tim Boetsch,21.0,13.0,0.0,1981-01-28,182.88,83.91452,187.96,Orthodox,2.93,2.9,50.0,57%,1.45,34.0,59%,0.8
4148,TIM CARON,b80ea4880f25c187,Tim Caron,0.0,0.0,0.0,1987-07-24,185.42,,,Orthodox,0.59,6.9,50.0,12%,0.0,0.0,0%,0.0
4149,TIM CATALFO,6ca68b636fbc1f18,Tim Catalfo,0.0,0.0,0.0,1958-07-16,180.34,,,Orthodox,0.39,0.77,100.0,33%,0.0,0.0,0%,0.0
4150,TIM CREDEUR,89b8d1bf1ff09d1d,Tim Credeur,12.0,4.0,0.0,1977-07-09,190.5,83.91452,190.5,Orthodox,3.59,3.13,30.0,57%,0.41,100.0,50%,3.3
4151,TIM ELLIOTT,c96d9178c9ed9e62,Tim Elliott,22.0,13.0,1.0,1986-12-24,170.18,56.699,167.64,Southpaw,3.51,3.0,43.0,56%,3.61,45.0,59%,1.1
4152,TIM GORMAN,c10eb2f12c489f6d,Tim Gorman,9.0,4.0,0.0,1983-04-29,165.1,61.23492,,Southpaw,2.73,5.57,31.0,46%,1.0,9.0,33%,0.0
4153,TIM HAGUE,219a254e15d60135,Tim Hague,21.0,13.0,0.0,1983-05-09,193.04,117.93392,193.04,Orthodox,2.79,4.14,47.0,46%,1.72,33.0,85%,0.9
4154,TIM KENNEDY,3c660c90d48fc80d,Tim Kennedy,18.0,6.0,0.0,1979-09-01,180.34,83.91452,187.96,Orthodox,2.78,1.84,47.0,62%,2.58,35.0,70%,0.7
4155,TIM LAJCIK,c7e9d15cfce52f1d,Tim Lajcik,7.0,6.0,1.0,1965-06-21,185.42,102.0582,,Orthodox,0.0,0.0,0.0,0%,0.0,0.0,0%,0.0
4156,TIM MCKENZIE,9ca265dfe8323db3,Tim McKenzie,14.0,9.0,0.0,1982-07-21,182.88,83.91452,187.96,Orthodox,1.37,2.96,54.0,44%,0.0,0.0,28%,2.1
4157,TIM MEANS,4b47e71384a9522f,Tim Means,33.0,17.0,1.0,1984-02-20,187.96,77.11064,190.5,Orthodox,5.16,3.58,48.0,61%,0.92,41.0,64%,0.2
4158,TIM ROMAN,3b83fec860a45ca1,Tim Roman,0.0,0.0,0.0,1985-06-08,185.42,,,,0.6,2.4,40.0,40%,1.0,100.0,16%,0.0
4159,TIM STOUT,e1a4568fec1fc24f,Tim Stout,0.0,0.0,0.0,1979-02-09,180.34,,,,0.0,0.0,0.0,0%,0.0,0.0,0%,0.0
4160,TIM SYLVIA,2a542ee8a8b83559,Tim Sylvia,31.0,10.0,0.0,1976-03-05,203.2,120.20188,203.2,Orthodox,4.23,2.61,41.0,61%,0.11,100.0,75%,0.1
4161,TIM WILLIAMS,990bd63726a577f8,Tim Williams,15.0,5.0,0.0,1986-07-03,187.96,83.91452,193.04,Orthodox,3.07,3.55,38.0,48%,1.81,40.0,100%,0.0
4162,TIMMY CUAMBA,0e46690e55a8df75,Timmy Cuamba,9.0,3.0,0.0,1999-02-08,175.26,65.77083999999999,180.34,Orthodox,2.88,3.72,42.0,55%,1.18,31.0,71%,0.0
4163,TIMO FEUCHT,8c21eb9fd7c4c203,Timo Feucht,0.0,0.0,0.0,1996-01-18,190.5,,200.66,Orthodox,0.0,0.0,0.0,0%,0.0,0.0,0%,0.0
4164,TIMOTHY JOHNSON,cc900af167fbedfd,Timothy Johnson,12.0,4.0,0.0,1985-03-13,190.5,120.20188,195.58,Southpaw,3.43,3.08,45.0,44%,1.09,24.0,69%,0.0
4165,TIMUR VALIEV,45e738622ea2c02c,Timur Valiev,18.0,3.0,0.0,1990-01-19,167.64,61.23492,170.18,Orthodox,5.5,1.55,71.0,56%,2.73,66.0,50%,0.0
4166,TINA LAHDEMAKI,e5ca2bc2451a5956,Tina Lahdemaki,5.0,1.0,0.0,1988-05-28,157.48,52.16308,,Orthodox,1.93,4.67,20.0,57%,0.0,0.0,16%,0.0
4167,TITO JONES,7b223a22a6c26868,Tito Jones,0.0,0.0,0.0,1981-07-31,172.72,,,Southpaw,0.0,0.0,0.0,0%,0.0,0.0,0%,0.0
4168,TITO ORTIZ,2f732dd9210d301f,Tito Ortiz,19.0,12.0,1.0,1975-01-23,190.5,92.98636,187.96,Orthodox,2.59,2.88,46.0,60%,2.47,35.0,54%,0.6
4169,TJ BROWN,d31cbcdd7d69536d,TJ Brown,17.0,11.0,0.0,1990-05-22,175.26,65.77083999999999,182.88,Switch,3.22,2.21,42.0,50%,4.92,60.0,40%,0.4
4170,TJ COOK,fa238ecfd048f7d8,TJ Cook,0.0,0.0,0.0,1982-09-08,,,,,2.3,3.18,47.0,54%,1.01,50.0,0%,0.0
4171,TJ DILLASHAW,c849740a3ff51931,TJ Dillashaw,18.0,5.0,0.0,1986-02-07,167.64,61.23492,170.18,Orthodox,5.37,3.03,41.0,65%,1.68,37.0,86%,1.0
4172,TJ GRANT,a26198ba5093147e,TJ Grant,21.0,5.0,0.0,1984-02-26,177.8,70.30676,182.88,Orthodox,3.95,3.21,54.0,56%,1.63,43.0,36%,0.6
4173,TJ HEPBURN,e1acbb6352ca3551,TJ Hepburn,0.0,0.0,0.0,1989-03-14,170.18,,,,0.73,0.13,37.0,81%,2.0,40.0,60%,0.0
4174,TJ LARAMIE,cd2e5a390821fb48,TJ Laramie,12.0,5.0,0.0,1997-10-15,167.64,65.77083999999999,167.64,Orthodox,2.73,3.24,51.0,26%,2.56,50.0,0%,0.0
4175,TJ O'BRIEN,d25b93992f285953,TJ O'Brien,20.0,8.0,0.0,1987-01-01,187.96,70.30676,,Orthodox,3.77,4.78,46.0,57%,0.94,100.0,0%,0.0
4176,TJ WALDBURGER,8f2939f5fd9cca1e,TJ Waldburger,16.0,9.0,0.0,1988-04-25,180.34,77.11064,190.5,Orthodox,2.02,2.39,51.0,40%,3.03,46.0,40%,4.8
4177,TOBIAS HARILA,4d1e92b61bcef308,Tobias Harila,0.0,0.0,0.0,1994-01-13,,,,,,,,,,,,
4178,TOBY MISECH,3f87218a7aca84c4,Toby Misech,0.0,0.0,0.0,1988-03-07,172.72,,,Southpaw,3.27,7.73,40.0,46%,0.0,0.0,0%,0.0
4179,TODD BROWN,9b68bf67c5695185,Todd Brown,16.0,4.0,0.0,1976-12-13,180.34,92.98636,,Orthodox,2.15,3.85,45.0,48%,0.0,0.0,50%,0.0
4180,TODD BUTLER,3fed746acfd026dd,Todd Butler,1.0,4.0,0.0,,185.42,90.7184,,Southpaw,0.0,0.0,0.0,0%,0.0,0.0,0%,0.0
4181,TODD DUFFEE,bda04c573563cc2e,Todd Duffee,9.0,3.0,0.0,1985-12-06,190.5,117.93392,198.12,Orthodox,5.93,2.87,37.0,56%,0.72,25.0,90%,0.0
4182,TODD GOUWENBERG,c44acf87e376c62b,Todd Gouwenberg,0.0,0.0,0.0,1974-09-25,185.42,,,Orthodox,0.52,2.93,23.0,42%,1.57,33.0,50%,0.0
4183,TODD LALLY,7d06092326c52528,Todd Lally,0.0,0.0,0.0,,170.18,,,Orthodox,0.0,0.0,0.0,0%,0.0,0.0,0%,0.0
4184,TODD MEDINA,b60391da771deefe,Todd Medina,11.0,9.0,0.0,1970-04-30,177.8,87.543256,,Southpaw,0.0,0.0,0.0,0%,0.0,0.0,0%,0.0
4185,TODD MOORE,e31502e3f79d00c5,Todd Moore,0.0,0.0,0.0,1983-12-30,175.26,,180.34,Southpaw,1.83,2.3,26.0,57%,0.78,14.0,54%,0.0
4186,TOFIQ MUSAYEV,ae81a3ac7b260411,Tofiq Musayev,22.0,6.0,0.0,1989-12-15,175.26,70.30676,175.26,Orthodox,0.44,0.44,33.0,71%,0.0,0.0,40,0.0
4187,TOKI MATSUI,56cc76c55cee8410,Toki Matsui,0.0,0.0,0.0,1999-09-08,167.64,,165.1,Orthodox,,,,,,,,
4188,TOKIMITSU ISHIZAWA,f3155a94ca420126,Tokimitsu Ishizawa,0.0,0.0,0.0,1968-08-05,182.88,,,Orthodox,1.34,2.99,30.0,59%,2.74,18.0,0%,0.0
4189,TOKITAKA NAKANISHI,eb9446a4f44e19cf,Tokitaka Nakanishi,0.0,0.0,0.0,1996-07-28,167.64,,167.64,Orthodox,,,,,,,,
4190,TOM AARON,93fe7332d16c6ad9,Tom Aaron,0.0,0.0,0.0,1978-07-13,,,,,0.0,0.0,0.0,0%,0.0,0.0,0%,0.0
4191,TOM ASPINALL,399afbabc02376b5,Tom Aspinall,15.0,3.0,0.0,1993-04-11,195.58,116.119552,198.12,Orthodox,7.43,3.06,66.0,65%,3.54,100.0,0%,1.8
4192,TOM BLACKLEDGE,2adb11835acd815b,Tom Blackledge,10.0,7.0,0.0,,187.96,92.98636,,Orthodox,2.91,2.55,61.0,46%,0.0,0.0,75%,0.0
4193,TOM BREESE,1588b787bda7b540,Tom Breese,12.0,3.0,0.0,1991-09-26,190.5,83.91452,185.42,Southpaw,3.34,2.81,50.0,60%,0.0,0.0,70%,1.1
4194,TOM DEBLASS,0bcfe2513cb3bc39,Tom DeBlass,9.0,2.0,0.0,1982-05-14,182.88,83.91452,,Orthodox,1.5,4.43,35.0,37%,1.0,50.0,28%,0.5
4195,TOM DUQUESNOY,e979c76341f19b22,Tom Duquesnoy,16.0,2.0,0.0,1993-06-21,170.18,61.23492,172.72,Orthodox,3.83,5.3,45.0,62%,0.42,25.0,46%,0.0
4196,TOM EGAN,eae4aec1a5a8ff01,Tom Egan,7.0,5.0,0.0,,180.34,77.11064,,Orthodox,0.0,3.91,0.0,50%,0.0,0.0,28%,0.0
4197,TOM ERIKSON,7b9a85e5ff31ef47,Tom Erikson,0.0,0.0,0.0,1964-07-06,190.5,,,Orthodox,0.94,1.87,47.0,25%,4.68,60.0,100%,6.2
4198,TOM GALLICCHIO,cc81c92fe2254935,Tom Gallicchio,19.0,10.0,0.0,1986-09-23,177.8,77.11064,,Southpaw,3.53,7.07,26.0,43%,1.0,11.0,0%,0.0
4199,TOM LAWLOR,4d44f37107f01b9b,Tom Lawlor,10.0,6.0,0.0,1983-05-15,182.88,92.98636,187.96,Southpaw,2.5,2.41,42.0,60%,2.46,32.0,57%,1.4
4200,TOM MURPHY,62918a2118de08b2,Tom Murphy,8.0,0.0,0.0,1974-11-19,187.96,102.965384,,Southpaw,2.5,0.17,71.0,84%,7.51,85.0,0%,2.5
4201,TOM NIINIMAKI,5fceb45939fc0c8a,Tom Niinimaki,22.0,8.0,1.0,1982-07-25,175.26,65.77083999999999,175.26,Orthodox,1.91,2.31,54.0,58%,2.97,46.0,33%,0.5
4202,TOM NOLAN,6c3b2525436cf5d4,Tom Nolan,9.0,1.0,0.0,2000-03-08,190.5,70.30676,185.42,Southpaw,4.84,3.74,45.0,48%,1.08,26.0,58%,1.4
4203,TOM SAUER,36ab6af06e312b41,Tom Sauer,0.0,0.0,0.0,1970-11-11,185.42,,,,0.0,0.0,0.0,0%,0.0,0.0,0%,0.0
4204,TOM TUGGLE,b9aa7d230865b5fe,Tom Tuggle,0.0,0.0,0.0,,187.96,,,Orthodox,0.0,2.14,0.0,0%,32.14,100.0,0%,0.0
4205,TOM WATSON,6809c31286b08d97,Tom Watson,17.0,9.0,0.0,1982-07-13,185.42,83.91452,185.42,Orthodox,4.01,4.41,44.0,50%,0.15,7.0,43%,0.0
4206,TOMASZ DRWAL,679a9054e2815943,Tomasz Drwal,21.0,5.0,1.0,1982-01-22,185.42,92.98636,193.04,Orthodox,3.29,2.26,38.0,57%,3.55,60.0,82%,0.4
4207,TOMMY CUOZZI JR.,eb49fe2f85ae9526,Tommy Cuozzi Jr.,0.0,0.0,0.0,1999-08-31,175.26,,180.34,Orthodox,,,,,,,,
4208,TOMMY GANTT,de83f920fd302871,Tommy Gantt,0.0,0.0,0.0,1993-01-09,180.34,70.30676,193.04,Orthodox,2.92,0.85,75.0,43%,11.29,36.0,100%,1.4
4209,TOMMY HAYDEN,0871254cd790c250,Tommy Hayden,11.0,3.0,0.0,1986-03-11,175.26,65.77083999999999,,Southpaw,1.48,2.05,27.0,55%,3.42,33.0,66%,0.0
4210,TOMMY LEE,806975e1b4f47b27,Tommy Lee,0.0,0.0,0.0,1977-01-20,170.18,,,Orthodox,0.0,0.3,0.0,75%,4.57,33.0,0%,0.0
4211,TOMMY MCMILLEN,6b0a6def604de298,Tommy McMillen,0.0,0.0,0.0,1997-12-15,182.88,65.77083999999999,187.96,Orthodox,9.87,5.54,53.0,58%,0.0,0.0,83%,0.0
4212,TOMMY PETERSEN,7aabd61419f747d1,Tommy Petersen,0.0,0.0,0.0,,,,,,0.0,0.0,0.0,0%,0.0,0.0,0%,0.0
4213,TOMMY SPEER,1411c630ba711b64,Tommy Speer,21.0,7.0,0.0,1984-08-20,177.8,77.11064,180.34,Orthodox,2.56,5.12,51.0,35%,2.02,33.0,33%,0.0
4214,TOMOHIKO HASHIMOTO,a890f9a791ed615d,Tomohiko Hashimoto,0.0,0.0,0.0,1977-08-16,182.88,,,Orthodox,0.0,11.67,0.0,30%,0.0,0.0,0%,0.0
4215,TOMOMI IWAMA,ac5f67109accb482,Tomomi Iwama,0.0,0.0,0.0,1977-02-07,160.02,,,Orthodox,1.0,3.0,20.0,70%,0.0,0.0,0%,0.0
4216,TOMOYA MIYASHITA,c9885b1b7c7055a0,Tomoya Miyashita,0.0,0.0,0.0,1981-07-20,170.18,,,Southpaw,1.67,0.93,65.0,33%,4.0,80.0,0%,2.0
4217,TONY BONELLO,702a72aa7a266d86,Tony Bonello,0.0,0.0,0.0,1972-10-20,187.96,,,,0.62,12.62,33.0,10%,0.0,0.0,0%,0.0
4218,TONY DESOUZA,6ad9058b7c7898b0,Tony DeSouza,11.0,4.0,0.0,1974-07-26,182.88,77.11064,177.8,Southpaw,1.12,1.57,52.0,41%,2.25,42.0,40%,1.5
4219,TONY FERGUSON,22a92d7f62195791,Tony Ferguson,26.0,11.0,0.0,1984-02-12,180.34,77.11064,193.04,Orthodox,5.46,3.94,45.0,59%,0.45,42.0,70%,1.1
4220,TONY FRYKLUND,253de74457bd6374,Tony Fryklund,14.0,9.0,1.0,1971-03-26,182.88,83.91452,,Orthodox,3.49,6.5,39.0,43%,0.0,0.0,66%,0.5
4221,TONY GRAVELY,601964f9654f911a,Tony Gravely,23.0,9.0,0.0,1991-09-28,165.1,61.23492,175.26,Orthodox,3.69,3.16,55.0,42%,5.6,51.0,50%,0.8
4222,TONY HALME,bad28b7b34f334de,Tony Halme,0.0,4.0,0.0,1963-01-06,190.5,136.0776,,Orthodox,0.0,0.0,0.0,0%,0.0,0.0,0%,0.0
4223,TONY JOHNSON,3641a0d117e9bc6c,Tony Johnson,0.0,0.0,0.0,1983-05-02,187.96,,193.04,Orthodox,2.0,4.73,53.0,31%,2.0,22.0,0%,0.0
4224,TONY JUAREZ,97f3692d5444a80a,Tony Juarez,0.0,0.0,0.0,,,,,,0.89,10.34,25.0,38%,4.43,100.0,66%,0.0
4225,TONY KELLEY,1a08b01fdabb6ae2,Tony Kelley,8.0,3.0,0.0,1987-01-21,175.26,61.23492,177.8,Switch,4.57,4.77,47.0,43%,0.0,0.0,50%,2.0
4226,TONY PETARRA,c61f66d8c3fd5f07,Tony Petarra,2.0,3.0,1.0,1966-11-08,180.34,88.904032,,Orthodox,0.0,0.0,0.0,0%,0.0,0.0,0%,0.0
4227,TONY SIMS,57bad6a84230f0c9,Tony Sims,12.0,4.0,0.0,1985-10-14,180.34,70.30676,177.8,Southpaw,1.81,0.76,63.0,65%,0.71,50.0,50%,0.7
4228,TONY SYLVESTER,87b7df65c30008c4,Tony Sylvester,0.0,0.0,0.0,1978-01-27,185.42,,,Southpaw,0.0,10.12,0.0,12%,0.0,0.0,0%,0.0
4229,TONYA EVINGER,b12a1d19ee383b7c,Tonya Evinger,19.0,8.0,0.0,1981-06-04,170.18,61.23492,177.8,Orthodox,1.16,4.02,42.0,38%,0.93,30.0,33%,0.9
4230,TOP NOI KIWRAM,e065b4a42a6c2c79,Top Noi Kiwram,0.0,0.0,0.0,1992-08-15,165.1,,170.18,Southpaw,,,,,,,,
4231,TOR TROENG,8abf70f79e9e27c2,Tor Troeng,16.0,7.0,1.0,1983-01-25,187.96,83.91452,,Orthodox,1.16,3.26,46.0,32%,0.62,7.0,66%,0.3
4232,TORRANCE TAYLOR,88e53ec16b801740,Torrance Taylor,0.0,0.0,0.0,1987-10-11,170.18,,,,0.0,0.0,0.0,0%,0.0,0.0,0%,0.0
4233,TORREZ FINNEY,fbb60f24af5d5a02,Torrez Finney,11.0,0.0,0.0,1998-10-24,172.72,83.91452,190.5,Orthodox,1.77,1.74,68.0,48%,9.31,60.0,0,1.1
4234,TOSHIOMI KAZAMA,148bb103cfbf123e,Toshiomi Kazama,11.0,5.0,0.0,1997-05-15,170.18,61.23492,175.26,Orthodox,1.49,4.56,53.0,38%,1.94,16.0,66,1.0
4235,TOWNSEND SAUNDERS,20bd6c3e03c46ee6,Townsend Saunders,0.0,2.0,0.0,1968-07-16,165.1,77.11064,,Orthodox,0.0,0.0,0.0,0%,0.0,0.0,0%,0.0
4236,TRA TELLIGMAN,1dab0d1d81dd06db,Tra Telligman,7.0,5.0,1.0,1965-02-07,187.96,105.686936,,Orthodox,1.83,3.02,35.0,56%,0.87,100.0,80%,0.0
4237,TRACY CORTEZ,68d4a891e5cf2029,Tracy Cortez,12.0,2.0,0.0,1993-12-10,165.1,56.699,165.1,Orthodox,3.67,1.98,53.0,62%,3.0,42.0,85%,0.0
4238,TRAVIS BROWNE,3236bf606fe9fa5b,Travis Browne,18.0,7.0,1.0,1982-07-17,198.12,115.66596,200.66,Orthodox,2.93,4.31,41.0,42%,1.21,68.0,75%,0.2
4239,TRAVIS CALANOC,90d28fee0af74f2d,Travis Calanoc,0.0,0.0,0.0,,172.72,,,Orthodox,0.0,0.0,0.0,0%,0.0,0.0,0%,0.0
4240,TRAVIS FULTON,911fb265462f0d94,Travis Fulton,253.0,53.0,10.0,1977-05-29,182.88,108.86207999999999,,Orthodox,0.0,0.0,0.0,0%,0.0,0.0,0%,0.0
4241,TRAVIS GALBRAITH,06dc1a58663579d2,Travis Galbraith,0.0,0.0,0.0,1981-05-18,182.88,,,Orthodox,2.21,3.45,40.0,48%,1.33,25.0,0%,1.3
4242,TRAVIS JOHNSON,443835675e8fc6ca,Travis Johnson,0.0,0.0,0.0,,,,,,0.0,0.0,0.0,0%,0.0,0.0,0%,0.0
4243,TRAVIS LUTTER,622f015c81a9b13a,Travis Lutter,10.0,6.0,0.0,1973-05-12,180.34,83.91452,190.5,Orthodox,0.41,2.42,32.0,42%,1.95,24.0,30%,0.7
4244,TRAVIS WIUFF,7f9f528cb72a6ed1,Travis Wiuff,75.0,21.0,0.0,1978-03-15,190.5,92.98636,,Orthodox,0.48,4.03,30.0,41%,4.84,57.0,44%,1.2
4245,TRE'STON VINES,563a1d42bb0e3cef,Tre'ston Vines,0.0,0.0,0.0,1996-06-18,185.42,83.91452,200.66,Orthodox,,,,,,,,
4246,TRENELL YOUNG,bf5183e1c1afc3b2,Trenell Young,0.0,0.0,0.0,1976-06-19,167.64,,,Orthodox,1.43,5.13,22.0,50%,1.13,20.0,0%,1.1
4247,TRENT JENKINS,02fc8f50f56eb307,Trent Jenkins,0.0,4.0,0.0,,187.96,,,,0.0,0.0,0.0,0%,0.0,0.0,0%,0.0
4248,TRENT MILLER,2b6a37a97541a4fd,Trent Miller,0.0,0.0,0.0,1995-10-31,175.26,,182.88,Orthodox,,,,,,,,
4249,TRESEAN GORE,147e70aa6cc48cfc,Tresean Gore,6.0,4.0,0.0,1994-06-21,182.88,83.91452,190.5,Switch,3.41,7.0,49.0,40%,1.91,72.0,83%,1.0
4250,TRESTON THOMISON,ed5f04f833459877,Treston Thomison,0.0,0.0,0.0,,172.72,,,,0.0,0.0,0.0,0%,0.0,0.0,0%,0.0
4251,TREVIN GILES,b27a1fcb56a3035a,Trevin Giles,16.0,7.0,0.0,1992-08-06,182.88,77.11064,187.96,Orthodox,3.26,1.88,56.0,62%,1.37,80.0,79%,0.3
4252,TREVIN JONES,ec23c1be628d8057,Trevin Jones,13.0,10.0,0.0,1990-08-04,170.18,61.23492,177.8,Southpaw,3.84,6.81,61.0,35%,1.17,20.0,0%,0.0
4253,TREVOR HARRIS,0e98b05d3cf6d271,Trevor Harris,0.0,0.0,0.0,,167.64,,,,1.73,0.43,50.0,75%,0.0,0.0,50%,6.5
4254,TREVOR PEEK,0bc697c5936a2d0a,Trevor Peek,9.0,3.0,0.0,1995-01-09,175.26,65.77083999999999,177.8,Switch,4.39,3.88,53.0,43%,1.45,50.0,52,0.0
4255,TREVOR PRANGLEY,f5ff7bcdcfeba3ad,Trevor Prangley,34.0,11.0,2.0,1972-08-24,185.42,83.91452,190.5,Orthodox,2.59,2.02,60.0,48%,3.38,55.0,74%,1.0
4256,TREVOR SMITH,f797f0c57a83353e,Trevor Smith,15.0,10.0,0.0,1981-01-05,190.5,83.91452,190.5,Orthodox,3.29,3.31,55.0,51%,1.7,32.0,60%,0.7
4257,TREY HOUSTON,c6668eeb261588d3,Trey Houston,0.0,0.0,0.0,1988-06-08,180.34,,,,0.0,0.0,0.0,0%,0.0,0.0,0%,0.0
4258,TREY OGDEN,cfc3e7bb44685289,Trey Ogden,18.0,7.0,0.0,1989-11-14,180.34,70.30676,182.88,Orthodox,3.2,3.49,50.0,55%,1.89,32.0,100,0.7
4259,TREY WATERS,31dbfbe4e7a6727c,Trey Waters,9.0,2.0,0.0,1995-02-21,195.58,77.11064,195.58,Orthodox,6.39,5.83,44.0,55%,0.4,33.0,85,0.8
4260,TRISTAN ARENAL,9c9455912d917e4e,Tristan Arenal,0.0,0.0,0.0,1985-03-06,,,,,0.0,0.0,0.0,0%,0.0,0.0,0%,0.0
4261,TRISTAN CONNELLY,2ebfbe72ed703925,Tristan Connelly,14.0,8.0,0.0,1985-12-12,177.8,65.77083999999999,172.72,Orthodox,4.27,2.13,51.0,57%,0.0,0.0,60%,1.0
4262,TROY MANDALONIZ,725a834930c2b5bf,Troy Mandaloniz,3.0,2.0,0.0,1980-02-01,175.26,77.11064,,Orthodox,3.52,4.71,56.0,63%,3.1,66.0,57%,0.0
4263,TSUYOSHI KOHSAKA,b76ed59283d3559c,Tsuyoshi Kohsaka,27.0,19.0,2.0,1970-03-06,180.34,102.0582,,Orthodox,1.88,4.41,38.0,54%,1.32,20.0,33%,0.4
4264,TSUYOSHI KURIHARA,032b65d5fff611b2,Tsuyoshi Kurihara,0.0,0.0,0.0,1973-07-13,177.8,,,Orthodox,0.0,12.0,0.0,50%,0.0,0.0,0%,0.0
4265,TSUYOSHI TAMAKAIRIKI,eaa0a728cc91ef60,Tsuyoshi Tamakairiki,0.0,0.0,0.0,,182.88,,,Orthodox,0.0,26.67,0.0,50%,0.0,0.0,0%,0.0
4266,TUCKER LUTZ,7832f2f62f04178f,Tucker Lutz,12.0,4.0,0.0,1994-07-12,172.72,65.77083999999999,182.88,Orthodox,4.33,2.8,49.0,47%,2.0,57.0,81%,0.5
4267,TUCO TOKKOS,3e8118c1ab52f211,Tuco Tokkos,11.0,5.0,0.0,1990-06-30,193.04,92.98636,193.04,Orthodox,2.59,3.7,41.0,46%,2.87,36.0,33%,0.6
4268,TULIO PALHARES,e8c170a64dc920ac,Tulio Palhares,2.0,16.0,0.0,,184.14999999999998,81.64656,,,0.0,0.0,0.0,0%,0.0,0.0,0%,0.0
4269,TURRELL GALLOWAY,7e654edcddd71550,Turrell Galloway,0.0,0.0,0.0,1976-08-11,160.02,,,,0.0,0.0,0.0,0%,0.0,0.0,0%,0.0
4270,TY FLORES,4bb0f74d5e26f89a,Ty Flores,0.0,0.0,0.0,1993-12-22,190.5,,185.42,Switch,2.0,7.8,37.0,25%,1.0,9.0,0%,0.0
4271,TY MILLER,0859524157a19045,Ty Miller,0.0,0.0,0.0,2000-06-04,187.96,77.11064,195.58,Orthodox,,,,,,,,
4272,TYLER DIAMOND,f5f6419c5f00abad,Tyler Diamond,9.0,1.0,0.0,1991-03-18,170.18,65.77083999999999,175.26,Orthodox,3.4,2.53,47.0,44%,3.0,75.0,70%,0.0
4273,TYLER HILL,006efbb0c1621fd7,Tyler Hill,0.0,0.0,0.0,1991-08-10,190.5,,,Switch,3.64,5.33,39.0,47%,0.0,0.0,0%,0.0
4274,TYLER STINSON,2cf520143e76cd2e,Tyler Stinson,0.0,0.0,0.0,1986-01-17,190.5,,,,2.8,4.6,23.0,56%,0.5,100.0,0%,0.5
4275,TYLER TONER,8e893f269d5696b2,Tyler Toner,15.0,7.0,0.0,1983-03-31,172.72,65.77083999999999,177.8,Orthodox,2.95,2.13,52.0,62%,0.0,0.0,54%,0.4
4276,TYRA PARKER,64be3dc99eaa42b6,Tyra Parker,0.0,0.0,0.0,1989-09-18,165.1,,,Orthodox,1.5,9.0,22.0,14%,0.0,0.0,0%,0.0
4277,TYRON WOODLEY,effd9de9937996f8,Tyron Woodley,19.0,7.0,1.0,1982-04-07,175.26,77.11064,187.96,Orthodox,2.33,2.72,48.0,55%,1.08,40.0,87%,0.4
4278,TYRONE ROBERTS,d1e6a6536ee62517,Tyrone Roberts,43.0,12.0,1.0,1972-07-14,175.26,83.91452,,Orthodox,0.0,0.0,0.0,0%,0.0,0.0,0%,0.0
4279,TYSON GRIFFIN,20205040232ed0f3,Tyson Griffin,16.0,8.0,0.0,1984-04-20,167.64,65.77083999999999,172.72,Orthodox,3.71,2.3,41.0,65%,1.87,46.0,59%,0.9
4280,TYSON NAM,6e00cfffd54653c4,Tyson Nam,21.0,14.0,1.0,1983-10-06,170.18,56.699,172.72,Orthodox,3.64,5.69,31.0,64%,0.0,0.0,100%,0.0
4281,TYSON PEDRO,49e96ff8ab781589,Tyson Pedro,10.0,5.0,0.0,1991-09-17,190.5,92.98636,200.66,Orthodox,2.7,2.55,62.0,48%,0.74,25.0,52%,1.5
4282,ULYSSES GOMEZ,1e35aa8955794580,Ulysses Gomez,9.0,5.0,0.0,1983-05-25,167.64,56.699,,Orthodox,2.72,3.57,25.0,68%,0.0,0.0,0%,0.0
4283,UMAR NURMAGOMEDOV,2b6fc1c02736833d,Umar Nurmagomedov,18.0,1.0,0.0,1996-01-03,172.72,61.23492,175.26,Orthodox,2.89,0.81,60.0,76%,8.67,45.0,0%,1.7
4284,URAN SATYBALDIEV,02f484417a6fa69d,Uran Satybaldiev,9.0,1.0,0.0,1994-08-10,193.04,92.98636,200.66,Orthodox,2.14,3.66,25.0,44%,0.0,0.0,50,1.7
4285,URIAH HALL,65578a75fa7900e3,Uriah Hall,18.0,11.0,0.0,1984-07-31,182.88,83.91452,200.66,Orthodox,3.34,3.54,51.0,53%,0.67,38.0,69%,0.2
4286,URIJAH FABER,78114b7199cef90c,Urijah Faber,35.0,11.0,0.0,1979-05-14,167.64,61.23492,170.18,Orthodox,2.65,2.59,40.0,64%,1.54,30.0,58%,0.8
4287,UROS MEDIC,681399317dbf4701,Uros Medic,11.0,3.0,0.0,1993-04-25,185.42,77.11064,180.34,Southpaw,19.91,0.52,77.0,86%,0.0,0.0,100%,0.0
4288,VADYM KUTSYI,aeb2bcd4371f40d5,Vadym Kutsyi,0.0,0.0,0.0,1991-07-18,182.88,,180.34,Orthodox,,,,,,,,
4289,VAGNER ROCHA,d403b1a6f278c95e,Vagner Rocha,14.0,4.0,0.0,1982-06-06,177.8,70.30676,185.42,Orthodox,2.64,4.5,42.0,48%,1.4,33.0,50%,1.9
4290,VAL WOODBURN,7a47e068f8017019,Val Woodburn,7.0,2.0,0.0,1993-08-10,172.72,77.11064,187.96,Orthodox,1.6,4.93,35.0,36%,1.92,100.0,50,0.0
4291,VALENTIJN OVEREEM,20e403a1acfef130,Valentijn Overeem,0.0,0.0,0.0,1976-08-17,190.5,,,Orthodox,0.93,1.49,34.0,58%,1.86,50.0,0%,4.7
4292,VALENTINA SHEVCHENKO,132deb59abae64b1,Valentina Shevchenko,25.0,4.0,1.0,1988-03-07,165.1,56.699,167.64,Southpaw,2.98,2.03,50.0,62%,2.21,58.0,75%,0.3
4293,VALERI IGNATOV,7b6ce3a9460565b5,Valeri Ignatov,1.0,2.0,0.0,,175.26,77.11064,,Orthodox,0.0,0.0,0.0,0%,0.0,0.0,0%,0.0
4294,VALERIE LETOURNEAU,46a2f24feb258ae0,Valerie Letourneau,8.0,6.0,0.0,1983-04-29,170.18,52.16308,172.72,Orthodox,4.51,5.4,37.0,58%,0.77,45.0,66%,0.3
4295,VALESCA MACHADO,a1a91dbf41a029c4,Valesca Machado,0.0,0.0,0.0,1996-05-06,162.56,,160.02,Orthodox,,,,,,,,
4296,VALMIR LAZARO,777dea713da2441d,Valmir Lazaro,15.0,5.0,0.0,1985-08-15,182.88,70.30676,185.42,Orthodox,4.87,4.09,37.0,61%,1.33,40.0,96%,0.0
4297,VALTER WALKER,f5779a2303ed76ec,Valter Walker,14.0,1.0,0.0,1997-12-14,198.12,120.20188,198.12,Orthodox,1.9,2.89,49.0,42%,5.43,66.0,0,2.0
4298,VANESSA DEMOPOULOS,2c483cf443f38ece,Vanessa Demopoulos,11.0,8.0,0.0,1988-09-22,157.48,56.699,149.86,Orthodox,1.6,3.13,41.0,50%,0.0,0.0,0%,2.0
4299,VANESSA MELO,9b7dfb3b7d99926a,Vanessa Melo,11.0,8.0,0.0,1988-03-27,165.1,61.23492,165.1,Orthodox,3.48,6.13,30.0,59%,0.0,0.0,71%,0.0
4300,VANILTO ANTUNES,cc49ada1ea955b13,Vanilto Antunes,0.0,0.0,0.0,1994-12-28,182.88,,182.88,Orthodox,,,,,,,,
4301,VAUGHAN LEE,8bb6f4479685bbcc,Vaughan Lee,14.0,13.0,1.0,1982-10-15,167.64,56.699,167.64,Orthodox,3.47,2.07,47.0,70%,0.81,33.0,72%,1.0
4302,VERNON RAMOS HO,30b577b112bef42d,Vernon Ramos Ho,3.0,1.0,0.0,1992-06-03,167.64,77.11064,,Orthodox,4.0,8.0,25.0,55%,0.0,0.0,0%,0.0
4303,VERNON WHITE,12458872d6afae1b,Vernon White,26.0,33.0,2.0,1971-12-03,182.88,92.98636,,Southpaw,2.11,2.2,38.0,54%,0.88,28.0,44%,0.0
4304,VERONICA HARDY,4798e823ada58fe9,Veronica Hardy,9.0,5.0,1.0,1995-10-30,162.56,56.699,162.56,Southpaw,3.12,3.48,45.0,49%,0.93,41.0,55,0.3
4305,VERONICA MACEDO,d99700dc6a4d8ebe,Veronica Macedo,0.0,0.0,0.0,1995-10-30,,,162.56,Southpaw,3.13,5.06,39.0,43%,0.57,18.0,46%,0.6
4306,VETA ARTEAGA,91e3388e69060e69,Veta Arteaga,0.0,0.0,0.0,1987-11-07,170.18,,,,3.2,1.92,36.0,65%,0.0,0.0,40%,0.0
4307,VIACHESLAV BORSHCHEV,19c591115a58982c,Viacheslav Borshchev,8.0,6.0,1.0,1992-01-08,180.34,70.30676,175.26,Orthodox,5.22,4.73,54.0,57%,0.0,0.0,42,0.1
4308,VICENTE LUQUE,6d4b63c767106d3a,Vicente Luque,23.0,11.0,1.0,1991-11-27,180.34,77.11064,190.5,Orthodox,4.8,5.24,50.0,51%,0.89,48.0,59%,0.7
4309,VICTOR ALTAMIRANO,dc7927cd622676a7,Victor Altamirano,12.0,5.0,0.0,1991-01-23,172.72,56.699,177.8,Switch,4.58,3.82,53.0,53%,2.88,38.0,63,0.0
4310,VICTOR DIAS,f7202b3130421d27,Victor Dias,0.0,0.0,0.0,1990-12-26,167.64,,175.26,Orthodox,,,,,,,,
4311,VICTOR HENRY,eb8d8c2a95cfccb8,Victor Henry,25.0,7.0,0.0,1987-05-04,170.18,61.23492,172.72,Switch,7.17,5.19,53.0,48%,1.04,42.0,81,0.3
4312,VICTOR HUGO,f264ba50b007f39e,Victor Hugo,25.0,5.0,0.0,1992-11-22,170.18,61.23492,180.34,Orthodox,3.27,2.95,44.0,56%,0.81,33.0,73,1.2
4313,VICTOR JONES,04f0471f221db717,Victor Jones,0.0,0.0,0.0,1982-08-31,,,,,0.0,0.0,0.0,0%,0.0,0.0,0%,0.0
4314,VICTOR MADRIGAL,cc63a5f0089d8ba9,Victor Madrigal,0.0,0.0,0.0,1990-08-16,170.18,,180.34,Orthodox,,,,,,,,
4315,VICTOR MARTINEZ,3e708ce33b6b18e6,Victor Martinez,13.0,6.0,0.0,1991-07-17,172.72,70.30676,177.8,Orthodox,0.0,0.0,0.0,0%,0.0,0.0,0%,0.0
4316,VICTOR REYNA,e9bbcc6530e4cbe6,Victor Reyna,0.0,0.0,0.0,1986-08-05,180.34,,187.96,Southpaw,5.8,4.75,63.0,42%,0.0,0.0,100%,0.0
4317,VICTOR RODRIGUEZ,f6e5972c9d16c40e,Victor Rodriguez,7.0,4.0,0.0,1992-09-05,165.1,56.699,170.18,Switch,2.17,6.14,46.0,50%,0.0,0.0,0%,0.0
4318,VICTOR VALENZUELA,de277a4abcfeea46,Victor Valenzuela,0.0,0.0,0.0,1994-02-09,177.8,70.30676,180.34,Orthodox,3.47,4.81,40.0,51%,0.63,33.0,55%,0.0
4319,VICTOR VALIMAKI,663b76da637402c3,Victor Valimaki,18.0,10.0,0.0,1981-12-17,182.88,92.98636,,Orthodox,3.94,2.99,30.0,67%,0.9,14.0,0%,0.0
4320,VICTORIA LEONARDO,9dedfdd91070ddd8,Victoria Leonardo,9.0,7.0,0.0,1990-02-16,165.1,56.699,162.56,Orthodox,3.4,4.15,37.0,47%,2.39,37.0,0%,0.0
4321,VIK GRUJIC,1e7483dbff40b84b,Vik Grujic,6.0,6.0,0.0,1977-02-06,180.34,77.11064,185.42,Orthodox,2.24,3.39,48.0,41%,1.18,33.0,26%,0.4
4322,VIKTOR PESTA,202b0467521c9d6f,Viktor Pesta,10.0,4.0,0.0,1990-07-15,190.5,108.86207999999999,195.58,Orthodox,1.58,2.54,36.0,56%,3.29,28.0,100%,0.0
4323,VIKTORIIA DUDAKOVA,6c9b66b43663f2f7,Viktoriia Dudakova,8.0,2.0,0.0,1999-01-26,165.1,52.16308,170.18,Orthodox,2.87,3.4,47.0,50%,2.73,35.0,33,0.0
4324,VINC PICHEL,c77a953488e5607d,Vinc Pichel,14.0,5.0,0.0,1982-11-23,177.8,70.30676,182.88,Orthodox,3.2,2.28,46.0,56%,3.83,60.0,20%,0.3
4325,VINCE CACHERO,ed2a8cc402173781,Vince Cachero,7.0,4.0,0.0,1989-11-07,167.64,65.77083999999999,172.72,Orthodox,3.29,6.51,45.0,43%,0.0,0.0,18%,0.5
4326,VINCE MORALES,37098a6e6c27fb66,Vince Morales,16.0,10.0,0.0,1990-11-12,170.18,61.23492,177.8,Orthodox,3.54,3.91,37.0,54%,0.71,47.0,63%,0.5
4327,VINCE MURDOCK,4b90384d7c3519b8,Vince Murdock,0.0,0.0,0.0,1991-03-21,167.64,,162.56,Orthodox,1.21,7.17,21.0,40%,0.0,0.0,0%,0.0
4328,VINCENT EAZELLE,ec421d5de0aea624,Vincent Eazelle,0.0,0.0,0.0,1980-12-07,180.34,,,,0.0,0.0,0.0,0%,0.0,0.0,0%,0.0
4329,VINICIUS CENCI,f21a152aaa3e95c6,Vinicius Cenci,0.0,0.0,0.0,1995-11-24,185.42,,187.96,Orthodox,,,,,,,,
4330,VINICIUS MAGALHAES,1b583c64c23f0c7f,Vinicius Magalhaes,0.0,0.0,0.0,1971-07-30,,,,,0.0,0.0,0.0,0%,0.0,0.0,0%,0.0
4331,VINICIUS MOREIRA,acb36c908d415c4a,Vinicius Moreira,9.0,5.0,0.0,1989-02-28,193.04,92.98636,193.04,Orthodox,3.15,5.07,59.0,43%,1.97,18.0,0%,1.3
4332,VINICIUS OLIVEIRA,18d01f7f8338ae72,Vinicius Oliveira,23.0,3.0,0.0,1995-11-30,175.26,61.23492,177.8,Switch,5.44,2.86,47.0,58%,1.27,43.0,71%,0.2
4333,VINICIUS QUEIROZ,2a8502954f49e682,Vinicius Queiroz,8.0,4.0,0.0,1983-08-29,200.66,99.79024,,Orthodox,3.67,4.1,51.0,41%,5.07,70.0,100%,0.7
4334,VINICIUS SALVADOR,65cdf4ec31143d86,Vinicius Salvador,14.0,7.0,0.0,1996-07-24,170.18,61.23492,177.8,Southpaw,5.48,6.5,43.0,48%,0.36,11.0,86,0.0
4335,VINNY MAGALHAES,88a9bc81271ccd89,Vinny Magalhaes,14.0,9.0,0.0,1984-07-02,190.5,92.98636,190.5,Orthodox,2.14,3.97,24.0,68%,1.55,44.0,66%,0.8
4336,VIRGIL ZWICKER,0c277f3ff66b0208,Virgil Zwicker,0.0,0.0,0.0,1982-06-26,187.96,,187.96,,3.34,4.87,48.0,39%,1.31,30.0,50%,0.0
4337,VIRNA JANDIROBA,7dda2cf308f24a02,Virna Jandiroba,22.0,3.0,0.0,1988-05-30,160.02,52.16308,162.56,Orthodox,2.27,2.86,41.0,55%,3.13,39.0,72%,1.4
4338,VISCARDI ANDRADE,d221ee27afc7a60e,Viscardi Andrade,19.0,6.0,0.0,1984-03-08,180.34,77.11064,190.5,Orthodox,3.26,2.77,42.0,63%,1.93,50.0,66%,0.3
4339,VITALY MINAKOV,56c975c4a2b357a5,Vitaly Minakov,0.0,0.0,0.0,1985-02-06,187.96,,,,0.0,0.0,0.0,0%,0.0,0.0,0%,0.0
4340,VITOR BELFORT,0ee783aa00e468f0,Vitor Belfort,26.0,14.0,0.0,1977-04-01,182.88,83.91452,187.96,Southpaw,1.59,2.83,46.0,50%,1.02,60.0,53%,0.6
4341,VITOR COSTA,c41cbb5bf944ca54,Vitor Costa,0.0,0.0,0.0,2000-09-19,187.96,,190.5,Orthodox,,,,,,,,
4342,VITOR MIRANDA,4bcb6eb12b4ad4aa,Vitor Miranda,12.0,5.0,0.0,1979-03-10,185.42,83.91452,195.58,Orthodox,2.98,2.95,45.0,58%,0.95,55.0,50%,0.2
4343,VITOR PETRINO,71171fc96445bf65,Vitor Petrino,12.0,2.0,0.0,1997-08-28,187.96,120.20188,195.58,Orthodox,2.72,2.6,45.0,47%,3.25,58.0,71,1.0
4344,VITOR RIBEIRO,a757c06bbdba61d2,Vitor Ribeiro,0.0,0.0,0.0,1979-02-24,172.72,,,Orthodox,1.0,1.95,28.0,48%,1.58,26.0,100%,1.2
4345,VITOR VIANNA,744f50016c39c26c,Vitor Vianna,0.0,0.0,0.0,1979-11-02,,,,Orthodox,3.1,8.28,30.0,52%,0.0,0.0,0%,0.0
4346,VIVIANE ARAUJO,36541f1e6c5d4955,Viviane Araujo,13.0,7.0,0.0,1986-11-21,162.56,56.699,172.72,Orthodox,4.97,4.84,48.0,60%,2.33,64.0,94%,0.2
4347,VIVIANE PEREIRA,d50382dc0565a9e1,Viviane Pereira,13.0,2.0,0.0,1993-08-28,154.94,52.16308,160.02,Orthodox,2.7,4.48,30.0,58%,0.25,100.0,28%,0.2
4348,VLADIMIR MATYUSHENKO,ccdd90bd1fc7dab6,Vladimir Matyushenko,27.0,8.0,0.0,1971-01-04,182.88,92.98636,187.96,Orthodox,1.9,1.62,44.0,59%,3.25,46.0,70%,0.1
4349,VLASTO CEPO,025c1ee70b2cedf4,Vlasto Cepo,0.0,0.0,0.0,1995-01-25,,,,,,,,,,,,
4350,VOLKAN OEZDEMIR,0845c81e37d3bcb3,Volkan Oezdemir,20.0,8.0,0.0,1989-09-19,187.96,92.98636,190.5,Orthodox,5.03,4.24,45.0,55%,0.36,20.0,80%,0.0
4351,WAACHIIM SPIRITWOLF,71caa995674203aa,Waachiim Spiritwolf,0.0,0.0,0.0,1976-02-06,172.72,,,,10.0,10.0,100.0,0%,0.0,0.0,0%,0.0
4352,WADE SHIPP,a9a314cc77d90b6e,Wade Shipp,11.0,5.0,0.0,1975-02-09,190.5,111.13004,,Orthodox,4.29,2.14,86.0,0%,0.0,0.0,75%,0.0
4353,WAGNER CAMPOS,db6d5f691aea3fd3,Wagner Campos,12.0,10.0,0.0,1981-07-31,167.64,65.77083999999999,,Southpaw,1.54,2.53,41.0,51%,2.71,100.0,0%,0.0
4354,WAGNER DA CONCEICAO MARTINS,563d051c9e769b24,Wagner da Conceicao Martins,0.0,0.0,0.0,1978-05-19,200.66,,,Orthodox,1.91,5.43,37.0,42%,2.2,100.0,100%,0.0
4355,WAGNER PRADO,7f6ef4e1227600bc,Wagner Prado,12.0,3.0,0.0,1986-12-30,182.88,92.98636,187.96,Southpaw,1.72,3.06,40.0,50%,0.0,0.0,22%,0.0
4356,WAGNER SILVA,fb79582c410d049e,Wagner Silva,6.0,3.0,0.0,1987-02-07,182.88,77.11064,,Orthodox,1.69,2.87,29.0,65%,0.0,0.0,58%,0.0
4357,WAGNNEY FABIANO,40389d39a92f5bfa,Wagnney Fabiano,0.0,0.0,0.0,1975-07-14,167.64,,175.26,Southpaw,1.19,0.66,38.0,70%,3.44,64.0,100%,0.4
4358,WALDO CORTES ACOSTA,01e0ae8f9bac74f5,WALDO CORTES ACOSTA,0.0,0.0,0.0,1991-10-03,190.5,117.93392,198.12,Orthodox,5.34,3.63,48.0,54%,0.4,50.0,73%,0.1
4359,WALDO CORTES-ACOSTA,fc08099550072fe4,Waldo Cortes-Acosta,14.0,2.0,0.0,1991-10-03,193.04,,198.12,Orthodox,5.61,3.51,48.0,55%,0.37,50.0,71,0.1
4360,WALEL WATSON,92aafa8f4b26269b,Walel Watson,14.0,10.0,0.0,1984-07-16,180.34,61.23492,190.5,Orthodox,2.1,3.79,29.0,43%,0.0,0.0,61%,1.4
4361,WALLEN DEL ROSARIO,a62f85f6a6c19a4c,Wallen Del Rosario,0.0,0.0,0.0,1993-03-18,162.56,,170.18,Orthodox,,,,,,,,
4362,WALLID ISMAIL,da6dfd09cca1d705,Wallid Ismail,9.0,3.0,0.0,1968-02-23,170.18,92.98636,,Orthodox,0.92,0.83,31.0,44%,1.85,28.0,0%,0.5
4363,WALT HARRIS,03f982ca3735070c,Walt Harris,13.0,10.0,0.0,1983-06-10,195.58,113.398,195.58,Southpaw,2.95,3.43,38.0,54%,0.3,28.0,72%,0.1
4364,WALTER SMITH-COTITO,625b65b45c1c6888,Walter Smith-Cotito,0.0,0.0,0.0,,172.72,,,,2.95,3.53,36.0,68%,2.16,33.0,57%,0.0
4365,WANDERLEI SILVA,a1f6999fe57236e0,Wanderlei Silva,35.0,13.0,1.0,1976-07-03,180.34,92.98636,187.96,Orthodox,2.79,2.19,40.0,60%,0.97,53.0,62%,0.6
4366,WANG CONG,2997e7fe3c9d3d4a,Wang Cong,8.0,1.0,0.0,1992-05-15,167.64,56.699,167.64,Southpaw,7.48,2.68,57.0,63%,1.05,75.0,100,0.7
4367,WANG GUAN,dd12382f28296f7b,Wang Guan,20.0,1.0,1.0,1986-03-14,175.26,65.77083999999999,180.34,Orthodox,4.73,3.27,43.0,60%,0.0,0.0,0%,0.0
4368,WAR MACHINE,cd7bafbeee1f29a0,War Machine,14.0,5.0,0.0,1981-11-30,180.34,77.11064,,Orthodox,2.32,3.17,60.0,43%,1.16,50.0,40%,0.0
4369,WARLLEY ALVES,d317a5e2b3f88c5f,Warlley Alves,15.0,8.0,0.0,1991-01-04,180.34,83.91452,182.88,Orthodox,3.09,3.62,47.0,50%,1.48,54.0,75%,1.0
4370,WATARU SAKATA,d7907a9a968e4d29,Wataru Sakata,0.0,0.0,0.0,1973-03-11,175.26,,,Southpaw,1.11,2.08,61.0,31%,0.0,0.0,0%,0.0
4371,WATARU YAMAUCHI,d8bf3df51ff3a270,Wataru Yamauchi,0.0,0.0,0.0,1999-06-22,167.64,,172.72,Orthodox,,,,,,,,
4372,WAYLON KENNELL,9b8a73b59be8d786,Waylon Kennell,0.0,0.0,0.0,,182.88,,,,0.0,0.0,0.0,0%,0.0,0.0,0%,0.0
4373,WAYLON LOWE,28f62d866c59c709,Waylon Lowe,16.0,7.0,0.0,1980-10-31,170.18,65.77083999999999,,Southpaw,1.88,2.4,55.0,53%,4.47,55.0,83%,0.3
4374,WAYNE COLE,2eab7a6c8b0ed8cc,Wayne Cole,0.0,0.0,0.0,1971-01-06,185.42,,,Orthodox,0.57,8.33,20.0,27%,4.31,25.0,0%,4.3
4375,WAYNE PHILLIPS,09a82bd51ff61376,Wayne Phillips,0.0,0.0,0.0,1983-06-17,,,,,0.0,0.0,0.0,0%,0.0,0.0,0%,0.0
4376,WELLINGTON TURMAN,4dcfb28c011c11b2,Wellington Turman,18.0,8.0,0.0,1996-07-22,182.88,77.11064,182.88,Orthodox,2.75,3.71,42.0,45%,2.63,35.0,100%,0.9
4377,WENDELL OLIVEIRA MARQUES,32c03df3c9760069,Wendell Oliveira Marques,29.0,10.0,0.0,1983-06-01,177.8,77.11064,,Orthodox,3.77,4.4,47.0,47%,0.0,0.0,100%,0.0
4378,WES ALBRITTON,184b955181bdef52,Wes Albritton,0.0,1.0,0.0,,177.8,85.275296,,Orthodox,0.0,0.0,0.0,0%,0.0,0.0,0%,0.0
4379,WES COMBS,a85998eb79650b2c,Wes Combs,20.0,6.0,0.0,1973-06-18,187.96,92.98636,,Orthodox,2.14,4.73,48.0,45%,0.0,0.0,0%,0.0
4380,WES SCHULTZ,b4443fae47e7eb9d,Wes Schultz,0.0,0.0,0.0,1996-08-09,187.96,83.91452,195.58,Orthodox,2.91,3.11,46.0,43%,2.39,21.0,0%,3.6
4381,WES SHIVERS,ad863b0d57952c57,Wes Shivers,0.0,0.0,0.0,1977-03-08,203.2,,,,0.0,0.0,0.0,0%,0.0,0.0,0%,0.0
4382,WES SIMS,e0f7c4f3f67bc808,Wes Sims,24.0,14.0,1.0,1979-08-04,208.28,117.93392,,Orthodox,0.98,2.95,51.0,37%,0.0,0.0,40%,2.3
4383,WESLEY CORREIRA,4e9fb05d7e5e61b8,Wesley Correira,20.0,16.0,0.0,1978-11-11,190.5,117.93392,,Orthodox,2.6,8.8,36.0,40%,0.0,0.0,90%,0.0
4384,WESLEY LITTLE,008c6e1a25751575,Wesley Little,0.0,0.0,0.0,,193.04,,,,0.0,0.0,0.0,0%,0.0,0.0,0%,0.0
4385,WESTIN WILSON,7b3503352cd53abb,Westin Wilson,17.0,10.0,0.0,1989-01-24,185.42,65.77083999999999,185.42,Southpaw,1.57,6.71,31.0,30%,1.57,16.0,33,7.9
4386,WILL BROOKS,b6e6c3b1dcaae0a1,Will Brooks,18.0,4.0,0.0,1986-10-08,177.8,70.30676,182.88,Orthodox,4.26,2.54,59.0,56%,2.08,51.0,82%,0.3
4387,WILL CAMPUZANO,901cddcbfa079097,Will Campuzano,14.0,6.0,0.0,1986-05-27,175.26,56.699,177.8,Orthodox,2.43,3.82,31.0,57%,0.88,45.0,48%,0.2
4388,WILL CHOPE,db5dc7cb80d7d418,Will Chope,34.0,13.0,0.0,1990-09-08,193.04,65.77083999999999,,Switch,4.43,9.93,27.0,46%,0.0,0.0,0%,0.0
4389,WILL CURRIE,b8ff02d5703eca3a,Will Currie,0.0,0.0,0.0,1998-11-12,190.5,,193.04,Switch,,,,,,,,
4390,WILL KERR,ef61d9f5176b3200,Will Kerr,0.0,0.0,0.0,1982-10-21,177.8,,175.26,Orthodox,1.91,6.22,42.0,33%,0.0,0.0,0%,14.3
4391,WILL RIBEIRO,8f4616698508f24d,Will Ribeiro,0.0,0.0,0.0,1983-02-17,172.72,,,Orthodox,1.83,1.64,28.0,74%,1.15,100.0,50%,2.9
4392,WILL SANTIAGO,4920292f5d9b76df,Will Santiago,0.0,0.0,0.0,1983-02-08,170.18,,,Orthodox,1.47,5.53,39.0,56%,1.0,50.0,100%,0.0
4393,WILLAMY FREIRE,f1f37d667bcd0d27,Willamy Freire,26.0,6.0,0.0,1987-07-28,172.72,70.30676,,Orthodox,1.53,0.93,37.0,62%,0.5,100.0,73%,0.0
4394,WILLIAM GOMIS,e1d40e8782d80bc2,William Gomis,15.0,3.0,0.0,1997-06-13,182.88,65.77083999999999,185.42,Southpaw,3.2,2.6,48.0,61%,0.73,38.0,77%,0.3
4395,WILLIAM KNIGHT,5da33b8fbfa5ee95,William Knight,11.0,5.0,0.0,1988-04-03,177.8,92.98636,185.42,Orthodox,4.69,2.88,76.0,33%,3.76,66.0,63%,0.5
4396,WILLIAM MACARIO,ed74afc8b5b47a61,William Macario,9.0,3.0,0.0,1991-07-01,180.34,77.11064,190.5,Orthodox,4.92,3.96,54.0,65%,1.85,45.0,78%,0.0
4397,WILLIAN COLORADO,dfc7f0a2d91ad337,Willian Colorado,0.0,0.0,0.0,1986-06-21,177.8,,182.88,,,,,,,,,
4398,WILLIE GATES,6ded9184b2284645,Willie Gates,12.0,7.0,0.0,1987-01-21,172.72,56.699,182.88,Orthodox,1.8,4.28,38.0,38%,0.0,0.0,67%,0.4
4399,WILLIE PARKS,86ad0ae839331bd7,Willie Parks,0.0,0.0,0.0,1983-11-04,177.8,,,,0.0,0.0,0.0,0%,0.0,0.0,0%,0.0
4400,WILLIE PEETERS,e7bfdb5e0112891e,Willie Peeters,0.0,0.0,0.0,1965-10-26,175.26,,,Orthodox,0.0,0.0,0.0,0%,0.0,0.0,0%,0.0
4401,WILSON GOUVEIA,af5b208e97f5d382,Wilson Gouveia,14.0,8.0,0.0,1978-10-03,185.42,83.91452,193.04,Orthodox,3.02,4.06,39.0,56%,0.9,66.0,57%,2.2
4402,WILSON REIS,5aedf14771ca82d2,Wilson Reis,23.0,10.0,0.0,1985-01-06,162.56,56.699,165.1,Southpaw,1.83,3.04,29.0,55%,5.15,42.0,47%,0.6
4403,WINDRI PATILIMA,66d42e9503fa108e,Windri Patilima,0.0,0.0,0.0,1993-07-19,167.64,,180.34,Southpaw,,,,,,,,
4404,WON JIN EOH,bc7cf284c1c2f16e,Won Jin Eoh,0.0,0.0,0.0,1978-06-15,170.18,,,Orthodox,3.74,3.58,44.0,46%,0.0,0.0,50%,0.0
4405,WON SIK PARK,9df394db5ca103eb,Won Sik Park,0.0,0.0,0.0,1986-12-16,180.34,,,Orthodox,2.6,2.2,43.0,47%,0.0,0.0,0%,0.0
4406,WONBIN KI,aaeb55084b198a39,WonBin Ki,0.0,0.0,0.0,1991-02-11,180.34,,185.42,Orthodox,,,,,,,,
4407,WU YANAN,fdbefee0827e1567,Wu Yanan,13.0,6.0,0.0,1996-04-18,172.72,61.23492,167.64,Orthodox,4.51,4.82,45.0,51%,0.61,22.0,66%,0.3
4408,WULIJI BUREN,569f64e2bb2e5c34,Wuliji Buren,0.0,0.0,0.0,1989-03-01,,,175.26,Orthodox,1.63,2.96,42.0,56%,3.38,42.0,71%,0.4
4409,WULIJIBUREN,2296125b6c362355,Wulijiburen,20.0,9.0,0.0,1989-03-01,175.26,61.23492,175.26,Orthodox,1.61,3.02,42.0,56%,3.28,42.0,77,0.4
4410,WUZIAZIBIEKE JIAHEFU,2d077e22886298be,Wuziazibieke Jiahefu,0.0,0.0,0.0,1990-04-09,175.26,,177.8,Orthodox,,,,,,,,
4411,XAVIER FOUPA-POKAM,ec33146e43e58933,Xavier Foupa-Pokam,32.0,22.0,0.0,1982-07-03,185.42,83.91452,,Open Stance,1.47,2.5,43.0,49%,0.0,0.0,16%,0.0
4412,XAVIER FRANKLIN,90957a918e26bf9c,Xavier Franklin,0.0,0.0,0.0,1996-10-15,167.64,,167.64,Southpaw,,,,,,,,
4413,XAVIER SILLER,9a08c2753184ac6d,Xavier Siller,0.0,0.0,0.0,1994-06-06,165.1,,,,1.02,1.53,36.0,57%,3.83,100.0,0%,0.0
4414,XIAO LONG,86bace9e4ad85542,Xiao Long,27.0,10.0,0.0,1998-04-13,172.72,61.23492,177.8,Orthodox,5.25,4.2,46.0,50%,0.69,25.0,79,0.0
4415,XIE BIN,e415ea6f8d41c917,Xie Bin,0.0,0.0,0.0,1998-02-28,177.8,,182.88,Orthodox,,,,,,,,
4416,XIONG JINGNAN,2cdb479a0ef0ee1d,Xiong Jingnan,0.0,0.0,0.0,1988-01-12,160.02,52.16308,160.02,Switch,4.53,8.13,34.0,38%,0.0,0.0,75%,0.0
4417,XUE DO WON,daa89f01e1c0f42a,Xue Do Won,0.0,0.0,0.0,,170.18,,,,0.0,0.0,0.0,0%,0.0,0.0,0%,0.0
4418,YADIER DEL VALLE,70380ccdc81915b8,Yadier del Valle,9.0,0.0,0.0,1996-07-29,175.26,65.77083999999999,175.26,Southpaw,7.49,3.46,67.0,52%,2.51,42.0,66,1.7
4419,YAIR RODRIGUEZ,cbf5e6f231b55443,Yair Rodriguez,21.0,6.0,0.0,1992-10-06,180.34,65.77083999999999,180.34,Orthodox,4.33,3.13,45.0,57%,0.9,29.0,63%,0.9
4420,YAMATO NISHIKAWA,7beecbe0a08cf002,Yamato Nishikawa,0.0,0.0,0.0,2002-12-06,170.18,,,Orthodox,,,,,,,,
4421,YAN CABRAL,7cdd3e5d3aa9cb39,Yan Cabral,13.0,3.0,0.0,1983-05-13,180.34,70.30676,185.42,Orthodox,2.02,1.98,47.0,62%,2.89,35.0,37%,1.2
4422,YAN PELLERIN,bfe95ec546692b13,Yan Pellerin,0.0,0.0,0.0,1980-03-20,180.34,,,Orthodox,0.59,0.89,25.0,66%,4.43,100.0,0%,0.0
4423,YAN QIHUI,5c9c2e247c836b67,Yan Qihui,0.0,0.0,0.0,1996-10-21,160.02,,157.48,Orthodox,,,,,,,,
4424,YAN XIAONAN,c41d426cc7326d1b,Yan Xiaonan,19.0,5.0,0.0,1989-06-16,165.1,52.16308,160.02,Orthodox,6.42,3.63,42.0,63%,1.0,75.0,75%,0.0
4425,YANA KUNITSKAYA,665e0a864faa98f0,Yana Kunitskaya,0.0,0.0,0.0,1989-11-11,,,172.72,Orthodox,4.22,2.62,57.0,51%,1.62,53.0,50%,0.2
4426,YANA SANTOS,3143bf892608139a,Yana Santos,16.0,8.0,0.0,1989-11-11,167.64,61.23492,172.72,Orthodox,4.42,3.07,58.0,52%,0.87,50.0,53,0.1
4427,YANAL ASHMOUZ,c739c2995a275314,Yanal Ashmouz,8.0,2.0,0.0,1995-03-31,175.26,70.30676,175.26,Orthodox,2.88,4.78,50.0,50%,3.24,38.0,64,0.0
4428,YANCY MEDEIROS,813550bc53b15fb0,Yancy Medeiros,15.0,8.0,0.0,1987-09-07,177.8,70.30676,190.5,Orthodox,4.05,5.38,35.0,46%,0.12,25.0,76%,0.5
4429,YANIS GHEMMOURI,eb70e786bbdf1d16,Yanis Ghemmouri,12.0,3.0,0.0,1995-01-24,175.26,61.23492,175.26,Orthodox,2.29,5.14,38.0,35%,0.0,0.0,0,0.0
4430,YAO ZHIKUI,5ea918ea81b7dee2,Yao Zhikui,2.0,4.0,0.0,1991-02-07,165.1,56.699,162.56,Orthodox,1.44,2.82,21.0,48%,0.66,16.0,58%,0.0
4431,YAOTZIN MEZA,3623bd267a2eef2e,Yaotzin Meza,21.0,11.0,0.0,1981-02-04,175.26,65.77083999999999,180.34,Orthodox,1.43,1.62,41.0,64%,1.06,20.0,18%,1.4
4432,YAROSLAV AMOSOV,f139d6836efd43dd,Yaroslav Amosov,0.0,0.0,0.0,1993-09-09,180.34,83.91452,190.5,Orthodox,2.65,1.38,53.0,60%,11.11,53.0,0%,3.2
4433,YASUHIRO URUSHITANI,c34e5849184b08c3,Yasuhiro Urushitani,21.0,8.0,6.0,1976-09-08,165.1,56.699,,Southpaw,3.47,4.71,39.0,65%,0.0,0.0,80%,0.0
4434,YASUHITO NAMEKAWA,6083f497c22cc075,Yasuhito Namekawa,0.0,0.0,0.0,1974-10-27,175.26,,,Orthodox,0.14,3.65,50.0,38%,2.11,25.0,0%,4.2
4435,YAZAN HAJEH,4955c524c2a71469,Yazan Hajeh,0.0,0.0,0.0,1992-09-04,175.26,,,Orthodox,1.54,17.44,25.0,44%,0.0,0.0,100%,0.0
4436,YAZMIN JAUREGUI,40cb680ae1cd331f,Yazmin Jauregui,11.0,2.0,0.0,1999-02-28,160.02,52.16308,162.56,Orthodox,6.64,5.25,39.0,54%,0.0,0.0,100,0.0
4437,YEDAM SEO,762572d67204fadb,YeDam Seo,0.0,0.0,0.0,1992-03-20,160.02,,160.02,Orthodox,,,,,,,,
4438,YI SAK LEE,e6666480a830f764,Yi Sak Lee,0.0,0.0,0.0,2000-01-01,,,,,,,,,,,,
4439,YIBUGELE,cc2fcae2c0dc501d,Yibugele,0.0,0.0,0.0,1989-11-13,170.18,,175.26,Southpaw,,,,,,,,
4440,YIN SHUAI,a78dc3910554dbae,Yin Shuai,0.0,0.0,0.0,1997-01-01,165.1,,167.64,Southpaw,,,,,,,,
4441,YISAK LEE,5e2e079ac258ae0f,YISAK LEE,0.0,0.0,0.0,2000-01-01,184.14999999999998,83.91452,182.88,Orthodox,2.73,5.73,40.0,47%,0.0,0.0,0%,0.0
4442,YIZHA,3f11fd1751fa83b1,Yizha,26.0,5.0,0.0,1997-01-08,170.18,65.77083999999999,180.34,Orthodox,2.97,2.81,45.0,47%,3.51,30.0,54,1.1
4443,YOEL ROMERO,f77c68bb4be8516d,Yoel Romero,13.0,5.0,0.0,1977-04-30,182.88,83.91452,185.42,Southpaw,3.44,3.05,49.0,60%,1.57,30.0,78%,0.0
4444,YOHAN BANKS,c50ea21fe9ef478d,Yohan Banks,0.0,0.0,0.0,,,,,,0.0,0.0,0.0,0%,0.0,0.0,0%,0.0
4445,YOHAN LAINESSE,f998f5c102250d6e,Yohan Lainesse,9.0,3.0,0.0,1992-08-14,185.42,77.11064,193.04,Orthodox,2.22,3.38,41.0,58%,0.94,28.0,72,0.5
4446,YOISLANDY IZQUIERDO,afc2a7ce0c763bd5,Yoislandy Izquierdo,10.0,4.0,0.0,1984-01-09,180.34,70.30676,,Southpaw,2.93,1.4,52.0,26%,0.0,0.0,50%,0.0
4447,YOJI ANJO,e06fd1260ac865a7,Yoji Anjo,0.0,5.0,1.0,1967-03-28,180.34,92.98636,,Orthodox,0.0,3.13,0.0,25%,0.0,0.0,0%,0.0
4448,YOKO TAKAHASHI,01f86e2d604e2f3c,Yoko Takahashi,0.0,0.0,0.0,1973-04-20,172.72,,,,5.11,8.78,54.0,48%,0.0,0.0,0%,0.0
4449,YOKTHAI SITHOAR,436cdea7bdfdc016,Yokthai Sithoar,0.0,0.0,0.0,1974-12-25,170.18,,,,0.0,0.0,0.0,0%,0.0,0.0,0%,0.0
4450,YORGAN DE CASTRO,1eff7bc0f815b270,Yorgan De Castro,6.0,3.0,0.0,1986-12-19,182.88,113.398,187.96,Orthodox,2.61,3.9,44.0,55%,0.0,0.0,75%,0.0
4451,YOSDENIS CEDENO,3e61082025db8137,Yosdenis Cedeno,10.0,6.0,1.0,1985-02-12,172.72,70.30676,175.26,Orthodox,1.64,1.6,29.0,67%,0.0,0.0,31%,0.3
4452,YOSHIAKI YATSU,620be7e0712d431b,Yoshiaki Yatsu,0.0,0.0,0.0,1956-07-19,185.42,,,Orthodox,0.0,5.57,0.0,48%,0.0,0.0,0%,0.0
4453,YOSHIHIRO AKIYAMA,b0550072e5f0afa7,Yoshihiro Akiyama,14.0,6.0,0.0,1975-07-29,177.8,77.11064,190.5,Orthodox,3.1,3.62,41.0,57%,2.29,67.0,92%,1.0
4454,YOSHIHIRO NAKAO,e18012194473e8b0,Yoshihiro Nakao,0.0,0.0,0.0,1972-06-25,182.88,,,Southpaw,1.73,2.06,35.0,64%,2.69,46.0,0%,0.5
4455,YOSHIHIRO TAKAYAMA,d856a0080ac09ed7,Yoshihiro Takayama,0.0,0.0,0.0,1968-09-19,195.58,,,Orthodox,3.4,5.69,54.0,29%,0.67,33.0,55%,0.0
4456,YOSHIHISA YAMAMOTO,eed2b71d77d95416,Yoshihisa Yamamoto,0.0,0.0,0.0,1970-07-04,187.96,,,Southpaw,1.65,3.05,38.0,53%,1.0,20.0,50%,0.6
4457,YOSHIKI TAKAHASHI,6420efac0578988b,Yoshiki Takahashi,30.0,27.0,3.0,1969-03-13,180.34,90.264808,,Southpaw,2.26,6.47,51.0,44%,0.0,0.0,66%,2.3
4458,YOSHINORI HORIE,3fa7688bfe48a493,Yoshinori Horie,8.0,2.0,0.0,1995-05-10,172.72,65.77083999999999,177.8,Orthodox,2.76,5.65,49.0,48%,0.0,0.0,0%,0.0
4459,YOSHIRO MAEDA,a4bf17bd3ba3423b,Yoshiro Maeda,0.0,0.0,0.0,1981-10-31,170.18,,172.72,Southpaw,2.36,2.55,33.0,63%,2.93,51.0,50%,0.7
4460,YOSHIYUKI YOSHIDA,ab8900ae1f1dfd4c,Yoshiyuki Yoshida,18.0,9.0,0.0,1974-05-10,180.34,77.11064,177.8,Southpaw,0.85,3.67,36.0,36%,1.41,28.0,25%,2.8
4461,YOSUKE NISHIJIMA,5cde96e0a1a1fffe,Yosuke Nishijima,0.0,0.0,0.0,1973-05-15,175.26,,,Orthodox,1.72,5.59,37.0,56%,0.0,0.0,0%,0.0
4462,YOUMIN SHIN,b94ac19bad67a389,Youmin Shin,0.0,0.0,0.0,,,,,,,,,,,,,
4463,YOUNG HWANG,8588d14c4952b9fa,Young Hwang,0.0,0.0,0.0,1988-09-02,175.26,,,,,,,,,,,
4464,YOUNG SAM JUNG,13104eaed3ae96c3,Young Sam Jung,0.0,0.0,0.0,1985-10-27,172.72,,,Orthodox,0.53,2.79,9.0,63%,0.0,0.0,0%,2.0
4465,YOUNGJAE SONG,0efb0d4ebb950fcb,YoungJae Song,0.0,0.0,0.0,1996-01-03,170.18,,177.8,Orthodox,,,,,,,,
4466,YOUSRI BELGAROUI,7674b836ce0698a0,Yousri Belgaroui,0.0,0.0,0.0,1992-06-02,195.58,83.91452,200.66,Orthodox,,,,,,,,
4467,YOUSSEF ZALAL,52c2ae6d2f2d2613,Youssef Zalal,17.0,5.0,1.0,1996-09-04,177.8,65.77083999999999,182.88,Switch,2.78,1.79,50.0,64%,1.84,31.0,55%,1.3
4468,YUDI CAHYADI,8c457cf7da551d4b,Yudi Cahyadi,0.0,0.0,0.0,1992-04-01,,,,,,,,,,,,
4469,YUELE HUANG,1c8b9f4d89b92e1b,Yuele Huang,0.0,0.0,0.0,2000-07-04,,,,,,,,,,,,
4470,YUHI SANO,4c12aa7ca246e7a4,Yuhi Sano,0.0,0.0,0.0,1965-02-02,180.34,,,Orthodox,0.0,0.0,0.0,0%,0.0,0.0,0%,0.0
4471,YUI CHUL NAM,a00ec21cfbba17b6,Yui Chul Nam,18.0,8.0,1.0,1981-07-16,175.26,65.77083999999999,,Orthodox,3.53,2.0,51.0,48%,1.33,16.0,57%,0.3
4472,YUITO YANAGAWA,7c592bf20095fd17,Yuito Yanagawa,0.0,0.0,0.0,2000-10-16,,,,,,,,,,,,
4473,YUJI EPHOEVI-GA,919fc4bc3edf4de7,Yuji Ephoevi-Ga,0.0,0.0,0.0,1999-10-19,182.88,,190.5,Switch,,,,,,,,
4474,YUJI HISAMATSU,8332a607df696345,Yuji Hisamatsu,0.0,0.0,0.0,1971-09-18,177.8,,,,0.0,0.0,0.0,0%,0.0,0.0,0%,0.0
4475,YUJI NAGATA,e49c2db95e572dc8,Yuji Nagata,0.0,0.0,0.0,1968-04-24,182.88,,,Orthodox,1.45,14.46,40.0,4%,0.0,0.0,0%,0.0
4476,YUKI ISHIKAWA,119ebea97e914dcf,Yuki Ishikawa,0.0,0.0,0.0,1967-02-08,180.34,,,Orthodox,1.07,8.57,28.0,11%,0.0,0.0,50%,0.0
4477,YUKI KONDO,1fe7adb23b3eedfb,Yuki Kondo,60.0,33.0,9.0,1975-07-17,180.34,83.007336,,Southpaw,1.14,2.57,42.0,51%,0.76,41.0,37%,0.5
4478,YUKI SASAKI,e5c38954c006f15c,Yuki Sasaki,25.0,22.0,2.0,1976-09-12,187.96,83.91452,,Orthodox,1.09,1.2,43.0,57%,0.43,100.0,66%,0.0
4479,YUKIO SAKAGUCHI,94a5aaf573f780ad,Yukio Sakaguchi,0.0,0.0,0.0,1973-07-26,175.26,,,Orthodox,0.3,2.4,25.0,50%,4.5,100.0,0%,9.0
4480,YUKIYA NAITO,7be328bb3c2ea22e,Yukiya Naito,0.0,0.0,0.0,1977-02-28,185.42,,,Orthodox,1.54,5.13,33.0,60%,0.0,0.0,0%,0.0
4481,YUMA HORIUCHI,f6c1ce7cfd600662,Yuma Horiuchi,0.0,0.0,0.0,1997-09-22,167.64,,170.18,Switch,,,,,,,,
4482,YUNEISY DUBEN,c3d2b9bcb4cead6b,Yuneisy Duben,6.0,1.0,0.0,1996-07-08,162.56,56.699,165.1,Orthodox,5.65,5.31,52.0,42%,1.68,50.0,50%,0.0
4483,YUNOSUKE MINAMI,9f2c07bd65fde55c,Yunosuke Minami,0.0,0.0,0.0,2000-09-10,,,,,,,,,,,,
4484,YUNSEONG JANG,c7b0081edfef4bc7,YunSeong Jang,0.0,0.0,0.0,2002-11-04,182.88,,182.88,Orthodox,,,,,,,,
4485,YURA NAITO,50c469e0cb73be10,Yura Naito,0.0,0.0,0.0,1996-04-26,182.88,,187.96,Orthodox,,,,,,,,
4486,YURI PANFEROV,36d811b015635b67,Yuri Panferov,0.0,0.0,0.0,1996-08-30,185.42,,182.88,Orthodox,,,,,,,,
4487,YURI VAULIN,4679a38cced7c64a,Yuri Vaulin,0.0,1.0,0.0,1963-09-13,193.04,89.357624,,Southpaw,0.0,0.0,0.0,0%,0.0,0.0,0%,0.0
4488,YURI VILLEFORT,0fb1e2694a39a02f,Yuri Villefort,10.0,5.0,0.0,1991-03-23,182.88,77.11064,185.42,Orthodox,3.18,5.42,43.0,55%,2.0,35.0,40%,0.3
4489,YURIJ KISELIOV,51d2aaaca56e5b40,Yurij Kiseliov,0.0,0.0,0.0,,172.72,,,Orthodox,4.88,0.0,87.0,0%,0.0,0.0,50%,0.0
4490,YUSAKU KINOSHITA,21b5c82c1b89dab1,Yusaku Kinoshita,6.0,3.0,0.0,2000-08-21,182.88,77.11064,180.34,Southpaw,4.65,5.12,50.0,51%,0.0,0.0,50,0.0
4491,YUSAKU NAKAMURA,03e8df49c4a059ba,Yusaku Nakamura,0.0,0.0,0.0,1986-06-21,165.1,,,,1.72,3.67,45.0,55%,0.0,0.0,83%,0.0
4492,YUSHIN OKAMI,acff437707625fc7,Yushin Okami,34.0,12.0,0.0,1981-07-21,187.96,77.11064,190.5,Southpaw,2.06,2.25,38.0,60%,1.98,39.0,84%,0.5
4493,YUSUKE IMAMURA,2ce6541127b0e232,Yusuke Imamura,0.0,0.0,0.0,1976-08-08,172.72,,,Orthodox,0.18,1.83,50.0,52%,2.75,50.0,0%,0.0
4494,YUSUKE KASUYA,3058888c33149a53,Yusuke Kasuya,9.0,3.0,0.0,1989-11-16,170.18,70.30676,,Southpaw,2.17,4.34,44.0,48%,1.36,33.0,0%,0.0
4495,YUSUKE KAWAGUCHI,fa2320781bfe4f49,Yusuke Kawaguchi,0.0,0.0,0.0,1980-08-14,182.88,,,,2.87,3.93,47.0,50%,0.0,0.0,72%,0.0
4496,YUSUP SAADULAEV,b1669a810fae4220,Yusup Saadulaev,0.0,0.0,0.0,1985-03-31,167.64,,,,0.57,0.96,45.0,66%,5.73,60.0,0%,1.0
4497,YUTA SASAKI,7c3c48cf54a2848e,Yuta Sasaki,21.0,6.0,2.0,1989-10-07,177.8,56.699,180.34,Southpaw,2.16,2.5,41.0,50%,3.03,43.0,41%,1.2
4498,YUYA SHIRAI,a79bfbc01b2264d6,Yuya Shirai,0.0,0.0,0.0,1980-04-02,172.72,,,Orthodox,1.02,4.07,100.0,55%,0.0,0.0,0%,0.0
4499,YVES EDWARDS,5f04e3d58d9ce982,Yves Edwards,42.0,22.0,1.0,1976-09-30,175.26,70.30676,185.42,Southpaw,2.91,2.34,42.0,66%,0.76,53.0,69%,0.7
4500,YVES JABOUIN,b4eeac608fc82f88,Yves Jabouin,20.0,11.0,0.0,1979-05-30,170.18,61.23492,172.72,Orthodox,3.06,2.93,41.0,62%,1.94,60.0,82%,0.1
4501,ZABIT MAGOMEDSHARIPOV,87aa9fb63d6b51a1,Zabit Magomedsharipov,18.0,1.0,0.0,1991-03-01,185.42,65.77083999999999,185.42,Orthodox,4.89,3.0,48.0,64%,5.22,56.0,77%,0.8
4502,ZAC PAUGA,56f7d7ee06be4aab,Zac Pauga,7.0,3.0,0.0,1988-02-25,187.96,92.98636,193.04,Orthodox,4.46,2.73,62.0,58%,0.38,7.0,100,0.0
4503,ZACH LIGHT,5d7c18191b8aa432,Zach Light,9.0,11.0,0.0,1974-02-06,172.72,77.11064,,Orthodox,0.81,1.9,33.0,48%,1.36,100.0,0%,0.0
4504,ZACH MAKOVSKY,57ab4d7c0bc09a30,Zach Makovsky,20.0,8.0,0.0,1983-04-19,162.56,56.699,162.56,Southpaw,1.94,2.24,43.0,62%,3.71,30.0,56%,0.3
4505,ZACH ROSOL,208b6926916867c7,Zach Rosol,0.0,0.0,0.0,1989-10-17,,,,,0.0,14.21,0.0,25%,0.0,0.0,0%,0.0
4506,ZACH SKINNER,c337c3c85b1871e0,Zach Skinner,0.0,0.0,0.0,,167.64,,,Orthodox,0.53,2.4,50.0,32%,5.0,27.0,100%,1.0
4507,ZACH UNDERWOOD,1e310618d02ff93b,Zach Underwood,0.0,0.0,0.0,,187.96,,,,0.0,0.0,0.0,0%,0.0,0.0,0%,0.0
4508,ZACH ZANE,cc3878d1ab41a5fa,Zach Zane,0.0,0.0,0.0,1989-12-14,170.18,,175.26,Southpaw,0.87,6.67,56.0,20%,0.0,0.0,26%,0.0
4509,ZACHARY BORREGO,b8fdb2903a2582a8,Zachary Borrego,0.0,0.0,0.0,1996-07-18,187.96,,198.12,Switch,,,,,,,,
4510,ZACHARY MICKLEWRIGHT,a36a14985a57a1c6,Zachary Micklewright,0.0,0.0,0.0,1976-08-21,182.88,,187.96,Southpaw,5.56,4.72,53.0,54%,0.7,12.0,100%,0.0
4511,ZACH REESE,23dec7c47cb418f8,Zachary Reese,9.0,2.0,0.0,1994-03-24,193.04,83.91452,195.58,Switch,4.28,2.99,54.0,43%,2.88,58.0,57,1.2
4512,ZACHARY SCROGGIN,03dee485905dbc9f,Zachary Scroggin,7.0,1.0,0.0,1996-03-09,190.5,77.11064,187.96,Orthodox,2.4,8.8,37.0,68%,0.0,0.0,0,0.0
4513,ZAK BUCIA,6bbb8dc6e128779e,Zak Bucia,0.0,0.0,0.0,1984-09-27,177.8,,,,0.0,0.0,0.0,0%,0.0,0.0,0%,0.0
4514,ZAK CUMMINGS,4ba8d454f762005d,Zak Cummings,25.0,7.0,0.0,1984-08-02,182.88,92.98636,190.5,Southpaw,2.58,2.83,32.0,55%,0.68,28.0,65%,0.7
4515,ZAK OTTOW,47cd337b86b1af92,Zak Ottow,17.0,7.0,0.0,1986-12-22,180.34,77.11064,182.88,Orthodox,2.63,2.73,36.0,58%,0.97,29.0,57%,0.4
4516,ZANE FRAZIER,d3711d3784b76255,Zane Frazier,4.0,11.0,0.0,1966-07-16,195.58,113.398,,Orthodox,0.0,0.0,0.0,0%,0.0,0.0,0%,0.0
4517,ZARAH FAIRN,862b0b3375aa4b6e,Zarah Fairn,6.0,6.0,0.0,1983-12-10,172.72,61.23492,182.88,Orthodox,1.98,6.61,45.0,39%,0.0,0.0,50%,0.0
4518,ZARRUKH ADASHEV,79cb2a690b9ba5e8,Zarrukh Adashev,4.0,4.0,0.0,1992-07-29,165.1,56.699,165.1,Southpaw,1.93,3.35,23.0,60%,0.0,0.0,0%,0.0
4519,ZELG GALESIC,8a1b4330c7957961,Zelg Galesic,0.0,0.0,0.0,1979-02-16,187.96,,,Orthodox,4.86,0.61,62.0,66%,1.3,100.0,20%,1.3
4520,ZELIM IMADAEV,7f0f171414d0a287,Zelim Imadaev,8.0,3.0,0.0,1995-01-25,182.88,77.11064,193.04,Orthodox,2.91,4.35,36.0,43%,0.38,50.0,60%,0.0
4521,ZHALGAS ZHUMAGULOV,55fa6ce3e522c8bb,Zhalgas Zhumagulov,14.0,9.0,0.0,1988-08-29,162.56,56.699,167.64,Switch,4.17,4.0,49.0,58%,1.5,21.0,33%,0.0
4522,ZHANG LIPENG,7b310409440c9102,Zhang Lipeng,23.0,9.0,1.0,1990-03-10,180.34,70.30676,180.34,Southpaw,1.28,1.88,48.0,53%,1.75,30.0,69%,0.8
4523,ZHANG MINGYANG,8a65fd9ba31fd3f7,Zhang Mingyang,19.0,7.0,0.0,1998-08-16,187.96,92.98636,190.5,Orthodox,7.01,5.55,58.0,43%,0.0,0.0,75%,0.0
4524,ZHANG QINGHE,45c7979c71751fcf,Zhang Qinghe,0.0,0.0,0.0,2001-11-05,170.18,,170.18,Southpaw,,,,,,,,
4525,ZHANG TIEQUAN,c23e3d4875340d8d,Zhang Tiequan,15.0,4.0,0.0,1978-07-25,172.72,70.30676,175.26,Orthodox,1.23,2.14,36.0,51%,1.95,58.0,75%,3.4
4526,ZHANG WEILI,1ebe20ebbfa15e29,Zhang Weili,26.0,3.0,0.0,1989-08-13,162.56,52.16308,160.02,Switch,6.38,4.43,45.0,53%,1.26,23.0,100%,0.5
4527,ZHANG ZHENYANG,286e1d61fb315355,Zhang Zhenyang,0.0,0.0,0.0,,,,,,,,,,,,,
4528,ZHOU KUN,d027fff39a34a9df,Zhou Kun,0.0,0.0,0.0,,,,,,,,,,,,,
4529,ZHU KANGJIE,6f4ec5aa3eced219,Zhu Kangjie,0.0,0.0,0.0,1996-01-16,172.72,65.77083999999999,177.8,Orthodox,2.93,1.64,48.0,66%,0.32,100.0,50%,0.0
4530,ZOILA FRAUSTO,040d3b4c735541aa,Zoila Frausto,0.0,0.0,0.0,1983-12-10,162.56,,,Orthodox,0.77,1.64,31.0,53%,0.0,0.0,57%,0.0
4531,ZUBAIRA TUKHUGOV,aceffa19749c4dc0,Zubaira Tukhugov,20.0,6.0,1.0,1991-01-15,172.72,70.30676,172.72,Orthodox,2.54,2.53,38.0,63%,2.54,46.0,100%,0.0
4532,ZVIAD LAZISHVILI,41498c2d1a87b154,Zviad Lazishvili,13.0,1.0,0.0,1991-10-25,167.64,61.23492,175.26,Orthodox,4.2,6.13,39.0,51%,0.0,0.0,0,0.0
4533,ZYGIMANTAS RAMASKA,641ca2c2ed91b93c,Zygimantas Ramaska,9.0,3.0,0.0,1996-12-27,180.34,65.77083999999999,180.34,Orthodox,0.96,2.25,60.0,30%,0.0,0.0,33,2.4
4534,TYRELL FORTUNE,641ca2c2ed91b10d,Tyrell Fortune,18.0,4.0,0.0,1990-07-04,187.96,117.026736,190.5,Orthodox,,,,,,,,
