,fighter_key,fighter_id,fighter_name,nick_name,wins,losses,draws,height,weight,reach,stance,date_of_birth,height_cm,weight_lbs,reach_inches,reach_cm,url,slpm,str_acc,str_acc_num,sapm,str_def,takedowns_avg,takedowns_acc,takedowns_acc_num,takedowns_def,sub_avg,source_match,weight_original,weight_lbs_original,peso_fonte,peso_fonte_url,peso_tipo,peso_data_referencia,peso_status,peso_campos_preenchidos,peso_observacao,peso_consulta_em,peso_fontes_consultadas,date_of_birth_original,nascimento_fonte,nascimento_fonte_url,nascimento_status,nascimento_observacao,nascimento_nome_na_fonte,nascimento_consulta_em,nascimento_fontes_consultadas,nascimento_primeira_luta_base
5,AARON MILLER,a4d055f1435d6d75,Aaron Miller,,,,,"5' 9""",145 lbs.,,,1980-05-23,175.26,145.0,,,http://ufcstats.com/fighter-details/a4d055f1435d6d75,0.0,0%,0.0,0.0,0%,0.0,0%,0.0,0%,0.0,"fighter_tott, raw_fighter_details",145 lbs.,145.0,,,,,,,,,,,Sherdog,https://www.sherdog.com/fighter/Aaron-Miller-23570,preenchido_verificado,Data completa explicitamente publicada no perfil citado. Correspondência por nome; altura compatível; peso compatível.,Aaron Miller,2026-10-08,https://www.sherdog.com/fighter/Aaron-Miller-23570,
12,AARON TRUJILLO,cc18abc046b382c9,Aaron Trujillo,,,,,"5' 5""",125 lbs.,,,,165.1,125.0,,,http://ufcstats.com/fighter-details/cc18abc046b382c9,0.0,0%,0.0,0.0,0%,0.0,0%,0.0,0%,0.0,"fighter_tott, raw_fighter_details",125 lbs.,125.0,,,,,,,,,,,,,nao_preenchido_data_completa_nao_encontrada,Não foi localizada data de nascimento completa em perfil correspondente. Idade ou ano isolado não foram usados para estimar a data.,,2026-10-08,,
13,AARON WETHERSPOON,1ce7998e0a215caa,Aaron Wetherspoon,,,,,,170 lbs.,,,1978-07-21,,170.0,,,http://ufcstats.com/fighter-details/1ce7998e0a215caa,2.27,32%,32.0,4.33,45%,0.0,0%,0.0,77%,0.0,"fighter_tott, raw_fighter_details",170 lbs.,170.0,,,,,,,,,,,Sherdog,https://www.sherdog.com/fighter/Aaron-Wetherspoon-12517,preenchido_verificado,Data completa explicitamente publicada no perfil citado. Correspondência por nome; peso compatível.,Aaron Wetherspoon,2026-10-08,https://www.sherdog.com/fighter/Aaron-Wetherspoon-12517,
16,ABDUL AZEEM BADAKHSHI,968764372c49eab6,Abdul Azeem Badakhshi,,,,,,145 lbs.,,,,,145.0,,,http://ufcstats.com/fighter-details/968764372c49eab6,,,,,,,,,,,fighter_tott,145 lbs.,145.0,,,,,,,,,,,,,nao_preenchido_data_completa_nao_encontrada,Não foi localizada data de nascimento completa em perfil correspondente. Idade ou ano isolado não foram usados para estimar a data.,,2026-10-08,,
24,ABONGO HUMPHREY,cb1b4d237b0079e6,Abongo Humphrey,,,,,"5' 11""",205 lbs.,,Orthodox,1977-05-27,180.34,205.0,,,http://ufcstats.com/fighter-details/cb1b4d237b0079e6,1.45,40%,40.0,3.83,46%,1.41,37%,37.0,33%,3.8,"fighter_tott, raw_fighter_details",205 lbs.,205.0,,,,,,,,,,,Sherdog,https://www.sherdog.com/fighter/Ron-Humphrey-8154,preenchido_verificado,Data completa explicitamente publicada no perfil citado. Correspondência por nome; altura compatível; peso compatível. Variante do nome: Ron Humphrey.,Ron Humphrey,2026-10-08,https://www.sherdog.com/fighter/Ron-Humphrey-8154,
40,ADAM LYNN,edfe95e3c33a4bf8,Adam Lynn,,,,,"5' 10""",155 lbs.,,Orthodox,1977-11-16,177.8,155.0,,,http://ufcstats.com/fighter-details/edfe95e3c33a4bf8,1.47,63%,63.0,6.95,10%,0.0,0%,0.0,50%,0.0,"fighter_tott, raw_fighter_details",155 lbs.,155.0,,,,,,,,,,,Sherdog,https://www.sherdog.com/fighter/Adam-Lynn-3604,preenchido_verificado,Data completa explicitamente publicada no perfil citado. Correspondência por nome; altura compatível; peso compatível.,Adam Lynn,2026-10-08,https://www.sherdog.com/fighter/Adam-Lynn-3604,
41,ADAM MEREDITH,c1135a6892e916db,Adam Meredith,,,,,"6' 2""",170 lbs.,,,1987-12-07,187.96,170.0,,,http://ufcstats.com/fighter-details/c1135a6892e916db,2.63,50%,50.0,2.11,55%,7.89,100%,100.0,100%,7.9,"fighter_tott, raw_fighter_details",170 lbs.,170.0,,,,,,,,,,,Sherdog,https://www.sherdog.com/fighter/Adam-Meredith-57212,preenchido_verificado,Data completa explicitamente publicada no perfil citado. Correspondência por nome; altura compatível; peso compatível.,Adam Meredith,2026-10-08,https://www.sherdog.com/fighter/Adam-Meredith-57212,
45,ADAM SMITH,754968e325d6f60d,Adam Smith,,,,,,,,,,,,,,http://ufcstats.com/fighter-details/754968e325d6f60d,0.0,0%,0.0,0.0,0%,0.0,0%,0.0,0%,0.0,"fighter_tott, raw_fighter_details",,,,,,,nao_preenchido_identidade_ambigua,,ESPN associa dados e históricos divergentes ao nome; pesagem histórica de 209 lbs não vinculada com segurança ao fighter_id.,2026-10-07,https://www.espn.com/mma/fighter/_/id/2951450/adam-smith,,,,nao_preenchido_identidade_ambigua,Há perfis homônimos com datas diferentes; não foi possível confirmar qual corresponde ao registro original.,,2026-10-08,https://www.sherdog.com/fighter/Adam-Smith-496557 | https://www.sherdog.com/fighter/Adam-Smith-384677 | https://www.sherdog.com/fighter/Adam-Smith-25024 | https://www.sherdog.com/fighter/Adam-Smith-77975,
46,ADAM STEELE,16044bd8762cf794,Adam Steele,,,,,,170 lbs.,,,,,170.0,,,http://ufcstats.com/fighter-details/16044bd8762cf794,0.0,0%,0.0,0.0,0%,0.0,0%,0.0,0%,0.0,"fighter_tott, raw_fighter_details",170 lbs.,170.0,,,,,,,,,,,,,nao_preenchido_data_completa_nao_encontrada,Não foi localizada data de nascimento completa em perfil correspondente. Idade ou ano isolado não foram usados para estimar a data.,,2026-10-08,,
58,ADRIANO SANTOS,c6e6926a81adcd00,Adriano Santos,,0.0,1.0,0.0,,,,,,,,,,http://ufcstats.com/fighter-details/c6e6926a81adcd00,0.0,0%,0.0,0.0,0%,0.0,0%,0.0,0%,0.0,"fighter_tott, raw_fighter_details, ufc_dataset",,,,,,,nao_preenchido_sem_peso_verificavel,,Atleta do UFC Brazil 1998; perfis pertinentes informam peso 0 ou ausente. Homônimos de outras categorias descartados.,2026-10-07,https://www.sherdog.com/fighter/Adriano-Santos-206,,,,nao_preenchido_data_completa_nao_encontrada,Não foi localizada data de nascimento completa em perfil correspondente. Idade ou ano isolado não foram usados para estimar a data.,,2026-10-08,,1998-10-16
61,AHEJIANG AILINUER,ff584c17bccbae0b,Ahejiang Ailinuer,,,,,,145 lbs.,,,,,145.0,,,http://ufcstats.com/fighter-details/ff584c17bccbae0b,,,,,,,,,,,fighter_tott,145 lbs.,145.0,,,,,,,,,,,,,nao_preenchido_data_completa_nao_encontrada,Não foi localizada data de nascimento completa em perfil correspondente. Idade ou ano isolado não foram usados para estimar a data.,,2026-10-08,,
65,AILIYA MURATBEK,9b6dcc335ad03696,Ailiya Muratbek,,,,,,155 lbs.,,,,,155.0,,,http://ufcstats.com/fighter-details/9b6dcc335ad03696,,,,,,,,,,,fighter_tott,155 lbs.,155.0,,,,,,,,,,,,,nao_preenchido_data_completa_nao_encontrada,Não foi localizada data de nascimento completa em perfil correspondente. Idade ou ano isolado não foram usados para estimar a data.,,2026-10-08,,
70,AJ FONSECA,0adf1aacda5e26ac,AJ Fonseca,,,,,"5' 4""",145 lbs.,,,,162.56,145.0,,,http://ufcstats.com/fighter-details/0adf1aacda5e26ac,0.0,0%,0.0,0.0,0%,0.0,0%,0.0,0%,0.0,"fighter_tott, raw_fighter_details",145 lbs.,145.0,,,,,,,,,,,,,nao_preenchido_data_completa_nao_encontrada,Não foi localizada data de nascimento completa em perfil correspondente. Idade ou ano isolado não foram usados para estimar a data.,,2026-10-08,,
71,AJ MATTHEWS,18e4f61f16f458c6,AJ Matthews,,,,,"5' 11""",185 lbs.,,,1988-01-23,180.34,185.0,,,http://ufcstats.com/fighter-details/18e4f61f16f458c6,5.11,52%,52.0,4.96,51%,0.0,0%,0.0,100%,0.0,"fighter_tott, raw_fighter_details",185 lbs.,185.0,,,,,,,,,,,Tapology,https://www.tapology.com/fightcenter/fighters/aj-matthews,preenchido_verificado,Data completa explicitamente publicada no perfil citado. Correspondência por nome; altura compatível; peso compatível.,AJ Matthews,2026-10-08,https://www.tapology.com/fightcenter/fighters/aj-matthews,
72,AJ MCKEE,f3ec0214794a699e,AJ McKee,,,,,"5' 10""",145 lbs.,,,1995-04-07,177.8,145.0,,,http://ufcstats.com/fighter-details/f3ec0214794a699e,2.75,32%,32.0,0.92,80%,11.01,100%,100.0,100%,11.0,"fighter_tott, raw_fighter_details",145 lbs.,145.0,,,,,,,,,,,Tapology,https://www.tapology.com/fightcenter/fighters/69323-antonio-mckee-jr,preenchido_verificado,Data completa explicitamente publicada no perfil citado. Correspondência por nome; altura compatível; peso compatível.,AJ McKee Jr.,2026-10-08,https://www.tapology.com/fightcenter/fighters/69323-antonio-mckee-jr,
73,AJ SISCOE,fce9b4056a8ef559,AJ Siscoe,,,,,"5' 7""",135 lbs.,,,1990-09-20,170.18,135.0,,,http://ufcstats.com/fighter-details/fce9b4056a8ef559,0.0,0%,0.0,0.0,0%,0.0,0%,0.0,0%,0.0,"fighter_tott, raw_fighter_details",135 lbs.,135.0,,,,,,,,,,,Tapology,https://www.tapology.com/fightcenter/fighters/60395-aj-siscoe,preenchido_verificado,Data completa explicitamente publicada no perfil citado. Correspondência por nome.,AJ Siscoe,2026-10-08,https://www.tapology.com/fightcenter/fighters/60395-aj-siscoe,
74,AJI SUSILO,22af3546bd967280,Aji Susilo,,,,,"5' 10""",155 lbs.,,,1974-12-25,177.8,155.0,,,http://ufcstats.com/fighter-details/22af3546bd967280,0.0,0%,0.0,0.0,0%,0.0,0%,0.0,0%,0.0,"fighter_tott, raw_fighter_details",155 lbs.,155.0,,,,,,,,,,,Sherdog,https://www.sherdog.com/fighter/Aji-Susilo-5566,preenchido_verificado,Data completa explicitamente publicada no perfil citado. Correspondência por nome; altura compatível; peso compatível.,Aji Susilo,2026-10-08,https://www.sherdog.com/fighter/Aji-Susilo-5566,
77,AKIHITO TANAKA,1bf49bf829964144,Akihito Tanaka,,,,,,205 lbs.,,Southpaw,1983-03-09,,205.0,,,http://ufcstats.com/fighter-details/1bf49bf829964144,0.19,50%,50.0,2.05,38%,5.59,66%,66.0,0%,0.0,"fighter_tott, raw_fighter_details",,,Sherdog,https://www.sherdog.com/fighter/Akihito-Tanaka-41747,perfil,,preenchido_verificado,weight;weight_lbs,Peso explicitamente informado no perfil; não representa necessariamente o peso atual nem uma pesagem de evento.,2026-10-07,https://www.sherdog.com/fighter/Akihito-Tanaka-41747,,Sherdog,https://www.sherdog.com/fighter/Akihito-Tanaka-41747,preenchido_verificado,Data completa explicitamente publicada no perfil citado. Correspondência por nome; peso compatível.,Akihito Tanaka,2026-10-08,https://www.sherdog.com/fighter/Akihito-Tanaka-41747,
88,ALAN GOMEZ,0a66de3a797cf73a,Alan Gomez,,,,,,155 lbs.,,,,,155.0,,,http://ufcstats.com/fighter-details/0a66de3a797cf73a,0.0,0%,0.0,0.0,0%,0.0,0%,0.0,0%,0.0,"fighter_tott, raw_fighter_details",155 lbs.,155.0,,,,,,,,,,,,,nao_preenchido_identidade_ambigua,Há perfis homônimos com datas diferentes; não foi possível confirmar qual corresponde ao registro original.,,2026-10-08,https://www.sherdog.com/fighter/Alan-Gomez-306691 | https://www.sherdog.com/fighter/Alan-Gomez-442313,
98,ALBERT RIOS,868a78f2e810a837,Albert Rios,,,,,"5' 8""",145 lbs.,,,,172.72,145.0,,,http://ufcstats.com/fighter-details/868a78f2e810a837,0.0,0%,0.0,0.0,0%,0.0,0%,0.0,0%,0.0,"fighter_tott, raw_fighter_details",145 lbs.,145.0,,,,,,,,,,,,,nao_preenchido_data_completa_nao_encontrada,Não foi localizada data de nascimento completa em perfil correspondente. Idade ou ano isolado não foram usados para estimar a data.,,2026-10-08,,
101,ALBERTA CERRA LEON,6e02c318762f52f1,Alberta Cerra Leon,,0.0,1.0,0.0,"5' 8""",238 lbs.,,,,172.72,238.0,,,http://ufcstats.com/fighter-details/6e02c318762f52f1,0.0,0%,0.0,0.0,0%,0.0,0%,0.0,0%,0.0,"fighter_tott, raw_fighter_details, ufc_dataset",238 lbs.,238.0,,,,,,,,,,,,,nao_preenchido_data_completa_nao_encontrada,Não foi localizada data de nascimento completa em perfil correspondente. Idade ou ano isolado não foram usados para estimar a data.,,2026-10-08,,1994-03-11
108,ALEJANDRO GARCIA,e5dc36e0aba7e9da,Alejandro Garcia,,,,,"5' 7""",145 lbs.,,,1980-10-20,170.18,145.0,,,http://ufcstats.com/fighter-details/e5dc36e0aba7e9da,1.22,62%,62.0,1.14,65%,8.55,87%,87.0,66%,0.0,"fighter_tott, raw_fighter_details",145 lbs.,145.0,,,,,,,,,,,Sherdog,https://www.sherdog.com/fighter/Alejandro-Garcia-8416,preenchido_verificado,Data completa explicitamente publicada no perfil citado. Correspondência por nome; altura compatível; peso compatível.,Alejandro Garcia,2026-10-08,https://www.sherdog.com/fighter/Alejandro-Garcia-8416,
125,ALEX CRISPIN,8944a0f9b2f0ce6d,Alex Crispin,,,,,,155 lbs.,,,,,155.0,,,http://ufcstats.com/fighter-details/8944a0f9b2f0ce6d,0.0,0%,0.0,0.0,0%,0.0,0%,0.0,0%,0.0,"fighter_tott, raw_fighter_details",155 lbs.,155.0,,,,,,,,,,,,,nao_preenchido_data_completa_nao_encontrada,Não foi localizada data de nascimento completa em perfil correspondente. Idade ou ano isolado não foram usados para estimar a data.,,2026-10-08,,
127,ALEX DUNWORTH,31732a614e7a3d1d,Alex Dunworth,,,,,"5' 8""",155 lbs.,,,,172.72,155.0,,,http://ufcstats.com/fighter-details/31732a614e7a3d1d,1.94,31%,31.0,8.71,35%,0.0,0%,0.0,50%,0.0,"fighter_tott, raw_fighter_details",155 lbs.,155.0,,,,,,,,,,,,,nao_preenchido_data_completa_nao_encontrada,Não foi localizada data de nascimento completa em perfil correspondente. Idade ou ano isolado não foram usados para estimar a data.,,2026-10-08,,
132,ALEX HIGLEY,2af2d675f7d847e3,Alex Higley,,,,,"5' 10""",145 lbs.,,,,177.8,145.0,,,http://ufcstats.com/fighter-details/2af2d675f7d847e3,0.29,100%,100.0,1.74,60%,0.0,0%,0.0,0%,0.0,"fighter_tott, raw_fighter_details",145 lbs.,145.0,,,,,,,,,,,,,nao_preenchido_data_completa_nao_encontrada,Não foi localizada data de nascimento completa em perfil correspondente. Idade ou ano isolado não foram usados para estimar a data.,,2026-10-08,,
134,ALEX HUNTER,baa5358456803df8,Alex Hunter,,2.0,0.0,0.0,"5' 9""",226 lbs.,,Orthodox,,175.26,226.0,,,http://ufcstats.com/fighter-details/baa5358456803df8,0.0,0%,0.0,0.0,0%,0.0,0%,0.0,0%,0.0,"fighter_tott, raw_fighter_details, ufc_dataset",226 lbs.,226.0,,,,,,,,,,,,,nao_preenchido_data_completa_nao_encontrada,Não foi localizada data de nascimento completa em perfil correspondente. Idade ou ano isolado não foram usados para estimar a data.,,2026-10-08,,1997-07-27
146,ALEX STIEBLING,df5a77121ba84a5d,Alex Stiebling,The Brazilian Killa,19.0,11.0,1.0,"6' 2""",205 lbs.,,Southpaw,1976-12-26,187.96,205.0,,,http://ufcstats.com/fighter-details/df5a77121ba84a5d,1.77,42%,42.0,1.45,52%,0.35,66%,66.0,66%,0.7,"fighter_tott, raw_fighter_details, ufc_dataset",205 lbs.,205.0,,,,,,,,,,,Sherdog,https://www.sherdog.com/fighter/Alex-Stiebling-269,preenchido_verificado,Data completa explicitamente publicada no perfil citado. Correspondência por nome; altura compatível; peso compatível.,Alex Stiebling,2026-10-08,https://www.sherdog.com/fighter/Alex-Stiebling-269,2000-11-17
149,ALEX ZUNIGA,02d808afb96669de,Alex Zuniga,,,,,,145 lbs.,,,,,145.0,,,http://ufcstats.com/fighter-details/02d808afb96669de,0.0,0%,0.0,0.0,0%,0.0,0%,0.0,0%,0.0,"fighter_tott, raw_fighter_details",145 lbs.,145.0,,,,,,,,,,,,,nao_preenchido_data_completa_nao_encontrada,Não foi localizada data de nascimento completa em perfil correspondente. Idade ou ano isolado não foram usados para estimar a data.,,2026-10-08,,
151,ALEXANDER CRISPIM,15dedd05f8bcb475,Alexander Crispim,,,,,,145 lbs.,,,1977-04-04,,145.0,,,http://ufcstats.com/fighter-details/15dedd05f8bcb475,0.0,0%,0.0,0.0,0%,0.0,0%,0.0,0%,0.0,"fighter_tott, raw_fighter_details",145 lbs.,145.0,,,,,,,,,,,Sherdog,https://www.sherdog.com/fighter/Alexander-Crispim-18268,preenchido_verificado,Data completa explicitamente publicada no perfil citado. Correspondência por nome; peso compatível.,Alexander Crispim,2026-10-08,https://www.sherdog.com/fighter/Alexander-Crispim-18268,
161,ALEXANDER TREVINO,73abb7a5c57fb443,Alexander Trevino,,,,,,170 lbs.,,,,,170.0,,,http://ufcstats.com/fighter-details/73abb7a5c57fb443,0.0,0%,0.0,0.0,0%,0.0,0%,0.0,0%,0.0,"fighter_tott, raw_fighter_details",170 lbs.,170.0,,,,,,,,,,,,,nao_preenchido_data_completa_nao_encontrada,Não foi localizada data de nascimento completa em perfil correspondente. Idade ou ano isolado não foram usados para estimar a data.,,2026-10-08,,
199,ALVIN CACDAC,ce7871949b0ed2bf,Alvin Cacdac,,,,,"5' 6""",125 lbs.,,Orthodox,,167.64,125.0,,,http://ufcstats.com/fighter-details/ce7871949b0ed2bf,1.21,66%,66.0,0.61,0%,0.0,0%,0.0,0%,0.0,"fighter_tott, raw_fighter_details",125 lbs.,125.0,,,,,,,,,,,,,nao_preenchido_data_completa_nao_encontrada,Não foi localizada data de nascimento completa em perfil correspondente. Idade ou ano isolado não foram usados para estimar a data.,,2026-10-08,,
208,AMAURY BITETTI,7a359ef685a304a7,Amaury Bitetti,,5.0,2.0,0.0,"5' 9""",185 lbs.,,Orthodox,1969-04-14,175.26,185.0,,,http://ufcstats.com/fighter-details/7a359ef685a304a7,0.0,0%,0.0,0.0,0%,0.0,0%,0.0,0%,0.0,"fighter_tott, raw_fighter_details, ufc_dataset",185 lbs.,185.0,,,,,,,,,,,Sherdog,https://www.sherdog.com/fighter/Amaury-Bitetti-135,preenchido_verificado,Data completa explicitamente publicada no perfil citado. Correspondência por nome; altura compatível; peso compatível.,Amaury Bitetti,2026-10-08,https://www.sherdog.com/fighter/Amaury-Bitetti-135,1996-05-17
209,AMBER TACKETT,bb01bc3c57f39b04,Amber Tackett,,,,,,115 lbs.,,,1987-02-06,,115.0,,,http://ufcstats.com/fighter-details/bb01bc3c57f39b04,0.0,0%,0.0,0.0,0%,0.0,0%,0.0,0%,0.0,"fighter_tott, raw_fighter_details",115 lbs.,115.0,,,,,,,,,,,Sherdog,https://www.sherdog.com/fighter/Amber-Tackett-38966,preenchido_verificado,Data completa explicitamente publicada no perfil citado. Correspondência por nome; peso compatível.,Amber Tackett,2026-10-08,https://www.sherdog.com/fighter/Amber-Tackett-38966 | https://www.tapology.com/fightcenter/fighters/17090-amber-tackett,
221,ANDRE AMADO,20821819c401ced8,Andre Amado,,,,,"6' 0""",154 lbs.,,Orthodox,1983-10-09,182.88,154.0,,,http://ufcstats.com/fighter-details/20821819c401ced8,2.27,24%,24.0,5.91,63%,0.0,0%,0.0,20%,0.0,"fighter_tott, raw_fighter_details",154 lbs.,154.0,,,,,,,,,,,Tapology,https://www.tapology.com/fightcenter/fighters/andre-amade-dida,preenchido_verificado,Data completa explicitamente publicada no perfil citado. Correspondência por nome.,Andre Amado,2026-10-08,https://www.sherdog.com/fighter/Andre-Amado-9965 | https://www.tapology.com/fightcenter/fighters/andre-amade-dida,
229,ANDRE MUSSI,d0d43cb9b14f231c,Andre Mussi,,,,,"6' 3""",242 lbs.,,Orthodox,,190.5,242.0,,,http://ufcstats.com/fighter-details/d0d43cb9b14f231c,0.0,0%,0.0,10.59,35%,0.0,0%,0.0,0%,0.0,"fighter_tott, raw_fighter_details",242 lbs.,242.0,,,,,,,,,,,,,nao_preenchido_data_completa_nao_encontrada,Não foi localizada data de nascimento completa em perfil correspondente. Idade ou ano isolado não foram usados para estimar a data.,,2026-10-08,,
233,ANDRE SANTOS,5b5b78116d1fc3eb,Andre Santos,,,,,"6' 0""",170 lbs.,,,1981-01-08,182.88,170.0,,,http://ufcstats.com/fighter-details/5b5b78116d1fc3eb,2.77,34%,34.0,4.17,41%,2.5,29%,29.0,75%,0.0,"fighter_tott, raw_fighter_details",170 lbs.,170.0,,,,,,,,,,,Sherdog,https://www.sherdog.com/fighter/Andre-Santos-21141,preenchido_verificado,Data completa explicitamente publicada no perfil citado. Correspondência por nome; altura compatível; peso compatível.,Andre Santos,2026-10-08,https://www.sherdog.com/fighter/Andre-Santos-190211 | https://www.sherdog.com/fighter/Andre-Santos-169301 | https://www.sherdog.com/fighter/Andre-Santos-21141,
235,ANDRE WALKER,18944a1a6ac1becf,Andre Walker,,,,,"5' 11""",205 lbs.,,Southpaw,1972-11-22,180.34,205.0,,,http://ufcstats.com/fighter-details/18944a1a6ac1becf,2.28,31%,31.0,4.36,34%,0.0,0%,0.0,0%,0.0,"fighter_tott, raw_fighter_details",205 lbs.,205.0,,,,,,,,,,,Sherdog,https://www.sherdog.com/fighter/Andre-Walker-4014,preenchido_verificado,Data completa explicitamente publicada no perfil citado. Correspondência por nome; altura compatível; peso compatível.,Andre Walker,2026-10-08,https://www.sherdog.com/fighter/Andre-Walker-146137 | https://www.sherdog.com/fighter/Andre-Walker-4014,
247,ANDREW MARTINEZ,f8c2aba4815876b5,Andrew Martinez,,,,,"5' 9""",215 lbs.,,,1999-08-21,175.26,215.0,,,http://ufcstats.com/fighter-details/f8c2aba4815876b5,3.4,31%,31.0,2.3,47%,1.5,50%,50.0,0%,0.0,"fighter_tott, raw_fighter_details",215 lbs.,215.0,,,,,,,,,,,Sherdog,https://www.sherdog.com/fighter/Andrew-Martinez-392184,preenchido_verificado,Data completa explicitamente publicada no perfil citado. Correspondência por nome; peso compatível.,Andrew Martinez,2026-10-08,https://www.sherdog.com/fighter/Andrew-Martinez-392184,
248,ANDREW MONTANEZ,72c9c2eadfc3277e,Andrew Montanez,,,,,,185 lbs.,,,,,185.0,,,http://ufcstats.com/fighter-details/72c9c2eadfc3277e,0.0,0%,0.0,0.0,0%,0.0,0%,0.0,0%,0.0,"fighter_tott, raw_fighter_details",185 lbs.,185.0,,,,,,,,,,,,,nao_preenchido_data_completa_nao_encontrada,Não foi localizada data de nascimento completa em perfil correspondente. Idade ou ano isolado não foram usados para estimar a data.,,2026-10-08,,
249,ANDREW RAMM,3b5f2faaa2f2c1f6,Andrew Ramm,,,,,"6' 1""",160 lbs.,,,1984-04-28,185.42,160.0,,,http://ufcstats.com/fighter-details/3b5f2faaa2f2c1f6,0.0,0%,0.0,0.0,0%,0.0,0%,0.0,0%,0.0,"fighter_tott, raw_fighter_details",160 lbs.,160.0,,,,,,,,,,,Tapology,https://www.tapology.com/fightcenter/fighters/37667-andrew-rahm,preenchido_verificado,Data completa explicitamente publicada no perfil citado. Correspondência por nome.,Andrew Ramm,2026-10-08,https://www.tapology.com/fightcenter/fighters/37667-andrew-rahm,
252,ANDREW VALLADEREZ,2a898bf9fb7710b3,Andrew Valladerez,,,,,,135 lbs.,,,1987-06-28,,135.0,,,http://ufcstats.com/fighter-details/2a898bf9fb7710b3,0.0,0%,0.0,0.0,0%,0.0,0%,0.0,0%,0.0,"fighter_tott, raw_fighter_details",135 lbs.,135.0,,,,,,,,,,,Tapology,https://www.tapology.com/fightcenter/fighters/andrew-valladerez,preenchido_verificado,Data completa explicitamente publicada no perfil citado. Correspondência por nome; peso compatível.,Andrew Valladerez,2026-10-08,https://www.tapology.com/fightcenter/fighters/andrew-valladerez,
258,ANDY MURAD,fd0b4e3eb18eafb7,Andy Murad,,,,,"5' 9""",185 lbs.,,,1983-02-09,175.26,185.0,,,http://ufcstats.com/fighter-details/fd0b4e3eb18eafb7,2.6,76%,76.0,2.87,32%,1.0,20%,20.0,42%,0.0,"fighter_tott, raw_fighter_details",185 lbs.,185.0,,,,,,,,,,,Sherdog,https://www.sherdog.com/fighter/Andy-Murad-8197,preenchido_verificado,Data completa explicitamente publicada no perfil citado. Correspondência por nome; altura compatível; peso compatível.,Andy Murad,2026-10-08,https://www.sherdog.com/fighter/Andy-Murad-8197,
261,ANDY UHRICH,4a1a492f299581d9,Andy Uhrich,,,,,"6' 0""",170 lbs.,,,1985-09-13,182.88,170.0,,,http://ufcstats.com/fighter-details/4a1a492f299581d9,0.0,0%,0.0,0.0,0%,0.0,0%,0.0,0%,0.0,"fighter_tott, raw_fighter_details",170 lbs.,170.0,,,,,,,,,,,Sherdog,https://www.sherdog.com/fighter/Andy-Uhrich-25525,preenchido_verificado,Data completa explicitamente publicada no perfil citado. Correspondência por nome; altura compatível; peso compatível.,Andy Uhrich,2026-10-08,https://www.sherdog.com/fighter/Andy-Uhrich-25525,
263,ANDY WATERS,103e2e67919379c5,Andy Waters,,,,,"6' 0""",170 lbs.,,,,182.88,170.0,,,http://ufcstats.com/fighter-details/103e2e67919379c5,0.0,0%,0.0,0.0,0%,0.0,0%,0.0,0%,0.0,"fighter_tott, raw_fighter_details",170 lbs.,170.0,,,,,,,,,,,,,nao_preenchido_identidade_ambigua,Há perfis homônimos com datas diferentes; não foi possível confirmar qual corresponde ao registro original.,,2026-10-08,https://www.sherdog.com/fighter/Andy-Waters-34759 | https://www.sherdog.com/fighter/Andy-Waters-410580,
271,ANGELO ANTONIO,dbd198f780286aca,Angelo Antonio,,,,,,205 lbs.,,Orthodox,,,205.0,,,http://ufcstats.com/fighter-details/dbd198f780286aca,1.09,50%,50.0,7.64,50%,0.0,0%,0.0,0%,0.0,"fighter_tott, raw_fighter_details",205 lbs.,205.0,,,,,,,,,,,,,nao_preenchido_identidade_nao_confirmada,"Perfil com data encontrado, mas altura/peso divergem do registro original; correspondência não confirmada.",,2026-10-08,https://www.sherdog.com/fighter/Angelo-Antonio-465976,
280,ANTHONY ALVES,bd92cf5da5413d2a,Anthony Alves,,,,,,,,,,,,,,http://ufcstats.com/fighter-details/bd92cf5da5413d2a,0.0,0%,0.0,0.0,0%,0.0,0%,0.0,0%,0.0,"fighter_tott, raw_fighter_details",,,,,,,nao_preenchido_sem_peso_verificavel,,Pesquisa nominal não encontrou peso individual verificável com correspondência suficiente ao registro original.,2026-10-07,,,,,nao_preenchido_data_completa_nao_encontrada,Não foi localizada data de nascimento completa em perfil correspondente. Idade ou ano isolado não foram usados para estimar a data.,,2026-10-08,,
284,ANTHONY DO,7c9aeba0c4d4bd78,Anthony Do,,,,,"5' 4""",125 lbs.,,,1993-04-11,162.56,125.0,,,http://ufcstats.com/fighter-details/7c9aeba0c4d4bd78,0.0,0%,0.0,0.0,0%,0.0,0%,0.0,0%,0.0,"fighter_tott, raw_fighter_details",125 lbs.,125.0,,,,,,,,,,,Sherdog,https://www.sherdog.com/fighter/Anthony-Do-161359,preenchido_verificado,Data completa explicitamente publicada no perfil citado. Correspondência por nome; altura compatível; peso compatível.,Anthony Do,2026-10-08,https://www.sherdog.com/fighter/Anthony-Do-161359,
286,ANTHONY FIGUEROA,daff32bc96d1eabf,Anthony Figueroa,,,,,"5' 4""",135 lbs.,,Orthodox,,162.56,135.0,,,http://ufcstats.com/fighter-details/daff32bc96d1eabf,2.37,48%,48.0,3.77,49%,0.0,0%,0.0,58%,0.0,"fighter_tott, raw_fighter_details",135 lbs.,135.0,,,,,,,,,,,,,nao_preenchido_data_completa_nao_encontrada,Não foi localizada data de nascimento completa em perfil correspondente. Idade ou ano isolado não foram usados para estimar a data.,,2026-10-08,,
294,ANTHONY MACIAS,dedc3bb440d09554,Anthony Macias,Mad Dog,26.0,18.0,0.0,"5' 9""",185 lbs.,,Switch,1969-07-16,175.26,185.0,,,http://ufcstats.com/fighter-details/dedc3bb440d09554,0.0,0%,0.0,0.0,0%,0.0,0%,0.0,0%,0.0,"fighter_tott, raw_fighter_details, ufc_dataset",185 lbs.,185.0,,,,,,,,,,,Sherdog,https://www.sherdog.com/fighter/Anthony-Macias-53,preenchido_verificado,Data completa explicitamente publicada no perfil citado. Correspondência por nome; altura compatível; peso compatível.,Anthony Macias,2026-10-08,https://www.sherdog.com/fighter/Anthony-Macias-53,1994-12-16
303,ANTHONY TAYLOR,637a4d8825464c62,Anthony Taylor,,,,,"5' 7""",145 lbs.,,,1989-06-23,170.18,145.0,,,http://ufcstats.com/fighter-details/637a4d8825464c62,0.0,0%,0.0,0.0,0%,0.0,0%,0.0,0%,0.0,"fighter_tott, raw_fighter_details",145 lbs.,145.0,,,,,,,,,,,Sherdog,https://www.sherdog.com/fighter/Anthony-Taylor-173233,preenchido_verificado,Data completa explicitamente publicada no perfil citado. Correspondência por nome; altura compatível; peso compatível.,Anthony Taylor,2026-10-08,https://www.sherdog.com/fighter/Anthony-Taylor-173233 | https://www.tapology.com/fightcenter/fighters/51721-anthony-taylor,
317,ANTONIO DUARTE,29b5d32584e02d8d,Antonio Duarte,,,,,"5' 7""",135 lbs.,,,1987-03-10,170.18,135.0,,,http://ufcstats.com/fighter-details/29b5d32584e02d8d,4.55,40%,40.0,4.18,57%,0.0,0%,0.0,60%,0.0,"fighter_tott, raw_fighter_details",135 lbs.,135.0,,,,,,,,,,,Tapology,https://www.tapology.com/fightcenter/fighters/227621-antonio-duarte,preenchido_verificado,Data completa explicitamente publicada no perfil citado. Correspondência por nome; altura compatível.,Antonio Duarte,2026-10-08,https://www.tapology.com/fightcenter/fighters/227621-antonio-duarte,
356,ASBEL CANCIO,2a7afe14b3a0a058,Asbel Cancio,,0.0,1.0,0.0,"5' 10""",225 lbs.,,,,177.8,225.0,,,http://ufcstats.com/fighter-details/2a7afe14b3a0a058,0.0,0%,0.0,0.0,0%,0.0,0%,0.0,0%,0.0,"fighter_tott, raw_fighter_details, ufc_dataset",225 lbs.,225.0,,,,,,,,,,,,,nao_preenchido_data_completa_nao_encontrada,Não foi localizada data de nascimento completa em perfil correspondente. Idade ou ano isolado não foram usados para estimar a data.,,2026-10-08,,1995-04-07
374,AURELIJUS KERPE,c1e4ae143cce7398,Aurelijus Kerpe,,,,,,205 lbs.,,Orthodox,,,205.0,,,http://ufcstats.com/fighter-details/c1e4ae143cce7398,1.26,16%,16.0,8.21,31%,0.0,0%,0.0,0%,0.0,"fighter_tott, raw_fighter_details",,,Sherdog,https://www.sherdog.com/fighter/Aurelijus-Kerpe-19985,perfil,,preenchido_verificado,weight;weight_lbs,Peso explicitamente informado no perfil; não representa necessariamente o peso atual nem uma pesagem de evento.,2026-10-07,https://www.sherdog.com/fighter/Aurelijus-Kerpe-19985,,,,nao_preenchido_data_completa_nao_encontrada,Não foi localizada data de nascimento completa em perfil correspondente. Idade ou ano isolado não foram usados para estimar a data.,,2026-10-08,,
401,BARU HARN,848809f3986b4977,Baru Harn,,,,,,265 lbs.,,,1977-10-24,,265.0,,,http://ufcstats.com/fighter-details/848809f3986b4977,0.0,0%,0.0,0.0,0%,0.0,0%,0.0,0%,0.0,"fighter_tott, raw_fighter_details",265 lbs.,265.0,,,,,,,,,,,Sherdog,https://www.sherdog.com/fighter/Baru-Harn-22054,preenchido_verificado,Data completa explicitamente publicada no perfil citado. Correspondência por nome; peso compatível.,Baru Harn,2026-10-08,https://www.sherdog.com/fighter/Baru-Harn-22054,
405,BAZIGIT ATAJEV,fd7acf42bd6e7e95,Bazigit Atajev,,,,,"6' 1""",230 lbs.,,Orthodox,1979-03-12,185.42,230.0,,,http://ufcstats.com/fighter-details/fd7acf42bd6e7e95,0.87,41%,41.0,3.14,49%,1.0,33%,33.0,0%,0.0,"fighter_tott, raw_fighter_details",230 lbs.,230.0,,,,,,,,,,,Tapology,https://www.tapology.com/fightcenter/fighters/bazigit-atajev-volk,preenchido_verificado,Data completa explicitamente publicada no perfil citado. Correspondência por nome; altura compatível; peso compatível. Variante do nome: Bozigit Ataev.,Bozigit Ataev,2026-10-08,https://www.tapology.com/fightcenter/fighters/bazigit-atajev-volk,
412,BEN EARWOOD,ee457ef1e1c326c1,Ben Earwood,,12.0,3.0,0.0,"5' 8""",170 lbs.,,Orthodox,,172.72,170.0,,,http://ufcstats.com/fighter-details/ee457ef1e1c326c1,0.5,55%,55.0,0.2,33%,3.0,100%,100.0,0%,0.0,"fighter_tott, raw_fighter_details, ufc_dataset",170 lbs.,170.0,,,,,,,,,,,,,nao_preenchido_data_completa_nao_encontrada,Não foi localizada data de nascimento completa em perfil correspondente. Idade ou ano isolado não foram usados para estimar a data.,,2026-10-08,,2000-11-17
413,BEN HOLSCHER,6070f16bcfd89fcf,Ben Holscher,,,,,"5' 11""",155 lbs.,,,,180.34,155.0,,,http://ufcstats.com/fighter-details/6070f16bcfd89fcf,0.0,0%,0.0,0.0,0%,0.0,0%,0.0,0%,0.0,"fighter_tott, raw_fighter_details",155 lbs.,155.0,,,,,,,,,,,,,nao_preenchido_data_completa_nao_encontrada,Não foi localizada data de nascimento completa em perfil correspondente. Idade ou ano isolado não foram usados para estimar a data.,,2026-10-08,,
415,BEN JONES,329aff8e958a2997,Ben Jones,,,,,,185 lbs.,,,,,185.0,,,http://ufcstats.com/fighter-details/329aff8e958a2997,0.0,0%,0.0,0.0,0%,0.0,0%,0.0,0%,0.0,"fighter_tott, raw_fighter_details",185 lbs.,185.0,,,,,,,,,,,,,nao_preenchido_data_completa_nao_encontrada,Não foi localizada data de nascimento completa em perfil correspondente. Idade ou ano isolado não foram usados para estimar a data.,,2026-10-08,,
434,BERTRAND AMOUSSOU,53adf5b845d91e4a,Bertrand Amoussou,,,,,"5' 8""",190 lbs.,,Orthodox,1966-05-28,172.72,190.0,,,http://ufcstats.com/fighter-details/53adf5b845d91e4a,6.75,39%,39.0,2.01,83%,0.0,0%,0.0,0%,0.0,"fighter_tott, raw_fighter_details",190 lbs.,190.0,,,,,,,,,,,Sherdog,https://www.sherdog.com/fighter/Bertrand-Amoussou-1985,preenchido_verificado,Data completa explicitamente publicada no perfil citado. Correspondência por nome; altura compatível; peso compatível.,Bertrand Amoussou,2026-10-08,https://www.sherdog.com/fighter/Bertrand-Amoussou-1985,
444,BILL DUVALL,7df4d3c38792b083,Bill Duvall,,,,,"6' 2""",185 lbs.,,Southpaw,,187.96,185.0,,,http://ufcstats.com/fighter-details/7df4d3c38792b083,0.0,0%,0.0,2.4,40%,0.0,0%,0.0,0%,0.0,"fighter_tott, raw_fighter_details",185 lbs.,185.0,,,,,,,,,,,,,nao_preenchido_data_completa_nao_encontrada,Não foi localizada data de nascimento completa em perfil correspondente. Idade ou ano isolado não foram usados para estimar a data.,,2026-10-08,,
457,BLAIR TUGMAN,63f8775391301891,Blair Tugman,,,,,"6' 0""",135 lbs.,,,,182.88,135.0,,,http://ufcstats.com/fighter-details/63f8775391301891,2.25,53%,53.0,0.93,50%,7.5,60%,60.0,0%,0.0,"fighter_tott, raw_fighter_details",135 lbs.,135.0,,,,,,,,,,,,,nao_preenchido_data_completa_nao_encontrada,Não foi localizada data de nascimento completa em perfil correspondente. Idade ou ano isolado não foram usados para estimar a data.,,2026-10-08,,
459,BLAKE BOWMAN,a95a0504fd73bd3e,Blake Bowman,,,,,"6' 2""",170 lbs.,,,1981-06-20,187.96,170.0,,,http://ufcstats.com/fighter-details/a95a0504fd73bd3e,0.0,0%,0.0,0.0,0%,0.0,0%,0.0,0%,0.0,"fighter_tott, raw_fighter_details",170 lbs.,170.0,,,,,,,,,,,Sherdog,https://www.sherdog.com/fighter/Blake-Bowman-23763,preenchido_verificado,Data completa explicitamente publicada no perfil citado. Correspondência por nome; altura compatível; peso compatível.,Blake Bowman,2026-10-08,https://www.sherdog.com/fighter/Blake-Bowman-23763,
460,BLAKE WATKINS,117580b232409824,Blake Watkins,,,,,,185 lbs.,,,,,185.0,,,http://ufcstats.com/fighter-details/117580b232409824,5.45,62%,62.0,7.64,61%,0.0,0%,0.0,0%,0.0,"fighter_tott, raw_fighter_details",185 lbs.,185.0,,,,,,,,,,,,,nao_preenchido_data_completa_nao_encontrada,Não foi localizada data de nascimento completa em perfil correspondente. Idade ou ano isolado não foram usados para estimar a data.,,2026-10-08,,
467,BOB COOK,1c061eb6e29eaa0a,Bob Cook,Crazy,5.0,0.0,0.0,"5' 9""",170 lbs.,,Orthodox,,175.26,170.0,,,http://ufcstats.com/fighter-details/1c061eb6e29eaa0a,0.0,0%,0.0,0.0,0%,0.0,0%,0.0,0%,0.0,"fighter_tott, raw_fighter_details, ufc_dataset",170 lbs.,170.0,,,,,,,,,,,,,nao_preenchido_data_completa_nao_encontrada,Não foi localizada data de nascimento completa em perfil correspondente. Idade ou ano isolado não foram usados para estimar a data.,,2026-10-08,,2000-03-10
468,BOB GILSTRAP,c96518b7f6881004,Bob Gilstrap,,5.0,7.0,0.0,"6' 3""",200 lbs.,,Orthodox,1974-07-16,190.5,200.0,,,http://ufcstats.com/fighter-details/c96518b7f6881004,0.0,0%,0.0,0.0,0%,0.0,0%,0.0,0%,0.0,"fighter_tott, raw_fighter_details, ufc_dataset",200 lbs.,200.0,,,,,,,,,,,Sherdog,https://www.sherdog.com/fighter/Bob-Gilstrap-197,preenchido_verificado,Data completa explicitamente publicada no perfil citado. Correspondência por nome; altura compatível; peso compatível.,Bob Gilstrap,2026-10-08,https://www.sherdog.com/fighter/Bob-Gilstrap-197,1998-05-15
470,BOB SCHRIJBER,d86e913c548c07c2,Bob Schrijber,,,,,"6' 0""",240 lbs.,,Orthodox,1965-03-03,182.88,240.0,,,http://ufcstats.com/fighter-details/d86e913c548c07c2,0.0,0%,0.0,0.0,0%,0.0,0%,0.0,0%,0.0,"fighter_tott, raw_fighter_details",240 lbs.,240.0,,,,,,,,,,,Sherdog,https://www.sherdog.com/fighter/Bob-Schrijber-310,preenchido_verificado,Data completa explicitamente publicada no perfil citado. Correspondência por nome; altura compatível; peso compatível.,Bob Schrijber,2026-10-08,https://www.sherdog.com/fighter/Bob-Schrijber-310,
471,BOBBY COOPER,1b51895e5572cfda,Bobby Cooper,,,,,"6' 1""",155 lbs.,,,1986-06-13,185.42,155.0,,,http://ufcstats.com/fighter-details/1b51895e5572cfda,2.87,25%,25.0,3.4,59%,0.0,0%,0.0,40%,1.0,"fighter_tott, raw_fighter_details",155 lbs.,155.0,,,,,,,,,,,Sherdog,https://www.sherdog.com/fighter/Bobby-Cooper-68351,preenchido_verificado,Data completa explicitamente publicada no perfil citado. Correspondência por nome; altura compatível; peso compatível.,Bobby Cooper,2026-10-08,https://www.sherdog.com/fighter/Bobby-Cooper-68351,
472,BOBBY ESCALANTE,f7ede18b4ec4ec1f,Bobby Escalante,,,,,,130 lbs.,,,1989-07-11,,130.0,,,http://ufcstats.com/fighter-details/f7ede18b4ec4ec1f,0.0,0%,0.0,0.0,0%,0.0,0%,0.0,0%,0.0,"fighter_tott, raw_fighter_details",130 lbs.,130.0,,,,,,,,,,,Sherdog,https://www.sherdog.com/fighter/Bobby-Escalante-52318,preenchido_verificado,Data completa explicitamente publicada no perfil citado. Correspondência por nome; peso compatível.,Bobby Escalante,2026-10-08,https://www.sherdog.com/fighter/Bobby-Escalante-52318 | https://www.tapology.com/fightcenter/fighters/robert-escalante,
473,BOBBY FLYNN,c97fc5fbf7d32b8a,Bobby Flynn,,,,,,170 lbs.,,,,,170.0,,,http://ufcstats.com/fighter-details/c97fc5fbf7d32b8a,0.38,25%,25.0,0.77,0%,0.0,0%,0.0,0%,0.0,"fighter_tott, raw_fighter_details",170 lbs.,170.0,,,,,,,,,,,,,nao_preenchido_data_completa_nao_encontrada,Não foi localizada data de nascimento completa em perfil correspondente. Idade ou ano isolado não foram usados para estimar a data.,,2026-10-08,,
477,BOBBY MCANDREWS,ef6f45095119d416,Bobby McAndrews,,,,,,,,Orthodox,,,,,,http://ufcstats.com/fighter-details/ef6f45095119d416,2.56,83%,83.0,1.03,50%,0.0,0%,0.0,33%,7.7,"fighter_tott, raw_fighter_details",,,,,,,nao_preenchido_sem_peso_verificavel,,Perfil encontrado sem peso válido (0).,2026-10-07,https://www.sherdog.com/fighter/Bobby-McAndrews-11944,,,,nao_preenchido_data_completa_nao_encontrada,Não foi localizada data de nascimento completa em perfil correspondente. Idade ou ano isolado não foram usados para estimar a data.,,2026-10-08,,
480,BOBBY SANCHEZ,6a0047ac8c99fece,Bobby Sanchez,,,,,"5' 7""",155 lbs.,,Orthodox,1989-12-15,170.18,155.0,,,http://ufcstats.com/fighter-details/6a0047ac8c99fece,0.0,0%,0.0,0.0,100%,0.0,0%,0.0,100%,0.0,"fighter_tott, raw_fighter_details",155 lbs.,155.0,,,,,,,,,,,Sherdog,https://www.sherdog.com/fighter/Bobby-Sanchez-17777,preenchido_verificado,Data completa explicitamente publicada no perfil citado. Correspondência por nome; altura compatível; peso compatível.,Bobby Sanchez,2026-10-08,https://www.sherdog.com/fighter/Bobby-Sanchez-17777 | https://www.tapology.com/fightcenter/fighters/bobby-sanchez-the-kid,
482,BOBBY STACK,6436029b50a9c255,Bobby Stack,,,,,"5' 9""",155 lbs.,,Orthodox,,175.26,155.0,,,http://ufcstats.com/fighter-details/6436029b50a9c255,1.0,20%,20.0,2.89,34%,7.48,45%,45.0,100%,0.0,"fighter_tott, raw_fighter_details",155 lbs.,155.0,,,,,,,,,,,,,nao_preenchido_data_completa_nao_encontrada,Não foi localizada data de nascimento completa em perfil correspondente. Idade ou ano isolado não foram usados para estimar a data.,,2026-10-08,,
492,BRAD GUMM,4d74641fac830182,Brad Gumm,,10.0,6.0,1.0,"5' 11""",170 lbs.,,Orthodox,,180.34,170.0,,,http://ufcstats.com/fighter-details/4d74641fac830182,0.0,0%,0.0,0.0,0%,0.0,0%,0.0,0%,0.0,"fighter_tott, raw_fighter_details, ufc_dataset",170 lbs.,170.0,,,,,,,,,,,,,nao_preenchido_data_completa_nao_encontrada,Não foi localizada data de nascimento completa em perfil correspondente. Idade ou ano isolado não foram usados para estimar a data.,,2026-10-08,,2000-03-10
500,BRAD ROYSTER,09f8c233de88998d,Brad Royster,,,,,,135 lbs.,,,,,135.0,,,http://ufcstats.com/fighter-details/09f8c233de88998d,0.0,0%,0.0,0.0,0%,0.0,0%,0.0,0%,0.0,"fighter_tott, raw_fighter_details",135 lbs.,135.0,,,,,,,,,,,,,nao_preenchido_data_completa_nao_encontrada,Não foi localizada data de nascimento completa em perfil correspondente. Idade ou ano isolado não foram usados para estimar a data.,,2026-10-08,,
503,BRADY FINK,997b4f52f76a0b53,Brady Fink,,,,,"6' 0""",183 lbs.,,Orthodox,1981-05-23,182.88,183.0,,,http://ufcstats.com/fighter-details/997b4f52f76a0b53,1.69,41%,41.0,1.69,61%,3.63,25%,25.0,0%,3.6,"fighter_tott, raw_fighter_details",183 lbs.,183.0,,,,,,,,,,,Sherdog,https://www.sherdog.com/fighter/Brady-Fink-4982,preenchido_verificado,Data completa explicitamente publicada no perfil citado. Correspondência por nome; altura compatível; peso compatível.,Brady Fink,2026-10-08,https://www.sherdog.com/fighter/Brady-Fink-4982 | https://www.tapology.com/fightcenter/fighters/brady-fink-funky,
509,BRANDON CASH,3993f7dcb7caf42a,Brandon Cash,,,,,"6' 5""",255 lbs.,,Orthodox,,195.58,255.0,,,http://ufcstats.com/fighter-details/3993f7dcb7caf42a,5.42,72%,72.0,0.68,33%,10.17,66%,66.0,0%,0.0,"fighter_tott, raw_fighter_details",255 lbs.,255.0,,,,,,,,,,,,,nao_preenchido_data_completa_nao_encontrada,Não foi localizada data de nascimento completa em perfil correspondente. Idade ou ano isolado não foram usados para estimar a data.,,2026-10-08,,
512,BRANDON GAINES,8e6cfbd455f0f9c2,Brandon Gaines,,,,,"6' 3""",185 lbs.,,,1982-02-24,190.5,185.0,,,http://ufcstats.com/fighter-details/8e6cfbd455f0f9c2,0.0,0%,0.0,0.0,0%,0.0,0%,0.0,0%,0.0,"fighter_tott, raw_fighter_details",185 lbs.,185.0,,,,,,,,,,,Sherdog,https://www.sherdog.com/fighter/Brandon-Gaines-24005,preenchido_verificado,Data completa explicitamente publicada no perfil citado. Correspondência por nome; altura compatível; peso compatível.,Brandon Gaines,2026-10-08,https://www.sherdog.com/fighter/Brandon-Gaines-24005,
515,BRANDON HESTER,13150cf89a5b81e0,Brandon Hester,,,,,"6' 1""",205 lbs.,,,1986-05-11,185.42,205.0,,,http://ufcstats.com/fighter-details/13150cf89a5b81e0,3.53,53%,53.0,0.4,68%,4.0,80%,80.0,0%,0.0,"fighter_tott, raw_fighter_details",205 lbs.,205.0,,,,,,,,,,,Tapology,https://www.tapology.com/fightcenter/fighters/66165-brandon-hester,preenchido_verificado,Data completa explicitamente publicada no perfil citado. Correspondência por nome; altura compatível; peso compatível.,Brandon Hester,2026-10-08,https://www.tapology.com/fightcenter/fighters/66165-brandon-hester,
519,BRANDON LOWE,78ac94d54aa7f378,Brandon Lowe,,,,,,155 lbs.,,,1990-04-24,,155.0,,,http://ufcstats.com/fighter-details/78ac94d54aa7f378,0.0,0%,0.0,0.0,0%,0.0,0%,0.0,0%,0.0,"fighter_tott, raw_fighter_details",155 lbs.,155.0,,,,,,,,,,,Sherdog,https://www.sherdog.com/fighter/Brandon-Lowe-209031,preenchido_verificado,Data completa explicitamente publicada no perfil citado. Correspondência por nome; peso compatível.,Brandon Lowe,2026-10-08,https://www.sherdog.com/fighter/Brandon-Lowe-209031,
520,BRANDON MAGANA,2015c944226ad2df,Brandon Magana,,,,,,170 lbs.,,Orthodox,,,170.0,,,http://ufcstats.com/fighter-details/2015c944226ad2df,0.0,0%,0.0,0.0,0%,0.0,0%,0.0,0%,0.0,"fighter_tott, raw_fighter_details",170 lbs.,170.0,,,,,,,,,,,,,nao_preenchido_data_completa_nao_encontrada,Não foi localizada data de nascimento completa em perfil correspondente. Idade ou ano isolado não foram usados para estimar a data.,,2026-10-08,,
522,BRANDON MICHAELS,f5e4ce11afbdfb61,Brandon Michaels,,,,,"5' 9""",185 lbs.,,,,175.26,185.0,,,http://ufcstats.com/fighter-details/f5e4ce11afbdfb61,0.0,0%,0.0,0.0,0%,0.0,0%,0.0,0%,0.0,"fighter_tott, raw_fighter_details",185 lbs.,185.0,,,,,,,,,,,,,nao_preenchido_data_completa_nao_encontrada,Não foi localizada data de nascimento completa em perfil correspondente. Idade ou ano isolado não foram usados para estimar a data.,,2026-10-08,,
524,BRANDON POLCARE,543cd2258f4fa339,Brandon Polcare,,,,,,125 lbs.,,,,,125.0,,,http://ufcstats.com/fighter-details/543cd2258f4fa339,0.43,50%,50.0,0.0,0%,0.0,0%,0.0,0%,0.0,"fighter_tott, raw_fighter_details",125 lbs.,125.0,,,,,,,,,,,,,nao_preenchido_data_completa_nao_encontrada,Não foi localizada data de nascimento completa em perfil correspondente. Idade ou ano isolado não foram usados para estimar a data.,,2026-10-08,,
546,BRETT ALBEE,9b28292abe3166d5,Brett Albee,,,,,,225 lbs.,,,,,225.0,,,http://ufcstats.com/fighter-details/9b28292abe3166d5,0.0,0%,0.0,0.0,0%,0.0,0%,0.0,0%,0.0,"fighter_tott, raw_fighter_details",225 lbs.,225.0,,,,,,,,,,,,,nao_preenchido_data_completa_nao_encontrada,Não foi localizada data de nascimento completa em perfil correspondente. Idade ou ano isolado não foram usados para estimar a data.,,2026-10-08,,
550,BRETT TILLIS,7b461ccae8270207,Brett Tillis,,,,,,145 lbs.,,,,,145.0,,,http://ufcstats.com/fighter-details/7b461ccae8270207,0.0,0%,0.0,0.0,0%,0.0,0%,0.0,0%,0.0,"fighter_tott, raw_fighter_details",145 lbs.,145.0,,,,,,,,,,,,,nao_preenchido_data_completa_nao_encontrada,Não foi localizada data de nascimento completa em perfil correspondente. Idade ou ano isolado não foram usados para estimar a data.,,2026-10-08,,
553,BRIAN COBB,3138fab619faf4d1,Brian Cobb,,20.0,9.0,0.0,"5' 11""",155 lbs.,,Orthodox,1980-09-03,180.34,155.0,,,http://ufcstats.com/fighter-details/3138fab619faf4d1,0.0,0%,0.0,3.68,55%,5.81,50%,50.0,0%,0.0,"fighter_tott, raw_fighter_details, ufc_dataset",155 lbs.,155.0,,,,,,,,,,,Sherdog,https://www.sherdog.com/fighter/Brian-Cobb-5739,preenchido_verificado,Data completa explicitamente publicada no perfil citado. Correspondência por nome; altura compatível; peso compatível.,Brian Cobb,2026-10-08,https://www.sherdog.com/fighter/Brian-Cobb-5739,2009-02-21
554,BRIAN DAVIDSON,42775dc893603154,Brian Davidson,,,,,"5' 6""",145 lbs.,,,1975-11-22,167.64,145.0,,,http://ufcstats.com/fighter-details/42775dc893603154,0.0,0%,0.0,0.0,0%,0.0,0%,0.0,0%,0.0,"fighter_tott, raw_fighter_details",145 lbs.,145.0,,,,,,,,,,,Sherdog,https://www.sherdog.com/fighter/Brian-Davidson-32079,preenchido_verificado,Data completa explicitamente publicada no perfil citado. Correspondência por nome; altura compatível; peso compatível.,Brian Davidson,2026-10-08,https://www.sherdog.com/fighter/Brian-Davidson-32079,
560,BRIAN JOHNSTON,1c3f5e85b59ec710,Brian Johnston,,5.0,5.0,0.0,"6' 3""",230 lbs.,,Orthodox,1968-07-28,190.5,230.0,,,http://ufcstats.com/fighter-details/1c3f5e85b59ec710,0.0,0%,0.0,0.0,0%,0.0,0%,0.0,0%,0.0,"fighter_tott, raw_fighter_details, ufc_dataset",230 lbs.,230.0,,,,,,,,,,,Sherdog,https://www.sherdog.com/fighter/Brian-Johnston-137,preenchido_verificado,Data completa explicitamente publicada no perfil citado. Correspondência por nome; altura compatível; peso compatível.,Brian Johnston,2026-10-08,https://www.sherdog.com/fighter/Brian-Johnston-137 | https://www.tapology.com/fightcenter/fighters/brian-johnston-fury,1996-07-12
562,BRIAN LO-A-NJOE,7abce81b72fbbd9b,Brian Lo-A-Njoe,,,,,"5' 7""",155 lbs.,,Orthodox,1976-01-22,170.18,155.0,,,http://ufcstats.com/fighter-details/7abce81b72fbbd9b,3.87,42%,42.0,0.0,0%,0.0,0%,0.0,66%,0.0,"fighter_tott, raw_fighter_details",155 lbs.,155.0,,,,,,,,,,,Sherdog,https://www.sherdog.com/fighter/Brian-LoANjoe-1469,preenchido_verificado,Data completa explicitamente publicada no perfil citado. Correspondência por nome; altura compatível; peso compatível.,Brian Lo-A-Njoe,2026-10-08,https://www.sherdog.com/fighter/Brian-LoANjoe-1469,
567,BRIAN SCHWARTZ,99c80d2bd5dbe5a9,Brian Schwartz,,,,,"6' 3""",170 lbs.,,Orthodox,,190.5,170.0,,,http://ufcstats.com/fighter-details/99c80d2bd5dbe5a9,1.27,44%,44.0,0.87,45%,0.0,0%,0.0,50%,1.0,"fighter_tott, raw_fighter_details",170 lbs.,170.0,,,,,,,,,,,,,nao_preenchido_data_completa_nao_encontrada,Não foi localizada data de nascimento completa em perfil correspondente. Idade ou ano isolado não foram usados para estimar a data.,,2026-10-08,,
568,BRIAN SLEEMAN,9db861c26b63daa8,Brian Sleeman,,,,,"5' 8""",185 lbs.,,,,172.72,185.0,,,http://ufcstats.com/fighter-details/9db861c26b63daa8,4.0,48%,48.0,1.85,70%,9.23,100%,100.0,100%,0.0,"fighter_tott, raw_fighter_details",185 lbs.,185.0,,,,,,,,,,,,,nao_preenchido_data_completa_nao_encontrada,Não foi localizada data de nascimento completa em perfil correspondente. Idade ou ano isolado não foram usados para estimar a data.,,2026-10-08,,
570,BRIAN WARREN,c4c4c7dd26c15d91,Brian Warren,,,,,"6' 0""",185 lbs.,,Orthodox,1974-06-05,182.88,185.0,,,http://ufcstats.com/fighter-details/c4c4c7dd26c15d91,1.16,21%,21.0,4.63,57%,0.0,0%,0.0,0%,0.0,"fighter_tott, raw_fighter_details",185 lbs.,185.0,,,,,,,,,,,Sherdog,https://www.sherdog.com/fighter/Brian-Warren-99,preenchido_verificado,Data completa explicitamente publicada no perfil citado. Correspondência por nome; altura compatível; peso compatível.,Brian Warren,2026-10-08,https://www.sherdog.com/fighter/Brian-Warren-99 | https://www.tapology.com/fightcenter/fighters/brian-warren-mr-unbreakable,
580,BRONSON MOHIKA,65239fccecd03404,Bronson Mohika,,,,,,135 lbs.,,,,,135.0,,,http://ufcstats.com/fighter-details/65239fccecd03404,0.0,0%,0.0,0.0,0%,0.0,0%,0.0,0%,0.0,"fighter_tott, raw_fighter_details",135 lbs.,135.0,,,,,,,,,,,,,nao_preenchido_data_completa_nao_encontrada,Não foi localizada data de nascimento completa em perfil correspondente. Idade ou ano isolado não foram usados para estimar a data.,,2026-10-08,,
581,BROOKE MAYO,1b41c21d947d6f2f,Brooke Mayo,,,,,"5' 7""",125 lbs.,,,1992-08-10,170.18,125.0,,,http://ufcstats.com/fighter-details/1b41c21d947d6f2f,1.92,34%,34.0,3.2,63%,3.2,60%,60.0,0%,2.1,"fighter_tott, raw_fighter_details",125 lbs.,125.0,,,,,,,,,,,Sherdog,https://www.sherdog.com/fighter/Brooke-Mayo-199381,preenchido_verificado,Data completa explicitamente publicada no perfil citado. Correspondência por nome; altura compatível; peso compatível.,Brooke Mayo,2026-10-08,https://www.sherdog.com/fighter/Brooke-Mayo-199381,
597,BRYAN HUMES,b9c75e7fc910f587,Bryan Humes,,,,,,265 lbs.,,,,,265.0,,,http://ufcstats.com/fighter-details/b9c75e7fc910f587,0.0,0%,0.0,0.0,0%,0.0,0%,0.0,0%,0.0,"fighter_tott, raw_fighter_details",265 lbs.,265.0,,,,,,,,,,,,,nao_preenchido_data_completa_nao_encontrada,Não foi localizada data de nascimento completa em perfil correspondente. Idade ou ano isolado não foram usados para estimar a data.,,2026-10-08,,
598,BRYAN PARDOE,56116537d71a578c,Bryan Pardoe,,,,,"6' 1""",205 lbs.,,Orthodox,1968-10-22,185.42,205.0,,,http://ufcstats.com/fighter-details/56116537d71a578c,1.11,36%,36.0,4.59,45%,4.75,40%,40.0,33%,0.0,"fighter_tott, raw_fighter_details",205 lbs.,205.0,,,,,,,,,,,Sherdog,https://www.sherdog.com/fighter/Bryan-Pardoe-3543,preenchido_verificado,Data completa explicitamente publicada no perfil citado. Correspondência por nome; altura compatível; peso compatível.,Bryan Pardoe,2026-10-08,https://www.sherdog.com/fighter/Bryan-Pardoe-3543,
601,BRYANNA FISSORI,5517bd590dbbe1f8,Bryanna Fissori,,,,,"5' 4""",145 lbs.,,,1985-03-03,162.56,145.0,,,http://ufcstats.com/fighter-details/5517bd590dbbe1f8,1.4,46%,46.0,1.2,57%,2.0,25%,25.0,50%,0.0,"fighter_tott, raw_fighter_details",145 lbs.,145.0,,,,,,,,,,,Sherdog,https://www.sherdog.com/fighter/Bryanna-Fissori-124301,preenchido_verificado,Data completa explicitamente publicada no perfil citado. Correspondência por nome; altura compatível; peso compatível.,Bryanna Fissori,2026-10-08,https://www.sherdog.com/fighter/Bryanna-Fissori-124301,
602,BRYCE MEJIA,6eae26c44e505775,Bryce Mejia,,,,,"6' 1""",170 lbs.,,,,185.42,170.0,,,http://ufcstats.com/fighter-details/6eae26c44e505775,3.49,62%,62.0,6.98,50%,0.0,0%,0.0,0%,0.0,"fighter_tott, raw_fighter_details",170 lbs.,170.0,,,,,,,,,,,,,nao_preenchido_data_completa_nao_encontrada,Não foi localizada data de nascimento completa em perfil correspondente. Idade ou ano isolado não foram usados para estimar a data.,,2026-10-08,,
604,BRYSON KAMAKA,9336e86cfd4ceaa1,Bryson Kamaka,,,,,"5' 11""",170 lbs.,,Orthodox,,180.34,170.0,,,http://ufcstats.com/fighter-details/9336e86cfd4ceaa1,9.47,60%,60.0,12.63,0%,0.0,0%,0.0,100%,0.0,"fighter_tott, raw_fighter_details",170 lbs.,170.0,,,,,,,,,,,,,nao_preenchido_data_completa_nao_encontrada,Não foi localizada data de nascimento completa em perfil correspondente. Idade ou ano isolado não foram usados para estimar a data.,,2026-10-08,,
608,BUBBA PUGH,6cf2352cdb3de59d,Bubba Pugh,,,,,"5' 10""",185 lbs.,,,,177.8,185.0,,,http://ufcstats.com/fighter-details/6cf2352cdb3de59d,2.87,67%,67.0,2.6,23%,4.0,57%,57.0,80%,0.0,"fighter_tott, raw_fighter_details",185 lbs.,185.0,,,,,,,,,,,,,nao_preenchido_data_completa_nao_encontrada,Não foi localizada data de nascimento completa em perfil correspondente. Idade ou ano isolado não foram usados para estimar a data.,,2026-10-08,,
618,CAL WORSHAM,de3ed2e152520c8d,Cal Worsham,,13.0,10.0,0.0,"5' 11""",230 lbs.,,Orthodox,1963-06-11,180.34,230.0,,,http://ufcstats.com/fighter-details/de3ed2e152520c8d,0.0,0%,0.0,0.0,0%,0.0,0%,0.0,0%,0.0,"fighter_tott, raw_fighter_details, ufc_dataset",230 lbs.,230.0,,,,,,,,,,,Sherdog,https://www.sherdog.com/fighter/Cal-Worsham-113,preenchido_verificado,Data completa explicitamente publicada no perfil citado. Correspondência por nome; altura compatível; peso compatível.,Cal Worsham,2026-10-08,https://www.sherdog.com/fighter/Cal-Worsham-113,1995-07-14
635,CARINA DAMM,033343da4c0cff8a,Carina Damm,,,,,"5' 4""",135 lbs.,,,1979-02-16,162.56,135.0,,,http://ufcstats.com/fighter-details/033343da4c0cff8a,0.0,0%,0.0,0.0,0%,0.0,0%,0.0,0%,0.0,"fighter_tott, raw_fighter_details",135 lbs.,135.0,,,,,,,,,,,Sherdog,https://www.sherdog.com/fighter/Carina-Damm-11403,preenchido_verificado,Data completa explicitamente publicada no perfil citado. Correspondência por nome; altura compatível; peso compatível.,Carina Damm,2026-10-08,https://www.sherdog.com/fighter/Carina-Damm-11403,
637,CARL MALENKO,a314687f372b2cec,Carl Malenko,,,,,"5' 11""",200 lbs.,,Orthodox,,180.34,200.0,,,http://ufcstats.com/fighter-details/a314687f372b2cec,0.0,0%,0.0,0.0,0%,0.0,0%,0.0,0%,0.0,"fighter_tott, raw_fighter_details",200 lbs.,200.0,,,,,,,,,,,,,nao_preenchido_data_completa_nao_encontrada,Não foi localizada data de nascimento completa em perfil correspondente. Idade ou ano isolado não foram usados para estimar a data.,,2026-10-08,,
638,CARL SEUMANUTAFA,dadaeb402526dca5,Carl Seumanutafa,,,,,"6' 1""",255 lbs.,,Orthodox,1983-06-15,185.42,255.0,,,http://ufcstats.com/fighter-details/dadaeb402526dca5,0.0,0%,0.0,3.33,75%,0.0,0%,0.0,0%,0.0,"fighter_tott, raw_fighter_details",255 lbs.,255.0,,,,,,,,,,,Sherdog,https://www.sherdog.com/fighter/Carl-Seumanutafa-22460,preenchido_verificado,Data completa explicitamente publicada no perfil citado. Correspondência por nome; altura compatível; peso compatível.,Carl Seumanutafa,2026-10-08,https://www.sherdog.com/fighter/Carl-Seumanutafa-22460 | https://www.tapology.com/fightcenter/fighters/carl-seumanutafa,
639,CARL TOOMEY,5ee87e0432205755,Carl Toomey,,,,,,189 lbs.,,,1972-03-15,,189.0,,,http://ufcstats.com/fighter-details/5ee87e0432205755,0.0,0%,0.0,0.0,0%,0.0,0%,0.0,0%,0.0,"fighter_tott, raw_fighter_details",,,Sherdog,https://www.sherdog.com/fighter/Carl-Toomey-11701,perfil,,preenchido_verificado,weight;weight_lbs,Peso explicitamente informado no perfil; não representa necessariamente o peso atual nem uma pesagem de evento.,2026-10-07,https://www.sherdog.com/fighter/Carl-Toomey-11701,,Sherdog,https://www.sherdog.com/fighter/Carl-Toomey-11701,preenchido_verificado,Data completa explicitamente publicada no perfil citado. Correspondência por nome; peso compatível.,Carl Toomey,2026-10-08,https://www.sherdog.com/fighter/Carl-Toomey-11701,
644,CARLOS BARRETO,a220be6d41d6f97d,Carlos Barreto,,14.0,9.0,0.0,"6' 4""",230 lbs.,,Orthodox,1968-07-22,193.04,230.0,,,http://ufcstats.com/fighter-details/a220be6d41d6f97d,0.0,0%,0.0,0.0,0%,0.0,0%,0.0,0%,0.0,"fighter_tott, raw_fighter_details, ufc_dataset",230 lbs.,230.0,,,,,,,,,,,Sherdog,https://www.sherdog.com/fighter/Carlos-Barreto-180,preenchido_verificado,Data completa explicitamente publicada no perfil citado. Correspondência por nome; altura compatível; peso compatível.,Carlos Barreto,2026-10-08,https://www.sherdog.com/fighter/Carlos-Barreto-180 | https://www.tapology.com/fightcenter/fighters/carlos-barreto-carlao,1997-10-17
658,CARLOS ZEVALLOS,cbf69fa846c7e3ee,Carlos Zevallos,,,,,"6' 0""",205 lbs.,,Orthodox,1978-09-05,182.88,205.0,,,http://ufcstats.com/fighter-details/cbf69fa846c7e3ee,4.36,65%,65.0,2.28,68%,0.0,0%,0.0,100%,0.0,"fighter_tott, raw_fighter_details",205 lbs.,205.0,,,,,,,,,,,Sherdog,https://www.sherdog.com/fighter/Carlos-Zevallos-5518,preenchido_verificado,Data completa explicitamente publicada no perfil citado. Correspondência por nome; altura compatível.,Carlos Zevallos,2026-10-08,https://www.sherdog.com/fighter/Carlos-Zevallos-5518,
661,CARLTON JONES,f117c3e8c1aa7b9e,Carlton Jones,,,,,"6' 1""",225 lbs.,,Orthodox,,185.42,225.0,,,http://ufcstats.com/fighter-details/f117c3e8c1aa7b9e,2.32,41%,41.0,3.58,56%,4.02,50%,50.0,57%,2.7,"fighter_tott, raw_fighter_details",225 lbs.,225.0,,,,,,,,,,,,,nao_preenchido_data_completa_nao_encontrada,Não foi localizada data de nascimento completa em perfil correspondente. Idade ou ano isolado não foram usados para estimar a data.,,2026-10-08,,
666,CARTER WILLIAMS,b8e2f10efb6eca85,Carter Williams,,,,,"6' 1""",265 lbs.,,Orthodox,1980-03-30,185.42,265.0,,,http://ufcstats.com/fighter-details/b8e2f10efb6eca85,1.55,36%,36.0,2.32,58%,2.9,33%,33.0,100%,0.0,"fighter_tott, raw_fighter_details",265 lbs.,265.0,,,,,,,,,,,Sherdog,https://www.sherdog.com/fighter/Carter-Williams-4877,preenchido_verificado,Data completa explicitamente publicada no perfil citado. Correspondência por nome; altura compatível; peso compatível.,Carter Williams,2026-10-08,https://www.sherdog.com/fighter/Carter-Williams-4877,
667,CASEY HUFFMAN,737d93a42b8c2e94,Casey Huffman,,,,,"6' 3""",185 lbs.,,,,190.5,185.0,,,http://ufcstats.com/fighter-details/737d93a42b8c2e94,0.0,0%,0.0,0.0,0%,0.0,0%,0.0,0%,0.0,"fighter_tott, raw_fighter_details",185 lbs.,185.0,,,,,,,,,,,,,nao_preenchido_data_completa_nao_encontrada,Não foi localizada data de nascimento completa em perfil correspondente. Idade ou ano isolado não foram usados para estimar a data.,,2026-10-08,,
670,CASEY OLSON,7613773461b276f4,Casey Olson,,,,,"5' 7""",145 lbs.,,Orthodox,,170.18,145.0,,,http://ufcstats.com/fighter-details/7613773461b276f4,2.48,60%,60.0,0.0,100%,3.54,57%,57.0,100%,1.8,"fighter_tott, raw_fighter_details",145 lbs.,145.0,,,,,,,,,,,,,nao_preenchido_data_completa_nao_encontrada,Não foi localizada data de nascimento completa em perfil correspondente. Idade ou ano isolado não foram usados para estimar a data.,,2026-10-08,,
671,CASEY RYAN,5b1b383265433f51,Casey Ryan,,,,,,185 lbs.,,,1987-06-27,,185.0,,,http://ufcstats.com/fighter-details/5b1b383265433f51,0.0,0%,0.0,0.0,0%,0.0,0%,0.0,0%,0.0,"fighter_tott, raw_fighter_details",185 lbs.,185.0,,,,,,,,,,,Sherdog,https://www.sherdog.com/fighter/Casey-Ryan-26921,preenchido_verificado,Data completa explicitamente publicada no perfil citado. Correspondência por nome; peso compatível.,Casey Ryan,2026-10-08,https://www.sherdog.com/fighter/Casey-Ryan-26921,
678,CESAR GRACIE,079488710f012779,Cesar Gracie,,,,,"5' 10""",181 lbs.,,Orthodox,,177.8,181.0,,,http://ufcstats.com/fighter-details/079488710f012779,0.0,0%,0.0,17.14,50%,0.0,0%,0.0,0%,0.0,"fighter_tott, raw_fighter_details",181 lbs.,181.0,,,,,,,,,,,,,nao_preenchido_data_completa_nao_encontrada,Não foi localizada data de nascimento completa em perfil correspondente. Idade ou ano isolado não foram usados para estimar a data.,,2026-10-08,,
679,CESAR MARSCUCCI,e8efeb9cf33b1941,Cesar Marscucci,,3.0,2.0,0.0,,,,,,,,,,http://ufcstats.com/fighter-details/e8efeb9cf33b1941,0.0,0%,0.0,0.0,0%,0.0,0%,0.0,0%,0.0,"fighter_tott, raw_fighter_details, ufc_dataset",,,,,,,nao_preenchido_sem_peso_verificavel,,Pesquisa nominal não encontrou peso individual verificável com correspondência suficiente ao registro original.,2026-10-07,,,,,nao_preenchido_data_completa_nao_encontrada,Não foi localizada data de nascimento completa em perfil correspondente. Idade ou ano isolado não foram usados para estimar a data.,,2026-10-08,,
684,CHAD CORVIN,1267b631db78665a,Chad Corvin,,,,,"6' 5""",255 lbs.,,,,195.58,255.0,,,http://ufcstats.com/fighter-details/1267b631db78665a,0.0,0%,0.0,0.0,0%,0.0,0%,0.0,0%,0.0,"fighter_tott, raw_fighter_details",255 lbs.,255.0,,,,,,,,,,,,,nao_preenchido_data_completa_nao_encontrada,Não foi localizada data de nascimento completa em perfil correspondente. Idade ou ano isolado não foram usados para estimar a data.,,2026-10-08,,
695,CHAD VANCE,26d61e92a6069cd2,Chad Vance,,,,,"6' 0""",185 lbs.,,Orthodox,,182.88,185.0,,,http://ufcstats.com/fighter-details/26d61e92a6069cd2,0.0,0%,0.0,0.0,0%,0.0,0%,0.0,0%,0.0,"fighter_tott, raw_fighter_details",185 lbs.,185.0,,,,,,,,,,,,,nao_preenchido_data_completa_nao_encontrada,Não foi localizada data de nascimento completa em perfil correspondente. Idade ou ano isolado não foram usados para estimar a data.,,2026-10-08,,
696,CHAD W. SAUNDERS,4fe9492959834bf7,Chad W. Saunders,,,,,"5' 10""",170 lbs.,,Orthodox,,177.8,170.0,,,http://ufcstats.com/fighter-details/4fe9492959834bf7,0.0,0%,0.0,0.0,0%,0.0,0%,0.0,0%,0.0,"fighter_tott, raw_fighter_details",170 lbs.,170.0,,,,,,,,,,,,,nao_preenchido_data_completa_nao_encontrada,Não foi localizada data de nascimento completa em perfil correspondente. Idade ou ano isolado não foram usados para estimar a data.,,2026-10-08,,
707,CHARLENE GELLNER,effd0b70e6749ab2,Charlene Gellner,,,,,"5' 2""",125 lbs.,,,,157.48,125.0,,,http://ufcstats.com/fighter-details/effd0b70e6749ab2,2.01,42%,42.0,3.24,43%,0.0,0%,0.0,0%,1.7,"fighter_tott, raw_fighter_details",125 lbs.,125.0,,,,,,,,,,,,,nao_preenchido_data_completa_nao_encontrada,Não foi localizada data de nascimento completa em perfil correspondente. Idade ou ano isolado não foram usados para estimar a data.,,2026-10-08,,
713,CHARLES MCTORRY,acd8a53f7c0ce85e,Charles McTorry,,,,,,185 lbs.,,,,,185.0,,,http://ufcstats.com/fighter-details/acd8a53f7c0ce85e,0.0,0%,0.0,0.0,0%,0.0,0%,0.0,0%,0.0,"fighter_tott, raw_fighter_details",,,Full Contact Fighter,https://fcfighter.com/strikeforce-challengers-weigh-in-results-3/,pesagem_evento,2011-01-06,preenchido_verificado,weight;weight_lbs,"Pesagem publicada para Strikeforce Challengers 13, realizado em 07/01/2011. Valor histórico.",2026-10-07,https://fcfighter.com/strikeforce-challengers-weigh-in-results-3/,,,,nao_preenchido_data_completa_nao_encontrada,Não foi localizada data de nascimento completa em perfil correspondente. Idade ou ano isolado não foram usados para estimar a data.,,2026-10-08,,
727,CHASE GORMLEY,052ceb8976695342,Chase Gormley,,14.0,6.0,0.0,"6' 3""",265 lbs.,,Orthodox,1983-08-11,190.5,265.0,,,http://ufcstats.com/fighter-details/052ceb8976695342,3.6,42%,42.0,6.03,44%,3.12,42%,42.0,0%,1.0,"fighter_tott, raw_fighter_details, ufc_dataset",265 lbs.,265.0,,,,,,,,,,,Sherdog,https://www.sherdog.com/fighter/Chase-Gormley-22247,preenchido_verificado,Data completa explicitamente publicada no perfil citado. Correspondência por nome; altura compatível; peso compatível.,Chase Gormley,2026-10-08,https://www.sherdog.com/fighter/Chase-Gormley-22247 | https://www.tapology.com/fightcenter/fighters/chase-gormley,2009-10-24
735,CHEL ERWIN-DAVIS,c26ea30823f37316,Chel Erwin-Davis,,,,,"6' 0""",170 lbs.,,,1986-07-10,182.88,170.0,,,http://ufcstats.com/fighter-details/c26ea30823f37316,4.06,54%,54.0,1.13,61%,4.25,100%,100.0,50%,1.4,"fighter_tott, raw_fighter_details",170 lbs.,170.0,,,,,,,,,,,Sherdog,https://www.sherdog.com/fighter/Chel-ErwinDavis-148611,preenchido_verificado,Data completa explicitamente publicada no perfil citado. Correspondência por nome; altura compatível; peso compatível.,Chel Erwin-Davis,2026-10-08,https://www.sherdog.com/fighter/Chel-ErwinDavis-148611,
746,CHRIS AMARANTE,ee0b69e307c857e5,Chris Amarante,,,,,,185 lbs.,,,,,185.0,,,http://ufcstats.com/fighter-details/ee0b69e307c857e5,0.0,0%,0.0,0.0,0%,0.0,0%,0.0,0%,0.0,"fighter_tott, raw_fighter_details",185 lbs.,185.0,,,,,,,,,,,,,nao_preenchido_data_completa_nao_encontrada,Não foi localizada data de nascimento completa em perfil correspondente. Idade ou ano isolado não foram usados para estimar a data.,,2026-10-08,,
749,CHRIS BARNHIZER,91e69a1c3c87325b,Chris Barnhizer,,,,,,175 lbs.,,,,,175.0,,,http://ufcstats.com/fighter-details/91e69a1c3c87325b,0.0,0%,0.0,0.0,0%,0.0,0%,0.0,0%,0.0,"fighter_tott, raw_fighter_details",,,Full Contact Fighter,https://fcfighter.com/strikeforce-challengers-weigh-in-results-3/,pesagem_evento,2011-01-06,preenchido_verificado,weight;weight_lbs,"Pesagem publicada para Strikeforce Challengers 13, realizado em 07/01/2011. Valor histórico.",2026-10-07,https://fcfighter.com/strikeforce-challengers-weigh-in-results-3/,,,,nao_preenchido_data_completa_nao_encontrada,Não foi localizada data de nascimento completa em perfil correspondente. Idade ou ano isolado não foram usados para estimar a data.,,2026-10-08,,
752,CHRIS BOSTICK,239224bedeb2c7a4,Chris Bostick,,,,,,198 lbs.,,,,,198.0,,,http://ufcstats.com/fighter-details/239224bedeb2c7a4,0.0,0%,0.0,0.0,0%,0.0,0%,0.0,0%,0.0,"fighter_tott, raw_fighter_details",,,Sherdog,https://www.sherdog.com/fighter/Chris-Bostick-28248,perfil,,preenchido_verificado,weight;weight_lbs,Peso explicitamente informado no perfil; não representa necessariamente o peso atual nem uma pesagem de evento.,2026-10-07,https://www.sherdog.com/fighter/Chris-Bostick-28248,,,,nao_preenchido_data_completa_nao_encontrada,Não foi localizada data de nascimento completa em perfil correspondente. Idade ou ano isolado não foram usados para estimar a data.,,2026-10-08,,
754,CHRIS BROWN,9e2624ac992660c6,Chris Brown,,,,,,170 lbs.,,,,,170.0,,,http://ufcstats.com/fighter-details/9e2624ac992660c6,0.0,0%,0.0,0.0,0%,0.0,0%,0.0,0%,0.0,"fighter_tott, raw_fighter_details",170 lbs.,170.0,,,,,,,,,,,,,nao_preenchido_identidade_ambigua,Há perfis homônimos com datas diferentes; não foi possível confirmar qual corresponde ao registro original.,,2026-10-08,https://www.sherdog.com/fighter/Chris-Brown-9678 | https://www.sherdog.com/fighter/Chris-Brown-166243 | https://www.sherdog.com/fighter/Chris-Brown-135775,
758,CHRIS COGGINS,a0c29b13f7a5df32,Chris Coggins,,,,,,143 lbs.,,,1989-10-09,,143.0,,,http://ufcstats.com/fighter-details/a0c29b13f7a5df32,0.0,0%,0.0,0.0,0%,0.0,0%,0.0,0%,0.0,"fighter_tott, raw_fighter_details",,,Sherdog,https://www.sherdog.com/fighter/Chris-Coggins-57166,perfil,,preenchido_verificado,weight;weight_lbs,"Peso explicitamente informado no perfil; não representa necessariamente o peso atual nem uma pesagem de evento. Outras fontes/eventos apresentam pesos diferentes; foi mantido o valor do perfil citado, sem média ou inferência por categoria.",2026-10-07,https://www.sherdog.com/fighter/Chris-Coggins-57166,,Sherdog,https://www.sherdog.com/fighter/Chris-Coggins-57166,preenchido_verificado,Data completa explicitamente publicada no perfil citado. Correspondência por nome; peso compatível.,Chris Coggins,2026-10-08,https://www.sherdog.com/fighter/Chris-Coggins-57166,
759,CHRIS CONDO,41e77dc504a192c6,Chris Condo,,0.0,1.0,0.0,"6' 0""",335 lbs.,,Orthodox,,182.88,335.0,,,http://ufcstats.com/fighter-details/41e77dc504a192c6,0.0,0%,0.0,0.0,0%,0.0,0%,0.0,0%,0.0,"fighter_tott, raw_fighter_details, ufc_dataset",335 lbs.,335.0,,,,,,,,,,,,,nao_preenchido_data_completa_nao_encontrada,Não foi localizada data de nascimento completa em perfil correspondente. Idade ou ano isolado não foram usados para estimar a data.,,2026-10-08,,1999-05-07
766,CHRIS DRUMM,5fd834edd92c9e50,Chris Drumm,,,,,"5' 8""",145 lbs.,,,,172.72,145.0,,,http://ufcstats.com/fighter-details/5fd834edd92c9e50,0.0,0%,0.0,0.0,0%,0.0,0%,0.0,0%,0.0,"fighter_tott, raw_fighter_details",145 lbs.,145.0,,,,,,,,,,,,,nao_preenchido_data_completa_nao_encontrada,Não foi localizada data de nascimento completa em perfil correspondente. Idade ou ano isolado não foram usados para estimar a data.,,2026-10-08,,
774,CHRIS HAWK,9460c867aae1987e,Chris Hawk,,,,,"6' 1""",205 lbs.,,,1985-12-20,185.42,205.0,,,http://ufcstats.com/fighter-details/9460c867aae1987e,0.0,0%,0.0,0.0,0%,0.0,0%,0.0,0%,0.0,"fighter_tott, raw_fighter_details",205 lbs.,205.0,,,,,,,,,,,Sherdog,https://www.sherdog.com/fighter/Chris-Hawk-23018,preenchido_verificado,Data completa explicitamente publicada no perfil citado. Correspondência por nome; altura compatível; peso compatível.,Chris Hawk,2026-10-08,https://www.sherdog.com/fighter/Chris-Hawk-23018,
776,CHRIS HERRERA,f71028a6e5128856,Chris Herrera,,,,,"5' 10""",185 lbs.,,,1984-04-23,177.8,185.0,,,http://ufcstats.com/fighter-details/f71028a6e5128856,2.04,37%,37.0,3.35,48%,1.8,100%,100.0,100%,0.0,"fighter_tott, raw_fighter_details",185 lbs.,185.0,,,,,,,,,,,Sherdog,https://www.sherdog.com/fighter/Chris-Herrera-70125,preenchido_verificado,Data completa explicitamente publicada no perfil citado. Correspondência por nome; altura compatível; peso compatível.,Chris Herrera,2026-10-08,https://www.sherdog.com/fighter/Chris-Herrera-70125,
782,CHRIS INMAN,f0a381ba65d2a933,Chris Inman,,,,,,169 lbs.,,,,,169.0,,,http://ufcstats.com/fighter-details/f0a381ba65d2a933,0.0,0%,0.0,0.0,0%,0.0,0%,0.0,0%,0.0,"fighter_tott, raw_fighter_details",,,Sherdog,https://www.sherdog.com/fighter/Chris-Inman-45539,perfil,,preenchido_verificado,weight;weight_lbs,Peso explicitamente informado no perfil; não representa necessariamente o peso atual nem uma pesagem de evento.,2026-10-07,https://www.sherdog.com/fighter/Chris-Inman-45539,,,,nao_preenchido_data_completa_nao_encontrada,Não foi localizada data de nascimento completa em perfil correspondente. Idade ou ano isolado não foram usados para estimar a data.,,2026-10-08,,
786,CHRIS LIGUORI,0e31bfd26cc8c503,Chris Liguori,,15.0,10.0,0.0,"5' 9""",185 lbs.,,Orthodox,,175.26,185.0,,,http://ufcstats.com/fighter-details/0e31bfd26cc8c503,0.29,33%,33.0,1.44,0%,0.0,0%,0.0,50%,0.0,"fighter_tott, raw_fighter_details, ufc_dataset",185 lbs.,185.0,,,,,,,,,,,,,nao_preenchido_data_completa_nao_encontrada,Não foi localizada data de nascimento completa em perfil correspondente. Idade ou ano isolado não foram usados para estimar a data.,,2026-10-08,,2003-11-21
795,CHRIS SOLOMON,324c7a749128df8d,Chris Solomon,,,,,"5' 11""",155 lbs.,,,,180.34,155.0,,,http://ufcstats.com/fighter-details/324c7a749128df8d,0.0,0%,0.0,2.8,37%,0.0,0%,0.0,33%,0.0,"fighter_tott, raw_fighter_details",155 lbs.,155.0,,,,,,,,,,,,,nao_preenchido_data_completa_nao_encontrada,Não foi localizada data de nascimento completa em perfil correspondente. Idade ou ano isolado não foram usados para estimar a data.,,2026-10-08,,
802,CHRIS WRIGHT,7182146226dabe22,Chris Wright,,,,,,145 lbs.,,,1985-06-28,,145.0,,,http://ufcstats.com/fighter-details/7182146226dabe22,0.0,0%,0.0,0.0,0%,0.0,0%,0.0,0%,0.0,"fighter_tott, raw_fighter_details",,,Sherdog,https://www.sherdog.com/fighter/chris-wright-59793,perfil,,preenchido_verificado,weight;weight_lbs,Peso explicitamente informado no perfil; não representa necessariamente o peso atual nem uma pesagem de evento.,2026-10-07,https://www.sherdog.com/fighter/chris-wright-59793,,Sherdog,https://www.sherdog.com/fighter/chris-wright-59793,preenchido_verificado,Data completa no mesmo perfil já identificado na pesquisa anterior de peso; ligação confirmada pela fonte registrada no CSV.,Chris Wright,2026-10-08,https://www.sherdog.com/fighter/Chris-Wright-296181 | https://www.sherdog.com/fighter/chris-wright-59793 | https://www.sherdog.com/fighter/Chris-Wright-78089,
803,CHRIS YEE,920632ca1b78fae5,Chris Yee,,,,,"5' 9""",185 lbs.,,,,175.26,185.0,,,http://ufcstats.com/fighter-details/920632ca1b78fae5,0.0,0%,0.0,0.0,0%,0.0,0%,0.0,0%,0.0,"fighter_tott, raw_fighter_details",185 lbs.,185.0,,,,,,,,,,,,,nao_preenchido_data_completa_nao_encontrada,Não foi localizada data de nascimento completa em perfil correspondente. Idade ou ano isolado não foram usados para estimar a data.,,2026-10-08,,
816,CHRISTOPHE LENINGER,7269329bd87eb479,Christophe Leninger,,3.0,4.0,0.0,"6' 0""",200 lbs.,,Southpaw,,182.88,200.0,,,http://ufcstats.com/fighter-details/7269329bd87eb479,0.0,0%,0.0,0.0,0%,0.0,0%,0.0,0%,0.0,"fighter_tott, raw_fighter_details, ufc_dataset",200 lbs.,200.0,,,,,,,,,,,,,nao_preenchido_data_completa_nao_encontrada,Não foi localizada data de nascimento completa em perfil correspondente. Idade ou ano isolado não foram usados para estimar a data.,,2026-10-08,,1994-09-09
820,CHUCK GRIGSBY,7fb4234670271505,Chuck Grigsby,,,,,"6' 6""",205 lbs.,,Orthodox,1972-08-15,198.12,205.0,,,http://ufcstats.com/fighter-details/7fb4234670271505,0.71,16%,16.0,3.29,46%,0.0,0%,0.0,66%,0.0,"fighter_tott, raw_fighter_details",205 lbs.,205.0,,,,,,,,,,,Sherdog,https://www.sherdog.com/fighter/Chuck-Grigsby-13066,preenchido_verificado,Data completa explicitamente publicada no perfil citado. Correspondência por nome; altura compatível; peso compatível.,Chuck Grigsby,2026-10-08,https://www.sherdog.com/fighter/Chuck-Grigsby-13066,
829,CJ MARSH,4c91eb190d5e0dd9,CJ Marsh,,,,,,,,,,,,,,http://ufcstats.com/fighter-details/4c91eb190d5e0dd9,0.0,0%,0.0,0.0,0%,0.0,0%,0.0,0%,0.0,"fighter_tott, raw_fighter_details",,,,,,,nao_preenchido_sem_peso_verificavel,,Perfil sem peso explícito; limite da divisão não utilizado.,2026-10-07,https://www.espn.com/mma/fighter/_/id/2951313/cj-marsh,,,,nao_preenchido_data_completa_nao_encontrada,Não foi localizada data de nascimento completa em perfil correspondente. Idade ou ano isolado não foram usados para estimar a data.,,2026-10-08,,
834,CLAUDIO MATTOS,6e2b1d631832921d,Claudio Mattos,,,,,,185 lbs.,,Orthodox,,,185.0,,,http://ufcstats.com/fighter-details/6e2b1d631832921d,0.0,0%,0.0,3.53,0%,0.0,0%,0.0,0%,0.0,"fighter_tott, raw_fighter_details",185 lbs.,185.0,,,,,,,,,,,,,nao_preenchido_data_completa_nao_encontrada,Não foi localizada data de nascimento completa em perfil correspondente. Idade ou ano isolado não foram usados para estimar a data.,,2026-10-08,,
838,CLAUDIONOR FONTINELLE,7a82635ffa9b59fe,Claudionor Fontinelle,,,,,"5' 5""",185 lbs.,,Orthodox,1974-03-22,165.1,185.0,,,http://ufcstats.com/fighter-details/7a82635ffa9b59fe,2.62,42%,42.0,10.25,28%,0.0,0%,0.0,0%,0.0,"fighter_tott, raw_fighter_details",185 lbs.,185.0,,,,,,,,,,,Tapology,https://www.tapology.com/fightcenter/fighters/2869-claudionor-fontinelle-demolition-man,preenchido_verificado,Data completa explicitamente publicada no perfil citado. Correspondência por nome; altura compatível. Variante do nome: Claudionor Fontenelle.,Claudionor Fontenelle,2026-10-08,https://www.tapology.com/fightcenter/fighters/2869-claudionor-fontinelle-demolition-man,
843,CLAY MITCHELL,3d960455f880bb25,Clay Mitchell,,,,,"6' 2""",185 lbs.,,,1983-08-18,187.96,185.0,,,http://ufcstats.com/fighter-details/3d960455f880bb25,1.63,85%,85.0,0.0,0%,0.0,0%,0.0,100%,4.1,"fighter_tott, raw_fighter_details",185 lbs.,185.0,,,,,,,,,,,Sherdog,https://www.sherdog.com/fighter/Clay-Mitchell-188081,preenchido_verificado,Data completa explicitamente publicada no perfil citado. Correspondência por nome; altura compatível; peso compatível.,Clay Mitchell,2026-10-08,https://www.sherdog.com/fighter/Clay-Mitchell-188081,
845,CLAYTON MACFARLANE,39831e62d12e7ad1,Clayton MacFarlane,,,,,,170 lbs.,,,,,170.0,,,http://ufcstats.com/fighter-details/39831e62d12e7ad1,1.33,52%,52.0,1.82,55%,1.05,33%,33.0,37%,0.0,"fighter_tott, raw_fighter_details",170 lbs.,170.0,,,,,,,,,,,,,nao_preenchido_data_completa_nao_encontrada,Não foi localizada data de nascimento completa em perfil correspondente. Idade ou ano isolado não foram usados para estimar a data.,,2026-10-08,,
846,CLEBER LUCIANO,9bdebbf2735d14c2,Cleber Luciano,,,,,"5' 6""",155 lbs.,,,1973-12-15,167.64,155.0,,,http://ufcstats.com/fighter-details/9bdebbf2735d14c2,0.0,0%,0.0,0.0,0%,0.0,0%,0.0,0%,0.0,"fighter_tott, raw_fighter_details",155 lbs.,155.0,,,,,,,,,,,Sherdog,https://www.sherdog.com/fighter/Cleber-Luciano-824,preenchido_verificado,Data completa explicitamente publicada no perfil citado. Correspondência por nome; altura compatível; peso compatível.,Cleber Luciano,2026-10-08,https://www.sherdog.com/fighter/Cleber-Luciano-824,
848,CLINT CORONEL,fe67cd6423f7a8ad,Clint Coronel,,,,,,155 lbs.,,,1981-06-15,,155.0,,,http://ufcstats.com/fighter-details/fe67cd6423f7a8ad,4.93,32%,32.0,5.6,66%,0.0,0%,0.0,66%,0.0,"fighter_tott, raw_fighter_details",155 lbs.,155.0,,,,,,,,,,,Sherdog,https://www.sherdog.com/fighter/Clint-Coronel-16505,preenchido_verificado,Data completa explicitamente publicada no perfil citado. Correspondência por nome; peso compatível.,Clint Coronel,2026-10-08,https://www.sherdog.com/fighter/Clint-Coronel-16505,
854,CODY CANTERBURY,23100e8f71f25a4a,Cody Canterbury,,,,,"5' 8""",155 lbs.,,,,172.72,155.0,,,http://ufcstats.com/fighter-details/23100e8f71f25a4a,0.0,0%,0.0,0.0,0%,0.0,0%,0.0,0%,0.0,"fighter_tott, raw_fighter_details",155 lbs.,155.0,,,,,,,,,,,,,nao_preenchido_data_completa_nao_encontrada,Não foi localizada data de nascimento completa em perfil correspondente. Idade ou ano isolado não foram usados para estimar a data.,,2026-10-08,,
855,CODY CARRILLO,9346efb4bbaedd08,Cody Carrillo,,,,,"5' 10""",155 lbs.,,,1982-04-15,177.8,155.0,,,http://ufcstats.com/fighter-details/9346efb4bbaedd08,0.0,0%,0.0,0.0,0%,0.0,0%,0.0,0%,0.0,"fighter_tott, raw_fighter_details",155 lbs.,155.0,,,,,,,,,,,Sherdog,https://www.sherdog.com/fighter/Cody-Carrillo-79050,preenchido_verificado,Data completa explicitamente publicada no perfil citado. Correspondência por nome; altura compatível; peso compatível.,Cody Carrillo,2026-10-08,https://www.sherdog.com/fighter/Cody-Carrillo-79050 | https://www.tapology.com/fightcenter/fighters/13390-Cody-Carrillo,
867,CODY SONS,3324129f3745b300,Cody Sons,,,,,"5' 9""",205 lbs.,,,1994-04-04,175.26,205.0,,,http://ufcstats.com/fighter-details/3324129f3745b300,0.0,0%,0.0,0.0,0%,0.0,0%,0.0,0%,0.0,"fighter_tott, raw_fighter_details",205 lbs.,205.0,,,,,,,,,,,Sherdog,https://www.sherdog.com/fighter/Cody-Sons-346851,preenchido_verificado,Data completa explicitamente publicada no perfil citado. Correspondência por nome.,Cody Sons,2026-10-08,https://www.sherdog.com/fighter/Cody-Sons-346851,
878,COLLEEN SCHNEIDER,aa943b9bc00cb0ed,Colleen Schneider,,,,,,135 lbs.,,,1982-03-12,,135.0,,,http://ufcstats.com/fighter-details/aa943b9bc00cb0ed,2.17,48%,48.0,2.5,50%,2.5,50%,50.0,60%,0.0,"fighter_tott, raw_fighter_details",135 lbs.,135.0,,,,,,,,,,,Sherdog,https://www.sherdog.com/fighter/Colleen-Schneider-50014,preenchido_verificado,Data completa explicitamente publicada no perfil citado. Correspondência por nome; peso compatível.,Colleen Schneider,2026-10-08,https://www.sherdog.com/fighter/Colleen-Schneider-50014,
879,COLLEY BRADFORD,fbbb9d2bf674ef61,Colley  Bradford,,,,,"5' 7""",145 lbs.,,,,,145.0,,,,0.43,25%,25.0,1.73,50%,19.42,50%,50.0,100%,0.0,raw_fighter_details,145 lbs.,145.0,,,,,,,,,,,,,nao_preenchido_data_completa_nao_encontrada,Não foi localizada data de nascimento completa em perfil correspondente. Idade ou ano isolado não foram usados para estimar a data.,,2026-10-08,,
880,COLLEYBRADFORD,1433786ac76cf777,ColleyBradford,,,,,"5' 7""",145 lbs.,,,,170.18,145.0,,,http://ufcstats.com/fighter-details/1433786ac76cf777,,,,,,,,,,,fighter_tott,145 lbs.,145.0,,,,,,,,,,,,,nao_preenchido_data_completa_nao_encontrada,Não foi localizada data de nascimento completa em perfil correspondente. Idade ou ano isolado não foram usados para estimar a data.,,2026-10-08,,
896,CORY DEVELA,48544433372ecfa6,Cory Devela,,,,,"5' 0""",185 lbs.,,Orthodox,1984-08-05,152.4,185.0,,,http://ufcstats.com/fighter-details/48544433372ecfa6,4.07,41%,41.0,4.0,47%,1.07,12%,12.0,62%,0.0,"fighter_tott, raw_fighter_details",185 lbs.,185.0,,,,,,,,,,,Sherdog; Tapology,https://www.sherdog.com/fighter/Cory-Devela-9919,preenchido_verificado,"Data completa concordante em Sherdog e Tapology; perfil identificado pelo nome, peso e histórico. Altura diverge do CSV e foi preservada sem correção.",Cory Devela,2026-10-08,https://www.sherdog.com/fighter/Cory-Devela-9919 | https://www.tapology.com/fightcenter/fighters/cory-devela-the-one,
899,CORY PETERSON,5df10509264586e5,Cory Peterson,,,,,"6' 11""",400 lbs.,,Orthodox,1979-02-04,210.82,400.0,,,http://ufcstats.com/fighter-details/5df10509264586e5,2.17,60%,60.0,6.51,40%,0.0,0%,0.0,0%,0.0,"fighter_tott, raw_fighter_details",400 lbs.,400.0,,,,,,,,,,,Sherdog,https://www.sherdog.com/fighter/Cory-Peterson-9526,preenchido_verificado,Data completa explicitamente publicada no perfil citado. Correspondência por nome; altura compatível.,Cory Peterson,2026-10-08,https://www.sherdog.com/fighter/Cory-Peterson-9526,
901,CORY WALMSLEY,83c6c3e0f8bde8ee,Cory Walmsley,Hardcore,8.0,2.0,0.0,"6' 0""",205 lbs.,,Orthodox,,182.88,205.0,,,http://ufcstats.com/fighter-details/83c6c3e0f8bde8ee,0.79,100%,100.0,1.18,50%,0.0,0%,0.0,0%,0.0,"fighter_tott, raw_fighter_details, ufc_dataset",205 lbs.,205.0,,,,,,,,,,,,,nao_preenchido_data_completa_nao_encontrada,Não foi localizada data de nascimento completa em perfil correspondente. Idade ou ano isolado não foram usados para estimar a data.,,2026-10-08,,2006-08-26
905,COURTNEY TURNER,56f4b81ec4db61af,Courtney Turner,,0.0,3.0,0.0,"6' 2""",170 lbs.,,,,187.96,170.0,,,http://ufcstats.com/fighter-details/56f4b81ec4db61af,0.0,0%,0.0,0.0,0%,0.0,0%,0.0,0%,0.0,"fighter_tott, raw_fighter_details, ufc_dataset",170 lbs.,170.0,,,,,,,,,,,,,nao_preenchido_data_completa_nao_encontrada,Não foi localizada data de nascimento completa em perfil correspondente. Idade ou ano isolado não foram usados para estimar a data.,,2026-10-08,,
911,CREZIO DE SOUZA,3746e21bb508391a,Crezio de Souza,,,,,,170 lbs.,,Orthodox,,,170.0,,,http://ufcstats.com/fighter-details/3746e21bb508391a,0.0,0%,0.0,0.0,0%,0.0,0%,0.0,0%,0.0,"fighter_tott, raw_fighter_details",170 lbs.,170.0,,,,,,,,,,,,,nao_preenchido_data_completa_nao_encontrada,Não foi localizada data de nascimento completa em perfil correspondente. Idade ou ano isolado não foram usados para estimar a data.,,2026-10-08,,
920,CURT WARBURTON,2721bb808bb2523c,Curt Warburton,,13.0,6.0,0.0,"6' 0""",155 lbs.,"73""",Orthodox,,182.88,155.0,73.0,185.42,http://ufcstats.com/fighter-details/2721bb808bb2523c,2.13,42%,42.0,3.44,43%,2.35,50%,50.0,83%,0.9,"fighter_tott, raw_fighter_details, ufc_dataset",155 lbs.,155.0,,,,,,,,,,,,,nao_preenchido_data_completa_nao_encontrada,Não foi localizada data de nascimento completa em perfil correspondente. Idade ou ano isolado não foram usados para estimar a data.,,2026-10-08,,2010-10-16
932,DAE WON KIM,354808cf38d9d73c,Dae Won Kim,,,,,"5' 11""",180 lbs.,,Orthodox,1979-11-01,180.34,180.0,,,http://ufcstats.com/fighter-details/354808cf38d9d73c,1.75,32%,32.0,2.51,36%,3.43,42%,42.0,0%,0.0,"fighter_tott, raw_fighter_details",180 lbs.,180.0,,,,,,,,,,,Sherdog,https://www.sherdog.com/fighter/Dae-Won-Kim-8547,preenchido_verificado,Data completa explicitamente publicada no perfil citado. Correspondência por nome; altura compatível; peso compatível.,Dae Won Kim,2026-10-08,https://www.sherdog.com/fighter/Dae-Won-Kim-8547,
941,DAISUKE SUGIE,8215e4fe24e8e81b,Daisuke Sugie,,,,,"5' 6""",160 lbs.,,Orthodox,1980-10-12,167.64,160.0,,,http://ufcstats.com/fighter-details/8215e4fe24e8e81b,0.0,0%,0.0,0.22,80%,3.27,50%,50.0,0%,3.3,"fighter_tott, raw_fighter_details",160 lbs.,160.0,,,,,,,,,,,Sherdog,https://www.sherdog.com/fighter/Daisuke-Sugie-1352,preenchido_verificado,Data completa explicitamente publicada no perfil citado. Correspondência por nome; altura compatível; peso compatível.,Daisuke Sugie,2026-10-08,https://www.sherdog.com/fighter/Daisuke-Sugie-1352,
954,DAMION DOUGLAS,ce3b669e39418414,Damion Douglas,,,,,,170 lbs.,,,1982-08-16,,170.0,,,http://ufcstats.com/fighter-details/ce3b669e39418414,0.0,0%,0.0,0.0,0%,0.0,0%,0.0,0%,0.0,"fighter_tott, raw_fighter_details",170 lbs.,170.0,,,,,,,,,,,Sherdog,https://www.sherdog.com/fighter/Damion-Douglas-23720,preenchido_verificado,Data completa explicitamente publicada no perfil citado. Correspondência por nome; peso compatível.,Damion Douglas,2026-10-08,https://www.sherdog.com/fighter/Damion-Douglas-23720 | https://www.tapology.com/fightcenter/fighters/damion-douglas,
973,DAN MANASOIU,eefc73b53d4a05d7,Dan Manasoiu,,,,,,292 lbs.,,,,,292.0,,,http://ufcstats.com/fighter-details/eefc73b53d4a05d7,,,,,,,,,,,fighter_tott,,,Tapology,https://www.tapology.com/fightcenter/fighters/293728-daniel-manasoiu,ultima_pesagem_perfil,2023-12-10,preenchido_verificado,weight;weight_lbs,"Pesagem individual registrada no histórico do UFC Fight Pass Invitational 5 em 10/12/2023; valor histórico de grappling, também listado como Last Weigh-In do perfil.",2026-10-07,https://www.tapology.com/fightcenter/fighters/293728-daniel-manasoiu,,,,nao_preenchido_data_completa_nao_encontrada,Não foi localizada data de nascimento completa em perfil correspondente. Idade ou ano isolado não foram usados para estimar a data.,,2026-10-08,,
985,DANIEL GALLEMORE,96706c75a2b14164,Daniel Gallemore,,,,,"6' 5""",265 lbs.,,,1985-06-14,195.58,265.0,,,http://ufcstats.com/fighter-details/96706c75a2b14164,3.1,41%,41.0,6.0,52%,0.0,0%,0.0,0%,0.0,"fighter_tott, raw_fighter_details",265 lbs.,265.0,,,,,,,,,,,Sherdog,https://www.sherdog.com/fighter/Daniel-Gallemore-83132,preenchido_verificado,Data completa explicitamente publicada no perfil citado. Correspondência por nome; altura compatível; peso compatível.,Daniel Gallemore,2026-10-08,https://www.sherdog.com/fighter/Daniel-Gallemore-83132,
986,DANIEL GRACIE,82d6a9ae41aac3f7,Daniel Gracie,,,,,"6' 2""",225 lbs.,,Orthodox,1972-06-28,187.96,225.0,,,http://ufcstats.com/fighter-details/82d6a9ae41aac3f7,1.9,38%,38.0,1.33,59%,0.36,100%,100.0,80%,2.1,"fighter_tott, raw_fighter_details",225 lbs.,225.0,,,,,,,,,,,Sherdog,https://www.sherdog.com/fighter/Daniel-Gracie-4836,preenchido_verificado,Data completa explicitamente publicada no perfil citado. Correspondência por nome; altura compatível; peso compatível.,Daniel Gracie,2026-10-08,https://www.sherdog.com/fighter/Daniel-Gracie-4836,
991,DANIEL MCWILLIAMS,7b03d9df5910917d,Daniel McWilliams,,,,,"6' 1""",185 lbs.,,,1983-01-14,185.42,185.0,,,http://ufcstats.com/fighter-details/7b03d9df5910917d,3.36,77%,77.0,0.0,0%,0.0,0%,0.0,100%,21.6,"fighter_tott, raw_fighter_details",185 lbs.,185.0,,,,,,,,,,,Sherdog,https://www.sherdog.com/fighter/Daniel-McWilliams-22792,preenchido_verificado,Data completa explicitamente publicada no perfil citado. Correspondência por nome; altura compatível; peso compatível.,Daniel McWilliams,2026-10-08,https://www.sherdog.com/fighter/Daniel-McWilliams-22792 | https://www.tapology.com/fightcenter/fighters/daniel-mcwilliams-the-animal,
1000,DANIEL SCHMITT,bd02e222a6166d50,Daniel Schmitt,,,,,,185 lbs.,,,,,185.0,,,http://ufcstats.com/fighter-details/bd02e222a6166d50,0.0,0%,0.0,0.0,0%,0.0,0%,0.0,0%,0.0,"fighter_tott, raw_fighter_details",185 lbs.,185.0,,,,,,,,,,,,,nao_preenchido_data_completa_nao_encontrada,Não foi localizada data de nascimento completa em perfil correspondente. Idade ou ano isolado não foram usados para estimar a data.,,2026-10-08,,
1036,DARREL GHOLAR,a24e080000fa7a35,Darrel Gholar,,5.0,6.0,0.0,"5' 8""",194 lbs.,,Orthodox,,172.72,194.0,,,http://ufcstats.com/fighter-details/a24e080000fa7a35,0.0,0%,0.0,0.0,0%,0.0,0%,0.0,0%,0.0,"fighter_tott, raw_fighter_details, ufc_dataset",194 lbs.,194.0,,,,,,,,,,,,,nao_preenchido_data_completa_nao_encontrada,Não foi localizada data de nascimento completa em perfil correspondente. Idade ou ano isolado não foram usados para estimar a data.,,2026-10-08,,1999-01-08
1050,DAVE BENETEAU,9fd1f08dd4aec14a,Dave Beneteau,Dangerous,6.0,5.0,1.0,"6' 2""",250 lbs.,,Orthodox,1968-07-16,187.96,250.0,,,http://ufcstats.com/fighter-details/9fd1f08dd4aec14a,0.0,0%,0.0,0.0,0%,0.0,0%,0.0,0%,0.0,"fighter_tott, raw_fighter_details, ufc_dataset",250 lbs.,250.0,,,,,,,,,,,Sherdog,https://www.sherdog.com/fighter/Dave-Beneteau-56,preenchido_verificado,Data completa explicitamente publicada no perfil citado. Correspondência por nome; altura compatível; peso compatível.,Dave Beneteau,2026-10-08,https://www.sherdog.com/fighter/Dave-Beneteau-56,1995-04-07
1051,DAVE BERRY,b3bbe88fecd6a0d2,Dave Berry,,0.0,1.0,0.0,,216 lbs.,,,,,216.0,,,http://ufcstats.com/fighter-details/b3bbe88fecd6a0d2,0.0,0%,0.0,0.0,0%,0.0,0%,0.0,0%,0.0,"fighter_tott, raw_fighter_details, ufc_dataset",,,Sherdog,https://www.sherdog.com/fighter/Dave-Berry-143,perfil,,preenchido_verificado,weight;weight_lbs,Peso explicitamente informado no perfil; não representa necessariamente o peso atual nem uma pesagem de evento.,2026-10-07,https://www.sherdog.com/fighter/Dave-Berry-143,,,,nao_preenchido_data_completa_nao_encontrada,Não foi localizada data de nascimento completa em perfil correspondente. Idade ou ano isolado não foram usados para estimar a data.,,2026-10-08,,
1053,DAVE COURCHAINE,79ab17db3b40831a,Dave Courchaine,,,,,"5' 8""",170 lbs.,,,1983-02-08,172.72,170.0,,,http://ufcstats.com/fighter-details/79ab17db3b40831a,0.0,0%,0.0,0.0,0%,0.0,0%,0.0,0%,0.0,"fighter_tott, raw_fighter_details",170 lbs.,170.0,,,,,,,,,,,Sherdog,https://www.sherdog.com/fighter/Dave-Courchaine-29146,preenchido_verificado,Data completa explicitamente publicada no perfil citado. Correspondência por nome; altura compatível; peso compatível.,Dave Courchaine,2026-10-08,https://www.sherdog.com/fighter/Dave-Courchaine-29146,
1058,DAVE MARTIN,92c96df8bdab5fea,Dave Martin,,,,,"6' 0""",205 lbs.,,,,182.88,205.0,,,http://ufcstats.com/fighter-details/92c96df8bdab5fea,0.0,0%,0.0,0.0,0%,0.0,0%,0.0,0%,0.0,"fighter_tott, raw_fighter_details",205 lbs.,205.0,,,,,,,,,,,,,nao_preenchido_data_completa_nao_encontrada,Não foi localizada data de nascimento completa em perfil correspondente. Idade ou ano isolado não foram usados para estimar a data.,,2026-10-08,,
1069,DAVID AVELLAN,956dcac65e7b34d6,David Avellan,,,,,"5' 9""",185 lbs.,,Orthodox,1981-07-07,175.26,185.0,,,http://ufcstats.com/fighter-details/956dcac65e7b34d6,3.33,25%,25.0,10.0,57%,0.0,0%,0.0,0%,0.0,"fighter_tott, raw_fighter_details",185 lbs.,185.0,,,,,,,,,,,Sherdog,https://www.sherdog.com/fighter/David-Avellan-19192,preenchido_verificado,Data completa explicitamente publicada no perfil citado. Correspondência por nome; altura compatível; peso compatível.,David Avellan,2026-10-08,https://www.sherdog.com/fighter/David-Avellan-19192,
1071,DAVID BARRIOS,e6015889f50075d2,David Barrios,,,,,"5' 6""",145 lbs.,,,,167.64,145.0,,,http://ufcstats.com/fighter-details/e6015889f50075d2,0.0,0%,0.0,0.0,0%,0.0,0%,0.0,0%,0.0,"fighter_tott, raw_fighter_details",145 lbs.,145.0,,,,,,,,,,,,,nao_preenchido_data_completa_nao_encontrada,Não foi localizada data de nascimento completa em perfil correspondente. Idade ou ano isolado não foram usados para estimar a data.,,2026-10-08,,
1073,DAVID BLANCO,ebf298f8ac7e232b,David Blanco,,,,,"5' 7""",145 lbs.,,,,170.18,145.0,,,http://ufcstats.com/fighter-details/ebf298f8ac7e232b,0.0,0%,0.0,0.0,0%,0.0,0%,0.0,0%,0.0,"fighter_tott, raw_fighter_details",145 lbs.,145.0,,,,,,,,,,,,,nao_preenchido_data_completa_nao_encontrada,Não foi localizada data de nascimento completa em perfil correspondente. Idade ou ano isolado não foram usados para estimar a data.,,2026-10-08,,
1081,DAVID HOOD,5af480a3b2e1726b,David Hood,,1.0,3.0,0.0,"6' 0""",200 lbs.,,,,182.88,200.0,,,http://ufcstats.com/fighter-details/5af480a3b2e1726b,0.0,0%,0.0,0.0,0%,0.0,0%,0.0,0%,0.0,"fighter_tott, raw_fighter_details, ufc_dataset",200 lbs.,200.0,,,,,,,,,,,,,nao_preenchido_data_completa_nao_encontrada,Não foi localizada data de nascimento completa em perfil correspondente. Idade ou ano isolado não foram usados para estimar a data.,,2026-10-08,,1995-09-08
1084,DAVID LEE,8caca5857ce0e30b,David Lee,,12.0,10.0,0.0,"5' 10""",155 lbs.,,Orthodox,,177.8,155.0,,,http://ufcstats.com/fighter-details/8caca5857ce0e30b,1.49,50%,50.0,3.31,42%,0.0,0%,0.0,50%,0.0,"fighter_tott, raw_fighter_details, ufc_dataset",155 lbs.,155.0,,,,,,,,,,,,,nao_preenchido_identidade_nao_confirmada,Data de perfil homônimo incompatível com a cronologia das lutas na base: primeira luta registrada em 2006-09-23. Valor não aplicado.,,2026-10-08,https://www.tapology.com/fightcenter/fighters/434371-david-lee,2006-09-23
1085,DAVID LEVICKI,49590e0508b2c19f,David Levicki,,1.0,3.0,0.0,"6' 5""",275 lbs.,,,,195.58,275.0,,,http://ufcstats.com/fighter-details/49590e0508b2c19f,0.0,0%,0.0,0.0,0%,0.0,0%,0.0,0%,0.0,"fighter_tott, raw_fighter_details, ufc_dataset",275 lbs.,275.0,,,,,,,,,,,,,nao_preenchido_data_completa_nao_encontrada,Não foi localizada data de nascimento completa em perfil correspondente. Idade ou ano isolado não foram usados para estimar a data.,,2026-10-08,,1994-03-11
1093,DAVID RASOURI,31e1ea6fe6b682f8,David Rasouri,,,,,"5' 7""",155 lbs.,,,,170.18,155.0,,,http://ufcstats.com/fighter-details/31e1ea6fe6b682f8,0.0,0%,0.0,0.0,0%,0.0,0%,0.0,0%,0.0,"fighter_tott, raw_fighter_details",155 lbs.,155.0,,,,,,,,,,,,,nao_preenchido_data_completa_nao_encontrada,Não foi localizada data de nascimento completa em perfil correspondente. Idade ou ano isolado não foram usados para estimar a data.,,2026-10-08,,
1095,DAVID SMITH,e955046551f8c7dd,David Smith,,,,,,155 lbs.,,,,,155.0,,,http://ufcstats.com/fighter-details/e955046551f8c7dd,0.0,0%,0.0,0.0,0%,0.0,0%,0.0,0%,0.0,"fighter_tott, raw_fighter_details",155 lbs.,155.0,,,,,,,,,,,,,nao_preenchido_data_completa_nao_encontrada,Não foi localizada data de nascimento completa em perfil correspondente. Idade ou ano isolado não foram usados para estimar a data.,,2026-10-08,,
1098,DAVID VELASQUEZ,09c44b317c98bf96,David Velasquez,Little,10.0,10.0,0.0,"5' 5""",145 lbs.,,Orthodox,1966-10-19,165.1,145.0,,,http://ufcstats.com/fighter-details/09c44b317c98bf96,0.0,0%,0.0,0.0,0%,0.0,0%,0.0,0%,0.0,"fighter_tott, raw_fighter_details, ufc_dataset",145 lbs.,145.0,,,,,,,,,,,Sherdog,https://www.sherdog.com/fighter/David-Velasquez-243,preenchido_verificado,Perfil identificado pela altura/peso e histórico do UFC. Homônimo com nascimento posterior ou incompatível com a primeira luta na base foi descartado.,David Velasquez,2026-10-08,https://www.sherdog.com/fighter/David-Velasquez-386462 | https://www.sherdog.com/fighter/David-Velasquez-243 | https://www.tapology.com/fightcenter/fighters/david-velasquez-little,2000-03-10
1102,DEAN HANCOCK,24e9d6b0a24cff9d,Dean Hancock,,,,,,155 lbs.,,,,,155.0,,,http://ufcstats.com/fighter-details/24e9d6b0a24cff9d,7.97,63%,63.0,1.94,67%,1.71,33%,33.0,75%,1.7,"fighter_tott, raw_fighter_details",155 lbs.,155.0,,,,,,,,,,,,,nao_preenchido_data_completa_nao_encontrada,Não foi localizada data de nascimento completa em perfil correspondente. Idade ou ano isolado não foram usados para estimar a data.,,2026-10-08,,
1107,DEL HAWKINS,885e7f70dcac0007,Del Hawkins,,,,,"5' 5""",135 lbs.,,Orthodox,,165.1,135.0,,,http://ufcstats.com/fighter-details/885e7f70dcac0007,1.15,27%,27.0,2.01,46%,0.0,0%,0.0,0%,0.0,"fighter_tott, raw_fighter_details",135 lbs.,135.0,,,,,,,,,,,,,nao_preenchido_data_completa_nao_encontrada,Não foi localizada data de nascimento completa em perfil correspondente. Idade ou ano isolado não foram usados para estimar a data.,,2026-10-08,,
1109,DEMARCO VILLALONA,0275e33febc2818c,DeMarco Villalona,,,,,"5' 9""",185 lbs.,,,1986-09-27,175.26,185.0,,,http://ufcstats.com/fighter-details/0275e33febc2818c,0.0,0%,0.0,0.0,0%,0.0,0%,0.0,0%,0.0,"fighter_tott, raw_fighter_details",185 lbs.,185.0,,,,,,,,,,,Sherdog,https://www.sherdog.com/fighter/DeMarco-Villalona-62588,preenchido_verificado,Data completa explicitamente publicada no perfil citado. Correspondência por nome; altura compatível; peso compatível.,DeMarco Villalona,2026-10-08,https://www.sherdog.com/fighter/DeMarco-Villalona-62588,
1112,DEMETRIUS GIOULACOS,a58114c6dd0add64,Demetrius Gioulacos,,,,,"5' 11""",185 lbs.,,,,180.34,185.0,,,http://ufcstats.com/fighter-details/a58114c6dd0add64,0.0,0%,0.0,0.0,0%,0.0,0%,0.0,0%,0.0,"fighter_tott, raw_fighter_details",185 lbs.,185.0,,,,,,,,,,,,,nao_preenchido_data_completa_nao_encontrada,Não foi localizada data de nascimento completa em perfil correspondente. Idade ou ano isolado não foram usados para estimar a data.,,2026-10-08,,
1116,DENIS SOBOLEV,03b1e846b09f721d,Denis Sobolev,,,,,"6' 3""",216 lbs.,,Orthodox,1975-08-26,190.5,216.0,,,http://ufcstats.com/fighter-details/03b1e846b09f721d,0.0,0%,0.0,5.45,33%,0.0,0%,0.0,0%,0.0,"fighter_tott, raw_fighter_details",216 lbs.,216.0,,,,,,,,,,,Sherdog,https://www.sherdog.com/fighter/Denis-Sobolev-585,preenchido_verificado,Data completa explicitamente publicada no perfil citado. Correspondência por nome; altura compatível; peso compatível.,Denis Sobolev,2026-10-08,https://www.sherdog.com/fighter/Denis-Sobolev-585,
1125,DENNIS OLSON,8e0709784259402d,Dennis Olson,,,,,"6' 0""",170 lbs.,,,,182.88,170.0,,,http://ufcstats.com/fighter-details/8e0709784259402d,1.02,42%,42.0,5.27,38%,2.77,40%,40.0,0%,0.0,"fighter_tott, raw_fighter_details",170 lbs.,170.0,,,,,,,,,,,,,nao_preenchido_data_completa_nao_encontrada,Não foi localizada data de nascimento completa em perfil correspondente. Idade ou ano isolado não foram usados para estimar a data.,,2026-10-08,,
1126,DENNIS REED,4a35913bd9aa4161,Dennis Reed,,,,,,205 lbs.,,Orthodox,,,205.0,,,http://ufcstats.com/fighter-details/4a35913bd9aa4161,0.0,0%,0.0,0.0,0%,0.0,0%,0.0,0%,0.0,"fighter_tott, raw_fighter_details",205 lbs.,205.0,,,,,,,,,,,,,nao_preenchido_datas_conflitantes,Sherdog informa 1967-09-11 e Tapology informa 1969-09-11 para o atleta de altura semelhante. Data mantida vazia por divergência entre fontes.,,2026-10-08,https://www.sherdog.com/fighter/Dennis-Reed-617 | https://www.tapology.com/fightcenter/fighters/1971-dennis-reed,
1129,DENZEL FREEMAN,b5c19c34f12c917e,Denzel Freeman,,,,,,265 lbs.,,,1991-11-10,,265.0,,,http://ufcstats.com/fighter-details/b5c19c34f12c917e,,,,,,,,,,,fighter_tott,265 lbs.,265.0,,,,,,,,,,,Sherdog,https://www.sherdog.com/fighter/Denzel-Freeman-270825,preenchido_verificado,Data completa explicitamente publicada no perfil citado. Correspondência por nome; peso compatível.,Denzel Freeman,2026-10-08,https://www.sherdog.com/fighter/Denzel-Freeman-270825,2025-11-22
1132,DEREK BOHI,70a1c7626b5e0599,Derek Bohi,,,,,"6' 4""",260 lbs.,,,1979-12-09,193.04,260.0,,,http://ufcstats.com/fighter-details/70a1c7626b5e0599,0.0,0%,0.0,0.0,0%,0.0,0%,0.0,0%,0.0,"fighter_tott, raw_fighter_details",260 lbs.,260.0,,,,,,,,,,,Tapology,https://www.tapology.com/fightcenter/fighters/33832-derek-bohi,preenchido_verificado,Data completa explicitamente publicada no perfil citado. Correspondência por nome; altura compatível; peso compatível.,Derek Bohi,2026-10-08,https://www.tapology.com/fightcenter/fighters/33832-derek-bohi,
1136,DEREK GETZEL,42883268854b78be,Derek Getzel,,,,,"6' 0""",155 lbs.,,,,182.88,155.0,,,http://ufcstats.com/fighter-details/42883268854b78be,0.0,0%,0.0,0.0,0%,0.0,0%,0.0,0%,0.0,"fighter_tott, raw_fighter_details",155 lbs.,155.0,,,,,,,,,,,,,nao_preenchido_data_completa_nao_encontrada,Não foi localizada data de nascimento completa em perfil correspondente. Idade ou ano isolado não foram usados para estimar a data.,,2026-10-08,,
1138,DERRICK BURNSED,2213330f082f82d5,Derrick Burnsed,,,,,,155 lbs.,,,1980-06-09,,155.0,,,http://ufcstats.com/fighter-details/2213330f082f82d5,0.0,0%,0.0,0.0,0%,0.0,0%,0.0,0%,0.0,"fighter_tott, raw_fighter_details",155 lbs.,155.0,,,,,,,,,,,Sherdog,https://www.sherdog.com/fighter/Derrick-Burnsed-44266,preenchido_verificado,Data completa explicitamente publicada no perfil citado. Correspondência por nome; peso compatível.,Derrick Burnsed,2026-10-08,https://www.sherdog.com/fighter/Derrick-Burnsed-44266 | https://www.tapology.com/fightcenter/fighters/derrick-burnsed,
1143,DESHAUN JOHNSON,bf97ad31eae89429,Deshaun Johnson,,,,,,167 lbs.,,,1970-11-15,,167.0,,,http://ufcstats.com/fighter-details/bf97ad31eae89429,2.27,41%,41.0,6.67,43%,0.0,0%,0.0,0%,0.0,"fighter_tott, raw_fighter_details",167 lbs.,167.0,,,,,,,,,,,Sherdog,https://www.sherdog.com/fighter/Deshaun-Johnson-2823,preenchido_verificado,Data completa explicitamente publicada no perfil citado. Correspondência por nome; peso compatível.,Deshaun Johnson,2026-10-08,https://www.sherdog.com/fighter/Deshaun-Johnson-2823,
1148,DEVIN JOHNSON,22f4b6cb6b1bd7fd,Devin Johnson,,,,,,,,,,,,,,http://ufcstats.com/fighter-details/22f4b6cb6b1bd7fd,0.0,0%,0.0,0.0,0%,0.0,0%,0.0,0%,0.0,"fighter_tott, raw_fighter_details",,,,,,,nao_preenchido_identidade_ambigua,,Há homônimos com pesos e históricos diferentes; não foi possível vincular o perfil de forma segura ao registro original.,2026-10-07,,,,,nao_preenchido_data_completa_nao_encontrada,Não foi localizada data de nascimento completa em perfil correspondente. Idade ou ano isolado não foram usados para estimar a data.,,2026-10-08,,
1152,DEWEY COOPER,5efaaf313b652dd7,Dewey Cooper,,,,,,205 lbs.,,,1974-11-10,,205.0,,,http://ufcstats.com/fighter-details/5efaaf313b652dd7,0.0,0%,0.0,0.0,0%,0.0,0%,0.0,0%,0.0,"fighter_tott, raw_fighter_details",205 lbs.,205.0,,,,,,,,,,,Sherdog,https://www.sherdog.com/fighter/Dewey-Cooper-22412,preenchido_verificado,Data completa explicitamente publicada no perfil citado. Correspondência por nome; peso compatível.,Dewey Cooper,2026-10-08,https://www.sherdog.com/fighter/Dewey-Cooper-22412,
1164,DIEUSEL BERTO,0db70ca89e1c7374,Dieusel Berto,,0.0,3.0,0.0,"5' 9""",200 lbs.,,,1960-07-16,175.26,200.0,,,http://ufcstats.com/fighter-details/0db70ca89e1c7374,0.0,0%,0.0,0.0,0%,0.0,0%,0.0,0%,0.0,"fighter_tott, raw_fighter_details, ufc_dataset",200 lbs.,200.0,,,,,,,,,,,Sherdog,https://www.sherdog.com/fighter/Dieuseul-Berto-2007,preenchido_verificado,Data completa explicitamente publicada no perfil citado. Correspondência por nome; altura compatível; peso compatível. Variante do nome: Dieuseul Berto.,Dieuseul Berto,2026-10-08,https://www.sherdog.com/fighter/Dieuseul-Berto-2007,1996-07-12
1166,DILLON SMITH,ffee353f55e3aa2c,Dillon Smith,,,,,"6' 0""",170 lbs.,,,,182.88,170.0,,,http://ufcstats.com/fighter-details/ffee353f55e3aa2c,0.0,0%,0.0,0.0,0%,0.0,0%,0.0,0%,0.0,"fighter_tott, raw_fighter_details",170 lbs.,170.0,,,,,,,,,,,,,nao_preenchido_data_completa_nao_encontrada,Não foi localizada data de nascimento completa em perfil correspondente. Idade ou ano isolado não foram usados para estimar a data.,,2026-10-08,,
1167,DIMITIRI WANDERLEY,a1d6b308781aa2f5,Dimitiri Wanderley,,,,,,205 lbs.,,Orthodox,,,205.0,,,http://ufcstats.com/fighter-details/a1d6b308781aa2f5,0.92,25%,25.0,4.31,30%,1.16,20%,20.0,0%,0.0,"fighter_tott, raw_fighter_details",205 lbs.,205.0,,,,,,,,,,,,,nao_preenchido_data_completa_nao_encontrada,Não foi localizada data de nascimento completa em perfil correspondente. Idade ou ano isolado não foram usados para estimar a data.,,2026-10-08,,
1171,DINO PEZAO,81b57acd6975ac06,Dino Pezao,,,,,,205 lbs.,,Orthodox,,,205.0,,,http://ufcstats.com/fighter-details/81b57acd6975ac06,0.66,30%,30.0,3.28,31%,0.0,0%,0.0,0%,0.0,"fighter_tott, raw_fighter_details",205 lbs.,205.0,,,,,,,,,,,,,nao_preenchido_data_completa_nao_encontrada,Não foi localizada data de nascimento completa em perfil correspondente. Idade ou ano isolado não foram usados para estimar a data.,,2026-10-08,,
1177,DMITRI STEPANOV,738acab0c6934dd8,Dmitri Stepanov,,0.0,1.0,0.0,"6' 3""",217 lbs.,,Orthodox,,190.5,217.0,,,http://ufcstats.com/fighter-details/738acab0c6934dd8,0.0,0%,0.0,0.0,0%,0.0,0%,0.0,0%,0.0,"fighter_tott, raw_fighter_details, ufc_dataset",217 lbs.,217.0,,,,,,,,,,,,,nao_preenchido_data_completa_nao_encontrada,Não foi localizada data de nascimento completa em perfil correspondente. Idade ou ano isolado não foram usados para estimar a data.,,2026-10-08,,1997-05-30
1191,DON CARLO-CLAUSS,f59a6de8a5dfe297,Don Carlo-Clauss,,,,,,170 lbs.,,,,,170.0,,,http://ufcstats.com/fighter-details/f59a6de8a5dfe297,1.44,30%,30.0,7.68,43%,0.0,0%,0.0,66%,0.0,"fighter_tott, raw_fighter_details",170 lbs.,170.0,,,,,,,,,,,,,nao_preenchido_data_completa_nao_encontrada,Não foi localizada data de nascimento completa em perfil correspondente. Idade ou ano isolado não foram usados para estimar a data.,,2026-10-08,,
1207,DONNIE CHAPPELL,8788beb528894f33,Donnie Chappell,,0.0,1.0,0.0,"5' 11""",178 lbs.,,Southpaw,,180.34,178.0,,,http://ufcstats.com/fighter-details/8788beb528894f33,0.0,0%,0.0,0.0,0%,0.0,0%,0.0,0%,0.0,"fighter_tott, raw_fighter_details, ufc_dataset",178 lbs.,178.0,,,,,,,,,,,,,nao_preenchido_data_completa_nao_encontrada,Não foi localizada data de nascimento completa em perfil correspondente. Idade ou ano isolado não foram usados para estimar a data.,,2026-10-08,,1997-07-27
1208,DONNIE LILES,a1bf037613180253,Donnie Liles,,,,,"5' 9""",170 lbs.,,Orthodox,,175.26,170.0,,,http://ufcstats.com/fighter-details/a1bf037613180253,2.25,41%,41.0,1.75,65%,2.5,28%,28.0,0%,1.2,"fighter_tott, raw_fighter_details",170 lbs.,170.0,,,,,,,,,,,,,nao_preenchido_data_completa_nao_encontrada,Não foi localizada data de nascimento completa em perfil correspondente. Idade ou ano isolado não foram usados para estimar a data.,,2026-10-08,,
1217,DOUG KAY,547c5611bd366988,Doug Kay,,,,,,136 lbs.,,,,,136.0,,,http://ufcstats.com/fighter-details/547c5611bd366988,0.0,0%,0.0,0.0,0%,0.0,0%,0.0,0%,0.0,"fighter_tott, raw_fighter_details",,,Sherdog,https://www.sherdog.com/fighter/Doug-Kay-68167,perfil,,preenchido_verificado,weight;weight_lbs,Peso explicitamente informado no perfil; não representa necessariamente o peso atual nem uma pesagem de evento.,2026-10-07,https://www.sherdog.com/fighter/Doug-Kay-68167,,,,nao_preenchido_data_completa_nao_encontrada,Não foi localizada data de nascimento completa em perfil correspondente. Idade ou ano isolado não foram usados para estimar a data.,,2026-10-08,,
1223,DREW BROKENSHIRE,aa571d75f80fde7d,Drew Brokenshire,,,,,,145 lbs.,,,1986-06-27,,145.0,,,http://ufcstats.com/fighter-details/aa571d75f80fde7d,0.0,0%,0.0,0.0,0%,0.0,0%,0.0,0%,0.0,"fighter_tott, raw_fighter_details",,,ESPN,https://www.espn.com/mma/fighter/bio/_/id/2951154/drew-brokenshire,perfil,,preenchido_verificado,weight;weight_lbs,Peso explicitamente informado no perfil; não representa necessariamente o peso atual nem uma pesagem de evento.,2026-10-07,https://www.espn.com/mma/fighter/bio/_/id/2951154/drew-brokenshire,,Tapology,https://www.tapology.com/fightcenter/fighters/drew-brokenshire-the-eternal-fire,preenchido_verificado,Data completa explicitamente publicada no perfil citado. Correspondência por nome; peso compatível.,Drew Brokenshire,2026-10-08,https://www.tapology.com/fightcenter/fighters/drew-brokenshire-the-eternal-fire,
1224,DREW DIMANLIG,cc2ad11b1f9d818b,Drew Dimanlig,,,,,,185 lbs.,,,,,185.0,,,http://ufcstats.com/fighter-details/cc2ad11b1f9d818b,3.7,73%,73.0,3.17,20%,0.0,0%,0.0,0%,0.0,"fighter_tott, raw_fighter_details",185 lbs.,185.0,,,,,,,,,,,,,nao_preenchido_data_completa_nao_encontrada,Não foi localizada data de nascimento completa em perfil correspondente. Idade ou ano isolado não foram usados para estimar a data.,,2026-10-08,,
1237,DUSTIN MOORE,831de97afe326478,Dustin Moore,,,,,"5' 4""",125 lbs.,,,,162.56,125.0,,,http://ufcstats.com/fighter-details/831de97afe326478,0.0,0%,0.0,0.0,0%,0.0,0%,0.0,0%,0.0,"fighter_tott, raw_fighter_details",125 lbs.,125.0,,,,,,,,,,,,,nao_preenchido_data_completa_nao_encontrada,Não foi localizada data de nascimento completa em perfil correspondente. Idade ou ano isolado não foram usados para estimar a data.,,2026-10-08,,
1243,DUSTIN WEST,5f5763b3a4de8dd4,Dustin West,,,,,"5' 11""",170 lbs.,,,1979-07-26,180.34,170.0,,,http://ufcstats.com/fighter-details/5f5763b3a4de8dd4,0.0,0%,0.0,0.0,0%,0.0,0%,0.0,0%,0.0,"fighter_tott, raw_fighter_details",170 lbs.,170.0,,,,,,,,,,,Sherdog,https://www.sherdog.com/fighter/Dustin-West-53995,preenchido_verificado,Data completa explicitamente publicada no perfil citado. Correspondência por nome; altura compatível; peso compatível.,Dustin West,2026-10-08,https://www.sherdog.com/fighter/Dustin-West-53995,
1244,DWAYNE CASON,31c01fbc2586a5eb,Dwayne Cason,,1.0,1.0,0.0,"5' 10""",212 lbs.,,Orthodox,,177.8,212.0,,,http://ufcstats.com/fighter-details/31c01fbc2586a5eb,0.0,0%,0.0,0.0,0%,0.0,0%,0.0,0%,0.0,"fighter_tott, raw_fighter_details, ufc_dataset",212 lbs.,212.0,,,,,,,,,,,,,nao_preenchido_data_completa_nao_encontrada,Não foi localizada data de nascimento completa em perfil correspondente. Idade ou ano isolado não foram usados para estimar a data.,,2026-10-08,,1997-10-17
1263,EDDY ELLIS,e60d773a0a42048a,Eddy Ellis,,,,,"5' 9""",170 lbs.,,Orthodox,1983-07-07,175.26,170.0,,,http://ufcstats.com/fighter-details/e60d773a0a42048a,3.4,69%,69.0,1.53,68%,4.0,66%,66.0,50%,2.0,"fighter_tott, raw_fighter_details",170 lbs.,170.0,,,,,,,,,,,Sherdog,https://www.sherdog.com/fighter/Eddy-Ellis-4241,preenchido_verificado,Data completa explicitamente publicada no perfil citado. Correspondência por nome; altura compatível; peso compatível.,Eddy Ellis,2026-10-08,https://www.sherdog.com/fighter/Eddy-Ellis-4241,
1264,EDDY MILLIS,f2c934689243fe4e,Eddy Millis,,,,,"6' 1""",185 lbs.,,,1967-08-04,185.42,185.0,,,http://ufcstats.com/fighter-details/f2c934689243fe4e,0.0,0%,0.0,3.36,22%,0.0,0%,0.0,0%,7.2,"fighter_tott, raw_fighter_details",185 lbs.,185.0,,,,,,,,,,,Sherdog,https://www.sherdog.com/fighter/Eddy-Millis-1230,preenchido_verificado,Data completa explicitamente publicada no perfil citado. Correspondência por nome; altura compatível; peso compatível.,Eddy Millis,2026-10-08,https://www.sherdog.com/fighter/Eddy-Millis-1230,
1265,EDGAR CARDENAS,99a86b134dccc166,Edgar Cardenas,,,,,,145 lbs.,,,,,145.0,,,http://ufcstats.com/fighter-details/99a86b134dccc166,0.0,0%,0.0,0.0,0%,0.0,0%,0.0,0%,0.0,"fighter_tott, raw_fighter_details",145 lbs.,145.0,,,,,,,,,,,,,nao_preenchido_data_completa_nao_encontrada,Não foi localizada data de nascimento completa em perfil correspondente. Idade ou ano isolado não foram usados para estimar a data.,,2026-10-08,,
1277,EDSON SILVA,a1153013cb5f628f,Edson Silva,,,,,,205 lbs.,,Orthodox,,,205.0,,,http://ufcstats.com/fighter-details/a1153013cb5f628f,2.69,14%,14.0,5.37,50%,0.0,0%,0.0,0%,0.0,"fighter_tott, raw_fighter_details",205 lbs.,205.0,,,,,,,,,,,,,nao_preenchido_identidade_ambigua,Há perfis homônimos com datas diferentes; não foi possível confirmar qual corresponde ao registro original.,,2026-10-08,https://www.sherdog.com/fighter/Edson-Silva-275585 | https://www.sherdog.com/fighter/Edson-Silva-390989 | https://www.sherdog.com/fighter/Edson-Silva-283967,
1287,EDWIN AGUILAR,6cadc0a0ba7dc015,Edwin Aguilar,,,,,"5' 10""",185 lbs.,,,1995-11-17,177.8,185.0,,,http://ufcstats.com/fighter-details/6cadc0a0ba7dc015,0.0,0%,0.0,0.0,0%,0.0,0%,0.0,0%,0.0,"fighter_tott, raw_fighter_details",185 lbs.,185.0,,,,,,,,,,,Sherdog,https://www.sherdog.com/fighter/Edwin-Aguilar-387939,preenchido_verificado,Data completa explicitamente publicada no perfil citado. Correspondência por nome; altura compatível.,Edwin Aguilar,2026-10-08,https://www.sherdog.com/fighter/Edwin-Aguilar-387939,
1292,EGIDIJUS VALAVICIUS,fc1868f56d3036eb,Egidijus Valavicius,,,,,"6' 0""",200 lbs.,,Orthodox,1978-12-23,182.88,200.0,,,http://ufcstats.com/fighter-details/fc1868f56d3036eb,0.0,0%,0.0,0.0,0%,0.0,0%,0.0,0%,0.0,"fighter_tott, raw_fighter_details",200 lbs.,200.0,,,,,,,,,,,Sherdog,https://www.sherdog.com/fighter/Egidijus-Valavicius-2598,preenchido_verificado,Data completa explicitamente publicada no perfil citado. Correspondência por nome; altura compatível; peso compatível.,Egidijus Valavicius,2026-10-08,https://www.sherdog.com/fighter/Egidijus-Valavicius-2598,
1319,EMILIO CHAVEZ,84e8920e59ff14a7,Emilio Chavez,,,,,"5' 9""",145 lbs.,,,,175.26,145.0,,,http://ufcstats.com/fighter-details/84e8920e59ff14a7,2.73,48%,48.0,1.53,54%,3.0,50%,50.0,0%,0.0,"fighter_tott, raw_fighter_details",145 lbs.,145.0,,,,,,,,,,,,,nao_preenchido_data_completa_nao_encontrada,Não foi localizada data de nascimento completa em perfil correspondente. Idade ou ano isolado não foram usados para estimar a data.,,2026-10-08,,
1320,EMILIO CUELLAR,3aeb69b4a13ff0e8,Emilio Cuellar,,,,,,125 lbs.,,,1995-12-17,,125.0,,,http://ufcstats.com/fighter-details/3aeb69b4a13ff0e8,,,,,,,,,,,fighter_tott,125 lbs.,125.0,,,,,,,,,,,Sherdog,https://www.sherdog.com/fighter/Emilio-Cuellar-275203,preenchido_verificado,Data completa explicitamente publicada no perfil citado. Correspondência por nome; peso compatível.,Emilio Cuellar,2026-10-08,https://www.sherdog.com/fighter/Emilio-Cuellar-275203,
1322,EMILY FERNANDEZ,7ee1babb99f30115,Emily Fernandez,,,,,,,,,,,,,,http://ufcstats.com/fighter-details/7ee1babb99f30115,,,,,,,,,,,fighter_tott,,,,,,,nao_preenchido_apenas_categoria,,Fonte informa divisão de peso; não confirma peso individual ou pesagem.,2026-10-07,,,,,nao_preenchido_data_completa_nao_encontrada,Não foi localizada data de nascimento completa em perfil correspondente. Idade ou ano isolado não foram usados para estimar a data.,,2026-10-08,,
1330,ENRIQUE WATSON,a99d4aa689bdca18,Enrique Watson,,,,,,185 lbs.,,,1978-08-25,,185.0,,,http://ufcstats.com/fighter-details/a99d4aa689bdca18,0.0,0%,0.0,0.0,0%,0.0,0%,0.0,0%,0.0,"fighter_tott, raw_fighter_details",185 lbs.,185.0,,,,,,,,,,,Sherdog,https://www.sherdog.com/fighter/Enrique-Watson-173641,preenchido_verificado,Data completa explicitamente publicada no perfil citado. Correspondência por nome; peso compatível.,Enrique Watson,2026-10-08,https://www.sherdog.com/fighter/Enrique-Watson-173641,
1335,ERIC CASTILE,a0a69dc9914ef6e1,Eric Castile,,,,,"5' 8""",145 lbs.,,,,172.72,145.0,,,http://ufcstats.com/fighter-details/a0a69dc9914ef6e1,0.0,0%,0.0,0.0,0%,0.0,0%,0.0,0%,0.0,"fighter_tott, raw_fighter_details",145 lbs.,145.0,,,,,,,,,,,,,nao_preenchido_data_completa_nao_encontrada,Não foi localizada data de nascimento completa em perfil correspondente. Idade ou ano isolado não foram usados para estimar a data.,,2026-10-08,,
1337,ERIC GALVAN,ad3fdba28a7540cf,Eric Galvan,,,,,,155 lbs.,,,,,155.0,,,http://ufcstats.com/fighter-details/ad3fdba28a7540cf,0.0,0%,0.0,0.0,0%,0.0,0%,0.0,0%,0.0,"fighter_tott, raw_fighter_details",155 lbs.,155.0,,,,,,,,,,,,,nao_preenchido_data_completa_nao_encontrada,Não foi localizada data de nascimento completa em perfil correspondente. Idade ou ano isolado não foram usados para estimar a data.,,2026-10-08,,
1339,ERIC JACOB,ba17afef01ed78b6,Eric Jacob,,,,,,155 lbs.,,,,,155.0,,,http://ufcstats.com/fighter-details/ba17afef01ed78b6,0.0,0%,0.0,0.0,0%,0.0,0%,0.0,0%,0.0,"fighter_tott, raw_fighter_details",155 lbs.,155.0,,,,,,,,,,,,,nao_preenchido_data_completa_nao_encontrada,Não foi localizada data de nascimento completa em perfil correspondente. Idade ou ano isolado não foram usados para estimar a data.,,2026-10-08,,
1340,ERIC LAWSON,38e5d9dcb0fddc42,Eric Lawson,,,,,"6' 0""",185 lbs.,,Orthodox,1981-02-12,182.88,185.0,,,http://ufcstats.com/fighter-details/38e5d9dcb0fddc42,1.58,57%,57.0,1.97,44%,8.88,42%,42.0,0%,3.0,"fighter_tott, raw_fighter_details",185 lbs.,185.0,,,,,,,,,,,Sherdog,https://www.sherdog.com/fighter/Eric-Lawson-9745,preenchido_verificado,Data completa explicitamente publicada no perfil citado. Correspondência por nome; altura compatível; peso compatível.,Eric Lawson,2026-10-08,https://www.sherdog.com/fighter/Eric-Lawson-9745,
1341,ERIC MAGANA,8db1b36dde268ef6,Eric Magana,,,,,,,,,,,,,,http://ufcstats.com/fighter-details/8db1b36dde268ef6,0.0,0%,0.0,0.0,0%,0.0,0%,0.0,0%,0.0,"fighter_tott, raw_fighter_details",,,,,,,nao_preenchido_sem_peso_verificavel,,Perfil encontrado sem peso válido (0).,2026-10-07,https://www.sherdog.com/fighter/Eric-Magana-26775,,,,nao_preenchido_data_completa_nao_encontrada,Não foi localizada data de nascimento completa em perfil correspondente. Idade ou ano isolado não foram usados para estimar a data.,,2026-10-08,,
1342,ERIC MARTIN,abbc4fc02e0d84b3,Eric Martin,,0.0,1.0,0.0,,229 lbs.,,,,,229.0,,,http://ufcstats.com/fighter-details/abbc4fc02e0d84b3,0.0,0%,0.0,0.0,0%,0.0,0%,0.0,0%,0.0,"fighter_tott, raw_fighter_details, ufc_dataset",,,Sherdog,https://www.sherdog.com/fighter/Eric-Martin-151,perfil,,preenchido_verificado,weight;weight_lbs,Peso explicitamente informado no perfil; não representa necessariamente o peso atual nem uma pesagem de evento.,2026-10-07,https://www.sherdog.com/fighter/Eric-Martin-151,,,,nao_preenchido_data_completa_nao_encontrada,Não foi localizada data de nascimento completa em perfil correspondente. Idade ou ano isolado não foram usados para estimar a data.,,2026-10-08,,
1347,ERIC SCHWARTZ,79cbdf233e5e0496,Eric Schwartz,,,,,,205 lbs.,,,,,205.0,,,http://ufcstats.com/fighter-details/79cbdf233e5e0496,0.0,0%,0.0,0.0,0%,0.0,0%,0.0,0%,0.0,"fighter_tott, raw_fighter_details",205 lbs.,205.0,,,,,,,,,,,,,nao_preenchido_data_completa_nao_encontrada,Não foi localizada data de nascimento completa em perfil correspondente. Idade ou ano isolado não foram usados para estimar a data.,,2026-10-08,,
1349,ERIC SMITH,9114c8ded5ccd71d,Eric Smith,,,,,,,,Southpaw,,,,,,http://ufcstats.com/fighter-details/9114c8ded5ccd71d,0.0,0%,0.0,0.0,0%,0.0,0%,0.0,0%,0.0,"fighter_tott, raw_fighter_details",,,,,,,nao_preenchido_identidade_ambigua,,Perfis homônimos com 185 e 205 lbs; identidade não confirmada pelo registro original.,2026-10-07,,,,,nao_preenchido_identidade_ambigua,Há perfis homônimos com datas diferentes; não foi possível confirmar qual corresponde ao registro original.,,2026-10-08,https://www.sherdog.com/fighter/Eric-Smith-158443 | https://www.sherdog.com/fighter/Eric-Smith-33534,
1353,ERIC WRAY,eb6edce3028f05c0,Eric Wray,,,,,"6' 0""",170 lbs.,,Orthodox,,182.88,170.0,,,http://ufcstats.com/fighter-details/eb6edce3028f05c0,1.76,48%,48.0,3.12,28%,4.07,66%,66.0,0%,2.0,"fighter_tott, raw_fighter_details",170 lbs.,170.0,,,,,,,,,,,,,nao_preenchido_data_completa_nao_encontrada,Não foi localizada data de nascimento completa em perfil correspondente. Idade ou ano isolado não foram usados para estimar a data.,,2026-10-08,,
1358,ERICK WANDERLEI,d57e6a8971b6d2bd,Erick Wanderlei,,,,,"6' 1""",205 lbs.,,Orthodox,1976-06-20,185.42,205.0,,,http://ufcstats.com/fighter-details/d57e6a8971b6d2bd,0.63,41%,41.0,2.66,40%,3.8,66%,66.0,0%,1.9,"fighter_tott, raw_fighter_details",205 lbs.,205.0,,,,,,,,,,,Sherdog,https://www.sherdog.com/fighter/Erick-Wanderley-8332,preenchido_verificado,Data completa explicitamente publicada no perfil citado. Correspondência por nome; altura compatível; peso compatível. Variante do nome: Erick Wanderley.,Erick Wanderley,2026-10-08,https://www.sherdog.com/fighter/Erick-Wanderley-8332 | https://www.tapology.com/fightcenter/fighters/1977-eric-wanderlei,
1369,ERNIE VERDICIA,2b1587a3376ab743,Ernie Verdicia,,0.0,1.0,0.0,"5' 11""",199 lbs.,,Orthodox,,180.34,199.0,,,http://ufcstats.com/fighter-details/2b1587a3376ab743,0.0,0%,0.0,0.0,0%,0.0,0%,0.0,0%,0.0,"fighter_tott, raw_fighter_details, ufc_dataset",199 lbs.,199.0,,,,,,,,,,,,,nao_preenchido_data_completa_nao_encontrada,Não foi localizada data de nascimento completa em perfil correspondente. Idade ou ano isolado não foram usados para estimar a data.,,2026-10-08,,1995-04-07
1378,EUGENIO TADEU,f70144caea5c4c80,Eugenio Tadeu,,2.0,3.0,0.0,"5' 8""",160 lbs.,,Orthodox,1963-08-17,172.72,160.0,,,http://ufcstats.com/fighter-details/f70144caea5c4c80,0.0,0%,0.0,0.0,0%,0.0,0%,0.0,0%,0.0,"fighter_tott, raw_fighter_details, ufc_dataset",160 lbs.,160.0,,,,,,,,,,,Sherdog,https://www.sherdog.com/fighter/Eugenio-Tadeu-187,preenchido_verificado,Data completa explicitamente publicada no perfil citado. Correspondência por nome; altura compatível; peso compatível.,Eugenio Tadeu,2026-10-08,https://www.sherdog.com/fighter/Eugenio-Tadeu-187,1998-03-13
1382,EVAN ESGUERRA,ed220e87bef0cc64,Evan Esguerra,,,,,,145 lbs.,,,,,145.0,,,http://ufcstats.com/fighter-details/ed220e87bef0cc64,0.0,0%,0.0,0.0,0%,0.0,0%,0.0,0%,0.0,"fighter_tott, raw_fighter_details",145 lbs.,145.0,,,,,,,,,,,,,nao_preenchido_data_completa_nao_encontrada,Não foi localizada data de nascimento completa em perfil correspondente. Idade ou ano isolado não foram usados para estimar a data.,,2026-10-08,,
1385,EVERETT CUMMINGS,05e4be525cb3578c,Everett Cummings,,,,,,205 lbs.,,,,,205.0,,,http://ufcstats.com/fighter-details/05e4be525cb3578c,0.43,60%,60.0,4.34,45%,0.0,0%,0.0,0%,2.2,"fighter_tott, raw_fighter_details",205 lbs.,205.0,,,,,,,,,,,,,nao_preenchido_identidade_nao_confirmada,"Perfil com data encontrado, mas altura/peso divergem do registro original; correspondência não confirmada.",,2026-10-08,https://www.sherdog.com/fighter/Everett-Cummings-74490,
1388,FABIAN GONZALEZ,69c071bc2621e8b0,Fabian Gonzalez,,,,,"5' 10""",135 lbs.,,,,177.8,135.0,,,http://ufcstats.com/fighter-details/69c071bc2621e8b0,3.9,48%,48.0,4.39,51%,0.0,0%,0.0,66%,0.0,"fighter_tott, raw_fighter_details",135 lbs.,135.0,,,,,,,,,,,,,nao_preenchido_data_completa_nao_encontrada,Não foi localizada data de nascimento completa em perfil correspondente. Idade ou ano isolado não foram usados para estimar a data.,,2026-10-08,,
1393,FABIO GURGEL,8377c5572cb356f3,Fabio Gurgel,,3.0,2.0,0.0,"6' 0""",205 lbs.,,Orthodox,1970-01-18,182.88,205.0,,,http://ufcstats.com/fighter-details/8377c5572cb356f3,0.0,0%,0.0,0.0,0%,0.0,0%,0.0,0%,0.0,"fighter_tott, raw_fighter_details, ufc_dataset",205 lbs.,205.0,,,,,,,,,,,Sherdog,https://www.sherdog.com/fighter/Fabio-Gurgel-146,preenchido_verificado,Data completa explicitamente publicada no perfil citado. Correspondência por nome; altura compatível; peso compatível.,Fabio Gurgel,2026-10-08,https://www.sherdog.com/fighter/Fabio-Gurgel-146,1996-09-20
1395,FABIO MELLO,8a028648f3f0761d,Fabio Mello,,,,,"5' 5""",155 lbs.,,Southpaw,1975-06-28,165.1,155.0,,,http://ufcstats.com/fighter-details/8a028648f3f0761d,0.86,35%,35.0,3.94,50%,0.0,0%,0.0,0%,0.0,"fighter_tott, raw_fighter_details",155 lbs.,155.0,,,,,,,,,,,Sherdog,https://www.sherdog.com/fighter/Fabio-Mello-2195,preenchido_verificado,Data completa explicitamente publicada no perfil citado. Correspondência por nome; altura compatível; peso compatível.,Fabio Mello,2026-10-08,https://www.sherdog.com/fighter/Fabio-Mello-2195,
1396,FABIO NASCIMENTO,307064d3e0f036c2,Fabio Nascimento,,,,,"5' 10""",185 lbs.,,Orthodox,1981-03-18,177.8,185.0,,,http://ufcstats.com/fighter-details/307064d3e0f036c2,2.94,38%,38.0,4.63,55%,0.0,0%,0.0,55%,0.8,"fighter_tott, raw_fighter_details",185 lbs.,185.0,,,,,,,,,,,Sherdog,https://www.sherdog.com/fighter/Fabio-Nascimento-14126,preenchido_verificado,Data completa explicitamente publicada no perfil citado. Correspondência por nome; altura compatível; peso compatível.,Fabio Nascimento,2026-10-08,https://www.sherdog.com/fighter/Fabio-Nascimento-14126,
1408,FAZLO MULABITINOVIC,2252b2c892397f0d,Fazlo Mulabitinovic,,,,,,135 lbs.,,,1993-02-09,,135.0,,,http://ufcstats.com/fighter-details/2252b2c892397f0d,0.54,16%,16.0,0.0,100%,0.0,0%,0.0,0%,8.0,"fighter_tott, raw_fighter_details",135 lbs.,135.0,,,,,,,,,,,Sherdog,https://www.sherdog.com/fighter/Fazlo-Mulabitinovic-177687,preenchido_verificado,Data completa explicitamente publicada no perfil citado. Correspondência por nome; peso compatível.,Fazlo Mulabitinovic,2026-10-08,https://www.sherdog.com/fighter/Fazlo-Mulabitinovic-177687,
1409,FEDERICO LOPEZ,9681e0ce67dc978b,Federico Lopez,,,,,"5' 4""",139 lbs.,,Orthodox,1984-01-04,162.56,139.0,,,http://ufcstats.com/fighter-details/9681e0ce67dc978b,1.78,23%,23.0,5.35,30%,0.0,0%,0.0,0%,0.0,"fighter_tott, raw_fighter_details",139 lbs.,139.0,,,,,,,,,,,Sherdog,https://www.sherdog.com/fighter/Federico-Lopez-31896,preenchido_verificado,Data completa explicitamente publicada no perfil citado. Correspondência por nome; altura compatível; peso compatível.,Federico Lopez,2026-10-08,https://www.sherdog.com/fighter/Federico-Lopez-31896,
1411,FEDOR NIKOLOV,346f789951e85f3f,Fedor Nikolov,,,,,,,,,,,,,,http://ufcstats.com/fighter-details/346f789951e85f3f,,,,,,,,,,,fighter_tott,,,,,,,nao_preenchido_apenas_categoria,,Encontrado limite de categoria de grappling; peso individual não confirmado.,2026-10-07,,,,,nao_preenchido_data_completa_nao_encontrada,Não foi localizada data de nascimento completa em perfil correspondente. Idade ou ano isolado não foram usados para estimar a data.,,2026-10-08,,
1424,FELIX KLINKHAMMER,8276f28f1ad087de,Felix Klinkhammer,,,,,"6' 0""",170 lbs.,,,,182.88,170.0,,,http://ufcstats.com/fighter-details/8276f28f1ad087de,,,,,,,,,,,fighter_tott,170 lbs.,170.0,,,,,,,,,,,,,nao_preenchido_data_completa_nao_encontrada,Não foi localizada data de nascimento completa em perfil correspondente. Idade ou ano isolado não foram usados para estimar a data.,,2026-10-08,,
1425,FELIX LEE MITCHELL,6cbb7661c3258617,Felix Lee Mitchell,,2.0,7.0,0.0,,215 lbs.,,Orthodox,,,215.0,,,http://ufcstats.com/fighter-details/6cbb7661c3258617,0.0,0%,0.0,0.0,0%,0.0,0%,0.0,0%,0.0,"fighter_tott, raw_fighter_details, ufc_dataset",,,MMA Fighting,https://www.mmafighting.com/fight/2841/ufc-3-the-american-dream-felix-lee-mitchell-vs-ken-shamrock,perfil,,preenchido_verificado,weight;weight_lbs,"Campo Weight de Felix Lee Mitchell na comparação com Ken Shamrock (UFC 3). Outras fontes apresentam 220 lbs; foi usado o valor explicitamente atribuído ao atleta nesta fonte, sem inferir peso atual.",2026-10-07,https://www.mmafighting.com/fight/2841/ufc-3-the-american-dream-felix-lee-mitchell-vs-ken-shamrock,,,,nao_preenchido_data_completa_nao_encontrada,Não foi localizada data de nascimento completa em perfil correspondente. Idade ou ano isolado não foram usados para estimar a data.,,2026-10-08,,1994-09-09
1427,FENG PENGCHAO,86597694317e5e1b,Feng Pengchao,,,,,,135 lbs.,,,,,135.0,,,http://ufcstats.com/fighter-details/86597694317e5e1b,,,,,,,,,,,fighter_tott,135 lbs.,135.0,,,,,,,,,,,,,nao_preenchido_data_completa_nao_encontrada,Não foi localizada data de nascimento completa em perfil correspondente. Idade ou ano isolado não foram usados para estimar a data.,,2026-10-08,,
1436,FLAVIO LUIZ MOURA,ab35634d1a8c7a11,Flavio Luiz Moura,,19.0,7.0,0.0,"5' 11""",183 lbs.,,Open Stance,1976-01-26,180.34,183.0,,,http://ufcstats.com/fighter-details/ab35634d1a8c7a11,0.67,16%,16.0,0.0,0%,0.0,0%,0.0,0%,0.0,"fighter_tott, raw_fighter_details, ufc_dataset",183 lbs.,183.0,,,,,,,,,,,Sherdog,https://www.sherdog.com/fighter/Flavio-Luiz-Moura-225,preenchido_verificado,Data completa explicitamente publicada no perfil citado. Correspondência por nome; altura compatível; peso compatível.,Flavio Luiz Moura,2026-10-08,https://www.sherdog.com/fighter/Flavio-Luiz-Moura-225,1999-07-16
1440,FRANCESCO MATURI,d3b5ad3b15a64a18,Francesco Maturi,,0.0,1.0,0.0,,240 lbs.,,,,,240.0,,,http://ufcstats.com/fighter-details/d3b5ad3b15a64a18,0.0,0%,0.0,0.0,0%,0.0,0%,0.0,0%,0.0,"fighter_tott, raw_fighter_details, ufc_dataset",,,Sherdog,https://www.sherdog.com/fighter/Francesco-Maturi-117,perfil,,preenchido_verificado,weight;weight_lbs,Peso explicitamente informado no perfil; não representa necessariamente o peso atual nem uma pesagem de evento.,2026-10-07,https://www.sherdog.com/fighter/Francesco-Maturi-117,,,,nao_preenchido_data_completa_nao_encontrada,Não foi localizada data de nascimento completa em perfil correspondente. Idade ou ano isolado não foram usados para estimar a data.,,2026-10-08,,
1446,FRANCISCO BUENO,a72d260b436924c4,Francisco Bueno,,,,,"5' 9""",225 lbs.,,Orthodox,1972-12-23,175.26,225.0,,,http://ufcstats.com/fighter-details/a72d260b436924c4,0.0,0%,0.0,0.0,0%,0.0,0%,0.0,0%,0.0,"fighter_tott, raw_fighter_details",225 lbs.,225.0,,,,,,,,,,,Sherdog; Tapology,https://www.sherdog.com/fighter/Francisco-Bueno-302,preenchido_verificado,"Data completa concordante em Sherdog e Tapology; perfil identificado pelo nome, peso e histórico. Altura diverge do CSV e foi preservada sem correção.",Francisco Bueno,2026-10-08,https://www.sherdog.com/fighter/Francisco-Bueno-302 | https://www.tapology.com/fightcenter/fighters/francisco-bueno-chico,
1455,FRANK CARACCI,44f9c777fed7ca03,Frank Caracci,,2.0,3.0,0.0,,205 lbs.,,,1970-02-16,,205.0,,,http://ufcstats.com/fighter-details/44f9c777fed7ca03,0.0,0%,0.0,0.0,0%,0.0,0%,0.0,0%,0.0,"fighter_tott, raw_fighter_details, ufc_dataset",,,Sherdog,https://www.sherdog.com/fighter/Frank-Caracci-211,perfil,,preenchido_verificado,weight;weight_lbs,"Peso explicitamente informado no perfil; não representa necessariamente o peso atual nem uma pesagem de evento. Outras fontes/eventos apresentam pesos diferentes; foi mantido o valor do perfil citado, sem média ou inferência por categoria.",2026-10-07,https://www.sherdog.com/fighter/Frank-Caracci-211,,Sherdog,https://www.sherdog.com/fighter/Frank-Caracci-211,preenchido_verificado,Data completa explicitamente publicada no perfil citado. Correspondência por nome; peso compatível.,Frank Caracci,2026-10-08,https://www.sherdog.com/fighter/Frank-Caracci-211,1999-01-08
1457,FRANK HAMAKER,c3c23c99477c041b,Frank Hamaker,,1.0,0.0,0.0,,245 lbs.,,,,,245.0,,,http://ufcstats.com/fighter-details/c3c23c99477c041b,0.0,0%,0.0,0.0,0%,0.0,0%,0.0,0%,0.0,"fighter_tott, raw_fighter_details, ufc_dataset",,,Sherdog,https://www.sherdog.com/fighter/Frank-Hamaker-29,perfil,,preenchido_verificado,weight;weight_lbs,Peso explicitamente informado no perfil; não representa necessariamente o peso atual nem uma pesagem de evento.,2026-10-07,https://www.sherdog.com/fighter/Frank-Hamaker-29,,,,nao_preenchido_data_completa_nao_encontrada,Não foi localizada data de nascimento completa em perfil correspondente. Idade ou ano isolado não foram usados para estimar a data.,,2026-10-08,,1994-03-11
1459,FRANK MEGALLON,c0a93b52096b7682,Frank Megallon,,,,,"5' 10""",185 lbs.,,Southpaw,,177.8,185.0,,,http://ufcstats.com/fighter-details/c0a93b52096b7682,1.14,21%,21.0,5.32,54%,0.0,0%,0.0,0%,0.0,"fighter_tott, raw_fighter_details",185 lbs.,185.0,,,,,,,,,,,,,nao_preenchido_data_completa_nao_encontrada,Não foi localizada data de nascimento completa em perfil correspondente. Idade ou ano isolado não foram usados para estimar a data.,,2026-10-08,,
1467,FRED ETTISH,8d5daf67983b65ba,Fred Ettish,,1.0,1.0,0.0,"6' 0""",180 lbs.,,Southpaw,1955-10-12,182.88,180.0,,,http://ufcstats.com/fighter-details/8d5daf67983b65ba,0.0,0%,0.0,0.0,0%,0.0,0%,0.0,0%,0.0,"fighter_tott, raw_fighter_details, ufc_dataset",180 lbs.,180.0,,,,,,,,,,,Sherdog,https://www.sherdog.com/fighter/Fred-Ettish-36,preenchido_verificado,Data completa explicitamente publicada no perfil citado. Correspondência por nome; altura compatível; peso compatível.,Fred Ettish,2026-10-08,https://www.sherdog.com/fighter/Fred-Ettish-36 | https://www.tapology.com/fightcenter/fighters/fred-ettish,1994-03-11
1469,FREDERICK BROWN,880c6b788266a3ef,Frederick Brown,,,,,"6' 0""",235 lbs.,,,1976-11-20,182.88,235.0,,,http://ufcstats.com/fighter-details/880c6b788266a3ef,0.0,0%,0.0,0.0,0%,0.0,0%,0.0,0%,0.0,"fighter_tott, raw_fighter_details",235 lbs.,235.0,,,,,,,,,,,Sherdog,https://www.sherdog.com/fighter/Frederick-Brown-68497,preenchido_verificado,Data completa explicitamente publicada no perfil citado. Correspondência por nome; altura compatível; peso compatível.,Frederick Brown,2026-10-08,https://www.sherdog.com/fighter/Frederick-Brown-68497,
1473,GABE LEMLEY,fd4578cac86d75ca,Gabe Lemley,,,,,"5' 8""",155 lbs.,,Orthodox,,172.72,155.0,,,http://ufcstats.com/fighter-details/fd4578cac86d75ca,0.82,35%,35.0,6.03,45%,0.0,0%,0.0,0%,0.0,"fighter_tott, raw_fighter_details",155 lbs.,155.0,,,,,,,,,,,,,nao_preenchido_data_completa_nao_encontrada,Não foi localizada data de nascimento completa em perfil correspondente. Idade ou ano isolado não foram usados para estimar a data.,,2026-10-08,,
1479,GABRIEL CARRASCO,89ed44801968b8e3,Gabriel Carrasco,,,,,"5' 6""",135 lbs.,,,1981-12-31,167.64,135.0,,,http://ufcstats.com/fighter-details/89ed44801968b8e3,4.15,37%,37.0,1.53,80%,0.0,0%,0.0,100%,0.0,"fighter_tott, raw_fighter_details",135 lbs.,135.0,,,,,,,,,,,Tapology,https://www.tapology.com/fightcenter/fighters/30898-gabriel-carrasco,preenchido_verificado,Data completa explicitamente publicada no perfil citado. Correspondência por nome; altura compatível; peso compatível.,Gabriel Carrasco,2026-10-08,https://www.tapology.com/fightcenter/fighters/30898-gabriel-carrasco,
1482,GABRIEL MIGLIOLI,a6fa5dd90528e9f7,Gabriel Miglioli,,,,,"5' 8""",170 lbs.,,,1981-07-10,172.72,170.0,,,http://ufcstats.com/fighter-details/a6fa5dd90528e9f7,0.0,0%,0.0,0.0,0%,0.0,0%,0.0,0%,0.0,"fighter_tott, raw_fighter_details",170 lbs.,170.0,,,,,,,,,,,Sherdog,https://www.sherdog.com/fighter/Gabriel-Miglioli-15680,preenchido_verificado,Data completa explicitamente publicada no perfil citado. Correspondência por nome; altura compatível; peso compatível.,Gabriel Miglioli,2026-10-08,https://www.sherdog.com/fighter/Gabriel-Miglioli-15680 | https://www.tapology.com/fightcenter/fighters/15048-gabriel-miglioli,
1494,GARETH JOSEPH,8ecb9f42da5ef5ac,Gareth Joseph,,,,,,205 lbs.,,,1984-09-28,,205.0,,,http://ufcstats.com/fighter-details/8ecb9f42da5ef5ac,0.0,0%,0.0,0.0,0%,0.0,0%,0.0,0%,0.0,"fighter_tott, raw_fighter_details",205 lbs.,205.0,,,,,,,,,,,Sherdog,https://www.sherdog.com/fighter/Gareth-Joseph-23339,preenchido_verificado,Data completa explicitamente publicada no perfil citado. Correspondência por nome; peso compatível.,Gareth Joseph,2026-10-08,https://www.sherdog.com/fighter/Gareth-Joseph-23339,
1500,GARY FRAZIER,3beeeafcbc8b4cbc,Gary Frazier,,,,,"6' 0""",245 lbs.,,Orthodox,1988-03-31,182.88,245.0,,,http://ufcstats.com/fighter-details/3beeeafcbc8b4cbc,1.5,39%,39.0,2.77,46%,0.0,0%,0.0,100%,0.0,"fighter_tott, raw_fighter_details",245 lbs.,245.0,,,,,,,,,,,Tapology,https://www.tapology.com/fightcenter/fighters/gary-frazier,preenchido_verificado,Data completa explicitamente publicada no perfil citado. Correspondência por nome; altura compatível; peso compatível.,Gary Frazier,2026-10-08,https://www.tapology.com/fightcenter/fighters/gary-frazier,
1502,GARY MANGAT,1c0ffc63d8ec8f45,Gary Mangat,,,,,"5' 7""",135 lbs.,,,1987-01-24,170.18,135.0,,,http://ufcstats.com/fighter-details/1c0ffc63d8ec8f45,0.0,0%,0.0,0.0,0%,0.0,0%,0.0,0%,0.0,"fighter_tott, raw_fighter_details",135 lbs.,135.0,,,,,,,,,,,Sherdog,https://www.sherdog.com/fighter/Gurdarshan-Mangat-62374,preenchido_verificado,Data completa explicitamente publicada no perfil citado. Correspondência por nome; altura compatível; peso compatível. Variante do nome: Gurdarshan Mangat.,Gurdarshan Mangat,2026-10-08,https://www.sherdog.com/fighter/Gurdarshan-Mangat-62374 | https://www.tapology.com/fightcenter/fighters/20894-gary-mangat,
1505,GARY TAPUSOA,37ac9e0f4fc86171,Gary Tapusoa,,,,,"5' 7""",185 lbs.,,,,170.18,185.0,,,http://ufcstats.com/fighter-details/37ac9e0f4fc86171,0.0,0%,0.0,0.0,0%,0.0,0%,0.0,0%,0.0,"fighter_tott, raw_fighter_details",185 lbs.,185.0,,,,,,,,,,,,,nao_preenchido_identidade_nao_confirmada,"Perfil com data encontrado, mas altura/peso divergem do registro original; correspondência não confirmada.",,2026-10-08,https://www.sherdog.com/fighter/Gary-Tapusoa-55537,
1515,GENNARO STRANGIS,495add4fbede0a44,Gennaro Strangis,,,,,,,,,,,,,,http://ufcstats.com/fighter-details/495add4fbede0a44,0.0,0%,0.0,0.0,0%,0.0,0%,0.0,0%,0.0,"fighter_tott, raw_fighter_details",,,,,,,nao_preenchido_sem_peso_verificavel,,"Perfil com categoria, mas última pesagem ausente.",2026-10-07,,,,,nao_preenchido_data_completa_nao_encontrada,Não foi localizada data de nascimento completa em perfil correspondente. Idade ou ano isolado não foram usados para estimar a data.,,2026-10-08,,
1518,GEORGE BUSH,f0c779dc2ca3816c,George Bush,,,,,"6' 1""",205 lbs.,,,,185.42,205.0,,,http://ufcstats.com/fighter-details/f0c779dc2ca3816c,6.35,64%,64.0,2.31,55%,17.31,66%,66.0,0%,0.0,"fighter_tott, raw_fighter_details",205 lbs.,205.0,,,,,,,,,,,,,nao_preenchido_data_completa_nao_encontrada,Não foi localizada data de nascimento completa em perfil correspondente. Idade ou ano isolado não foram usados para estimar a data.,,2026-10-08,,
1524,GEORGE STORK,61dd409cb40d1a55,George Stork,,,,,"5' 10""",185 lbs.,,,,177.8,185.0,,,http://ufcstats.com/fighter-details/61dd409cb40d1a55,0.0,0%,0.0,0.0,0%,0.0,0%,0.0,0%,0.0,"fighter_tott, raw_fighter_details",185 lbs.,185.0,,,,,,,,,,,,,nao_preenchido_data_completa_nao_encontrada,Não foi localizada data de nascimento completa em perfil correspondente. Idade ou ano isolado não foram usados para estimar a data.,,2026-10-08,,
1526,GEORGE ZUNIGA,1291dd6b8ab4d952,George Zuniga,,,,,"5' 9""",185 lbs.,,,,175.26,185.0,,,http://ufcstats.com/fighter-details/1291dd6b8ab4d952,7.64,38%,38.0,5.45,37%,0.0,0%,0.0,100%,0.0,"fighter_tott, raw_fighter_details",185 lbs.,185.0,,,,,,,,,,,,,nao_preenchido_data_completa_nao_encontrada,Não foi localizada data de nascimento completa em perfil correspondente. Idade ou ano isolado não foram usados para estimar a data.,,2026-10-08,,
1536,GERRIC HAYES,7d6a3546c988cdc0,Gerric Hayes,,,,,"5' 10""",171 lbs.,,,1980-10-29,177.8,171.0,,,http://ufcstats.com/fighter-details/7d6a3546c988cdc0,0.0,0%,0.0,0.0,0%,0.0,0%,0.0,0%,0.0,"fighter_tott, raw_fighter_details",,,Sherdog,https://www.sherdog.com/fighter/Gerric-Hayes-55219,perfil,,preenchido_verificado,weight;weight_lbs,"Peso explicitamente informado no perfil; não representa necessariamente o peso atual nem uma pesagem de evento. Outras fontes/eventos apresentam pesos diferentes; foi mantido o valor do perfil citado, sem média ou inferência por categoria.",2026-10-07,https://www.sherdog.com/fighter/Gerric-Hayes-55219,,Sherdog,https://www.sherdog.com/fighter/Gerric-Hayes-55219,preenchido_verificado,Data completa explicitamente publicada no perfil citado. Correspondência por nome; altura compatível; peso compatível.,Gerric Hayes,2026-10-08,https://www.sherdog.com/fighter/Gerric-Hayes-55219,
1537,GERRY HARRIS,30cd319d39ee689b,Gerry Harris,,1.0,4.0,0.0,"6' 8""",270 lbs.,,Orthodox,,203.2,270.0,,,http://ufcstats.com/fighter-details/30cd319d39ee689b,0.0,0%,0.0,0.0,0%,0.0,0%,0.0,0%,0.0,"fighter_tott, raw_fighter_details, ufc_dataset",270 lbs.,270.0,,,,,,,,,,,,,nao_preenchido_data_completa_nao_encontrada,Não foi localizada data de nascimento completa em perfil correspondente. Idade ou ano isolado não foram usados para estimar a data.,,2026-10-08,,1995-09-08
1539,GEZA KALMAN,304fcd812f12c589,Geza Kalman,,4.0,9.0,0.0,"6' 1""",200 lbs.,,,,185.42,200.0,,,http://ufcstats.com/fighter-details/304fcd812f12c589,0.0,0%,0.0,0.0,0%,0.0,0%,0.0,0%,0.0,"fighter_tott, raw_fighter_details, ufc_dataset",200 lbs.,200.0,,,,,,,,,,,,,nao_preenchido_data_completa_nao_encontrada,Não foi localizada data de nascimento completa em perfil correspondente. Idade ou ano isolado não foram usados para estimar a data.,,2026-10-08,,1996-07-12
1540,GEZHEN RE,be5fd2ae27d20842,Gezhen Re,,,,,,155 lbs.,,,2001-02-28,,155.0,,,http://ufcstats.com/fighter-details/be5fd2ae27d20842,,,,,,,,,,,fighter_tott,155 lbs.,155.0,,,,,,,,,,,Sherdog,https://www.sherdog.com/fighter/Gezhen-Re-415807,preenchido_verificado,Data completa explicitamente publicada no perfil citado. Correspondência por nome; peso compatível.,Gezhen Re,2026-10-08,https://www.sherdog.com/fighter/Gezhen-Re-415807,
1547,GIGO JARA,99d5cf1eda8b25c1,Gigo Jara,,,,,"5' 9""",145 lbs.,,,,175.26,145.0,,,http://ufcstats.com/fighter-details/99d5cf1eda8b25c1,2.26,57%,57.0,2.71,51%,0.0,0%,0.0,66%,0.0,"fighter_tott, raw_fighter_details",145 lbs.,145.0,,,,,,,,,,,,,nao_preenchido_data_completa_nao_encontrada,Não foi localizada data de nascimento completa em perfil correspondente. Idade ou ano isolado não foram usados para estimar a data.,,2026-10-08,,
1551,GILBERT JIMENEZ,59d36ddfcb27b7dc,Gilbert Jimenez,,,,,,155 lbs.,,,1985-05-11,,155.0,,,http://ufcstats.com/fighter-details/59d36ddfcb27b7dc,0.0,0%,0.0,0.0,0%,0.0,0%,0.0,0%,0.0,"fighter_tott, raw_fighter_details",155 lbs.,155.0,,,,,,,,,,,Sherdog,https://www.sherdog.com/fighter/Gilbert-Jimenez-45633,preenchido_verificado,Data completa explicitamente publicada no perfil citado. Correspondência por nome; peso compatível.,Gilbert Jimenez,2026-10-08,https://www.sherdog.com/fighter/Gilbert-Jimenez-45633,
1553,GILBERT RAEL,6cc25d19a891f435,Gilbert Rael,,,,,"5' 8""",155 lbs.,,,,172.72,155.0,,,http://ufcstats.com/fighter-details/6cc25d19a891f435,0.0,0%,0.0,7.46,37%,4.86,100%,100.0,0%,0.0,"fighter_tott, raw_fighter_details",155 lbs.,155.0,,,,,,,,,,,,,nao_preenchido_data_completa_nao_encontrada,Não foi localizada data de nascimento completa em perfil correspondente. Idade ou ano isolado não foram usados para estimar a data.,,2026-10-08,,
1557,GILLES ARSENE,2dea80c069847321,Gilles Arsene,,,,,"5' 9""",190 lbs.,,Southpaw,1970-12-23,175.26,190.0,,,http://ufcstats.com/fighter-details/2dea80c069847321,0.06,10%,10.0,2.45,32%,0.0,0%,0.0,0%,0.0,"fighter_tott, raw_fighter_details",190 lbs.,190.0,,,,,,,,,,,Sherdog,https://www.sherdog.com/fighter/Gilles-Arsene-5921,preenchido_verificado,Data completa explicitamente publicada no perfil citado. Correspondência por nome; altura compatível; peso compatível.,Gilles Arsene,2026-10-08,https://www.sherdog.com/fighter/Gilles-Arsene-5921,
1572,GOLDMAN BUTLER,e2d5072048b825b1,Goldman Butler,,,,,,242.8 lbs.,,,,,242.8,,,http://ufcstats.com/fighter-details/e2d5072048b825b1,0.0,0%,0.0,0.0,0%,0.0,0%,0.0,0%,0.0,"fighter_tott, raw_fighter_details",,,Sherdog,https://www.sherdog.com/news/news/Wilcox-Ribeiro-Official-for-Strikeforce-Challengers-12-28264,pesagem_evento,2010-11-18,preenchido_verificado,weight;weight_lbs,Pesagem para Strikeforce Challengers 12; valor histórico.,2026-10-07,https://www.sherdog.com/news/news/Wilcox-Ribeiro-Official-for-Strikeforce-Challengers-12-28264,,,,nao_preenchido_data_completa_nao_encontrada,Não foi localizada data de nascimento completa em perfil correspondente. Idade ou ano isolado não foram usados para estimar a data.,,2026-10-08,,
1580,GREG SCOTT,0b235384fe23fc9c,Greg Scott,,,,,"5' 9""",145 lbs.,,,,175.26,145.0,,,http://ufcstats.com/fighter-details/0b235384fe23fc9c,3.9,55%,55.0,7.79,37%,11.69,100%,100.0,0%,0.0,"fighter_tott, raw_fighter_details",145 lbs.,145.0,,,,,,,,,,,,,nao_preenchido_data_completa_nao_encontrada,Não foi localizada data de nascimento completa em perfil correspondente. Idade ou ano isolado não foram usados para estimar a data.,,2026-10-08,,
1582,GREG STOTT,91181b29be041f1c,Greg Stott,Ranger,0.0,1.0,0.0,"5' 7""",220 lbs.,,Southpaw,,170.18,220.0,,,http://ufcstats.com/fighter-details/91181b29be041f1c,0.0,0%,0.0,0.0,0%,0.0,0%,0.0,0%,0.0,"fighter_tott, raw_fighter_details, ufc_dataset",220 lbs.,220.0,,,,,,,,,,,,,nao_preenchido_data_completa_nao_encontrada,Não foi localizada data de nascimento completa em perfil correspondente. Idade ou ano isolado não foram usados para estimar a data.,,2026-10-08,,1997-10-17
1586,GREGORY BOUCHELAGHEM,59851163aaf1aed8,Gregory Bouchelaghem,,,,,"6' 2""",183 lbs.,,Switch,1978-03-23,187.96,183.0,,,http://ufcstats.com/fighter-details/59851163aaf1aed8,0.27,21%,21.0,1.53,36%,0.0,0%,0.0,50%,0.0,"fighter_tott, raw_fighter_details",183 lbs.,183.0,,,,,,,,,,,Sherdog,https://www.sherdog.com/fighter/Gregory-Bouchelaghem-8804,preenchido_verificado,Data completa explicitamente publicada no perfil citado. Correspondência por nome; altura compatível; peso compatível.,Gregory Bouchelaghem,2026-10-08,https://www.sherdog.com/fighter/Gregory-Bouchelaghem-8804,
1592,GUILHERME COSTA,28877eddb1c0b967,Guilherme Costa,,,,,,155 lbs.,,,,,155.0,,,http://ufcstats.com/fighter-details/28877eddb1c0b967,0.0,0%,0.0,0.0,0%,0.0,0%,0.0,0%,0.0,"fighter_tott, raw_fighter_details",155 lbs.,155.0,,,,,,,,,,,,,nao_preenchido_data_completa_nao_encontrada,Não foi localizada data de nascimento completa em perfil correspondente. Idade ou ano isolado não foram usados para estimar a data.,,2026-10-08,,
1596,GUILHERME VIANA,393b8e03fb410a78,Guilherme Viana,,,,,"6' 4""",205 lbs.,,,1986-05-13,193.04,205.0,,,http://ufcstats.com/fighter-details/393b8e03fb410a78,2.92,40%,40.0,2.72,59%,1.2,66%,66.0,77%,0.0,"fighter_tott, raw_fighter_details",205 lbs.,205.0,,,,,,,,,,,Sherdog,https://www.sherdog.com/fighter/Guilherme-Viana-93945,preenchido_verificado,Data completa explicitamente publicada no perfil citado. Correspondência por nome; altura compatível; peso compatível.,Guilherme Viana,2026-10-08,https://www.sherdog.com/fighter/Guilherme-Viana-93945,
1609,HAN TEN YUN,67ec58d7cf599835,Han Ten Yun,,,,,"5' 11""",220 lbs.,,,,180.34,220.0,,,http://ufcstats.com/fighter-details/67ec58d7cf599835,0.0,0%,0.0,0.0,0%,0.0,0%,0.0,0%,0.0,"fighter_tott, raw_fighter_details",220 lbs.,220.0,,,,,,,,,,,,,nao_preenchido_data_completa_nao_encontrada,Não foi localizada data de nascimento completa em perfil correspondente. Idade ou ano isolado não foram usados para estimar a data.,,2026-10-08,,
1615,HAROLD HOWARD,a2b06ca02bca14c0,Harold Howard,,1.0,3.0,0.0,"6' 2""",240 lbs.,,Orthodox,,187.96,240.0,,,http://ufcstats.com/fighter-details/a2b06ca02bca14c0,0.0,0%,0.0,0.0,0%,0.0,0%,0.0,0%,0.0,"fighter_tott, raw_fighter_details, ufc_dataset",240 lbs.,240.0,,,,,,,,,,,,,nao_preenchido_data_completa_nao_encontrada,Não foi localizada data de nascimento completa em perfil correspondente. Idade ou ano isolado não foram usados para estimar a data.,,2026-10-08,,1994-09-09
1619,HARRY MOSKOWITZ,4dc496aa0cfc0d95,Harry Moskowitz,Dirty,6.0,12.0,0.0,"6' 5""",275 lbs.,,Orthodox,1968-07-16,195.58,275.0,,,http://ufcstats.com/fighter-details/4dc496aa0cfc0d95,0.0,0%,0.0,0.0,0%,0.0,0%,0.0,0%,0.0,"fighter_tott, raw_fighter_details, ufc_dataset",275 lbs.,275.0,,,,,,,,,,,Sherdog,https://www.sherdog.com/fighter/Harry-Moskowitz-176,preenchido_verificado,Data completa explicitamente publicada no perfil citado. Correspondência por nome; altura compatível; peso compatível.,Harry Moskowitz,2026-10-08,https://www.sherdog.com/fighter/Harry-Moskowitz-176,1997-10-17
1623,HAVEN TORRES,1ff10dee2f7ae60c,Haven Torres,,,,,,125 lbs.,,,,,125.0,,,http://ufcstats.com/fighter-details/1ff10dee2f7ae60c,0.0,0%,0.0,0.0,0%,0.0,0%,0.0,0%,0.0,"fighter_tott, raw_fighter_details",125 lbs.,125.0,,,,,,,,,,,,,nao_preenchido_data_completa_nao_encontrada,Não foi localizada data de nascimento completa em perfil correspondente. Idade ou ano isolado não foram usados para estimar a data.,,2026-10-08,,
1626,HE-MAN GIPSON,3e03cec9767d37e6,He-Man Gipson,,1.0,2.0,0.0,,,,,,,,,,http://ufcstats.com/fighter-details/3e03cec9767d37e6,0.0,0%,0.0,0.0,0%,0.0,0%,0.0,0%,0.0,"fighter_tott, raw_fighter_details, ufc_dataset",,,,,,,nao_preenchido_sem_peso_verificavel,,Perfil/evento identificado; peso individual ausente. Pesos de adversários descartados.,2026-10-07,,,,,nao_preenchido_data_completa_nao_encontrada,Não foi localizada data de nascimento completa em perfil correspondente. Idade ou ano isolado não foram usados para estimar a data.,,2026-10-08,,
1636,HELENA CREVAR,a8c3ce469cb8b130,Helena Crevar,,,,,,145 lbs.,,,,,145.0,,,http://ufcstats.com/fighter-details/a8c3ce469cb8b130,,,,,,,,,,,fighter_tott,,,Tapology,https://www.tapology.com/fightcenter/fighters/393465-helena-crevar,ultima_pesagem_perfil,,preenchido_verificado,weight;weight_lbs,Campo Last Weigh-In do perfil; data não atribuída automaticamente à última luta. Peso de grappling.,2026-10-07,https://www.tapology.com/fightcenter/fighters/393465-helena-crevar,,,,nao_preenchido_data_completa_nao_encontrada,Não foi localizada data de nascimento completa em perfil correspondente. Idade ou ano isolado não foram usados para estimar a data.,,2026-10-08,,
1637,HELIO DIPP,73eb2a552c92a821,Helio Dipp,,,,,"6' 5""",185 lbs.,,Orthodox,1979-12-12,195.58,185.0,,,http://ufcstats.com/fighter-details/73eb2a552c92a821,0.6,25%,25.0,1.8,62%,0.0,0%,0.0,50%,0.0,"fighter_tott, raw_fighter_details",185 lbs.,185.0,,,,,,,,,,,Sherdog,https://www.sherdog.com/fighter/Helio-Dipp-Jr-8981,preenchido_verificado,Data completa explicitamente publicada no perfil citado. Correspondência por nome; altura compatível; peso compatível.,Helio Dipp Jr.,2026-10-08,https://www.sherdog.com/fighter/Helio-Dipp-Jr-8981,
1643,HENRY CORRALES,7cb0946d51b8cde7,Henry Corrales,,,,,"5' 9""",145 lbs.,,,1986-08-11,175.26,145.0,,,http://ufcstats.com/fighter-details/7cb0946d51b8cde7,4.12,41%,41.0,5.84,55%,0.0,0%,0.0,69%,0.0,"fighter_tott, raw_fighter_details",145 lbs.,145.0,,,,,,,,,,,Sherdog,https://www.sherdog.com/fighter/Henry-Corrales-80091,preenchido_verificado,Data completa explicitamente publicada no perfil citado. Correspondência por nome; altura compatível; peso compatível.,Henry Corrales,2026-10-08,https://www.sherdog.com/fighter/Henry-Corrales-80091,
1649,HERMAN RENTING,f57cf3d54a641385,Herman Renting,,,,,"6' 0""",215 lbs.,,Switch,1968-12-31,182.88,215.0,,,http://ufcstats.com/fighter-details/f57cf3d54a641385,0.0,0%,0.0,0.0,0%,0.0,0%,0.0,0%,0.0,"fighter_tott, raw_fighter_details",215 lbs.,215.0,,,,,,,,,,,Sherdog,https://www.sherdog.com/fighter/Herman-Renting-327,preenchido_verificado,Data completa explicitamente publicada no perfil citado. Correspondência por nome; altura compatível; peso compatível.,Herman Renting,2026-10-08,https://www.sherdog.com/fighter/Herman-Renting-327,
1650,HERMAN TERRADO,61d6368013f8637f,Herman Terrado,,,,,,170 lbs.,,,1989-09-27,,170.0,,,http://ufcstats.com/fighter-details/61d6368013f8637f,0.0,0%,0.0,0.0,0%,0.0,0%,0.0,0%,0.0,"fighter_tott, raw_fighter_details",170 lbs.,170.0,,,,,,,,,,,Sherdog,https://www.sherdog.com/fighter/Herman-Terrado-29836,preenchido_verificado,Data completa explicitamente publicada no perfil citado. Correspondência por nome; peso compatível.,Herman Terrado,2026-10-08,https://www.sherdog.com/fighter/Herman-Terrado-29836 | https://www.tapology.com/fightcenter/fighters/herman-terrado,
1664,HIROYUKI ABE,c0ed7b208197e8de,Hiroyuki Abe,,,,,"5' 6""",145 lbs.,,Orthodox,1970-02-09,167.64,145.0,,,http://ufcstats.com/fighter-details/c0ed7b208197e8de,1.71,36%,36.0,3.11,63%,0.0,0%,0.0,33%,0.0,"fighter_tott, raw_fighter_details",145 lbs.,145.0,,,,,,,,,,,Sherdog,https://www.sherdog.com/fighter/Hiroyuki-Abe-1293,preenchido_verificado,Data completa explicitamente publicada no perfil citado. Correspondência por nome; altura compatível; peso compatível.,Hiroyuki Abe,2026-10-08,https://www.sherdog.com/fighter/Hiroyuki-Abe-20221 | https://www.sherdog.com/fighter/Hiroyuki-Abe-1293,
1668,HO BAE MYEON,2719f300b0439039,Ho Bae Myeon,,,,,"5' 11""",168 lbs.,,Orthodox,,180.34,168.0,,,http://ufcstats.com/fighter-details/2719f300b0439039,3.16,16%,16.0,3.16,83%,0.0,0%,0.0,0%,0.0,"fighter_tott, raw_fighter_details",168 lbs.,168.0,,,,,,,,,,,,,nao_preenchido_data_completa_nao_encontrada,Não foi localizada data de nascimento completa em perfil correspondente. Idade ou ano isolado não foram usados para estimar a data.,,2026-10-08,,
1675,HOUSTON DORR,312f47c3d2f83ffa,Houston Dorr,,1.0,2.0,0.0,"6' 1""",210 lbs.,,Orthodox,,185.42,210.0,,,http://ufcstats.com/fighter-details/312f47c3d2f83ffa,0.0,0%,0.0,0.0,0%,0.0,0%,0.0,0%,0.0,"fighter_tott, raw_fighter_details, ufc_dataset",210 lbs.,210.0,,,,,,,,,,,,,nao_preenchido_data_completa_nao_encontrada,Não foi localizada data de nascimento completa em perfil correspondente. Idade ou ano isolado não foram usados para estimar a data.,,2026-10-08,,1997-10-17
1678,HUGH PULLEY,308279bd246c211f,Hugh Pulley,,,,,"6' 0""",155 lbs.,,,1988-12-29,182.88,155.0,,,http://ufcstats.com/fighter-details/308279bd246c211f,4.47,63%,63.0,3.27,57%,4.0,66%,66.0,69%,0.0,"fighter_tott, raw_fighter_details",155 lbs.,155.0,,,,,,,,,,,Sherdog,https://www.sherdog.com/fighter/Hugh-Pulley-130833,preenchido_verificado,Data completa explicitamente publicada no perfil citado. Correspondência por nome; altura compatível; peso compatível.,Hugh Pulley,2026-10-08,https://www.sherdog.com/fighter/Hugh-Pulley-130833,
1681,HUGO GOVEA,2391a73686200c5d,Hugo Govea,,,,,,,,,,,,,,http://ufcstats.com/fighter-details/2391a73686200c5d,0.0,0%,0.0,0.0,0%,0.0,0%,0.0,0%,0.0,"fighter_tott, raw_fighter_details",,,,,,,nao_preenchido_sem_peso_verificavel,,Perfil encontrado sem peso válido (0).,2026-10-07,https://www.sherdog.com/fighter/Hugo-Govea-28760,,,,nao_preenchido_data_completa_nao_encontrada,Não foi localizada data de nascimento completa em perfil correspondente. Idade ou ano isolado não foram usados para estimar a data.,,2026-10-08,,
1682,HUGO SANDOVAL,9d51bcc281aa0514,Hugo Sandoval,,,,,,135 lbs.,,,,,135.0,,,http://ufcstats.com/fighter-details/9d51bcc281aa0514,0.0,0%,0.0,0.0,0%,0.0,0%,0.0,0%,0.0,"fighter_tott, raw_fighter_details",135 lbs.,135.0,,,,,,,,,,,,,nao_preenchido_data_completa_nao_encontrada,Não foi localizada data de nascimento completa em perfil correspondente. Idade ou ano isolado não foram usados para estimar a data.,,2026-10-08,,
1688,HUNTER WORSHAM,8fb808fc2e145bd6,Hunter Worsham,,,,,,185 lbs.,,,,,185.0,,,http://ufcstats.com/fighter-details/8fb808fc2e145bd6,0.0,0%,0.0,0.0,0%,0.0,0%,0.0,0%,0.0,"fighter_tott, raw_fighter_details",185 lbs.,185.0,,,,,,,,,,,,,nao_preenchido_data_completa_nao_encontrada,Não foi localizada data de nascimento completa em perfil correspondente. Idade ou ano isolado não foram usados para estimar a data.,,2026-10-08,,
1689,HUSSAIN RASOULI,9d61d8cb1c354867,Hussain Rasouli,,,,,"5' 6""",135 lbs.,,,,167.64,135.0,,,http://ufcstats.com/fighter-details/9d61d8cb1c354867,0.0,0%,0.0,0.0,0%,0.0,0%,0.0,0%,0.0,"fighter_tott, raw_fighter_details",135 lbs.,135.0,,,,,,,,,,,,,nao_preenchido_data_completa_nao_encontrada,Não foi localizada data de nascimento completa em perfil correspondente. Idade ou ano isolado não foram usados para estimar a data.,,2026-10-08,,
1694,IAN BUTLER,6b8fd98eb52363d1,Ian Butler,,,,,"5' 8""",155 lbs.,,,1989-10-09,172.72,155.0,,,http://ufcstats.com/fighter-details/6b8fd98eb52363d1,2.09,14%,14.0,6.69,36%,0.0,0%,0.0,50%,0.0,"fighter_tott, raw_fighter_details",155 lbs.,155.0,,,,,,,,,,,Sherdog,https://www.sherdog.com/fighter/Ian-Butler-177071,preenchido_verificado,Data completa explicitamente publicada no perfil citado. Correspondência por nome; altura compatível; peso compatível.,Ian Butler,2026-10-08,https://www.sherdog.com/fighter/Ian-Butler-177071,
1705,IBRAGIM MAGOMEDOV,e7e970d508529bf3,Ibragim Magomedov,,,,,"6' 0""",250 lbs.,,Orthodox,1975-06-08,182.88,250.0,,,http://ufcstats.com/fighter-details/e7e970d508529bf3,0.26,4%,4.0,3.86,42%,0.0,0%,0.0,0%,0.0,"fighter_tott, raw_fighter_details",250 lbs.,250.0,,,,,,,,,,,Sherdog,https://www.sherdog.com/fighter/Ibragim-Magomedov-2951,preenchido_verificado,"Perfil de peso pesado identificado por altura de 182,88 cm e peso de 230 lbs, compatíveis com o registro de 250 lbs; homônimos de categorias inferiores descartados.",Ibragim Magomedov,2026-10-08,https://www.sherdog.com/fighter/Ibragim-Magomedov-254325 | https://www.sherdog.com/fighter/Ibragim-Magomedov-2951 | https://www.sherdog.com/fighter/Ibragim-Magomedov-295537,
1708,IDO PARIENTE,7573d25a078b5732,Ido Pariente,,,,,"5' 8""",155 lbs.,,Orthodox,1977-08-31,172.72,155.0,,,http://ufcstats.com/fighter-details/7573d25a078b5732,0.0,0%,0.0,2.86,45%,0.0,0%,0.0,0%,0.0,"fighter_tott, raw_fighter_details",155 lbs.,155.0,,,,,,,,,,,Sherdog,https://www.sherdog.com/fighter/Ido-Pariente-1924,preenchido_verificado,Data completa explicitamente publicada no perfil citado. Correspondência por nome; altura compatível; peso compatível.,Ido Pariente,2026-10-08,https://www.sherdog.com/fighter/Ido-Pariente-1924,
1712,IGOR BORISOV,0313bf497de9c470,Igor Borisov,,,,,"6' 0""",235 lbs.,,Orthodox,1964-05-18,182.88,235.0,,,http://ufcstats.com/fighter-details/0313bf497de9c470,0.0,0%,0.0,0.0,0%,0.0,0%,0.0,0%,0.0,"fighter_tott, raw_fighter_details",235 lbs.,235.0,,,,,,,,,,,Sherdog,https://www.sherdog.com/fighter/Igor-Borisov-324,preenchido_verificado,Data completa explicitamente publicada no perfil citado. Correspondência por nome; altura compatível; peso compatível.,Igor Borisov,2026-10-08,https://www.sherdog.com/fighter/Igor-Borisov-324,
1718,IGOR ZINOVIEV,108afe61a26bcbf4,Igor Zinoviev,Houdini,4.0,1.0,2.0,"6' 1""",199 lbs.,,Orthodox,1966-05-23,185.42,199.0,,,http://ufcstats.com/fighter-details/108afe61a26bcbf4,0.0,0%,0.0,0.0,0%,0.0,0%,0.0,0%,0.0,"fighter_tott, raw_fighter_details, ufc_dataset",199 lbs.,199.0,,,,,,,,,,,Sherdog,https://www.sherdog.com/fighter/Igor-Zinoviev-191,preenchido_verificado,Data completa explicitamente publicada no perfil citado. Correspondência por nome; altura compatível; peso compatível.,Igor Zinoviev,2026-10-08,https://www.sherdog.com/fighter/Igor-Zinoviev-191,1998-03-13
1727,ILIMA MACFARLANE,8cf90e41646491fd,Ilima Macfarlane,,,,,"5' 4""",125 lbs.,,,1990-04-02,162.56,125.0,,,http://ufcstats.com/fighter-details/8cf90e41646491fd,4.13,43%,43.0,2.93,65%,0.0,0%,0.0,50%,1.0,"fighter_tott, raw_fighter_details",125 lbs.,125.0,,,,,,,,,,,Sherdog,https://www.sherdog.com/fighter/IlimaLei-Macfarlane-162961,preenchido_verificado,Data completa explicitamente publicada no perfil citado. Correspondência por nome; altura compatível; peso compatível. Variante do nome: Ilima-Lei Macfarlane.,Ilima-Lei Macfarlane,2026-10-08,https://www.sherdog.com/fighter/IlimaLei-Macfarlane-162961 | https://www.tapology.com/fightcenter/fighters/61596-ilima-lei-macfarlane,
1729,ILYA KOTAU,a68d57ae177a5815,Ilya Kotau,,,,,,170 lbs.,,,,,170.0,,,http://ufcstats.com/fighter-details/a68d57ae177a5815,3.94,40%,40.0,4.38,44%,6.57,100%,100.0,100%,6.6,"fighter_tott, raw_fighter_details",170 lbs.,170.0,,,,,,,,,,,,,nao_preenchido_data_completa_nao_encontrada,Não foi localizada data de nascimento completa em perfil correspondente. Idade ou ano isolado não foram usados para estimar a data.,,2026-10-08,,
1730,IMANI LEE,0802be3516ef8f66,Imani Lee,,,,,,301 lbs.,,Orthodox,1977-07-17,,301.0,,,http://ufcstats.com/fighter-details/0802be3516ef8f66,0.0,0%,0.0,0.94,33%,0.0,0%,0.0,0%,0.0,"fighter_tott, raw_fighter_details",,,Sherdog,https://www.sherdog.com/fighter/Imani-Lee-19934,perfil,,preenchido_verificado,weight;weight_lbs,Peso explicitamente informado no perfil; não representa necessariamente o peso atual nem uma pesagem de evento.,2026-10-07,https://www.sherdog.com/fighter/Imani-Lee-19934,,Sherdog,https://www.sherdog.com/fighter/Imani-Lee-19934,preenchido_verificado,Data completa explicitamente publicada no perfil citado. Correspondência por nome; peso compatível.,Imani Lee,2026-10-08,https://www.sherdog.com/fighter/Imani-Lee-19934,
1735,ION CHERDIVARA,c713a845360d604b,Ion Cherdivara,,,,,,205 lbs.,,,,,205.0,,,http://ufcstats.com/fighter-details/c713a845360d604b,0.0,0%,0.0,0.0,0%,0.0,0%,0.0,0%,0.0,"fighter_tott, raw_fighter_details",205 lbs.,205.0,,,,,,,,,,,,,nao_preenchido_data_completa_nao_encontrada,Não foi localizada data de nascimento completa em perfil correspondente. Idade ou ano isolado não foram usados para estimar a data.,,2026-10-08,,
1738,IOURI KOTCHKINE,c6becb722706c7d8,Iouri Kotchkine,,,,,"6' 2""",235 lbs.,,Orthodox,,187.96,235.0,,,http://ufcstats.com/fighter-details/c6becb722706c7d8,0.67,38%,38.0,4.92,15%,0.0,0%,0.0,25%,0.0,"fighter_tott, raw_fighter_details",235 lbs.,235.0,,,,,,,,,,,,,nao_preenchido_data_completa_nao_encontrada,Não foi localizada data de nascimento completa em perfil correspondente. Idade ou ano isolado não foram usados para estimar a data.,,2026-10-08,,
1746,ISAIAH HILL,86b30a86664cb6e4,Isaiah Hill,,,,,"5' 10""",155 lbs.,,,,177.8,155.0,,,http://ufcstats.com/fighter-details/86b30a86664cb6e4,4.84,50%,50.0,0.97,80%,0.0,0%,0.0,66%,14.5,"fighter_tott, raw_fighter_details",155 lbs.,155.0,,,,,,,,,,,,,nao_preenchido_identidade_nao_confirmada,"Perfil com data encontrado, mas altura/peso divergem do registro original; correspondência não confirmada.",,2026-10-08,https://www.sherdog.com/fighter/Isaiah-Hill-347541,
1748,ISI FITIKEFU,b8dc5fbf8338adc5,Isi Fitikefu,,,,,"5' 10""",205 lbs.,,,1992-09-15,177.8,205.0,,,http://ufcstats.com/fighter-details/b8dc5fbf8338adc5,0.0,0%,0.0,0.0,0%,0.0,0%,0.0,0%,0.0,"fighter_tott, raw_fighter_details",205 lbs.,205.0,,,,,,,,,,,Sherdog,https://www.sherdog.com/fighter/Isi-Fitikefu-199411,preenchido_verificado,Data completa explicitamente publicada no perfil citado. Correspondência por nome; altura compatível; peso compatível.,Isi Fitikefu,2026-10-08,https://www.sherdog.com/fighter/Isi-Fitikefu-199411,
1756,ISRAEL ALBUQUERQUE,dd1b90eea08887f6,Israel Albuquerque,,,,,,185 lbs.,,Orthodox,,,185.0,,,http://ufcstats.com/fighter-details/dd1b90eea08887f6,0.32,13%,13.0,3.34,25%,0.0,0%,0.0,0%,0.0,"fighter_tott, raw_fighter_details",185 lbs.,185.0,,,,,,,,,,,,,nao_preenchido_data_completa_nao_encontrada,Não foi localizada data de nascimento completa em perfil correspondente. Idade ou ano isolado não foram usados para estimar a data.,,2026-10-08,,
1757,ISRAEL DELGADO,01f4bcd26ac08ad5,Israel Delgado,,,,,"5' 10""",155 lbs.,,,1985-11-22,177.8,155.0,,,http://ufcstats.com/fighter-details/01f4bcd26ac08ad5,0.0,0%,0.0,0.0,0%,0.0,0%,0.0,0%,0.0,"fighter_tott, raw_fighter_details",155 lbs.,155.0,,,,,,,,,,,Tapology,https://www.tapology.com/fightcenter/fighters/61639-israel-delgado,preenchido_verificado,Data completa explicitamente publicada no perfil citado. Correspondência por nome; altura compatível; peso compatível.,Israel Delgado,2026-10-08,https://www.tapology.com/fightcenter/fighters/61639-israel-delgado,
1760,ISSAC DEJESUS,0e2c2daf11b5d8f2,Issac DeJesus,,,,,,145 lbs.,,,,,145.0,,,http://ufcstats.com/fighter-details/0e2c2daf11b5d8f2,0.0,0%,0.0,0.0,0%,0.0,0%,0.0,0%,0.0,"fighter_tott, raw_fighter_details",145 lbs.,145.0,,,,,,,,,,,,,nao_preenchido_data_completa_nao_encontrada,Não foi localizada data de nascimento completa em perfil correspondente. Idade ou ano isolado não foram usados para estimar a data.,,2026-10-08,,
1768,IVAN LOPEZ,0db9d2486d564a3c,Ivan Lopez,,,,,"5' 6""",135 lbs.,,Southpaw,,167.64,135.0,,,http://ufcstats.com/fighter-details/0db9d2486d564a3c,0.9,26%,26.0,2.24,65%,0.0,0%,0.0,30%,0.0,"fighter_tott, raw_fighter_details",135 lbs.,135.0,,,,,,,,,,,,,nao_preenchido_data_completa_nao_encontrada,Não foi localizada data de nascimento completa em perfil correspondente. Idade ou ano isolado não foram usados para estimar a data.,,2026-10-08,,
1771,IVAN SERATI,b23fca14c7b79935,Ivan Serati,,12.0,4.0,0.0,"6' 0""",205 lbs.,,Orthodox,,182.88,205.0,,,http://ufcstats.com/fighter-details/b23fca14c7b79935,0.86,26%,26.0,5.33,29%,0.0,0%,0.0,0%,0.0,"fighter_tott, raw_fighter_details, ufc_dataset",205 lbs.,205.0,,,,,,,,,,,,,nao_preenchido_data_completa_nao_encontrada,Não foi localizada data de nascimento completa em perfil correspondente. Idade ou ano isolado não foram usados para estimar a data.,,2026-10-08,,2009-01-17
1777,J.T TAYLOR,17c6e35e4da505b0,J.T Taylor,,,,,"5' 10""",,,,,177.8,,,,http://ufcstats.com/fighter-details/17c6e35e4da505b0,3.17,80%,80.0,3.7,26%,3.96,100%,100.0,0%,7.9,"fighter_tott, raw_fighter_details",,,,,,,nao_preenchido_identidade_ambigua,,"Relato de evento lista J.T. Taylor com 175 lbs, mas a correspondência ao registro original não foi confirmada.",2026-10-07,https://www.mmaweekly.com/news/updated-line-up-for-wec-the-hitman,,,,nao_preenchido_data_completa_nao_encontrada,Não foi localizada data de nascimento completa em perfil correspondente. Idade ou ano isolado não foram usados para estimar a data.,,2026-10-08,,
1788,JACK MCGLAUGHLIN,237187ed9f419285,Jack McGlaughlin,,1.0,4.0,0.0,,,,Orthodox,1961-10-01,,,,,http://ufcstats.com/fighter-details/237187ed9f419285,0.0,0%,0.0,0.0,0%,0.0,0%,0.0,0%,0.0,"fighter_tott, raw_fighter_details, ufc_dataset",,,,,,,nao_preenchido_sem_peso_verificavel,,Pesquisa nominal não encontrou peso individual verificável com correspondência suficiente ao registro original.,2026-10-07,,,Tapology,https://www.tapology.com/fightcenter/fighters/jack-mcglaughlin,preenchido_verificado,Data completa explicitamente publicada no perfil citado. Correspondência por nome.,Jack McGlaughlin,2026-10-08,https://www.tapology.com/fightcenter/fighters/jack-mcglaughlin,
1789,JACK MORRISON,38fccd44d669bb2f,Jack Morrison,,,,,"5' 11""",205 lbs.,,,,180.34,205.0,,,http://ufcstats.com/fighter-details/38fccd44d669bb2f,0.0,0%,0.0,19.31,40%,0.0,0%,0.0,0%,0.0,"fighter_tott, raw_fighter_details",205 lbs.,205.0,,,,,,,,,,,,,nao_preenchido_data_completa_nao_encontrada,Não foi localizada data de nascimento completa em perfil correspondente. Idade ou ano isolado não foram usados para estimar a data.,,2026-10-08,,
1790,JACK NILSON,53e533db1b8e9712,Jack Nilson,,2.0,6.0,0.0,,215 lbs.,,,,,215.0,,,http://ufcstats.com/fighter-details/53e533db1b8e9712,0.0,0%,0.0,0.0,0%,0.0,0%,0.0,0%,0.0,"fighter_tott, raw_fighter_details, ufc_dataset",,,Sherdog,https://www.sherdog.com/fighter/Jack-Nilson-161,perfil,,preenchido_verificado,weight;weight_lbs,Peso explicitamente informado no perfil; não representa necessariamente o peso atual nem uma pesagem de evento.,2026-10-07,https://www.sherdog.com/fighter/Jack-Nilson-161,,,,nao_preenchido_data_completa_nao_encontrada,Não foi localizada data de nascimento completa em perfil correspondente. Idade ou ano isolado não foram usados para estimar a data.,,2026-10-08,,1997-05-30
1792,JACKIE LEE,4985113c0928aa62,Jackie Lee,,0.0,1.0,0.0,,195 lbs.,,,,,195.0,,,http://ufcstats.com/fighter-details/4985113c0928aa62,0.0,0%,0.0,0.0,0%,0.0,0%,0.0,0%,0.0,"fighter_tott, raw_fighter_details, ufc_dataset",,,Sherdog,https://www.sherdog.com/fighter/Jackie-Lee-149,perfil,,preenchido_verificado,weight;weight_lbs,Peso explicitamente informado no perfil; não representa necessariamente o peso atual nem uma pesagem de evento.,2026-10-07,https://www.sherdog.com/fighter/Jackie-Lee-149,,,,nao_preenchido_data_completa_nao_encontrada,Não foi localizada data de nascimento completa em perfil correspondente. Idade ou ano isolado não foram usados para estimar a data.,,2026-10-08,,
1796,JACOB NOE,9bff1b4c37ebbede,Jacob Noe,,,,,,205 lbs.,,,1980-07-29,,205.0,,,http://ufcstats.com/fighter-details/9bff1b4c37ebbede,0.0,0%,0.0,0.0,0%,0.0,0%,0.0,0%,0.0,"fighter_tott, raw_fighter_details",205 lbs.,205.0,,,,,,,,,,,Sherdog,https://www.sherdog.com/fighter/Jacob-Noe-5881,preenchido_verificado,Data completa explicitamente publicada no perfil citado. Correspondência por nome; peso compatível.,Jacob Noe,2026-10-08,https://www.sherdog.com/fighter/Jacob-Noe-5881,
1803,JADSON COSTA,222d6b547de2e035,Jadson Costa,,,,,"5' 7""",155 lbs.,,Orthodox,1980-11-18,170.18,155.0,,,http://ufcstats.com/fighter-details/222d6b547de2e035,0.2,50%,50.0,3.05,50%,0.0,0%,0.0,0%,0.0,"fighter_tott, raw_fighter_details",155 lbs.,155.0,,,,,,,,,,,Sherdog,https://www.sherdog.com/fighter/Jadyson-Costa-5703,preenchido_verificado,Data completa explicitamente publicada no perfil citado. Correspondência por nome; altura compatível; peso compatível. Variante do nome: Jadyson Costa.,Jadyson Costa,2026-10-08,https://www.sherdog.com/fighter/Jadyson-Costa-5703,
1824,JAKOB LOVSTAD,ad044be25c94dcfd,Jakob Lovstad,,,,,"6' 3""",205 lbs.,,Orthodox,1979-12-28,190.5,205.0,,,http://ufcstats.com/fighter-details/ad044be25c94dcfd,0.0,0%,0.0,9.43,35%,0.0,0%,0.0,0%,0.0,"fighter_tott, raw_fighter_details",205 lbs.,205.0,,,,,,,,,,,Sherdog,https://www.sherdog.com/fighter/Jakob-Lovstad-4922,preenchido_verificado,Data completa explicitamente publicada no perfil citado. Correspondência por nome; altura compatível; peso compatível.,Jakob Lovstad,2026-10-08,https://www.sherdog.com/fighter/Jakob-Lovstad-4922,
1834,JAMES GABERT,fcd8b623892b9a10,James Gabert,,,,,,178 lbs.,,,,,178.0,,,http://ufcstats.com/fighter-details/fcd8b623892b9a10,0.0,0%,0.0,0.0,0%,0.0,0%,0.0,0%,0.0,"fighter_tott, raw_fighter_details",178 lbs.,178.0,,,,,,,,,,,,,nao_preenchido_data_completa_nao_encontrada,Não foi localizada data de nascimento completa em perfil correspondente. Idade ou ano isolado não foram usados para estimar a data.,,2026-10-08,,
1852,JAMES WADE,6291decf7f3b6608,James Wade,,,,,"5' 10""",205 lbs.,,,1972-02-08,177.8,205.0,,,http://ufcstats.com/fighter-details/6291decf7f3b6608,0.0,0%,0.0,0.0,0%,0.0,0%,0.0,0%,0.0,"fighter_tott, raw_fighter_details",205 lbs.,205.0,,,,,,,,,,,Sherdog,https://www.sherdog.com/fighter/James-Wade-11133,preenchido_verificado,Data completa explicitamente publicada no perfil citado. Correspondência por nome; altura compatível; peso compatível.,James Wade,2026-10-08,https://www.sherdog.com/fighter/James-Wade-11133,
1859,JAMIE HOUSTON,4b1896310a907656,Jamie Houston,,,,,,185 lbs.,,,,,185.0,,,http://ufcstats.com/fighter-details/4b1896310a907656,0.0,0%,0.0,0.0,0%,0.0,0%,0.0,0%,0.0,"fighter_tott, raw_fighter_details",185 lbs.,185.0,,,,,,,,,,,,,nao_preenchido_data_completa_nao_encontrada,Não foi localizada data de nascimento completa em perfil correspondente. Idade ou ano isolado não foram usados para estimar a data.,,2026-10-08,,
1867,JAN FINNEY,3317823959d32a05,Jan Finney,,,,,"5' 8""",135 lbs.,,Orthodox,1980-04-18,172.72,135.0,,,http://ufcstats.com/fighter-details/3317823959d32a05,2.16,28%,28.0,8.75,42%,0.77,11%,11.0,25%,0.0,"fighter_tott, raw_fighter_details",135 lbs.,135.0,,,,,,,,,,,Sherdog,https://www.sherdog.com/fighter/Jan-Finney-11610,preenchido_verificado,Data completa explicitamente publicada no perfil citado. Correspondência por nome; altura compatível; peso compatível.,Jan Finney,2026-10-08,https://www.sherdog.com/fighter/Jan-Finney-11610,
1870,JANAY HARDING,b9c3ee342eb72100,Janay Harding,,,,,,135 lbs.,,,1994-09-28,,135.0,,,http://ufcstats.com/fighter-details/b9c3ee342eb72100,0.0,0%,0.0,0.0,0%,0.0,0%,0.0,0%,0.0,"fighter_tott, raw_fighter_details",135 lbs.,135.0,,,,,,,,,,,Sherdog,https://www.sherdog.com/fighter/Janay-Harding-164517,preenchido_verificado,Data completa explicitamente publicada no perfil citado. Correspondência por nome; peso compatível.,Janay Harding,2026-10-08,https://www.sherdog.com/fighter/Janay-Harding-164517,
1885,JARROD KWITTY,849d15ed7e3a0e97,Jarrod Kwitty,,,,,"5' 8""",185 lbs.,,,,172.72,185.0,,,http://ufcstats.com/fighter-details/849d15ed7e3a0e97,0.53,50%,50.0,4.4,32%,8.0,50%,50.0,0%,2.0,"fighter_tott, raw_fighter_details",185 lbs.,185.0,,,,,,,,,,,,,nao_preenchido_data_completa_nao_encontrada,Não foi localizada data de nascimento completa em perfil correspondente. Idade ou ano isolado não foram usados para estimar a data.,,2026-10-08,,
1888,JASON BLACKFORD,619d807fa54ae8f7,Jason Blackford,,,,,,169.2 lbs.,,,,,169.2,,,http://ufcstats.com/fighter-details/619d807fa54ae8f7,0.0,0%,0.0,0.0,0%,0.0,0%,0.0,0%,0.0,"fighter_tott, raw_fighter_details",,,Full Contact Fighter,https://fcfighter.com/strikeforce-challengers-weigh-in-results-3/,pesagem_evento,2011-01-06,preenchido_verificado,weight;weight_lbs,"Pesagem publicada para Strikeforce Challengers 13, realizado em 07/01/2011. Valor histórico.",2026-10-07,https://fcfighter.com/strikeforce-challengers-weigh-in-results-3/,,,,nao_preenchido_data_completa_nao_encontrada,Não foi localizada data de nascimento completa em perfil correspondente. Idade ou ano isolado não foram usados para estimar a data.,,2026-10-08,,
1894,JASON FAIRN,adea9f0090aa8e14,Jason Fairn,,4.0,5.0,0.0,"6' 1""",230 lbs.,,,1973-07-16,185.42,230.0,,,http://ufcstats.com/fighter-details/adea9f0090aa8e14,0.0,0%,0.0,0.0,0%,0.0,0%,0.0,0%,0.0,"fighter_tott, raw_fighter_details, ufc_dataset",230 lbs.,230.0,,,,,,,,,,,Sherdog,https://www.sherdog.com/fighter/Jason-Fairn-48,preenchido_verificado,Data completa explicitamente publicada no perfil citado. Correspondência por nome; altura compatível; peso compatível.,Jason Fairn,2026-10-08,https://www.sherdog.com/fighter/Jason-Fairn-48,1994-12-16
1896,JASON GILLIAM,91720876db0ee468,Jason Gilliam,,14.0,9.0,0.0,"6' 0""",170 lbs.,,Orthodox,1972-10-31,182.88,170.0,,,http://ufcstats.com/fighter-details/91720876db0ee468,0.79,33%,33.0,3.14,42%,0.0,0%,0.0,0%,0.0,"fighter_tott, raw_fighter_details, ufc_dataset",170 lbs.,170.0,,,,,,,,,,,Sherdog,https://www.sherdog.com/fighter/Jason-Gilliam-10754,preenchido_verificado,Data completa explicitamente publicada no perfil citado. Correspondência por nome; altura compatível; peso compatível.,Jason Gilliam,2026-10-08,https://www.sherdog.com/fighter/Jason-Gilliam-10754,2007-03-03
1897,JASON GLAZA,fda067e842b07466,Jason Glaza,,,,,"6' 0""",230 lbs.,,,,182.88,230.0,,,http://ufcstats.com/fighter-details/fda067e842b07466,4.34,54%,54.0,0.43,40%,4.34,100%,100.0,0%,4.3,"fighter_tott, raw_fighter_details",230 lbs.,230.0,,,,,,,,,,,,,nao_preenchido_data_completa_nao_encontrada,Não foi localizada data de nascimento completa em perfil correspondente. Idade ou ano isolado não foram usados para estimar a data.,,2026-10-08,,
1898,JASON GODSEY,5ca158b1cc9cb242,Jason Godsey,,16.0,16.0,0.0,"6' 2""",230 lbs.,,Orthodox,1964-01-01,187.96,230.0,,,http://ufcstats.com/fighter-details/5ca158b1cc9cb242,0.0,0%,0.0,0.0,0%,0.0,0%,0.0,0%,0.0,"fighter_tott, raw_fighter_details, ufc_dataset",230 lbs.,230.0,,,,,,,,,,,Sherdog,https://www.sherdog.com/fighter/Jason-Godsey-215,preenchido_verificado,Data completa explicitamente publicada no perfil citado. Correspondência por nome; altura compatível; peso compatível.,Jason Godsey,2026-10-08,https://www.sherdog.com/fighter/Jason-Godsey-215,1999-03-05
1907,JASON MCLEAN,8336d7a85ce45481,Jason McLean,,,,,"5' 5""",145 lbs.,,,1977-06-03,165.1,145.0,,,http://ufcstats.com/fighter-details/8336d7a85ce45481,0.0,0%,0.0,0.0,0%,0.0,0%,0.0,0%,0.0,"fighter_tott, raw_fighter_details",145 lbs.,145.0,,,,,,,,,,,Tapology,https://www.tapology.com/fightcenter/fighters/jason-mclean-the-next-level,preenchido_verificado,Data completa explicitamente publicada no perfil citado. Correspondência por nome.,Jason McLean,2026-10-08,https://www.tapology.com/fightcenter/fighters/jason-mclean-the-next-level,
1908,JASON MEDINA,f53fb9d9e57cc38e,Jason Medina,,,,,"5' 9""",180 lbs.,,,1968-05-18,175.26,180.0,,,http://ufcstats.com/fighter-details/f53fb9d9e57cc38e,0.0,0%,0.0,0.0,0%,0.0,0%,0.0,0%,0.0,"fighter_tott, raw_fighter_details",180 lbs.,180.0,,,,,,,,,,,Sherdog,https://www.sherdog.com/fighter/Jason-Medina-1005,preenchido_verificado,Data completa explicitamente publicada no perfil citado. Correspondência por nome; altura compatível; peso compatível.,Jason Medina,2026-10-08,https://www.sherdog.com/fighter/Jason-Medina-1005,
1914,JASON SHARP,285e32e41f61a5b1,Jason Sharp,,,,,,205 lbs.,,,,,205.0,,,http://ufcstats.com/fighter-details/285e32e41f61a5b1,0.0,0%,0.0,0.0,0%,0.0,0%,0.0,0%,0.0,"fighter_tott, raw_fighter_details",205 lbs.,205.0,,,,,,,,,,,,,nao_preenchido_data_completa_nao_encontrada,Não foi localizada data de nascimento completa em perfil correspondente. Idade ou ano isolado não foram usados para estimar a data.,,2026-10-08,,
1921,JAVI ALANIS,2144954270be834d,Javi Alanis,,,,,"5' 6""",135 lbs.,,,,167.64,135.0,,,http://ufcstats.com/fighter-details/2144954270be834d,0.0,0%,0.0,0.0,0%,0.0,0%,0.0,0%,0.0,"fighter_tott, raw_fighter_details",135 lbs.,135.0,,,,,,,,,,,,,nao_preenchido_data_completa_nao_encontrada,Não foi localizada data de nascimento completa em perfil correspondente. Idade ou ano isolado não foram usados para estimar a data.,,2026-10-08,,
1926,JAY BOGAN,53c21779d84ceb75,Jay Bogan,,,,,,145 lbs.,,,1983-09-13,,145.0,,,http://ufcstats.com/fighter-details/53c21779d84ceb75,0.0,0%,0.0,0.0,0%,0.0,0%,0.0,0%,0.0,"fighter_tott, raw_fighter_details",145 lbs.,145.0,,,,,,,,,,,Sherdog,https://www.sherdog.com/fighter/Jay-Bogan-78399,preenchido_verificado,Data completa explicitamente publicada no perfil citado. Correspondência por nome; peso compatível.,Jay Bogan,2026-10-08,https://www.sherdog.com/fighter/Jay-Bogan-78399,
1930,JAY SILVA,53bb0d40905b87c0,Jay Silva,,10.0,11.0,1.0,"6' 2""",185 lbs.,,Southpaw,1981-05-25,187.96,185.0,,,http://ufcstats.com/fighter-details/53bb0d40905b87c0,1.13,34%,34.0,3.07,40%,0.0,0%,0.0,38%,1.0,"fighter_tott, raw_fighter_details, ufc_dataset",185 lbs.,185.0,,,,,,,,,,,Sherdog,https://www.sherdog.com/fighter/Jay-Silva-34408,preenchido_verificado,Data completa explicitamente publicada no perfil citado. Correspondência por nome; altura compatível.,Jay Silva,2026-10-08,https://www.sherdog.com/fighter/Jay-Silva-34408,2009-09-16
1938,JEFF CROTTY,98601a40e9d96047,Jeff Crotty,,,,,,155 lbs.,,,1984-10-02,,155.0,,,http://ufcstats.com/fighter-details/98601a40e9d96047,0.93,35%,35.0,3.33,54%,5.0,38%,38.0,0%,1.0,"fighter_tott, raw_fighter_details",155 lbs.,155.0,,,,,,,,,,,Sherdog,https://www.sherdog.com/fighter/Jeff-Crotty-211007,preenchido_verificado,Data completa explicitamente publicada no perfil citado. Correspondência por nome; peso compatível.,Jeff Crotty,2026-10-08,https://www.sherdog.com/fighter/Jeff-Crotty-211007,
1946,JEFF TERRY,60f86c449cd31e23,Jeff Terry,,,,,"6' 2""",205 lbs.,,,,187.96,205.0,,,http://ufcstats.com/fighter-details/60f86c449cd31e23,1.09,50%,50.0,9.27,19%,0.0,0%,0.0,100%,0.0,"fighter_tott, raw_fighter_details",205 lbs.,205.0,,,,,,,,,,,,,nao_preenchido_data_completa_nao_encontrada,Não foi localizada data de nascimento completa em perfil correspondente. Idade ou ano isolado não foram usados para estimar a data.,,2026-10-08,,
1960,JEREMIAH LABIANO,4fe1d105af549845,Jeremiah Labiano,,,,,"5' 10""",135 lbs.,,,1986-11-18,177.8,135.0,,,http://ufcstats.com/fighter-details/4fe1d105af549845,0.0,0%,0.0,0.0,0%,0.0,0%,0.0,0%,0.0,"fighter_tott, raw_fighter_details",135 lbs.,135.0,,,,,,,,,,,Sherdog,https://www.sherdog.com/fighter/Jeremiah-Labiano-88465,preenchido_verificado,Data completa explicitamente publicada no perfil citado. Correspondência por nome; altura compatível; peso compatível.,Jeremiah Labiano,2026-10-08,https://www.sherdog.com/fighter/Jeremiah-Labiano-88465,
1961,JEREMIAH METCALF,5bdcbd8dd681a257,Jeremiah Metcalf,,,,,"6' 1""",185 lbs.,,Orthodox,1981-07-09,185.42,185.0,,,http://ufcstats.com/fighter-details/5bdcbd8dd681a257,1.74,59%,59.0,0.27,60%,4.02,66%,66.0,100%,2.0,"fighter_tott, raw_fighter_details",185 lbs.,185.0,,,,,,,,,,,Sherdog,https://www.sherdog.com/fighter/Jeremiah-Metcalf-16262,preenchido_verificado,Data completa explicitamente publicada no perfil citado. Correspondência por nome; altura compatível; peso compatível.,Jeremiah Metcalf,2026-10-08,https://www.sherdog.com/fighter/Jeremiah-Metcalf-16262 | https://www.tapology.com/fightcenter/fighters/jeremiah-metcalf,
1966,JEREMY BOCZULAK,1afd74f8cb0719f3,Jeremy Boczulak,,,,,,210 lbs.,,,,,210.0,,,http://ufcstats.com/fighter-details/1afd74f8cb0719f3,0.0,0%,0.0,0.0,0%,0.0,0%,0.0,0%,0.0,"fighter_tott, raw_fighter_details",,,Sherdog,https://www.sherdog.com/fighter/Jeremy-Boczulak-74934,perfil,,preenchido_verificado,weight;weight_lbs,"Peso explicitamente informado no perfil; não representa necessariamente o peso atual nem uma pesagem de evento. Outras fontes/eventos apresentam pesos diferentes; foi mantido o valor do perfil citado, sem média ou inferência por categoria.",2026-10-07,https://www.sherdog.com/fighter/Jeremy-Boczulak-74934,,,,nao_preenchido_data_completa_nao_encontrada,Não foi localizada data de nascimento completa em perfil correspondente. Idade ou ano isolado não foram usados para estimar a data.,,2026-10-08,,
1967,JEREMY FREITAG,5b91296f8fff9657,Jeremy  Freitag,,,,,"6' 1""",205 lbs.,,,,,205.0,,,,0.0,0%,0.0,8.37,19%,0.0,0%,0.0,33%,1.9,raw_fighter_details,205 lbs.,205.0,,,,,,,,,,,,,nao_preenchido_data_completa_nao_encontrada,Não foi localizada data de nascimento completa em perfil correspondente. Idade ou ano isolado não foram usados para estimar a data.,,2026-10-08,,
1975,JEREMY MALATERRE,110404b505fb562c,Jeremy Malaterre,,,,,"5' 11""",155 lbs.,,,,180.34,155.0,,,http://ufcstats.com/fighter-details/110404b505fb562c,0.0,0%,0.0,0.0,0%,0.0,0%,0.0,0%,0.0,"fighter_tott, raw_fighter_details",155 lbs.,155.0,,,,,,,,,,,,,nao_preenchido_data_completa_nao_encontrada,Não foi localizada data de nascimento completa em perfil correspondente. Idade ou ano isolado não foram usados para estimar a data.,,2026-10-08,,
1978,JEREMY TAVARES,681d07e328798ec0,Jeremy Tavares,,,,,,135 lbs.,,,,,135.0,,,http://ufcstats.com/fighter-details/681d07e328798ec0,0.0,0%,0.0,0.0,0%,0.0,0%,0.0,0%,0.0,"fighter_tott, raw_fighter_details",135 lbs.,135.0,,,,,,,,,,,,,nao_preenchido_data_completa_nao_encontrada,Não foi localizada data de nascimento completa em perfil correspondente. Idade ou ano isolado não foram usados para estimar a data.,,2026-10-08,,
1979,JEREMY UMPHRIES,4793a2d90f5ab8ae,Jeremy Umphries,,,,,,160 lbs.,,,,,160.0,,,http://ufcstats.com/fighter-details/4793a2d90f5ab8ae,0.0,0%,0.0,0.0,0%,0.0,0%,0.0,0%,0.0,"fighter_tott, raw_fighter_details",160 lbs.,160.0,,,,,,,,,,,,,nao_preenchido_data_completa_nao_encontrada,Não foi localizada data de nascimento completa em perfil correspondente. Idade ou ano isolado não foram usados para estimar a data.,,2026-10-08,,
1980,JEREMY WALLACE,b87c3f460709f74c,Jeremy Wallace,,,,,"5' 9""",,,,,175.26,,,,http://ufcstats.com/fighter-details/b87c3f460709f74c,0.0,0%,0.0,0.0,0%,0.0,0%,0.0,0%,0.0,"fighter_tott, raw_fighter_details",,,,,,,nao_preenchido_identidade_ambigua,,Perfil de homônimo com altura/histórico incompatíveis; relato de pesagem pertinente informa TBA.,2026-10-07,https://fcfighter.com/strikeforce-challengers-weigh-in-results-3/,,,,nao_preenchido_data_completa_nao_encontrada,Não foi localizada data de nascimento completa em perfil correspondente. Idade ou ano isolado não foram usados para estimar a data.,,2026-10-08,,
1981,JEREMYFREITAG,a47e9ec288c91067,JeremyFreitag,,,,,"6' 1""",205 lbs.,,,,185.42,205.0,,,http://ufcstats.com/fighter-details/a47e9ec288c91067,,,,,,,,,,,fighter_tott,205 lbs.,205.0,,,,,,,,,,,,,nao_preenchido_data_completa_nao_encontrada,Não foi localizada data de nascimento completa em perfil correspondente. Idade ou ano isolado não foram usados para estimar a data.,,2026-10-08,,
1982,JERI SITZES,44a1dd0ef4373edc,Jeri Sitzes,,,,,"5' 5""",125 lbs.,,,1979-03-21,165.1,125.0,,,http://ufcstats.com/fighter-details/44a1dd0ef4373edc,0.0,0%,0.0,0.0,0%,0.0,0%,0.0,0%,0.0,"fighter_tott, raw_fighter_details",125 lbs.,125.0,,,,,,,,,,,Tapology,https://www.tapology.com/fightcenter/fighters/jeri-sitzes-fists-of-fury,preenchido_verificado,Data completa explicitamente publicada no perfil citado. Correspondência por nome.,Jeri Sitzes,2026-10-08,https://www.tapology.com/fightcenter/fighters/jeri-sitzes-fists-of-fury,
1983,JERMAINE ANDRE,9bad58fa651d6196,Jermaine Andre,,14.0,4.0,0.0,"5' 7""",200 lbs.,,Orthodox,1973-07-16,170.18,200.0,,,http://ufcstats.com/fighter-details/9bad58fa651d6196,0.0,0%,0.0,0.0,0%,0.0,0%,0.0,0%,0.0,"fighter_tott, raw_fighter_details, ufc_dataset",200 lbs.,200.0,,,,,,,,,,,Sherdog,https://www.sherdog.com/fighter/Jermaine-Andre-247,preenchido_verificado,Data completa explicitamente publicada no perfil citado. Correspondência por nome; altura compatível; peso compatível.,Jermaine Andre,2026-10-08,https://www.sherdog.com/fighter/Jermaine-Andre-247,2000-03-10
1990,JESS BOUSCAL,38b1417ec17072da,Jess Bouscal,,,,,,155 lbs.,,,,,155.0,,,http://ufcstats.com/fighter-details/38b1417ec17072da,0.0,0%,0.0,0.0,0%,0.0,0%,0.0,0%,0.0,"fighter_tott, raw_fighter_details",155 lbs.,155.0,,,,,,,,,,,,,nao_preenchido_data_completa_nao_encontrada,Não foi localizada data de nascimento completa em perfil correspondente. Idade ou ano isolado não foram usados para estimar a data.,,2026-10-08,,
1991,JESS LIAUDIN,a8aba6fd8a463043,Jess Liaudin,The Joker,20.0,11.0,0.0,"5' 9""",170 lbs.,"72""",Orthodox,1973-12-21,175.26,170.0,72.0,182.88,http://ufcstats.com/fighter-details/a8aba6fd8a463043,2.46,51%,51.0,2.76,41%,3.28,53%,53.0,30%,1.6,"fighter_tott, raw_fighter_details, ufc_dataset",170 lbs.,170.0,,,,,,,,,,,Sherdog,https://www.sherdog.com/fighter/Jess-Liaudin-3368,preenchido_verificado,Data completa explicitamente publicada no perfil citado. Correspondência por nome; altura compatível; peso compatível.,Jess Liaudin,2026-10-08,https://www.sherdog.com/fighter/Jess-Liaudin-3368,2007-04-21
1998,JESSE GILLESPIE,160b931119c1bf91,Jesse Gillespie,,,,,,185 lbs.,,,,,185.0,,,http://ufcstats.com/fighter-details/160b931119c1bf91,0.0,0%,0.0,0.0,0%,0.0,0%,0.0,0%,0.0,"fighter_tott, raw_fighter_details",185 lbs.,185.0,,,,,,,,,,,,,nao_preenchido_data_completa_nao_encontrada,Não foi localizada data de nascimento completa em perfil correspondente. Idade ou ano isolado não foram usados para estimar a data.,,2026-10-08,,
1999,JESSE JONES,bc0f994de0521926,Jesse Jones,,,,,"5' 9""",170 lbs.,,,,175.26,170.0,,,http://ufcstats.com/fighter-details/bc0f994de0521926,0.0,0%,0.0,0.0,0%,0.0,0%,0.0,0%,0.0,"fighter_tott, raw_fighter_details",170 lbs.,170.0,,,,,,,,,,,,,nao_preenchido_identidade_nao_confirmada,"Perfil com data encontrado, mas altura/peso divergem do registro original; correspondência não confirmada.",,2026-10-08,https://www.sherdog.com/fighter/Jesse-Jones-196133,
2005,JESSE SANDERS,59aaf2730b84698a,Jesse Sanders,,23.0,7.0,0.0,"6' 0""",170 lbs.,,Orthodox,1992-02-13,182.88,170.0,,,http://ufcstats.com/fighter-details/59aaf2730b84698a,0.0,0%,0.0,6.45,35%,0.0,0%,0.0,50%,0.0,"fighter_tott, raw_fighter_details, ufc_dataset",170 lbs.,170.0,,,,,,,,,,,Sherdog,https://www.sherdog.com/fighter/jesse-sanders-257169,preenchido_verificado,Data completa explicitamente publicada no perfil citado. Correspondência por nome; peso compatível.,Jesse Sanders,2026-10-08,https://www.sherdog.com/fighter/jesse-sanders-257169,2009-04-01
2024,JIM MULLEN,1a49e0670dfaca31,Jim Mullen,,0.0,2.0,0.0,"6' 1""",215 lbs.,,Southpaw,,185.42,215.0,,,http://ufcstats.com/fighter-details/1a49e0670dfaca31,0.0,0%,0.0,0.0,0%,0.0,0%,0.0,0%,0.0,"fighter_tott, raw_fighter_details, ufc_dataset",215 lbs.,215.0,,,,,,,,,,,,,nao_preenchido_data_completa_nao_encontrada,Não foi localizada data de nascimento completa em perfil correspondente. Idade ou ano isolado não foram usados para estimar a data.,,2026-10-08,,1997-02-07
2037,JIN BALA,371efa53bd0cf669,Jin Bala,,,,,"5' 9""",155 lbs.,,,,175.26,155.0,,,http://ufcstats.com/fighter-details/371efa53bd0cf669,,,,,,,,,,,fighter_tott,155 lbs.,155.0,,,,,,,,,,,,,nao_preenchido_data_completa_nao_encontrada,Não foi localizada data de nascimento completa em perfil correspondente. Idade ou ano isolado não foram usados para estimar a data.,,2026-10-08,,
2038,JIN OH KIM,8d04923f2db59b7f,Jin Oh Kim,,,,,"5' 9""",205 lbs.,,Orthodox,1979-12-12,175.26,205.0,,,http://ufcstats.com/fighter-details/8d04923f2db59b7f,5.06,25%,25.0,8.43,50%,0.0,0%,0.0,66%,0.0,"fighter_tott, raw_fighter_details",205 lbs.,205.0,,,,,,,,,,,Sherdog,https://www.sherdog.com/fighter/Jin-Oh-Kim-10504,preenchido_verificado,Data completa explicitamente publicada no perfil citado. Correspondência por nome; altura compatível; peso compatível.,Jin Oh Kim,2026-10-08,https://www.sherdog.com/fighter/Jin-Oh-Kim-10504,
2046,JJ AMBROSE,d562b12b8fe88336,JJ Ambrose,,,,,"5' 10""",170 lbs.,,Orthodox,1987-02-06,177.8,170.0,,,http://ufcstats.com/fighter-details/d562b12b8fe88336,3.16,69%,69.0,6.32,33%,0.0,0%,0.0,50%,0.0,"fighter_tott, raw_fighter_details",170 lbs.,170.0,,,,,,,,,,,Sherdog,https://www.sherdog.com/fighter/JJ-Ambrose-14757,preenchido_verificado,Data completa explicitamente publicada no perfil citado. Correspondência por nome; altura compatível; peso compatível.,J.J. Ambrose,2026-10-08,https://www.sherdog.com/fighter/JJ-Ambrose-14757 | https://www.tapology.com/fightcenter/fighters/jj-ambrose-jj,
2055,JOAO PAULO FARIA,04e9955f33e0c267,Joao Paulo Faria,,,,,"5' 9""",155 lbs.,,,1980-07-23,175.26,155.0,,,http://ufcstats.com/fighter-details/04e9955f33e0c267,6.69,64%,64.0,2.09,85%,1.25,50%,50.0,0%,1.2,"fighter_tott, raw_fighter_details",155 lbs.,155.0,,,,,,,,,,,Sherdog,https://www.sherdog.com/fighter/Joao-Paulo-Faria-29372,preenchido_verificado,Data completa explicitamente publicada no perfil citado. Correspondência por nome; altura compatível; peso compatível.,Joao Paulo Faria,2026-10-08,https://www.sherdog.com/fighter/Joao-Paulo-Faria-29372,
2069,JOE CHARLES,19ffeb5e3fffd6d5,Joe Charles,The Ghetto Man,6.0,13.0,0.0,"6' 1""",260 lbs.,,Southpaw,1958-07-16,185.42,260.0,,,http://ufcstats.com/fighter-details/19ffeb5e3fffd6d5,0.0,0%,0.0,0.0,0%,0.0,0%,0.0,0%,0.0,"fighter_tott, raw_fighter_details, ufc_dataset",260 lbs.,260.0,,,,,,,,,,,Sherdog,https://www.sherdog.com/fighter/Joe-Charles-46,preenchido_verificado,Data completa explicitamente publicada no perfil citado. Correspondência por nome; altura compatível; peso compatível.,Joe Charles,2026-10-08,https://www.sherdog.com/fighter/Joe-Charles-46,1995-04-07
2075,JOE HERNANDEZ,4a76daef28549957,Joe Hernandez,,,,,,,,,,,,,,http://ufcstats.com/fighter-details/4a76daef28549957,0.0,0%,0.0,0.0,0%,0.0,0%,0.0,0%,0.0,"fighter_tott, raw_fighter_details",,,,,,,nao_preenchido_identidade_ambigua,,Encontrados homônimos em categorias diferentes; correspondência ao fighter_id não confirmada.,2026-10-07,,,,,nao_preenchido_data_completa_nao_encontrada,Não foi localizada data de nascimento completa em perfil correspondente. Idade ou ano isolado não foram usados para estimar a data.,,2026-10-08,,
2080,JOE MARTIN,325550dab63fb25a,Joe Martin,,,,,"5' 9""",170 lbs.,,,,175.26,170.0,,,http://ufcstats.com/fighter-details/325550dab63fb25a,0.73,40%,40.0,2.4,45%,0.0,0%,0.0,16%,0.0,"fighter_tott, raw_fighter_details",170 lbs.,170.0,,,,,,,,,,,,,nao_preenchido_data_completa_nao_encontrada,Não foi localizada data de nascimento completa em perfil correspondente. Idade ou ano isolado não foram usados para estimar a data.,,2026-10-08,,
2082,JOE MOREIRA,df85d6ec3493d120,Joe Moreira,,2.0,2.0,0.0,"5' 11""",195 lbs.,,Southpaw,1961-07-03,180.34,195.0,,,http://ufcstats.com/fighter-details/df85d6ec3493d120,0.0,0%,0.0,0.0,0%,0.0,0%,0.0,0%,0.0,"fighter_tott, raw_fighter_details, ufc_dataset",195 lbs.,195.0,,,,,,,,,,,Sherdog,https://www.sherdog.com/fighter/Joe-Moreira-126,preenchido_verificado,Data completa explicitamente publicada no perfil citado. Correspondência por nome; altura compatível; peso compatível.,Joe Moreira,2026-10-08,https://www.sherdog.com/fighter/Joe-Moreira-126,1996-02-16
2084,JOE PARDO,74fefd43f073cd2f,Joe Pardo,,4.0,6.0,0.0,"6' 1""",210 lbs.,,Southpaw,,185.42,210.0,,,http://ufcstats.com/fighter-details/74fefd43f073cd2f,0.0,0%,0.0,0.0,0%,0.0,0%,0.0,0%,0.0,"fighter_tott, raw_fighter_details, ufc_dataset",210 lbs.,210.0,,,,,,,,,,,,,nao_preenchido_data_completa_nao_encontrada,Não foi localizada data de nascimento completa em perfil correspondente. Idade ou ano isolado não foram usados para estimar a data.,,2026-10-08,,1998-05-15
2090,JOE SCHILLING,f41fad444939056b,Joe Schilling,,,,,"6' 3""",185 lbs.,,,1984-01-13,190.5,185.0,,,http://ufcstats.com/fighter-details/f41fad444939056b,2.84,52%,52.0,2.64,48%,0.0,0%,0.0,44%,0.0,"fighter_tott, raw_fighter_details",185 lbs.,185.0,,,,,,,,,,,Sherdog,https://www.sherdog.com/fighter/Joe-Schilling-28129,preenchido_verificado,Data completa explicitamente publicada no perfil citado. Correspondência por nome; altura compatível; peso compatível.,Joe Schilling,2026-10-08,https://www.sherdog.com/fighter/Joe-Schilling-28129,
2097,JOE VEDEPO,d35c3ed553b71fa2,Joe Vedepo,The Doctor,18.0,9.0,0.0,"6' 0""",185 lbs.,,Orthodox,1983-01-01,182.88,185.0,,,http://ufcstats.com/fighter-details/d35c3ed553b71fa2,1.43,42%,42.0,5.71,38%,1.07,20%,20.0,0%,0.0,"fighter_tott, raw_fighter_details, ufc_dataset",185 lbs.,185.0,,,,,,,,,,,Sherdog,https://www.sherdog.com/fighter/Joe-Vedepo-15833,preenchido_verificado,Data completa explicitamente publicada no perfil citado. Correspondência por nome; altura compatível; peso compatível.,Joe Vedepo,2026-10-08,https://www.sherdog.com/fighter/Joe-Vedepo-15833,2008-09-17
2102,JOEL SUTTON,a6a9ab5a824e8f66,Joel Sutton,,2.0,4.0,1.0,"5' 11""",205 lbs.,,Orthodox,1969-07-07,180.34,205.0,,,http://ufcstats.com/fighter-details/a6a9ab5a824e8f66,0.0,0%,0.0,0.0,0%,0.0,0%,0.0,0%,0.0,"fighter_tott, raw_fighter_details, ufc_dataset",205 lbs.,205.0,,,,,,,,,,,Sherdog,https://www.sherdog.com/fighter/Joel-Sutton-107,preenchido_verificado,Data completa explicitamente publicada no perfil citado. Correspondência por nome; altura compatível; peso compatível.,Joel Sutton,2026-10-08,https://www.sherdog.com/fighter/Joel-Sutton-107 | https://www.tapology.com/fightcenter/fighters/joel-sutton,
2103,JOEL THOMAS,2b33e57c4d0a4502,Joel Thomas,,,,,"5' 10""",170 lbs.,,,,177.8,170.0,,,http://ufcstats.com/fighter-details/2b33e57c4d0a4502,0.0,0%,0.0,0.0,0%,0.0,0%,0.0,0%,0.0,"fighter_tott, raw_fighter_details",170 lbs.,170.0,,,,,,,,,,,,,nao_preenchido_data_completa_nao_encontrada,Não foi localizada data de nascimento completa em perfil correspondente. Idade ou ano isolado não foram usados para estimar a data.,,2026-10-08,,
2104,JOEY ARMSTRONG,30ad2050273d016a,Joey Armstrong,,,,,,,,,,,,,,http://ufcstats.com/fighter-details/30ad2050273d016a,0.0,0%,0.0,0.0,0%,0.0,0%,0.0,0%,0.0,"fighter_tott, raw_fighter_details",,,,,,,nao_preenchido_sem_peso_verificavel,,Perfil encontrado sem peso válido (0).,2026-10-07,https://www.sherdog.com/fighter/Joey-Armstrong-17682,,,,nao_preenchido_data_completa_nao_encontrada,Não foi localizada data de nascimento completa em perfil correspondente. Idade ou ano isolado não foram usados para estimar a data.,,2026-10-08,,
2110,JOEY ROBERTS,c058823a2595ab09,Joey Roberts,,4.0,3.0,0.0,"6' 2""",200 lbs.,,,1977-11-11,187.96,200.0,,,http://ufcstats.com/fighter-details/c058823a2595ab09,0.0,0%,0.0,0.0,0%,0.0,0%,0.0,0%,0.0,"fighter_tott, raw_fighter_details, ufc_dataset",200 lbs.,200.0,,,,,,,,,,,Sherdog,https://www.sherdog.com/fighter/Joey-Roberts-1629,preenchido_verificado,Perfil identificado pela altura/peso e histórico do UFC. Homônimo com nascimento posterior ou incompatível com a primeira luta na base foi descartado.,Joey Roberts,2026-10-08,https://www.sherdog.com/fighter/Joey-Roberts-1629 | https://www.sherdog.com/fighter/Joey-Roberts-377501,1999-03-05
2112,JOHIL DE OLIVEIRA,f9aa6376ae16bfb4,Johil de Oliveira,,,,,"5' 6""",170 lbs.,,Orthodox,1969-08-07,167.64,170.0,,,http://ufcstats.com/fighter-details/f9aa6376ae16bfb4,0.51,34%,34.0,0.73,58%,1.1,50%,50.0,44%,0.6,"fighter_tott, raw_fighter_details",170 lbs.,170.0,,,,,,,,,,,Sherdog,https://www.sherdog.com/fighter/Johil-de-Oliveira-6,preenchido_verificado,Data completa explicitamente publicada no perfil citado. Correspondência por nome; altura compatível; peso compatível.,Johil de Oliveira,2026-10-08,https://www.sherdog.com/fighter/Johil-de-Oliveira-6,
2117,JOHN CAMPETELLA,31bbd46d57dfbcb7,John Campetella,,0.0,1.0,0.0,"5' 9""",235 lbs.,,Orthodox,,175.26,235.0,,,http://ufcstats.com/fighter-details/31bbd46d57dfbcb7,0.0,0%,0.0,0.0,0%,0.0,0%,0.0,0%,0.0,"fighter_tott, raw_fighter_details, ufc_dataset",235 lbs.,235.0,,,,,,,,,,,,,nao_preenchido_data_completa_nao_encontrada,Não foi localizada data de nascimento completa em perfil correspondente. Idade ou ano isolado não foram usados para estimar a data.,,2026-10-08,,1996-07-12
2123,JOHN DEVINE,2bcc39af95d6f2e8,John Devine,,,,,,247 lbs.,,,,,247.0,,,http://ufcstats.com/fighter-details/2bcc39af95d6f2e8,1.52,18%,18.0,2.28,57%,0.0,0%,0.0,0%,0.0,"fighter_tott, raw_fighter_details",,,Sherdog,https://www.sherdog.com/fighter/John-Devine-23429,perfil,,preenchido_verificado,weight;weight_lbs,Peso explicitamente informado no perfil; não representa necessariamente o peso atual nem uma pesagem de evento.,2026-10-07,https://www.sherdog.com/fighter/John-Devine-23429,,,,nao_preenchido_data_completa_nao_encontrada,Não foi localizada data de nascimento completa em perfil correspondente. Idade ou ano isolado não foram usados para estimar a data.,,2026-10-08,,
2124,JOHN DIXSON,ad4e9055bf8cd04d,John Dixson,,,,,"6' 0""",275 lbs.,,Orthodox,1965-10-16,182.88,275.0,,,http://ufcstats.com/fighter-details/ad4e9055bf8cd04d,0.0,0%,0.0,0.0,0%,0.0,0%,0.0,0%,0.0,"fighter_tott, raw_fighter_details",275 lbs.,275.0,,,,,,,,,,,Sherdog,https://www.sherdog.com/fighter/John-Dixson-289,preenchido_verificado,Data completa explicitamente publicada no perfil citado. Correspondência por nome; altura compatível; peso compatível.,John Dixson,2026-10-08,https://www.sherdog.com/fighter/John-Dixson-289,
2127,JOHN DOWDY,e780ccc79a209985,John Dowdy,,0.0,1.0,0.0,,207 lbs.,,,,,207.0,,,http://ufcstats.com/fighter-details/e780ccc79a209985,0.0,0%,0.0,0.0,0%,0.0,0%,0.0,0%,0.0,"fighter_tott, raw_fighter_details, ufc_dataset",,,Sherdog,https://www.sherdog.com/fighter/John-Dowdy-58,perfil,,preenchido_verificado,weight;weight_lbs,Peso explicitamente informado no perfil; não representa necessariamente o peso atual nem uma pesagem de evento.,2026-10-07,https://www.sherdog.com/fighter/John-Dowdy-58,,,,nao_preenchido_data_completa_nao_encontrada,Não foi localizada data de nascimento completa em perfil correspondente. Idade ou ano isolado não foram usados para estimar a data.,,2026-10-08,,1995-04-07
2129,JOHN ELAM,22d80fb67e50ab0b,John Elam,,,,,,183 lbs.,,,,,183.0,,,http://ufcstats.com/fighter-details/22d80fb67e50ab0b,0.0,0%,0.0,0.0,0%,0.0,0%,0.0,0%,0.0,"fighter_tott, raw_fighter_details",,,Sherdog,https://www.sherdog.com/fighter/John-Elam-68168,perfil,,preenchido_verificado,weight;weight_lbs,Peso explicitamente informado no perfil; não representa necessariamente o peso atual nem uma pesagem de evento.,2026-10-07,https://www.sherdog.com/fighter/John-Elam-68168,,,,nao_preenchido_data_completa_nao_encontrada,Não foi localizada data de nascimento completa em perfil correspondente. Idade ou ano isolado não foram usados para estimar a data.,,2026-10-08,,
2140,JOHN LEWIS,4a01dc8376736ef5,John Lewis,,3.0,4.0,3.0,"6' 0""",155 lbs.,,Southpaw,1969-07-16,182.88,155.0,,,http://ufcstats.com/fighter-details/4a01dc8376736ef5,0.0,0%,0.0,4.0,66%,0.0,0%,0.0,0%,0.0,"fighter_tott, raw_fighter_details, ufc_dataset",155 lbs.,155.0,,,,,,,,,,,Sherdog,https://www.sherdog.com/fighter/John-Lewis-230,preenchido_verificado,Data completa explicitamente publicada no perfil citado. Correspondência por nome; altura compatível; peso compatível.,John Lewis,2026-10-08,https://www.sherdog.com/fighter/John-Lewis-230 | https://www.sherdog.com/fighter/John-Lewis-331321 | https://www.sherdog.com/fighter/John-Lewis-148485,1999-09-24
2146,JOHN MATUA,c933d423ebdbbbdb,John Matua,,1.0,4.0,0.0,"6' 2""",400 lbs.,,Orthodox,,187.96,400.0,,,http://ufcstats.com/fighter-details/c933d423ebdbbbdb,0.0,0%,0.0,0.0,0%,0.0,0%,0.0,0%,0.0,"fighter_tott, raw_fighter_details, ufc_dataset",400 lbs.,400.0,,,,,,,,,,,,,nao_preenchido_data_completa_nao_encontrada,Não foi localizada data de nascimento completa em perfil correspondente. Idade ou ano isolado não foram usados para estimar a data.,,2026-10-08,,1995-07-14
2148,JOHN PAUL ELIAS,e873203fd50542f6,John Paul Elias,,,,,"6' 4""",205 lbs.,,,,193.04,205.0,,,http://ufcstats.com/fighter-details/e873203fd50542f6,0.0,0%,0.0,0.0,0%,0.0,0%,0.0,0%,0.0,"fighter_tott, raw_fighter_details",205 lbs.,205.0,,,,,,,,,,,,,nao_preenchido_data_completa_nao_encontrada,Não foi localizada data de nascimento completa em perfil correspondente. Idade ou ano isolado não foram usados para estimar a data.,,2026-10-08,,
2151,JOHN REEDY,fb4ca5c7e4448645,John Reedy,,,,,"5' 8""",155 lbs.,,,,172.72,155.0,,,http://ufcstats.com/fighter-details/fb4ca5c7e4448645,0.0,0%,0.0,0.0,0%,0.0,0%,0.0,0%,0.0,"fighter_tott, raw_fighter_details",155 lbs.,155.0,,,,,,,,,,,,,nao_preenchido_data_completa_nao_encontrada,Não foi localizada data de nascimento completa em perfil correspondente. Idade ou ano isolado não foram usados para estimar a data.,,2026-10-08,,
2152,JOHN RENKEN,1507214bbc7a79e2,John Renken,,,,,"6' 0""",190 lbs.,,Orthodox,1972-12-31,182.88,190.0,,,http://ufcstats.com/fighter-details/1507214bbc7a79e2,0.0,0%,0.0,0.0,0%,0.0,0%,0.0,0%,0.0,"fighter_tott, raw_fighter_details",190 lbs.,190.0,,,,,,,,,,,Sherdog,https://www.sherdog.com/fighter/John-Renken-321,preenchido_verificado,Data completa explicitamente publicada no perfil citado. Correspondência por nome; altura compatível; peso compatível.,John Renken,2026-10-08,https://www.sherdog.com/fighter/John-Renken-321,
2154,JOHN SALGADO,3e36811b7bc1f6ad,John Salgado,,,,,"5' 10""",170 lbs.,,,,177.8,170.0,,,http://ufcstats.com/fighter-details/3e36811b7bc1f6ad,0.99,50%,50.0,1.86,40%,0.0,0%,0.0,50%,0.0,"fighter_tott, raw_fighter_details",170 lbs.,170.0,,,,,,,,,,,,,nao_preenchido_data_completa_nao_encontrada,Não foi localizada data de nascimento completa em perfil correspondente. Idade ou ano isolado não foram usados para estimar a data.,,2026-10-08,,
2158,JOHN YOO,40eb2aef4d5577d4,John Yoo,,,,,,135 lbs.,,,,,135.0,,,http://ufcstats.com/fighter-details/40eb2aef4d5577d4,0.0,0%,0.0,0.0,0%,0.0,0%,0.0,0%,0.0,"fighter_tott, raw_fighter_details",135 lbs.,135.0,,,,,,,,,,,,,nao_preenchido_data_completa_nao_encontrada,Não foi localizada data de nascimento completa em perfil correspondente. Idade ou ano isolado não foram usados para estimar a data.,,2026-10-08,,
2165,JOHNNY RHODES,319fa1bd3176bded,Johnny Rhodes,,2.0,1.0,0.0,"6' 0""",210 lbs.,,Orthodox,,182.88,210.0,,,http://ufcstats.com/fighter-details/319fa1bd3176bded,0.0,0%,0.0,0.0,0%,0.0,0%,0.0,0%,0.0,"fighter_tott, raw_fighter_details, ufc_dataset",210 lbs.,210.0,,,,,,,,,,,,,nao_preenchido_data_completa_nao_encontrada,Não foi localizada data de nascimento completa em perfil correspondente. Idade ou ano isolado não foram usados para estimar a data.,,2026-10-08,,1994-03-11
2172,JON HESS,32a3025d5db456ae,Jon Hess,,1.0,1.0,0.0,"6' 7""",295 lbs.,,,,200.66,295.0,,,http://ufcstats.com/fighter-details/32a3025d5db456ae,0.0,0%,0.0,0.0,0%,0.0,0%,0.0,0%,0.0,"fighter_tott, raw_fighter_details, ufc_dataset",295 lbs.,295.0,,,,,,,,,,,,,nao_preenchido_data_completa_nao_encontrada,Não foi localizada data de nascimento completa em perfil correspondente. Idade ou ano isolado não foram usados para estimar a data.,,2026-10-08,,1995-04-07
2183,JONATHAN CONTRESTANO,06d4eb8123087123,Jonathan Contrestano,,,,,,155 lbs.,,,1987-11-27,,155.0,,,http://ufcstats.com/fighter-details/06d4eb8123087123,0.0,0%,0.0,0.0,0%,0.0,0%,0.0,0%,0.0,"fighter_tott, raw_fighter_details",155 lbs.,155.0,,,,,,,,,,,Tapology,https://www.tapology.com/fightcenter/fighters/38319-jonathan-contrestano,preenchido_verificado,Data completa explicitamente publicada no perfil citado. Correspondência por nome; peso compatível.,Jonathan Contrestano,2026-10-08,https://www.tapology.com/fightcenter/fighters/38319-jonathan-contrestano,
2192,JONATHAN RIVERA,145df84ea4dfd904,Jonathan Rivera,,,,,,155 lbs.,,,1990-12-22,,155.0,,,http://ufcstats.com/fighter-details/145df84ea4dfd904,4.36,49%,49.0,3.9,60%,0.0,0%,0.0,0%,0.0,"fighter_tott, raw_fighter_details",155 lbs.,155.0,,,,,,,,,,,Sherdog,https://www.sherdog.com/fighter/Jonathan-Rivera-79084,preenchido_verificado,Data completa explicitamente publicada no perfil citado. Correspondência por nome; peso compatível.,Jonathan Rivera,2026-10-08,https://www.sherdog.com/fighter/Jonathan-Rivera-79084,
2193,JONATHAN SANTA MARIA,3143e5daff9e5b71,Jonathan Santa Maria,,,,,"5' 9""",125 lbs.,,,,175.26,125.0,,,http://ufcstats.com/fighter-details/3143e5daff9e5b71,3.6,51%,51.0,2.53,74%,0.0,0%,0.0,80%,0.0,"fighter_tott, raw_fighter_details",125 lbs.,125.0,,,,,,,,,,,,,nao_preenchido_identidade_nao_confirmada,"Perfil com data encontrado, mas altura/peso divergem do registro original; correspondência não confirmada.",,2026-10-08,https://www.sherdog.com/fighter/Jonathan-Santa-Maria-162981,
2199,JONG WANG KIM,380e8b023290d091,Jong Wang Kim,,,,,"6' 1""",240 lbs.,,,1974-04-08,185.42,240.0,,,http://ufcstats.com/fighter-details/380e8b023290d091,0.0,0%,0.0,0.0,0%,0.0,0%,0.0,0%,0.0,"fighter_tott, raw_fighter_details",240 lbs.,240.0,,,,,,,,,,,Sherdog,https://www.sherdog.com/fighter/Jong-Wang-Kim-882,preenchido_verificado,Data completa explicitamente publicada no perfil citado. Correspondência por nome; altura compatível; peso compatível.,Jong Wang Kim,2026-10-08,https://www.sherdog.com/fighter/Jong-Wang-Kim-882,
2200,JONG WON KIM,9e0f28d1f639ad73,Jong Won Kim,,,,,"5' 7""",139 lbs.,,Orthodox,,170.18,139.0,,,http://ufcstats.com/fighter-details/9e0f28d1f639ad73,0.84,15%,15.0,3.28,63%,2.81,100%,100.0,0%,0.0,"fighter_tott, raw_fighter_details",139 lbs.,139.0,,,,,,,,,,,,,nao_preenchido_data_completa_nao_encontrada,Não foi localizada data de nascimento completa em perfil correspondente. Idade ou ano isolado não foram usados para estimar a data.,,2026-10-08,,
2201,JONNY CARSON,0d49ddc07bd8c747,Jonny Carson,,,,,"5' 10""",155 lbs.,,,1985-06-27,177.8,155.0,,,http://ufcstats.com/fighter-details/0d49ddc07bd8c747,0.0,0%,0.0,0.0,0%,0.0,0%,0.0,0%,0.0,"fighter_tott, raw_fighter_details",155 lbs.,155.0,,,,,,,,,,,Tapology,https://www.tapology.com/fightcenter/fighters/john-carson-the-king-of-late-night,preenchido_verificado,Data completa explicitamente publicada no perfil citado. Correspondência por nome; altura compatível; peso compatível.,Jonny Carson,2026-10-08,https://www.tapology.com/fightcenter/fighters/john-carson-the-king-of-late-night,
2202,JONNY GOH,e86af30738a5452a,Jonny Goh,,,,,"5' 11""",155 lbs.,,,,180.34,155.0,,,http://ufcstats.com/fighter-details/e86af30738a5452a,0.0,0%,0.0,0.0,0%,0.0,0%,0.0,0%,0.0,"fighter_tott, raw_fighter_details",155 lbs.,155.0,,,,,,,,,,,,,nao_preenchido_data_completa_nao_encontrada,Não foi localizada data de nascimento completa em perfil correspondente. Idade ou ano isolado não foram usados para estimar a data.,,2026-10-08,,
2205,JORDAN BAILEY,34dbcd4dbaf21a36,Jordan Bailey,,,,,"5' 9""",145 lbs.,,,1993-05-10,175.26,145.0,,,http://ufcstats.com/fighter-details/34dbcd4dbaf21a36,1.74,40%,40.0,0.29,0%,4.35,100%,100.0,0%,4.3,"fighter_tott, raw_fighter_details",145 lbs.,145.0,,,,,,,,,,,Sherdog,https://www.sherdog.com/fighter/Jordan-Bailey-116539,preenchido_verificado,Data completa explicitamente publicada no perfil citado. Correspondência por nome; altura compatível; peso compatível.,Jordan Bailey,2026-10-08,https://www.sherdog.com/fighter/Jordan-Bailey-116539 | https://www.tapology.com/fightcenter/fighters/47461-jordan-bailey,
2206,JORDAN DOWDY,0d9312337fdce39a,Jordan Dowdy,,,,,,170 lbs.,,,1986-05-23,,170.0,,,http://ufcstats.com/fighter-details/0d9312337fdce39a,2.11,44%,44.0,2.63,50%,0.0,0%,0.0,0%,0.0,"fighter_tott, raw_fighter_details",170 lbs.,170.0,,,,,,,,,,,Sherdog,https://www.sherdog.com/fighter/Jordan-Dowdy-195599,preenchido_verificado,Data completa explicitamente publicada no perfil citado. Correspondência por nome; peso compatível.,Jordan Dowdy,2026-10-08,https://www.sherdog.com/fighter/Jordan-Dowdy-195599,
2208,JORDAN GOODWIN,7f98d9d5a10fa25c,Jordan Goodwin,,,,,,155 lbs.,,,,,155.0,,,http://ufcstats.com/fighter-details/7f98d9d5a10fa25c,0.0,0%,0.0,0.0,0%,0.0,0%,0.0,0%,0.0,"fighter_tott, raw_fighter_details",155 lbs.,155.0,,,,,,,,,,,,,nao_preenchido_data_completa_nao_encontrada,Não foi localizada data de nascimento completa em perfil correspondente. Idade ou ano isolado não foram usados para estimar a data.,,2026-10-08,,
2222,JORGE INTERIANO,1e75e6c9de99fa76,Jorge Interiano,,,,,"6' 1""",205 lbs.,,,,185.42,205.0,,,http://ufcstats.com/fighter-details/1e75e6c9de99fa76,0.0,0%,0.0,0.0,0%,0.0,0%,0.0,0%,0.0,"fighter_tott, raw_fighter_details",205 lbs.,205.0,,,,,,,,,,,,,nao_preenchido_data_completa_nao_encontrada,Não foi localizada data de nascimento completa em perfil correspondente. Idade ou ano isolado não foram usados para estimar a data.,,2026-10-08,,
2225,JORGE OLIVEIRA,bec2746f033802c3,Jorge Oliveira,,,,,"6' 1""",205 lbs.,,,,185.42,205.0,,,http://ufcstats.com/fighter-details/bec2746f033802c3,0.0,0%,0.0,0.0,0%,0.0,0%,0.0,0%,0.0,"fighter_tott, raw_fighter_details",205 lbs.,205.0,,,,,,,,,,,,,nao_preenchido_data_completa_nao_encontrada,Não foi localizada data de nascimento completa em perfil correspondente. Idade ou ano isolado não foram usados para estimar a data.,,2026-10-08,,
2226,JORGE ORTIZ,9c5828c6fd9dc948,Jorge Ortiz,,,,,"6' 0""",185 lbs.,,Orthodox,1970-03-20,182.88,185.0,,,http://ufcstats.com/fighter-details/9c5828c6fd9dc948,3.53,58%,58.0,2.8,73%,0.0,0%,0.0,0%,0.0,"fighter_tott, raw_fighter_details",185 lbs.,185.0,,,,,,,,,,,Tapology,https://www.tapology.com/fightcenter/fighters/217450-jorge-ortiz,preenchido_verificado,Data completa explicitamente publicada no perfil citado. Correspondência por nome.,Jorge Ortiz,2026-10-08,https://www.tapology.com/fightcenter/fighters/217450-jorge-ortiz,
2234,JOSE BARRETO,c32eab6c2119e989,Jose Barreto,,,,,,185 lbs.,,Southpaw,,,185.0,,,http://ufcstats.com/fighter-details/c32eab6c2119e989,0.0,0%,0.0,0.0,0%,0.0,0%,0.0,0%,0.0,"fighter_tott, raw_fighter_details",185 lbs.,185.0,,,,,,,,,,,,,nao_preenchido_data_completa_nao_encontrada,Não foi localizada data de nascimento completa em perfil correspondente. Idade ou ano isolado não foram usados para estimar a data.,,2026-10-08,,
2246,JOSE PALACIOS,de20ffb3fc2e7629,Jose Palacios,,,,,"5' 9""",145 lbs.,,Orthodox,1982-11-10,175.26,145.0,,,http://ufcstats.com/fighter-details/de20ffb3fc2e7629,2.67,70%,70.0,1.0,79%,0.0,0%,0.0,50%,1.7,"fighter_tott, raw_fighter_details",145 lbs.,145.0,,,,,,,,,,,Tapology,https://www.tapology.com/fightcenter/fighters/jose-palacios,preenchido_verificado,Data completa explicitamente publicada no perfil citado. Correspondência por nome; altura compatível; peso compatível.,Jose Palacios,2026-10-08,https://www.tapology.com/fightcenter/fighters/jose-palacios,
2247,JOSE PEREZ,89578ae236ee04e9,Jose Perez,,,,,,,,,,,,,,http://ufcstats.com/fighter-details/89578ae236ee04e9,0.0,0%,0.0,0.0,0%,0.0,0%,0.0,0%,0.0,"fighter_tott, raw_fighter_details",,,,,,,nao_preenchido_identidade_ambigua,,Perfis homônimos com datas de nascimento diferentes; vínculo ao registro original não confirmado.,2026-10-07,,,,,nao_preenchido_identidade_ambigua,Há perfis homônimos com datas diferentes; não foi possível confirmar qual corresponde ao registro original.,,2026-10-08,https://www.sherdog.com/fighter/Jose-Perez-61088 | https://www.sherdog.com/fighter/Jose-Perez-250557,
2262,JOSH BENNETT,c3ac8d0da7b05772,Josh Bennett,,,,,"6' 4""",259 lbs.,,Orthodox,1976-11-29,193.04,259.0,,,http://ufcstats.com/fighter-details/c3ac8d0da7b05772,2.9,40%,40.0,5.8,43%,1.5,100%,100.0,100%,0.0,"fighter_tott, raw_fighter_details",259 lbs.,259.0,,,,,,,,,,,Sherdog,https://www.sherdog.com/fighter/Josh-Bennett-6236,preenchido_verificado,Data completa explicitamente publicada no perfil citado. Correspondência por nome; altura compatível; peso compatível.,Josh Bennett,2026-10-08,https://www.sherdog.com/fighter/Josh-Bennett-6236 | https://www.tapology.com/fightcenter/fighters/josh-bennett,
2264,JOSH BUMGARNER,9900ab86a4c458bd,Josh Bumgarner,,,,,"6' 1""",170 lbs.,,,1981-05-21,185.42,170.0,,,http://ufcstats.com/fighter-details/9900ab86a4c458bd,0.0,0%,0.0,0.0,0%,0.0,0%,0.0,0%,0.0,"fighter_tott, raw_fighter_details",170 lbs.,170.0,,,,,,,,,,,Sherdog,https://www.sherdog.com/fighter/Josh-Bumgarner-14231,preenchido_verificado,Data completa explicitamente publicada no perfil citado. Correspondência por nome; altura compatível; peso compatível.,Josh Bumgarner,2026-10-08,https://www.sherdog.com/fighter/Josh-Bumgarner-14231,
2279,JOSH JARVIS,32e8e0e8498f03c2,Josh Jarvis,,,,,,135 lbs.,,,,,135.0,,,http://ufcstats.com/fighter-details/32e8e0e8498f03c2,0.0,0%,0.0,0.0,0%,0.0,0%,0.0,0%,0.0,"fighter_tott, raw_fighter_details",,,Sherdog,https://www.sherdog.com/fighter/Josh-Jarvis-65364,perfil,,preenchido_verificado,weight;weight_lbs,"Peso explicitamente informado no perfil; não representa necessariamente o peso atual nem uma pesagem de evento. Outras fontes/eventos apresentam pesos diferentes; foi mantido o valor do perfil citado, sem média ou inferência por categoria.",2026-10-07,https://www.sherdog.com/fighter/Josh-Jarvis-65364,,,,nao_preenchido_data_completa_nao_encontrada,Não foi localizada data de nascimento completa em perfil correspondente. Idade ou ano isolado não foram usados para estimar a data.,,2026-10-08,,
2281,JOSH LABERGE,5108b169b5fe1f86,Josh LaBerge,,,,,"5' 10""",145 lbs.,,,,177.8,145.0,,,http://ufcstats.com/fighter-details/5108b169b5fe1f86,2.53,36%,36.0,5.33,44%,0.0,0%,0.0,71%,0.0,"fighter_tott, raw_fighter_details",145 lbs.,145.0,,,,,,,,,,,,,nao_preenchido_data_completa_nao_encontrada,Não foi localizada data de nascimento completa em perfil correspondente. Idade ou ano isolado não foram usados para estimar a data.,,2026-10-08,,
2282,JOSH MCDONALD,b507a76087e3ed9f,Josh McDonald,,,,,,185 lbs.,,,,,185.0,,,http://ufcstats.com/fighter-details/b507a76087e3ed9f,0.8,57%,57.0,3.4,33%,9.0,50%,50.0,0%,0.0,"fighter_tott, raw_fighter_details",185 lbs.,185.0,,,,,,,,,,,,,nao_preenchido_data_completa_nao_encontrada,Não foi localizada data de nascimento completa em perfil correspondente. Idade ou ano isolado não foram usados para estimar a data.,,2026-10-08,,
2283,JOSH NEAL,0b534765dca35e71,Josh Neal,,,,,"6' 0""",185 lbs.,,,1992-02-10,182.88,185.0,,,http://ufcstats.com/fighter-details/0b534765dca35e71,0.0,0%,0.0,0.0,0%,0.0,0%,0.0,0%,0.0,"fighter_tott, raw_fighter_details",185 lbs.,185.0,,,,,,,,,,,Sherdog,https://www.sherdog.com/fighter/Josh-Neal-160631,preenchido_verificado,Data completa explicitamente publicada no perfil citado. Correspondência por nome; peso compatível.,Josh Neal,2026-10-08,https://www.sherdog.com/fighter/Josh-Neal-160631,
2292,JOSH SAN DIEGO,983e281d257c24dc,Josh San Diego,,,,,"5' 10""",135 lbs.,,,1985-03-08,177.8,135.0,,,http://ufcstats.com/fighter-details/983e281d257c24dc,0.0,0%,0.0,0.0,0%,0.0,0%,0.0,0%,0.0,"fighter_tott, raw_fighter_details",135 lbs.,135.0,,,,,,,,,,,Sherdog,https://www.sherdog.com/fighter/Josh-San-Diego-91551,preenchido_verificado,Data completa explicitamente publicada no perfil citado. Correspondência por nome; altura compatível; peso compatível.,Josh San Diego,2026-10-08,https://www.sherdog.com/fighter/Josh-San-Diego-91551,
2297,JOSH STUART,601cf40c09090853,Josh Stuart,,1.0,4.0,0.0,"5' 9""",160 lbs.,,,,175.26,160.0,,,http://ufcstats.com/fighter-details/601cf40c09090853,0.0,0%,0.0,0.0,0%,0.0,0%,0.0,0%,0.0,"fighter_tott, raw_fighter_details, ufc_dataset",160 lbs.,160.0,,,,,,,,,,,,,nao_preenchido_data_completa_nao_encontrada,Não foi localizada data de nascimento completa em perfil correspondente. Idade ou ano isolado não foram usados para estimar a data.,,2026-10-08,,
2315,JUAN ALCAIN,39f62b833e4cf126,Juan Alcain,,,,,,,,,,,,,,http://ufcstats.com/fighter-details/39f62b833e4cf126,0.0,0%,0.0,0.0,0%,0.0,0%,0.0,0%,0.0,"fighter_tott, raw_fighter_details",,,,,,,nao_preenchido_sem_peso_verificavel,,Perfil encontrado sem peso válido (0).,2026-10-07,https://www.sherdog.com/fighter/Juan-Alcain-21216,,,,nao_preenchido_data_completa_nao_encontrada,Não foi localizada data de nascimento completa em perfil correspondente. Idade ou ano isolado não foram usados para estimar a data.,,2026-10-08,,
2321,JUAN MIRANDA,be8ad887e4d674b0,Juan Miranda,,,,,,155 lbs.,,,,,155.0,,,http://ufcstats.com/fighter-details/be8ad887e4d674b0,0.0,0%,0.0,0.0,0%,0.0,0%,0.0,0%,0.0,"fighter_tott, raw_fighter_details",155 lbs.,155.0,,,,,,,,,,,,,nao_preenchido_data_completa_nao_encontrada,Não foi localizada data de nascimento completa em perfil correspondente. Idade ou ano isolado não foram usados para estimar a data.,,2026-10-08,,
2322,JUAN MOTT,5da4e8dc02e50ac0,Juan Mott,,,,,"6' 0""",190 lbs.,,Switch,1965-12-07,182.88,190.0,,,http://ufcstats.com/fighter-details/5da4e8dc02e50ac0,0.0,0%,0.0,0.0,0%,0.0,0%,0.0,0%,0.0,"fighter_tott, raw_fighter_details",190 lbs.,190.0,,,,,,,,,,,Sherdog,https://www.sherdog.com/fighter/Juan-Mott-317,preenchido_verificado,Data completa explicitamente publicada no perfil citado. Correspondência por nome; altura compatível; peso compatível.,Juan Mott,2026-10-08,https://www.sherdog.com/fighter/Juan-Mott-317,
2331,JULIAN SANCHEZ,c6da1c24fe473418,Julian Sanchez,,0.0,1.0,0.0,"6' 3""",300 lbs.,,Orthodox,,190.5,300.0,,,http://ufcstats.com/fighter-details/c6da1c24fe473418,0.0,0%,0.0,0.0,0%,0.0,0%,0.0,0%,0.0,"fighter_tott, raw_fighter_details, ufc_dataset",300 lbs.,300.0,,,,,,,,,,,,,nao_preenchido_data_completa_nao_encontrada,Não foi localizada data de nascimento completa em perfil correspondente. Idade ou ano isolado não foram usados para estimar a data.,,2026-10-08,,1996-09-20
2352,JUNYA KUDO,487c170da059857d,Junya Kudo,,,,,,135 lbs.,,Orthodox,,,135.0,,,http://ufcstats.com/fighter-details/487c170da059857d,1.85,71%,71.0,4.44,33%,0.0,0%,0.0,0%,0.0,"fighter_tott, raw_fighter_details",135 lbs.,135.0,,,,,,,,,,,,,nao_preenchido_data_completa_nao_encontrada,Não foi localizada data de nascimento completa em perfil correspondente. Idade ou ano isolado não foram usados para estimar a data.,,2026-10-08,,
2353,JUNYE GAO,8b27d25ce0221d60,Junye Gao,,,,,,125 lbs.,,,,,125.0,,,http://ufcstats.com/fighter-details/8b27d25ce0221d60,,,,,,,,,,,fighter_tott,125 lbs.,125.0,,,,,,,,,,,,,nao_preenchido_data_completa_nao_encontrada,Não foi localizada data de nascimento completa em perfil correspondente. Idade ou ano isolado não foram usados para estimar a data.,,2026-10-08,,
2358,JUSTIN BRUCKMANN,5f8e00c27b7e7410,Justin Bruckmann,,,,,"5' 9""",170 lbs.,,Orthodox,1974-07-23,175.26,170.0,,,http://ufcstats.com/fighter-details/5f8e00c27b7e7410,0.59,66%,66.0,5.91,16%,0.0,0%,0.0,33%,0.0,"fighter_tott, raw_fighter_details",170 lbs.,170.0,,,,,,,,,,,Sherdog,https://www.sherdog.com/fighter/Justin-Bruckmann-902,preenchido_verificado,Data completa explicitamente publicada no perfil citado. Correspondência por nome; altura compatível; peso compatível.,Justin Bruckmann,2026-10-08,https://www.sherdog.com/fighter/Justin-Bruckmann-902,
2368,JUSTIN GOVERNALE,ae954fd497025462,Justin Governale,,,,,,145 lbs.,,,1986-03-06,,145.0,,,http://ufcstats.com/fighter-details/ae954fd497025462,0.0,0%,0.0,0.0,0%,0.0,0%,0.0,0%,0.0,"fighter_tott, raw_fighter_details",145 lbs.,145.0,,,,,,,,,,,Sherdog,https://www.sherdog.com/fighter/Justin-Governale-78621,preenchido_verificado,Data completa explicitamente publicada no perfil citado. Correspondência por nome; peso compatível.,Justin Governale,2026-10-08,https://www.sherdog.com/fighter/Justin-Governale-78621,
2378,JUSTIN MARTIN,3da19339ee7051d5,Justin Martin,,4.0,3.0,0.0,"6' 0""",185 lbs.,,,1986-04-29,182.88,185.0,,,http://ufcstats.com/fighter-details/3da19339ee7051d5,0.0,0%,0.0,0.0,0%,0.0,0%,0.0,0%,0.0,"fighter_tott, raw_fighter_details, ufc_dataset",185 lbs.,185.0,,,,,,,,,,,Sherdog,https://www.sherdog.com/fighter/Justin-Martin-106043,preenchido_verificado,Data completa explicitamente publicada no perfil citado. Correspondência por nome; peso compatível.,Justin Martin,2026-10-08,https://www.sherdog.com/fighter/Justin-Martin-106043,
2382,JUSTIN PENNINGTON,0699c4b2a7c3c76f,Justin Pennington,,,,,"5' 4""",135 lbs.,,,,162.56,135.0,,,http://ufcstats.com/fighter-details/0699c4b2a7c3c76f,0.0,0%,0.0,0.0,0%,0.0,0%,0.0,0%,0.0,"fighter_tott, raw_fighter_details",,,Sherdog,https://www.sherdog.com/fighter/Justin-Pennington-53980,perfil,,preenchido_verificado,weight;weight_lbs,Peso explicitamente informado no perfil; não representa necessariamente o peso atual nem uma pesagem de evento.,2026-10-07,https://www.sherdog.com/fighter/Justin-Pennington-53980,,,,nao_preenchido_data_completa_nao_encontrada,Não foi localizada data de nascimento completa em perfil correspondente. Idade ou ano isolado não foram usados para estimar a data.,,2026-10-08,,
2386,JUSTIN SMITLEY,c5776fa8f4bf77aa,Justin Smitley,,,,,,145 lbs.,,,,,145.0,,,http://ufcstats.com/fighter-details/c5776fa8f4bf77aa,0.0,0%,0.0,0.0,0%,0.0,0%,0.0,0%,0.0,"fighter_tott, raw_fighter_details",145 lbs.,145.0,,,,,,,,,,,,,nao_preenchido_data_completa_nao_encontrada,Não foi localizada data de nascimento completa em perfil correspondente. Idade ou ano isolado não foram usados para estimar a data.,,2026-10-08,,
2404,KAIN ROYER,712aa894b3a344df,Kain Royer,,,,,,185 lbs.,,,1980-03-19,,185.0,,,http://ufcstats.com/fighter-details/712aa894b3a344df,0.0,0%,0.0,1.63,14%,0.0,0%,0.0,0%,4.1,"fighter_tott, raw_fighter_details",185 lbs.,185.0,,,,,,,,,,,Sherdog,https://www.sherdog.com/fighter/Kain-Royer-147805,preenchido_verificado,Data completa explicitamente publicada no perfil citado. Correspondência por nome; peso compatível.,Kain Royer,2026-10-08,https://www.sherdog.com/fighter/Kain-Royer-147805,
2414,KALINE MEDEIROS,263af068bd986548,Kaline Medeiros,,,,,"5' 3""",115 lbs.,,,1979-01-05,160.02,115.0,,,http://ufcstats.com/fighter-details/263af068bd986548,2.06,70%,70.0,0.29,83%,4.41,100%,100.0,0%,4.4,"fighter_tott, raw_fighter_details",115 lbs.,115.0,,,,,,,,,,,Sherdog,https://www.sherdog.com/fighter/Kaline-Medeiros-53267,preenchido_verificado,Data completa explicitamente publicada no perfil citado. Correspondência por nome; altura compatível; peso compatível.,Kaline Medeiros,2026-10-08,https://www.sherdog.com/fighter/Kaline-Medeiros-53267,
2428,KARL WILLIS,95883dbdab4fcf0f,Karl Willis,,,,,,170 lbs.,,,,,170.0,,,http://ufcstats.com/fighter-details/95883dbdab4fcf0f,0.0,0%,0.0,0.0,0%,0.0,0%,0.0,0%,0.0,"fighter_tott, raw_fighter_details",,,Sherdog,https://www.sherdog.com/fighter/Karl-Willis-74973,perfil,,preenchido_verificado,weight;weight_lbs,Peso explicitamente informado no perfil; não representa necessariamente o peso atual nem uma pesagem de evento.,2026-10-07,https://www.sherdog.com/fighter/Karl-Willis-74973,,,,nao_preenchido_data_completa_nao_encontrada,Não foi localizada data de nascimento completa em perfil correspondente. Idade ou ano isolado não foram usados para estimar a data.,,2026-10-08,,
2429,KARLA BENITEZ,6104730621ff318d,Karla Benitez,,,,,"5' 3""",113 lbs.,,,,160.02,113.0,,,http://ufcstats.com/fighter-details/6104730621ff318d,0.0,0%,0.0,2.4,57%,0.0,0%,0.0,100%,0.0,"fighter_tott, raw_fighter_details",113 lbs.,113.0,,,,,,,,,,,,,nao_preenchido_identidade_nao_confirmada,"Perfil com data encontrado, mas altura/peso divergem do registro original; correspondência não confirmada.",,2026-10-08,https://www.sherdog.com/fighter/Karla-Benitez-45258,
2436,KASIB MURDOCH,3a51f8d30900b580,Kasib Murdoch,,,,,,135 lbs.,,,2001-05-15,,135.0,,,http://ufcstats.com/fighter-details/3a51f8d30900b580,,,,,,,,,,,fighter_tott,135 lbs.,135.0,,,,,,,,,,,Sherdog,https://www.sherdog.com/fighter/Kasib-Murdoch-396268,preenchido_verificado,Data completa explicitamente publicada no perfil citado. Correspondência por nome; peso compatível.,Kasib Murdoch,2026-10-08,https://www.sherdog.com/fighter/Kasib-Murdoch-396268,
2454,KAZUKI OKUBO,33454ad90754cb49,Kazuki Okubo,,,,,"5' 11""",175 lbs.,,Orthodox,1979-06-30,180.34,175.0,,,http://ufcstats.com/fighter-details/33454ad90754cb49,1.53,38%,38.0,1.97,46%,0.51,25%,25.0,36%,2.0,"fighter_tott, raw_fighter_details",175 lbs.,175.0,,,,,,,,,,,Sherdog,https://www.sherdog.com/fighter/Kazuki-Okubo-1523,preenchido_verificado,Data completa explicitamente publicada no perfil citado. Correspondência por nome; altura compatível; peso compatível.,Kazuki Okubo,2026-10-08,https://www.sherdog.com/fighter/Kazuki-Okubo-1523,
2463,KAZUYUKI MIYATA,af70d268e5352186,Kazuyuki Miyata,,,,,"5' 8""",139 lbs.,,Orthodox,1976-01-29,172.72,139.0,,,http://ufcstats.com/fighter-details/af70d268e5352186,2.04,52%,52.0,1.82,63%,4.31,46%,46.0,68%,0.0,"fighter_tott, raw_fighter_details",139 lbs.,139.0,,,,,,,,,,,Sherdog,https://www.sherdog.com/fighter/Kazuyuki-Miyata-11707,preenchido_verificado,Data completa explicitamente publicada no perfil citado. Correspondência por nome; altura compatível; peso compatível.,Kazuyuki Miyata,2026-10-08,https://www.sherdog.com/fighter/Kazuyuki-Miyata-11707,
2465,KEENAN RAYMOND,bdd16cd6b29cb499,Keenan Raymond,,,,,,165 lbs.,,,1990-10-01,,165.0,,,http://ufcstats.com/fighter-details/bdd16cd6b29cb499,0.0,0%,0.0,0.0,0%,0.0,0%,0.0,0%,0.0,"fighter_tott, raw_fighter_details",165 lbs.,165.0,,,,,,,,,,,Sherdog,https://www.sherdog.com/fighter/Keenan-Raymond-53469,preenchido_verificado,Data completa explicitamente publicada no perfil citado. Correspondência por nome; peso compatível.,Keenan Raymond,2026-10-08,https://www.sherdog.com/fighter/Keenan-Raymond-53469,
2466,KEIGO KUNIHARA,782a2a17d3e38fdf,Keigo Kunihara,,3.0,2.0,0.0,"6' 0""",235 lbs.,,Orthodox,,182.88,235.0,,,http://ufcstats.com/fighter-details/782a2a17d3e38fdf,0.17,10%,10.0,1.99,57%,4.97,40%,40.0,100%,2.5,"fighter_tott, raw_fighter_details, ufc_dataset",235 lbs.,235.0,,,,,,,,,,,,,nao_preenchido_data_completa_nao_encontrada,Não foi localizada data de nascimento completa em perfil correspondente. Idade ou ano isolado não foram usados para estimar a data.,,2026-10-08,,2005-10-07
2469,KEISUKE FUJIWARA,ccd58ff71e260ed5,Keisuke Fujiwara,,,,,"5' 6""",139 lbs.,,Switch,1982-09-17,167.64,139.0,,,http://ufcstats.com/fighter-details/ccd58ff71e260ed5,0.73,44%,44.0,1.2,47%,0.0,0%,0.0,23%,2.5,"fighter_tott, raw_fighter_details",139 lbs.,139.0,,,,,,,,,,,Sherdog,https://www.sherdog.com/fighter/Keisuke-Fujiwara-22680,preenchido_verificado,Data completa explicitamente publicada no perfil citado. Correspondência por nome; altura compatível; peso compatível.,Keisuke Fujiwara,2026-10-08,https://www.sherdog.com/fighter/Keisuke-Fujiwara-22680,
2474,KEITH HACKNEY,bf12aca029bfcc47,Keith Hackney,The Giant Killer,2.0,2.0,0.0,"5' 11""",200 lbs.,,Sideways,1958-04-15,180.34,200.0,,,http://ufcstats.com/fighter-details/bf12aca029bfcc47,0.0,0%,0.0,0.0,0%,0.0,0%,0.0,0%,0.0,"fighter_tott, raw_fighter_details, ufc_dataset",200 lbs.,200.0,,,,,,,,,,,Sherdog,https://www.sherdog.com/fighter/Keith-Hackney-38,preenchido_verificado,Data completa explicitamente publicada no perfil citado. Correspondência por nome; altura compatível; peso compatível.,Keith Hackney,2026-10-08,https://www.sherdog.com/fighter/Keith-Hackney-38,1994-09-09
2476,KEITH MIELKE,f62850b3c7480db9,Keith Mielke,,0.0,5.0,0.0,"5' 8""",185 lbs.,,,,172.72,185.0,,,http://ufcstats.com/fighter-details/f62850b3c7480db9,0.0,0%,0.0,0.0,0%,0.0,0%,0.0,0%,0.0,"fighter_tott, raw_fighter_details, ufc_dataset",185 lbs.,185.0,,,,,,,,,,,,,nao_preenchido_data_completa_nao_encontrada,Não foi localizada data de nascimento completa em perfil correspondente. Idade ou ano isolado não foram usados para estimar a data.,,2026-10-08,,
2477,KEITH ROCKEL,c75b99887c8c3f5a,Keith Rockel,Rock,12.0,4.0,1.0,"6' 0""",185 lbs.,,Orthodox,1965-08-28,182.88,185.0,,,http://ufcstats.com/fighter-details/c75b99887c8c3f5a,1.13,73%,73.0,0.21,66%,4.63,75%,75.0,100%,4.6,"fighter_tott, raw_fighter_details, ufc_dataset",185 lbs.,185.0,,,,,,,,,,,Sherdog,https://www.sherdog.com/fighter/Keith-Rockel-2093,preenchido_verificado,Data completa explicitamente publicada no perfil citado. Correspondência por nome; altura compatível; peso compatível.,Keith Rockel,2026-10-08,https://www.sherdog.com/fighter/Keith-Rockel-2093 | https://www.tapology.com/fightcenter/fighters/keith-rockel,2002-01-11
2484,KEMRAN LACHINOV,eb84192d1a97f69e,Kemran Lachinov,,,,,,170 lbs.,,,1990-07-19,,170.0,,,http://ufcstats.com/fighter-details/eb84192d1a97f69e,0.0,0%,0.0,0.0,0%,0.0,0%,0.0,0%,0.0,"fighter_tott, raw_fighter_details",170 lbs.,170.0,,,,,,,,,,,Sherdog,https://www.sherdog.com/fighter/Kemran-Lachinov-79187,preenchido_verificado,Data completa explicitamente publicada no perfil citado. Correspondência por nome; peso compatível.,Kemran Lachinov,2026-10-08,https://www.sherdog.com/fighter/Kemran-Lachinov-79187 | https://www.tapology.com/fightcenter/fighters/13415-Kemran-Lachinov,
2486,KEN KANEKO,5345f86680378fc1,Ken Kaneko,,,,,"6' 0""",161 lbs.,,Orthodox,1976-10-19,182.88,161.0,,,http://ufcstats.com/fighter-details/5345f86680378fc1,0.0,0%,0.0,0.94,42%,0.0,0%,0.0,0%,3.5,"fighter_tott, raw_fighter_details",161 lbs.,161.0,,,,,,,,,,,Sherdog,https://www.sherdog.com/fighter/Ken-Kaneko-14810,preenchido_verificado,Data completa explicitamente publicada no perfil citado. Correspondência por nome; altura compatível; peso compatível.,Ken Kaneko,2026-10-08,https://www.sherdog.com/fighter/Ken-Kaneko-14810,
2499,KENNETH SEEGRIST,55e94a9b525dcf45,Kenneth Seegrist,,,,,"6' 0""",185 lbs.,,Orthodox,1980-10-21,182.88,185.0,,,http://ufcstats.com/fighter-details/55e94a9b525dcf45,3.21,66%,66.0,1.28,0%,0.0,0%,0.0,40%,14.4,"fighter_tott, raw_fighter_details",185 lbs.,185.0,,,,,,,,,,,Sherdog,https://www.sherdog.com/fighter/Kenneth-Seegrist-20543,preenchido_verificado,Data completa explicitamente publicada no perfil citado. Correspondência por nome; altura compatível; peso compatível.,Kenneth Seegrist,2026-10-08,https://www.sherdog.com/fighter/Kenneth-Seegrist-20543,
2500,KENNY ENTO,daf9be103c1edbbd,Kenny Ento,,,,,"6' 2""",192 lbs.,,,,187.96,192.0,,,http://ufcstats.com/fighter-details/daf9be103c1edbbd,8.41,79%,79.0,0.0,100%,5.49,100%,100.0,0%,11.0,"fighter_tott, raw_fighter_details",192 lbs.,192.0,,,,,,,,,,,,,nao_preenchido_data_completa_nao_encontrada,Não foi localizada data de nascimento completa em perfil correspondente. Idade ou ano isolado não foram usados para estimar a data.,,2026-10-08,,
2502,KENNY GIDDENS,db8b800176d26f6e,Kenny Giddens,,,,,"5' 11""",155 lbs.,,,1985-01-24,180.34,155.0,,,http://ufcstats.com/fighter-details/db8b800176d26f6e,0.0,0%,0.0,0.0,0%,0.0,0%,0.0,0%,0.0,"fighter_tott, raw_fighter_details",155 lbs.,155.0,,,,,,,,,,,Sherdog,https://www.sherdog.com/fighter/Kenny-Giddens-11654,preenchido_verificado,Data completa explicitamente publicada no perfil citado. Correspondência por nome; altura compatível; peso compatível.,Kenny Giddens,2026-10-08,https://www.sherdog.com/fighter/Kenny-Giddens-11654,
2505,KENYON JACKSON,56c5132870a526d5,Kenyon Jackson,,,,,"6' 0""",185 lbs.,,,1985-10-02,182.88,185.0,,,http://ufcstats.com/fighter-details/56c5132870a526d5,0.0,0%,0.0,0.0,0%,0.0,0%,0.0,0%,0.0,"fighter_tott, raw_fighter_details",185 lbs.,185.0,,,,,,,,,,,Sherdog,https://www.sherdog.com/fighter/Kenyon-Jackson-112687,preenchido_verificado,Data completa explicitamente publicada no perfil citado. Correspondência por nome; altura compatível; peso compatível.,Kenyon Jackson,2026-10-08,https://www.sherdog.com/fighter/Kenyon-Jackson-112687,
2507,KERRY VERA,df0a1c1e11ad199b,Kerry Vera,,,,,"5' 7""",135 lbs.,,Orthodox,,170.18,135.0,,,http://ufcstats.com/fighter-details/df0a1c1e11ad199b,0.0,0%,0.0,0.0,0%,0.0,0%,0.0,0%,0.0,"fighter_tott, raw_fighter_details",135 lbs.,135.0,,,,,,,,,,,,,nao_preenchido_data_completa_nao_encontrada,Não foi localizada data de nascimento completa em perfil correspondente. Idade ou ano isolado não foram usados para estimar a data.,,2026-10-08,,
2508,KESTUTIS SMIRNOVAS,1979c80150f630c4,Kestutis Smirnovas,,,,,"5' 10""",200 lbs.,,Orthodox,1976-04-08,177.8,200.0,,,http://ufcstats.com/fighter-details/1979c80150f630c4,4.95,52%,52.0,5.05,54%,1.55,50%,50.0,100%,1.6,"fighter_tott, raw_fighter_details",200 lbs.,200.0,,,,,,,,,,,Sherdog,https://www.sherdog.com/fighter/Kestutis-Smirnovas-3046,preenchido_verificado,Data completa explicitamente publicada no perfil citado. Correspondência por nome; altura compatível; peso compatível.,Kestutis Smirnovas,2026-10-08,https://www.sherdog.com/fighter/Kestutis-Smirnovas-3046,
2517,KEVIN ENGEL,d2f310b5b072e986,Kevin Engel,,,,,"6' 2""",170 lbs.,,,1980-04-09,187.96,170.0,,,http://ufcstats.com/fighter-details/d2f310b5b072e986,0.0,0%,0.0,0.0,0%,0.0,0%,0.0,0%,0.0,"fighter_tott, raw_fighter_details",170 lbs.,170.0,,,,,,,,,,,Sherdog,https://www.sherdog.com/fighter/Kevin-Engel-34019,preenchido_verificado,Data completa explicitamente publicada no perfil citado. Correspondência por nome; altura compatível; peso compatível.,Kevin Engel,2026-10-08,https://www.sherdog.com/fighter/Kevin-Engel-34019,
2520,KEVIN HALEY,439d4bbefd4e6940,Kevin Haley,,,,,"6' 2""",205 lbs.,,,1982-08-24,187.96,205.0,,,http://ufcstats.com/fighter-details/439d4bbefd4e6940,0.87,59%,59.0,0.87,64%,3.0,100%,100.0,0%,2.0,"fighter_tott, raw_fighter_details",205 lbs.,205.0,,,,,,,,,,,Tapology,https://www.tapology.com/fightcenter/fighters/14156-Kevin-Haley,preenchido_verificado,Data completa explicitamente publicada no perfil citado. Correspondência por nome.,Kevin Haley,2026-10-08,https://www.tapology.com/fightcenter/fighters/14156-Kevin-Haley,
2522,KEVIN JACKSON,13b2f59210dda9cc,Kevin Jackson,,4.0,2.0,0.0,"5' 10""",199 lbs.,,Switch,1964-11-25,177.8,199.0,,,http://ufcstats.com/fighter-details/13b2f59210dda9cc,0.0,0%,0.0,0.0,0%,0.0,0%,0.0,0%,0.0,"fighter_tott, raw_fighter_details, ufc_dataset",199 lbs.,199.0,,,,,,,,,,,Sherdog,https://www.sherdog.com/fighter/Kevin-Jackson-172,preenchido_verificado,Data completa explicitamente publicada no perfil citado. Correspondência por nome; altura compatível; peso compatível.,Kevin Jackson,2026-10-08,https://www.sherdog.com/fighter/Kevin-Jackson-172,1997-07-27
2529,KEVIN RODDY,1abf785143f8d5ec,Kevin Roddy,,,,,"5' 11""",145 lbs.,,,,180.34,145.0,,,http://ufcstats.com/fighter-details/1abf785143f8d5ec,2.64,30%,30.0,2.38,60%,0.0,0%,0.0,50%,0.0,"fighter_tott, raw_fighter_details",145 lbs.,145.0,,,,,,,,,,,,,nao_preenchido_data_completa_nao_encontrada,Não foi localizada data de nascimento completa em perfil correspondente. Idade ou ano isolado não foram usados para estimar a data.,,2026-10-08,,
2530,KEVIN ROSIER,598a58db87b890ee,Kevin Rosier,,2.0,6.0,0.0,"6' 4""",275 lbs.,,Orthodox,1962-01-06,193.04,275.0,,,http://ufcstats.com/fighter-details/598a58db87b890ee,0.0,0%,0.0,0.0,0%,0.0,0%,0.0,0%,0.0,"fighter_tott, raw_fighter_details, ufc_dataset",275 lbs.,275.0,,,,,,,,,,,Sherdog,https://www.sherdog.com/fighter/Kevin-Rosier-17,preenchido_verificado,Data completa explicitamente publicada no perfil citado. Correspondência por nome; altura compatível; peso compatível.,Kevin Rosier,2026-10-08,https://www.sherdog.com/fighter/Kevin-Rosier-17 | https://www.tapology.com/fightcenter/fighters/kevin-rosier,
2543,KHOMKRIT NIIMI,52a003d768f10d91,Khomkrit Niimi,,,,,"5' 2""",125 lbs.,,,1973-02-28,157.48,125.0,,,http://ufcstats.com/fighter-details/52a003d768f10d91,0.0,0%,0.0,5.73,44%,0.0,0%,0.0,0%,0.0,"fighter_tott, raw_fighter_details",125 lbs.,125.0,,,,,,,,,,,Sherdog,https://www.sherdog.com/fighter/Khomkrit-Niimi-8251,preenchido_verificado,Data completa explicitamente publicada no perfil citado. Correspondência por nome; altura compatível; peso compatível.,Khomkrit Niimi,2026-10-08,https://www.sherdog.com/fighter/Khomkrit-Niimi-8251 | https://www.tapology.com/fightcenter/fighters/4137-khomkrit-niimi-killa-b,
2549,KIM IN SEOK,88b250ba222c3a98,Kim In Seok,,,,,"5' 6""",145 lbs.,,Orthodox,,167.64,145.0,,,http://ufcstats.com/fighter-details/88b250ba222c3a98,0.87,37%,37.0,5.19,60%,0.0,0%,0.0,0%,0.0,"fighter_tott, raw_fighter_details",145 lbs.,145.0,,,,,,,,,,,,,nao_preenchido_data_completa_nao_encontrada,Não foi localizada data de nascimento completa em perfil correspondente. Idade ou ano isolado não foram usados para estimar a data.,,2026-10-08,,
2553,KIN MOY,ae922e7d9e852d7a,Kin Moy,,,,,"5' 5""",135 lbs.,,,1990-06-26,165.1,135.0,,,http://ufcstats.com/fighter-details/ae922e7d9e852d7a,2.3,33%,33.0,1.93,62%,1.67,42%,42.0,50%,1.7,"fighter_tott, raw_fighter_details",135 lbs.,135.0,,,,,,,,,,,Sherdog,https://www.sherdog.com/fighter/Kin-Moy-59907,preenchido_verificado,Data completa explicitamente publicada no perfil citado. Correspondência por nome; altura compatível; peso compatível.,Kin Moy,2026-10-08,https://www.sherdog.com/fighter/Kin-Moy-59907,
2578,KRISHAUN GILMORE,10ccdcd14c3dfcf1,Krishaun Gilmore,,,,,,185 lbs.,,,,,185.0,,,http://ufcstats.com/fighter-details/10ccdcd14c3dfcf1,0.0,0%,0.0,0.0,0%,0.0,0%,0.0,0%,0.0,"fighter_tott, raw_fighter_details",,,Sherdog,https://www.sherdog.com/fighter/Krishaun-Gilmore-74971,perfil,,preenchido_verificado,weight;weight_lbs,Peso explicitamente informado no perfil; não representa necessariamente o peso atual nem uma pesagem de evento.,2026-10-07,https://www.sherdog.com/fighter/Krishaun-Gilmore-74971,,,,nao_preenchido_data_completa_nao_encontrada,Não foi localizada data de nascimento completa em perfil correspondente. Idade ou ano isolado não foram usados para estimar a data.,,2026-10-08,,
2587,KURT OSIANDER,f84dfc5a8d178403,Kurt Osiander,,,,,,185 lbs.,,,,,185.0,,,http://ufcstats.com/fighter-details/f84dfc5a8d178403,0.0,0%,0.0,0.0,0%,0.0,0%,0.0,0%,0.0,"fighter_tott, raw_fighter_details",185 lbs.,185.0,,,,,,,,,,,,,nao_preenchido_data_completa_nao_encontrada,Não foi localizada data de nascimento completa em perfil correspondente. Idade ou ano isolado não foram usados para estimar a data.,,2026-10-08,,
2596,KYLE BOLT,9d455d5cfe6a0e35,Kyle Bolt,,,,,"6' 2""",185 lbs.,,,,187.96,185.0,,,http://ufcstats.com/fighter-details/9d455d5cfe6a0e35,7.27,52%,52.0,7.27,45%,0.0,0%,0.0,0%,0.0,"fighter_tott, raw_fighter_details",185 lbs.,185.0,,,,,,,,,,,,,nao_preenchido_data_completa_nao_encontrada,Não foi localizada data de nascimento completa em perfil correspondente. Idade ou ano isolado não foram usados para estimar a data.,,2026-10-08,,
2603,KYLE KURTZ,b490def93478ae29,Kyle Kurtz,,,,,,170 lbs.,,,1990-08-05,,170.0,,,http://ufcstats.com/fighter-details/b490def93478ae29,1.31,36%,36.0,2.95,52%,1.23,20%,20.0,0%,2.5,"fighter_tott, raw_fighter_details",170 lbs.,170.0,,,,,,,,,,,Sherdog,https://www.sherdog.com/fighter/Kyle-Kurtz-188709,preenchido_verificado,Data completa explicitamente publicada no perfil citado. Correspondência por nome; peso compatível.,Kyle Kurtz,2026-10-08,https://www.sherdog.com/fighter/Kyle-Kurtz-188709,
2604,KYLE LEVINTON,81ddc98fceb30086,Kyle Levinton,,,,,,,,,,,,,,http://ufcstats.com/fighter-details/81ddc98fceb30086,0.0,0%,0.0,0.0,0%,0.0,0%,0.0,0%,0.0,"fighter_tott, raw_fighter_details",,,,,,,nao_preenchido_sem_peso_verificavel,,Perfil encontrado sem peso válido (0).,2026-10-07,https://www.sherdog.com/fighter/Kyle-Levinton-19495,,,,nao_preenchido_data_completa_nao_encontrada,Não foi localizada data de nascimento completa em perfil correspondente. Idade ou ano isolado não foram usados para estimar a data.,,2026-10-08,,
2609,KYLE REYES,7333d6e0f6428acb,Kyle Reyes,,,,,"5' 8""",145 lbs.,,,1991-01-08,172.72,145.0,,,http://ufcstats.com/fighter-details/7333d6e0f6428acb,0.0,0%,0.0,0.0,0%,0.0,0%,0.0,0%,0.0,"fighter_tott, raw_fighter_details",145 lbs.,145.0,,,,,,,,,,,Sherdog,https://www.sherdog.com/fighter/Kyle-Reyes-45110,preenchido_verificado,Data completa explicitamente publicada no perfil citado. Correspondência por nome; altura compatível; peso compatível.,Kyle Reyes,2026-10-08,https://www.sherdog.com/fighter/Kyle-Reyes-45110,
2611,KYLE STURGEON,d30415ec5e8783cd,Kyle Sturgeon,,,,,"6' 3""",225 lbs.,,Switch,1963-02-01,190.5,225.0,,,http://ufcstats.com/fighter-details/d30415ec5e8783cd,0.0,0%,0.0,0.0,0%,0.0,0%,0.0,0%,0.0,"fighter_tott, raw_fighter_details",225 lbs.,225.0,,,,,,,,,,,Sherdog,https://www.sherdog.com/fighter/Kyle-Sturgeon-299,preenchido_verificado,Data completa explicitamente publicada no perfil citado. Correspondência por nome; altura compatível; peso compatível.,Kyle Sturgeon,2026-10-08,https://www.sherdog.com/fighter/Kyle-Sturgeon-299,
2615,KYOSUKE SASAKI,23bd78c3f89bdb54,Kyosuke Sasaki,,,,,"5' 7""",183 lbs.,,Southpaw,1979-10-17,170.18,183.0,,,http://ufcstats.com/fighter-details/23bd78c3f89bdb54,0.33,45%,45.0,0.93,46%,0.0,0%,0.0,0%,0.0,"fighter_tott, raw_fighter_details",183 lbs.,183.0,,,,,,,,,,,Sherdog,https://www.sherdog.com/fighter/Kyosuke-Sasaki-3385,preenchido_verificado,Data completa explicitamente publicada no perfil citado. Correspondência por nome; altura compatível; peso compatível.,Kyosuke Sasaki,2026-10-08,https://www.sherdog.com/fighter/Kyosuke-Sasaki-3385,
2619,LACEY SCHUCKMAN,e44c679c30403cba,Lacey Schuckman,,,,,"5' 3""",125 lbs.,,,,160.02,125.0,,,http://ufcstats.com/fighter-details/e44c679c30403cba,0.0,0%,0.0,0.0,0%,0.0,0%,0.0,0%,0.0,"fighter_tott, raw_fighter_details",125 lbs.,125.0,,,,,,,,,,,,,nao_preenchido_data_completa_nao_encontrada,Não foi localizada data de nascimento completa em perfil correspondente. Idade ou ano isolado não foram usados para estimar a data.,,2026-10-08,,
2629,LARRY CURETON,46f11d15c0134fe3,Larry Cureton,,0.0,2.0,0.0,"6' 2""",240 lbs.,,Orthodox,,187.96,240.0,,,http://ufcstats.com/fighter-details/46f11d15c0134fe3,0.0,0%,0.0,0.0,0%,0.0,0%,0.0,0%,0.0,"fighter_tott, raw_fighter_details, ufc_dataset",240 lbs.,240.0,,,,,,,,,,,,,nao_preenchido_data_completa_nao_encontrada,Não foi localizada data de nascimento completa em perfil correspondente. Idade ou ano isolado não foram usados para estimar a data.,,2026-10-08,,1995-04-07
2630,LARRY PARKER,c0231720fe516994,Larry Parker,,,,,"5' 11""",205 lbs.,,Orthodox,1963-08-15,180.34,205.0,,,http://ufcstats.com/fighter-details/c0231720fe516994,0.0,0%,0.0,0.0,0%,0.0,0%,0.0,0%,0.0,"fighter_tott, raw_fighter_details",205 lbs.,205.0,,,,,,,,,,,Sherdog,https://www.sherdog.com/fighter/Larry-Parker-308,preenchido_verificado,Data completa explicitamente publicada no perfil citado. Correspondência por nome; altura compatível; peso compatível.,Larry Parker,2026-10-08,https://www.sherdog.com/fighter/Larry-Parker-308,
2643,LEE GIBSON,69db199087a1a792,Lee Gibson,,,,,"5' 7""",155 lbs.,,,1976-06-20,170.18,155.0,,,http://ufcstats.com/fighter-details/69db199087a1a792,0.0,0%,0.0,0.0,0%,0.0,0%,0.0,0%,0.0,"fighter_tott, raw_fighter_details",155 lbs.,155.0,,,,,,,,,,,Tapology,https://www.tapology.com/fightcenter/fighters/lee-gibson-lethal,preenchido_verificado,Data completa explicitamente publicada no perfil citado. Correspondência por nome; altura compatível; peso compatível.,Lee Gibson,2026-10-08,https://www.tapology.com/fightcenter/fighters/lee-gibson-lethal,
2645,LEE KWAN BUM,c0342805a1948cbb,Lee Kwan Bum,,,,,"6' 2""",286 lbs.,,Orthodox,,187.96,286.0,,,http://ufcstats.com/fighter-details/c0342805a1948cbb,0.71,14%,14.0,0.0,100%,0.0,0%,0.0,0%,0.0,"fighter_tott, raw_fighter_details",286 lbs.,286.0,,,,,,,,,,,,,nao_preenchido_data_completa_nao_encontrada,Não foi localizada data de nascimento completa em perfil correspondente. Idade ou ano isolado não foram usados para estimar a data.,,2026-10-08,,
2649,LEMONT DAVIS,a993ef2dd36cea5f,Lemont Davis,,,,,"5' 8""",170 lbs.,,Orthodox,,172.72,170.0,,,http://ufcstats.com/fighter-details/a993ef2dd36cea5f,0.87,54%,54.0,1.27,55%,1.0,50%,50.0,0%,1.0,"fighter_tott, raw_fighter_details",170 lbs.,170.0,,,,,,,,,,,,,nao_preenchido_data_completa_nao_encontrada,Não foi localizada data de nascimento completa em perfil correspondente. Idade ou ano isolado não foram usados para estimar a data.,,2026-10-08,,
2669,LEVI ALFORD,41b34b7f11f6d085,Levi Alford,,,,,,179.9 lbs.,,,,,179.9,,,http://ufcstats.com/fighter-details/41b34b7f11f6d085,0.0,0%,0.0,0.0,0%,0.0,0%,0.0,0%,0.0,"fighter_tott, raw_fighter_details",,,Tapology,https://www.tapology.com/fightcenter/events/14108-battlefield-fight-league-17,pesagem_evento,,preenchido_verificado,weight;weight_lbs,Campo Weigh-In Result de Levi Alford contra Matt Dwyer no BFL 17. Data exata da pesagem não confirmada.,2026-10-07,https://www.tapology.com/fightcenter/events/14108-battlefield-fight-league-17,,,,nao_preenchido_data_completa_nao_encontrada,Não foi localizada data de nascimento completa em perfil correspondente. Idade ou ano isolado não foram usados para estimar a data.,,2026-10-08,,
2680,LINA KVOKOV,843dd76c50cae0f6,Lina Kvokov,,,,,"5' 9""",135 lbs.,,Orthodox,,175.26,135.0,,,http://ufcstats.com/fighter-details/843dd76c50cae0f6,2.31,30%,30.0,12.12,19%,0.0,0%,0.0,0%,0.0,"fighter_tott, raw_fighter_details",135 lbs.,135.0,,,,,,,,,,,,,nao_preenchido_data_completa_nao_encontrada,Não foi localizada data de nascimento completa em perfil correspondente. Idade ou ano isolado não foram usados para estimar a data.,,2026-10-08,,
2697,LOLOHEA MAHE,fb0b6593cec84356,Lolohea Mahe,,,,,,264 lbs.,,,,,264.0,,,http://ufcstats.com/fighter-details/fb0b6593cec84356,1.71,29%,29.0,6.92,40%,2.44,40%,40.0,0%,0.0,"fighter_tott, raw_fighter_details",,,Sherdog,https://www.sherdog.com/fighter/Lolohea-Mahe-28176,perfil,,preenchido_verificado,weight;weight_lbs,Peso explicitamente informado no perfil; não representa necessariamente o peso atual nem uma pesagem de evento.,2026-10-07,https://www.sherdog.com/fighter/Lolohea-Mahe-28176,,,,nao_preenchido_data_completa_nao_encontrada,Não foi localizada data de nascimento completa em perfil correspondente. Idade ou ano isolado não foram usados para estimar a data.,,2026-10-08,,
2707,LOUIS JAUREGUI,0e8744ded08ee5fb,Louis Jauregui,,,,,"5' 7""",170 lbs.,,,,170.18,170.0,,,http://ufcstats.com/fighter-details/0e8744ded08ee5fb,0.0,0%,0.0,0.0,0%,0.0,0%,0.0,0%,0.0,"fighter_tott, raw_fighter_details",170 lbs.,170.0,,,,,,,,,,,,,nao_preenchido_data_completa_nao_encontrada,Não foi localizada data de nascimento completa em perfil correspondente. Idade ou ano isolado não foram usados para estimar a data.,,2026-10-08,,
2712,LOWELL ANDERSON,1ffc38f67785797b,Lowell Anderson,,0.0,1.0,0.0,"5' 6""",160 lbs.,,Orthodox,,167.64,160.0,,,http://ufcstats.com/fighter-details/1ffc38f67785797b,0.0,0%,0.0,0.0,0%,0.0,0%,0.0,0%,0.0,"fighter_tott, raw_fighter_details, ufc_dataset",160 lbs.,160.0,,,,,,,,,,,,,nao_preenchido_data_completa_nao_encontrada,Não foi localizada data de nascimento completa em perfil correspondente. Idade ou ano isolado não foram usados para estimar a data.,,2026-10-08,,1999-09-24
2714,LU ZHENGYONG,dc1bfd47c3b21ad3,Lu Zhengyong,,,,,,125 lbs.,,,,,125.0,,,http://ufcstats.com/fighter-details/dc1bfd47c3b21ad3,,,,,,,,,,,fighter_tott,125 lbs.,125.0,,,,,,,,,,,,,nao_preenchido_data_completa_nao_encontrada,Não foi localizada data de nascimento completa em perfil correspondente. Idade ou ano isolado não foram usados para estimar a data.,,2026-10-08,,
2720,LUC BONDOLE,8691881b31c16b88,Luc Bondole,,,,,"6' 2""",205 lbs.,,,1982-07-02,187.96,205.0,,,http://ufcstats.com/fighter-details/8691881b31c16b88,3.35,51%,51.0,2.04,62%,0.0,0%,0.0,0%,1.8,"fighter_tott, raw_fighter_details",205 lbs.,205.0,,,,,,,,,,,Tapology,https://www.tapology.com/fightcenter/fighters/41425-luc-bondole,preenchido_verificado,Data completa explicitamente publicada no perfil citado. Correspondência por nome; altura compatível; peso compatível.,Luc Bondole,2026-10-08,https://www.tapology.com/fightcenter/fighters/41425-luc-bondole,
2727,LUCAS GAMAZA,289a3b69b85da7cd,Lucas Gamaza,,,,,,170 lbs.,,,,,170.0,,,http://ufcstats.com/fighter-details/289a3b69b85da7cd,7.57,31%,31.0,6.99,45%,0.0,0%,0.0,0%,0.0,"fighter_tott, raw_fighter_details",170 lbs.,170.0,,,,,,,,,,,,,nao_preenchido_data_completa_nao_encontrada,Não foi localizada data de nascimento completa em perfil correspondente. Idade ou ano isolado não foram usados para estimar a data.,,2026-10-08,,
2731,LUCAS STARK,93e4754d0984c82f,Lucas Stark,,,,,,155 lbs.,,,,,155.0,,,http://ufcstats.com/fighter-details/93e4754d0984c82f,1.6,25%,25.0,3.2,66%,12.0,100%,100.0,0%,0.0,"fighter_tott, raw_fighter_details",155 lbs.,155.0,,,,,,,,,,,,,nao_preenchido_data_completa_nao_encontrada,Não foi localizada data de nascimento completa em perfil correspondente. Idade ou ano isolado não foram usados para estimar a data.,,2026-10-08,,
2745,LUIS MENDOZA,28200bc87367614f,Luis Mendoza,,,,,,155 lbs.,,,,,155.0,,,http://ufcstats.com/fighter-details/28200bc87367614f,0.0,0%,0.0,0.0,0%,0.0,0%,0.0,0%,0.0,"fighter_tott, raw_fighter_details",155 lbs.,155.0,,,,,,,,,,,,,nao_preenchido_data_completa_nao_encontrada,Não foi localizada data de nascimento completa em perfil correspondente. Idade ou ano isolado não foram usados para estimar a data.,,2026-10-08,,
2751,LUIS SANTOS,7701377be464d2ef,Luis Santos,,,,,"6' 1""",170 lbs.,,Southpaw,1980-01-02,185.42,170.0,,,http://ufcstats.com/fighter-details/7701377be464d2ef,4.4,57%,57.0,4.0,64%,0.0,0%,0.0,0%,0.0,"fighter_tott, raw_fighter_details",170 lbs.,170.0,,,,,,,,,,,Sherdog,https://www.sherdog.com/fighter/Luis-Santos-16216,preenchido_verificado,Data completa explicitamente publicada no perfil citado. Correspondência por nome; altura compatível; peso compatível.,Luis Santos,2026-10-08,https://www.sherdog.com/fighter/Luis-Santos-213415 | https://www.sherdog.com/fighter/Luis-Santos-157255 | https://www.sherdog.com/fighter/Luis-Santos-16216,
2764,LUKE HARTWIG,34f3869747bf8fa9,Luke Hartwig,,,,,,,,,,,,,,http://ufcstats.com/fighter-details/34f3869747bf8fa9,0.0,0%,0.0,0.0,0%,0.0,0%,0.0,0%,0.0,"fighter_tott, raw_fighter_details",,,,,,,nao_preenchido_sem_peso_verificavel,,Pesquisa nominal não encontrou peso individual verificável com correspondência suficiente ao registro original.,2026-10-07,,,,,nao_preenchido_data_completa_nao_encontrada,Não foi localizada data de nascimento completa em perfil correspondente. Idade ou ano isolado não foram usados para estimar a data.,,2026-10-08,,
2769,LUKE STEWART,27b1a406ac171b19,Luke Stewart,,,,,"5' 11""",170 lbs.,,Orthodox,,180.34,170.0,,,http://ufcstats.com/fighter-details/27b1a406ac171b19,3.75,56%,56.0,2.34,53%,3.75,33%,33.0,50%,1.9,"fighter_tott, raw_fighter_details",170 lbs.,170.0,,,,,,,,,,,,,nao_preenchido_data_completa_nao_encontrada,Não foi localizada data de nascimento completa em perfil correspondente. Idade ou ano isolado não foram usados para estimar a data.,,2026-10-08,,
2780,MACK BREWER,106a925d947a0de9,Mack Brewer,,,,,,205 lbs.,,,,,205.0,,,http://ufcstats.com/fighter-details/106a925d947a0de9,0.0,0%,0.0,6.67,36%,0.0,0%,0.0,0%,0.0,"fighter_tott, raw_fighter_details",205 lbs.,205.0,,,,,,,,,,,,,nao_preenchido_data_completa_nao_encontrada,Não foi localizada data de nascimento completa em perfil correspondente. Idade ou ano isolado não foram usados para estimar a data.,,2026-10-08,,
2792,MAGOMED SULTANAKHMEDOV,fe1fdc6be470f773,Magomed Sultanakhmedov,,,,,"6' 2""",185 lbs.,,Southpaw,,187.96,185.0,,,http://ufcstats.com/fighter-details/fe1fdc6be470f773,0.0,0%,0.0,2.4,42%,9.0,100%,100.0,0%,9.0,"fighter_tott, raw_fighter_details",185 lbs.,185.0,,,,,,,,,,,,,nao_preenchido_identidade_nao_confirmada,"Perfil com data encontrado, mas altura/peso divergem do registro original; correspondência não confirmada.",,2026-10-08,https://www.sherdog.com/fighter/Magomed-Sultanakhmedov-8953,
2799,MAIJU KUJALA,4e77d070239699e2,Maiju Kujala,,,,,,135 lbs.,,,,,135.0,,,http://ufcstats.com/fighter-details/4e77d070239699e2,2.5,40%,40.0,5.5,36%,0.0,0%,0.0,50%,0.0,"fighter_tott, raw_fighter_details",135 lbs.,135.0,,,,,,,,,,,,,nao_preenchido_data_completa_nao_encontrada,Não foi localizada data de nascimento completa em perfil correspondente. Idade ou ano isolado não foram usados para estimar a data.,,2026-10-08,,
2809,MAL FOKI,fa534853eb195270,Mal Foki,,,,,"5' 7""",220 lbs.,,Orthodox,1976-03-16,170.18,220.0,,,http://ufcstats.com/fighter-details/fa534853eb195270,2.86,14%,14.0,14.29,54%,0.0,0%,0.0,0%,0.0,"fighter_tott, raw_fighter_details",220 lbs.,220.0,,,,,,,,,,,Sherdog,https://www.sherdog.com/fighter/Mal-Foki-8707,preenchido_verificado,Data completa explicitamente publicada no perfil citado. Correspondência por nome; altura compatível; peso compatível.,Mal Foki,2026-10-08,https://www.sherdog.com/fighter/Mal-Foki-8707,
2836,MARC STEVENS,310c4d4b2b32796b,Marc Stevens,,,,,"5' 9""",155 lbs.,,,1985-05-28,175.26,155.0,,,http://ufcstats.com/fighter-details/310c4d4b2b32796b,0.45,26%,26.0,1.79,46%,0.0,0%,0.0,0%,0.0,"fighter_tott, raw_fighter_details",155 lbs.,155.0,,,,,,,,,,,Sherdog,https://www.sherdog.com/fighter/Marc-Stevens-15710,preenchido_verificado,Data completa explicitamente publicada no perfil citado. Correspondência por nome; altura compatível; peso compatível.,Marc Stevens,2026-10-08,https://www.sherdog.com/fighter/Marc-Stevens-15710 | https://www.tapology.com/fightcenter/fighters/marc-stevens,
2839,MARCELO AGUIAR,44aa652b181bcf68,Marcelo Aguiar,,2.0,3.0,1.0,"5' 10""",170 lbs.,,Orthodox,1969-01-20,177.8,170.0,,,http://ufcstats.com/fighter-details/44aa652b181bcf68,0.0,0%,0.0,0.0,0%,0.0,0%,0.0,0%,0.0,"fighter_tott, raw_fighter_details, ufc_dataset",170 lbs.,170.0,,,,,,,,,,,Sherdog,https://www.sherdog.com/fighter/Marcelo-Aguiar-257,preenchido_verificado,Data completa explicitamente publicada no perfil citado. Correspondência por nome; altura compatível; peso compatível.,Marcelo Aguiar,2026-10-08,https://www.sherdog.com/fighter/Marcelo-Aguiar-257,2000-06-09
2843,MARCELO MELLO,672ef06fd9f41f7d,Marcelo Mello,,1.0,0.0,0.0,"5' 7""",170 lbs.,,Southpaw,,170.18,170.0,,,http://ufcstats.com/fighter-details/672ef06fd9f41f7d,0.0,0%,0.0,0.0,0%,0.0,0%,0.0,0%,0.0,"fighter_tott, raw_fighter_details, ufc_dataset",170 lbs.,170.0,,,,,,,,,,,,,nao_preenchido_data_completa_nao_encontrada,Não foi localizada data de nascimento completa em perfil correspondente. Idade ou ano isolado não foram usados para estimar a data.,,2026-10-08,,1999-05-07
2858,MARCOS BONILLA,d311fbefff44a39b,Marcos Bonilla,,,,,"5' 10""",145 lbs.,,,1985-07-17,177.8,145.0,,,http://ufcstats.com/fighter-details/d311fbefff44a39b,0.47,12%,12.0,0.47,94%,0.0,0%,0.0,0%,0.0,"fighter_tott, raw_fighter_details",145 lbs.,145.0,,,,,,,,,,,Sherdog,https://www.sherdog.com/fighter/Marcos-Bonilla-130765,preenchido_verificado,Data completa explicitamente publicada no perfil citado. Correspondência por nome; altura compatível; peso compatível.,Marcos Bonilla,2026-10-08,https://www.sherdog.com/fighter/Marcos-Bonilla-130765,
2867,MARCUS BOSSETT,e8fb8e53bc2e29d6,Marcus Bossett,The Grasshopper,1.0,3.0,0.0,"6' 1""",215 lbs.,,Orthodox,,185.42,215.0,,,http://ufcstats.com/fighter-details/e8fb8e53bc2e29d6,0.0,0%,0.0,0.0,0%,0.0,0%,0.0,0%,0.0,"fighter_tott, raw_fighter_details, ufc_dataset",215 lbs.,215.0,,,,,,,,,,,,,nao_preenchido_data_completa_nao_encontrada,Não foi localizada data de nascimento completa em perfil correspondente. Idade ou ano isolado não foram usados para estimar a data.,,2026-10-08,,1994-12-16
2873,MARCUS KOWAL,ad0e42800a0d8977,Marcus Kowal,,,,,,135 lbs.,,,1977-03-29,,135.0,,,http://ufcstats.com/fighter-details/ad0e42800a0d8977,0.0,0%,0.0,0.0,0%,0.0,0%,0.0,0%,0.0,"fighter_tott, raw_fighter_details",135 lbs.,135.0,,,,,,,,,,,Sherdog,https://www.sherdog.com/fighter/Marcus-Kowal-48138,preenchido_verificado,Data completa explicitamente publicada no perfil citado. Correspondência por nome; peso compatível.,Marcus Kowal,2026-10-08,https://www.sherdog.com/fighter/Marcus-Kowal-48138 | https://www.tapology.com/fightcenter/fighters/marcus-kowal,
2876,MARCUS SILVEIRA,f717b6002486f73f,Marcus Silveira,Conan,6.0,4.0,0.0,"6' 3""",242 lbs.,,Orthodox,1964-12-09,190.5,242.0,,,http://ufcstats.com/fighter-details/f717b6002486f73f,0.0,0%,0.0,0.0,0%,0.0,0%,0.0,0%,0.0,"fighter_tott, raw_fighter_details, ufc_dataset",242 lbs.,242.0,,,,,,,,,,,Sherdog,https://www.sherdog.com/fighter/Marcus-Silveira-183,preenchido_verificado,Data completa explicitamente publicada no perfil citado. Correspondência por nome; altura compatível; peso compatível.,Marcus Silveira,2026-10-08,https://www.sherdog.com/fighter/Marcus-Silveira-183,1997-12-21
2885,MARIO MINGAJ,1ccaeae54725d897,Mario Mingaj,,,,,,185 lbs.,,,1998-10-28,,185.0,,,http://ufcstats.com/fighter-details/1ccaeae54725d897,,,,,,,,,,,fighter_tott,185 lbs.,185.0,,,,,,,,,,,Sherdog,https://www.sherdog.com/fighter/Mario-Mingaj-241593,preenchido_verificado,Data completa explicitamente publicada no perfil citado. Correspondência por nome; peso compatível.,Mario Mingaj,2026-10-08,https://www.sherdog.com/fighter/Mario-Mingaj-241593,
2887,MARIO NETO,1209b5134401ca53,Mario Neto,Sukata,13.0,5.0,0.0,"6' 0""",229 lbs.,,Orthodox,,182.88,229.0,,,http://ufcstats.com/fighter-details/1209b5134401ca53,1.89,50%,50.0,1.89,70%,2.84,100%,100.0,0%,0.0,"fighter_tott, raw_fighter_details, ufc_dataset",229 lbs.,229.0,,,,,,,,,,,,,nao_preenchido_data_completa_nao_encontrada,Não foi localizada data de nascimento completa em perfil correspondente. Idade ou ano isolado não foram usados para estimar a data.,,2026-10-08,,2006-09-23
2890,MARIO RIVERA,0f7210aa8d61af8d,Mario Rivera,,,,,"5' 10""",170 lbs.,,,,177.8,170.0,,,http://ufcstats.com/fighter-details/0f7210aa8d61af8d,0.0,0%,0.0,8.41,20%,0.0,0%,0.0,0%,0.0,"fighter_tott, raw_fighter_details",170 lbs.,170.0,,,,,,,,,,,,,nao_preenchido_data_completa_nao_encontrada,Não foi localizada data de nascimento completa em perfil correspondente. Idade ou ano isolado não foram usados para estimar a data.,,2026-10-08,,
2891,MARIO SOTO,cac3aaa66c20bee1,Mario Soto,,,,,"6' 0""",145 lbs.,,,1986-12-04,182.88,145.0,,,http://ufcstats.com/fighter-details/cac3aaa66c20bee1,1.43,23%,23.0,5.23,42%,0.0,0%,0.0,0%,0.0,"fighter_tott, raw_fighter_details",145 lbs.,145.0,,,,,,,,,,,Sherdog,https://www.sherdog.com/fighter/Mario-Soto-85041,preenchido_verificado,Data completa explicitamente publicada no perfil citado. Correspondência por nome; altura compatível; peso compatível.,Mario Soto,2026-10-08,https://www.sherdog.com/fighter/Mario-Soto-85041,
2909,MARK HALL,18524b46c570730b,Mark Hall,,5.0,6.0,0.0,"6' 0""",190 lbs.,,Orthodox,1961-03-03,182.88,190.0,,,http://ufcstats.com/fighter-details/18524b46c570730b,0.0,0%,0.0,0.0,0%,0.0,0%,0.0,0%,0.0,"fighter_tott, raw_fighter_details, ufc_dataset",190 lbs.,190.0,,,,,,,,,,,Sherdog,https://www.sherdog.com/fighter/Mark-Hall-118,preenchido_verificado,Data completa explicitamente publicada no perfil citado. Correspondência por nome; altura compatível; peso compatível.,Mark Hall,2026-10-08,https://www.sherdog.com/fighter/Mark-Hall-118,1995-09-08
2917,MARK ROBINSON,4604ab1de9058474,Mark Robinson,White Rhino,1.0,0.0,0.0,"6' 0""",265 lbs.,,Orthodox,1969-12-31,182.88,265.0,,,http://ufcstats.com/fighter-details/4604ab1de9058474,0.0,0%,0.0,5.8,13%,0.0,0%,0.0,0%,0.0,"fighter_tott, raw_fighter_details, ufc_dataset",265 lbs.,265.0,,,,,,,,,,,Sherdog,https://www.sherdog.com/fighter/Mark-Robinson-280,preenchido_verificado,Data completa explicitamente publicada no perfil citado. Correspondência por nome; altura compatível; peso compatível.,Mark Robinson,2026-10-08,https://www.sherdog.com/fighter/Mark-Robinson-280,2001-02-23
2918,MARK SCANLON,771b60ff889661c8,Mark Scanlon,,9.0,2.0,0.0,"5' 9""",170 lbs.,,Orthodox,,175.26,170.0,,,http://ufcstats.com/fighter-details/771b60ff889661c8,2.2,35%,35.0,3.33,48%,3.0,75%,75.0,25%,2.0,"fighter_tott, raw_fighter_details, ufc_dataset",170 lbs.,170.0,,,,,,,,,,,,,nao_preenchido_data_completa_nao_encontrada,Não foi localizada data de nascimento completa em perfil correspondente. Idade ou ano isolado não foram usados para estimar a data.,,2026-10-08,,2010-11-13
2919,MARK SCHULTZ,c1684f00c626f4c0,Mark Schultz,,1.0,1.0,0.0,"5' 9""",200 lbs.,,Orthodox,1960-10-26,175.26,200.0,,,http://ufcstats.com/fighter-details/c1684f00c626f4c0,0.0,0%,0.0,0.0,0%,0.0,0%,0.0,0%,0.0,"fighter_tott, raw_fighter_details, ufc_dataset",200 lbs.,200.0,,,,,,,,,,,Sherdog,https://www.sherdog.com/fighter/Mark-Schultz-133,preenchido_verificado,Data completa explicitamente publicada no perfil citado. Correspondência por nome; altura compatível; peso compatível.,Mark Schultz,2026-10-08,https://www.sherdog.com/fighter/Mark-Schultz-133,1996-05-17
2922,MARK VORGEAS,ef0344ed552d8a22,Mark Vorgeas,,,,,"5' 10""",135 lbs.,,,,177.8,135.0,,,http://ufcstats.com/fighter-details/ef0344ed552d8a22,3.87,32%,32.0,4.19,51%,0.0,0%,0.0,50%,0.8,"fighter_tott, raw_fighter_details",135 lbs.,135.0,,,,,,,,,,,,,nao_preenchido_data_completa_nao_encontrada,Não foi localizada data de nascimento completa em perfil correspondente. Idade ou ano isolado não foram usados para estimar a data.,,2026-10-08,,
2924,MARKO DAMIANI,6e9b5c74c0860deb,Marko Damiani,,,,,"6' 0""",170 lbs.,,,,182.88,170.0,,,http://ufcstats.com/fighter-details/6e9b5c74c0860deb,0.0,0%,0.0,0.0,0%,0.0,0%,0.0,0%,0.0,"fighter_tott, raw_fighter_details",170 lbs.,170.0,,,,,,,,,,,,,nao_preenchido_data_completa_nao_encontrada,Não foi localizada data de nascimento completa em perfil correspondente. Idade ou ano isolado não foram usados para estimar a data.,,2026-10-08,,
2928,MARLON SIMS,9eedac48b497de5a,Marlon Sims,,,,,,170 lbs.,,,1974-01-18,,170.0,,,http://ufcstats.com/fighter-details/9eedac48b497de5a,0.0,0%,0.0,0.0,0%,0.0,0%,0.0,0%,0.0,"fighter_tott, raw_fighter_details",170 lbs.,170.0,,,,,,,,,,,Sherdog,https://www.sherdog.com/fighter/Marlon-Sims-14211,preenchido_verificado,Data completa explicitamente publicada no perfil citado. Correspondência por nome; peso compatível.,Marlon Sims,2026-10-08,https://www.sherdog.com/fighter/Marlon-Sims-14211,
2932,MARQUES DANIELS,55a80a9365bc107d,Marques Daniels,,,,,,155 lbs.,,,,,155.0,,,http://ufcstats.com/fighter-details/55a80a9365bc107d,0.0,0%,0.0,0.0,0%,0.0,0%,0.0,0%,0.0,"fighter_tott, raw_fighter_details",155 lbs.,155.0,,,,,,,,,,,,,nao_preenchido_data_completa_nao_encontrada,Não foi localizada data de nascimento completa em perfil correspondente. Idade ou ano isolado não foram usados para estimar a data.,,2026-10-08,,
2941,MARVIN MALDONADO,e5ce754b01f922be,Marvin Maldonado,,,,,"5' 6""",135 lbs.,,,,167.64,135.0,,,http://ufcstats.com/fighter-details/e5ce754b01f922be,0.87,56%,56.0,3.47,43%,0.0,0%,0.0,20%,0.0,"fighter_tott, raw_fighter_details",135 lbs.,135.0,,,,,,,,,,,,,nao_preenchido_data_completa_nao_encontrada,Não foi localizada data de nascimento completa em perfil correspondente. Idade ou ano isolado não foram usados para estimar a data.,,2026-10-08,,
2947,MASAKATSU OKUDA,02a65a55f25fb4f3,Masakatsu Okuda,,,,,,179 lbs.,,,1976-01-16,,179.0,,,http://ufcstats.com/fighter-details/02a65a55f25fb4f3,0.0,0%,0.0,4.27,34%,0.0,0%,0.0,0%,4.3,"fighter_tott, raw_fighter_details",,,Sherdog,https://www.sherdog.com/fighter/Masakatsu-Okuda-8108,perfil,,preenchido_verificado,weight;weight_lbs,Peso explicitamente informado no perfil; não representa necessariamente o peso atual nem uma pesagem de evento.,2026-10-07,https://www.sherdog.com/fighter/Masakatsu-Okuda-8108,,Sherdog,https://www.sherdog.com/fighter/Masakatsu-Okuda-8108,preenchido_verificado,Data completa explicitamente publicada no perfil citado. Correspondência por nome; peso compatível.,Masakatsu Okuda,2026-10-08,https://www.sherdog.com/fighter/Masakatsu-Okuda-8108,
2950,MASANORI SUDA,3a7513372f79c8c8,Masanori Suda,,,,,"5' 9""",183 lbs.,,Orthodox,1973-07-24,175.26,183.0,,,http://ufcstats.com/fighter-details/3a7513372f79c8c8,1.8,50%,50.0,1.2,63%,0.0,0%,0.0,60%,0.0,"fighter_tott, raw_fighter_details",183 lbs.,183.0,,,,,,,,,,,Sherdog,https://www.sherdog.com/fighter/Masanori-Suda-440,preenchido_verificado,Data completa explicitamente publicada no perfil citado. Correspondência por nome; altura compatível; peso compatível.,Masanori Suda,2026-10-08,https://www.sherdog.com/fighter/Masanori-Suda-440,
2951,MASANORI TONOOKA,9de7c97e1c0d7927,Masanori Tonooka,,,,,"5' 8""",185 lbs.,,Orthodox,1973-05-25,172.72,185.0,,,http://ufcstats.com/fighter-details/9de7c97e1c0d7927,0.16,5%,5.0,1.09,36%,0.0,0%,0.0,0%,0.0,"fighter_tott, raw_fighter_details",185 lbs.,185.0,,,,,,,,,,,Sherdog,https://www.sherdog.com/fighter/Masanori-Tonooka-25438,preenchido_verificado,Data completa explicitamente publicada no perfil citado. Correspondência por nome; altura compatível; peso compatível.,Masanori Tonooka,2026-10-08,https://www.sherdog.com/fighter/Masanori-Tonooka-25438,
2954,MASON FOWLER,d745d4146be48679,Mason Fowler,,,,,"5' 11""",170 lbs.,,,1993-01-18,180.34,170.0,,,http://ufcstats.com/fighter-details/d745d4146be48679,0.0,0%,0.0,0.0,0%,0.0,0%,0.0,0%,0.0,"fighter_tott, raw_fighter_details",170 lbs.,170.0,,,,,,,,,,,Tapology,https://www.tapology.com/fightcenter/fighters/49692-mason-fowler,preenchido_verificado,Data completa explicitamente publicada no perfil citado. Correspondência por nome; altura compatível.,Mason Fowler,2026-10-08,https://www.tapology.com/fightcenter/fighters/49692-mason-fowler,
2973,MATT FOKI,5de61b03868035ff,Matt Foki,,,,,"5' 7""",220 lbs.,,Orthodox,1976-03-16,170.18,220.0,,,http://ufcstats.com/fighter-details/5de61b03868035ff,0.0,0%,0.0,3.37,56%,0.0,0%,0.0,0%,0.0,"fighter_tott, raw_fighter_details",220 lbs.,220.0,,,,,,,,,,,Sherdog,https://www.sherdog.com/fighter/Matt-Foki-8708,preenchido_verificado,Data completa explicitamente publicada no perfil citado. Correspondência por nome; altura compatível; peso compatível.,Matt Foki,2026-10-08,https://www.sherdog.com/fighter/Matt-Foki-8708,
2977,MATT HELM,cacfd51b8e97ace0,Matt Helm,,,,,,155 lbs.,,,1980-10-11,,155.0,,,http://ufcstats.com/fighter-details/cacfd51b8e97ace0,0.0,0%,0.0,0.0,0%,0.0,0%,0.0,0%,0.0,"fighter_tott, raw_fighter_details",155 lbs.,155.0,,,,,,,,,,,Tapology,https://www.tapology.com/fightcenter/fighters/103507-matt-helm,preenchido_verificado,Data completa explicitamente publicada no perfil citado. Correspondência por nome; peso compatível.,Matt Helm,2026-10-08,https://www.tapology.com/fightcenter/fighters/103507-matt-helm,
2979,MATT HORNING,21632ba272c0785a,Matt Horning,,,,,"5' 4""",125 lbs.,,,1976-08-18,162.56,125.0,,,http://ufcstats.com/fighter-details/21632ba272c0785a,0.0,0%,0.0,0.0,0%,0.0,0%,0.0,0%,0.0,"fighter_tott, raw_fighter_details",125 lbs.,125.0,,,,,,,,,,,Sherdog,https://www.sherdog.com/fighter/Matt-Horning-4648,preenchido_verificado,Data completa explicitamente publicada no perfil citado. Correspondência por nome; altura compatível; peso compatível.,Matt Horning,2026-10-08,https://www.sherdog.com/fighter/Matt-Horning-4648,
2982,MATT KOVACS,8fbcd82bf7f352bf,Matt Kovacs,,,,,"6' 0""",244 lbs.,,Orthodox,1981-05-09,182.88,244.0,,,http://ufcstats.com/fighter-details/8fbcd82bf7f352bf,1.47,22%,22.0,4.87,44%,1.0,25%,25.0,0%,0.0,"fighter_tott, raw_fighter_details",244 lbs.,244.0,,,,,,,,,,,Sherdog,https://www.sherdog.com/fighter/Matt-Kovacs-27479,preenchido_verificado,Data completa explicitamente publicada no perfil citado. Correspondência por nome; altura compatível; peso compatível.,Matt Kovacs,2026-10-08,https://www.sherdog.com/fighter/Matt-Kovacs-27479 | https://www.tapology.com/fightcenter/fighters/matt-kovacs,
2983,MATT LEE,d9e3743bae8d703d,Matt Lee,,,,,"5' 11""",155 lbs.,,Orthodox,1971-07-09,180.34,155.0,,,http://ufcstats.com/fighter-details/d9e3743bae8d703d,0.0,0%,0.0,9.68,21%,0.0,0%,0.0,0%,0.0,"fighter_tott, raw_fighter_details",155 lbs.,155.0,,,,,,,,,,,Sherdog,https://www.sherdog.com/fighter/Matt-Lee-4103,preenchido_verificado,Data completa explicitamente publicada no perfil citado. Correspondência por nome; altura compatível; peso compatível.,Matt Lee,2026-10-08,https://www.sherdog.com/fighter/Matt-Lee-4103,
2985,MATT LUCAS,668222c99c5c311d,Matt Lucas,Luke Duke,15.0,3.0,0.0,"6' 1""",205 lbs.,,,1973-12-27,185.42,205.0,,,http://ufcstats.com/fighter-details/668222c99c5c311d,1.27,48%,48.0,3.93,40%,1.0,10%,10.0,0%,0.0,"fighter_tott, raw_fighter_details, ufc_dataset",205 lbs.,205.0,,,,,,,,,,,Sherdog,https://www.sherdog.com/fighter/Matt-Lucas-18915,preenchido_verificado,Data completa explicitamente publicada no perfil citado. Correspondência por nome; altura compatível; peso compatível.,Matt Lucas,2026-10-08,https://www.sherdog.com/fighter/Matt-Lucas-18915,2011-11-12
2987,MATT PEDRO,f354c50b8d63d9b3,Matt Pedro,,,,,,,,,,,,,,http://ufcstats.com/fighter-details/f354c50b8d63d9b3,0.0,0%,0.0,0.0,0%,0.0,0%,0.0,0%,0.0,"fighter_tott, raw_fighter_details",,,,,,,nao_preenchido_sem_peso_verificavel,,Perfil encontrado sem peso válido (0).,2026-10-07,https://www.sherdog.com/fighter/Matt-Pedro-13224,,,,nao_preenchido_data_completa_nao_encontrada,Não foi localizada data de nascimento completa em perfil correspondente. Idade ou ano isolado não foram usados para estimar a data.,,2026-10-08,,
2988,MATT RAMIREZ,96c05ba5ab9eccaf,Matt Ramirez,,,,,"5' 5""",125 lbs.,,,1993-02-03,165.1,125.0,,,http://ufcstats.com/fighter-details/96c05ba5ab9eccaf,3.03,50%,50.0,0.67,75%,2.53,16%,16.0,100%,0.0,"fighter_tott, raw_fighter_details",125 lbs.,125.0,,,,,,,,,,,Sherdog,https://www.sherdog.com/fighter/Matt-Ramirez-158027,preenchido_verificado,Data completa explicitamente publicada no perfil citado. Correspondência por nome; altura compatível; peso compatível.,Matt Ramirez,2026-10-08,https://www.sherdog.com/fighter/Matt-Ramirez-158027,
3003,MAURICE EAZEL,4acb99524a9a81ab,Maurice Eazel,,,,,"5' 7""",135 lbs.,,,,170.18,135.0,,,http://ufcstats.com/fighter-details/4acb99524a9a81ab,0.0,0%,0.0,0.0,0%,0.0,0%,0.0,0%,0.0,"fighter_tott, raw_fighter_details",135 lbs.,135.0,,,,,,,,,,,,,nao_preenchido_data_completa_nao_encontrada,Não foi localizada data de nascimento completa em perfil correspondente. Idade ou ano isolado não foram usados para estimar a data.,,2026-10-08,,
3013,MAX MARTYNIOUK,69d3fa376ff2595e,Max Martyniouk,,,,,,155 lbs.,,,,,155.0,,,http://ufcstats.com/fighter-details/69d3fa376ff2595e,0.0,0%,0.0,0.0,0%,0.0,0%,0.0,0%,0.0,"fighter_tott, raw_fighter_details",155 lbs.,155.0,,,,,,,,,,,,,nao_preenchido_data_completa_nao_encontrada,Não foi localizada data de nascimento completa em perfil correspondente. Idade ou ano isolado não foram usados para estimar a data.,,2026-10-08,,
3036,MERRITT WARREN,1e47dba648ea438c,Merritt Warren,,,,,"5' 10""",155 lbs.,,Southpaw,,177.8,155.0,,,http://ufcstats.com/fighter-details/1e47dba648ea438c,0.0,0%,0.0,0.0,0%,0.0,0%,0.0,0%,0.0,"fighter_tott, raw_fighter_details",155 lbs.,155.0,,,,,,,,,,,,,nao_preenchido_data_completa_nao_encontrada,Não foi localizada data de nascimento completa em perfil correspondente. Idade ou ano isolado não foram usados para estimar a data.,,2026-10-08,,
3041,MICHAEL BRAVO,dc63542668295c23,Michael Bravo,,,,,,155 lbs.,,,,,155.0,,,http://ufcstats.com/fighter-details/dc63542668295c23,0.0,0%,0.0,0.0,0%,0.0,0%,0.0,0%,0.0,"fighter_tott, raw_fighter_details",155 lbs.,155.0,,,,,,,,,,,,,nao_preenchido_data_completa_nao_encontrada,Não foi localizada data de nascimento completa em perfil correspondente. Idade ou ano isolado não foram usados para estimar a data.,,2026-10-08,,
3046,MICHAEL DIAZ,5e7a48e469770615,Michael Diaz,,,,,,260 lbs.,,,,,260.0,,,http://ufcstats.com/fighter-details/5e7a48e469770615,0.0,0%,0.0,0.0,0%,0.0,0%,0.0,0%,0.0,"fighter_tott, raw_fighter_details",260 lbs.,260.0,,,,,,,,,,,,,nao_preenchido_identidade_nao_confirmada,"Perfil com data encontrado, mas altura/peso divergem do registro original; correspondência não confirmada.",,2026-10-08,https://www.sherdog.com/fighter/Michael-Diaz-501609,
3052,MICHAEL LERMA,f1fd8ec1023c89b3,Michael Lerma,,,,,,,,,1973-11-18,,,,,http://ufcstats.com/fighter-details/f1fd8ec1023c89b3,0.0,0%,0.0,6.47,45%,0.0,0%,0.0,0%,0.0,"fighter_tott, raw_fighter_details",,,,,,,nao_preenchido_identidade_ambigua,,"Perfil de MMA encontrado, mas vínculo com o atleta de K-1 do conjunto não foi confirmado.",2026-10-07,https://www.sherdog.com/fighter/Michael-Lerma-13993,,Sherdog,https://www.sherdog.com/fighter/Michael-Lerma-13993,preenchido_verificado,Data completa explicitamente publicada no perfil citado. Correspondência por nome.,Michael Lerma,2026-10-08,https://www.sherdog.com/fighter/Michael-Lerma-13993,
3054,MICHAEL MANGAN,9297ce6eee046f7a,Michael Mangan,,,,,,155 lbs.,,,,,155.0,,,http://ufcstats.com/fighter-details/9297ce6eee046f7a,1.94,33%,33.0,4.52,46%,19.35,50%,50.0,100%,0.0,"fighter_tott, raw_fighter_details",155 lbs.,155.0,,,,,,,,,,,,,nao_preenchido_data_completa_nao_encontrada,Não foi localizada data de nascimento completa em perfil correspondente. Idade ou ano isolado não foram usados para estimar a data.,,2026-10-08,,
3060,MICHAEL PATT,83d0de122f2f9664,Michael Patt,,12.0,4.0,0.0,"6' 0""",205 lbs.,,Orthodox,,182.88,205.0,,,http://ufcstats.com/fighter-details/83d0de122f2f9664,1.65,28%,28.0,5.53,55%,0.0,0%,0.0,0%,0.0,"fighter_tott, raw_fighter_details, ufc_dataset",205 lbs.,205.0,,,,,,,,,,,,,nao_preenchido_data_completa_nao_encontrada,Não foi localizada data de nascimento completa em perfil correspondente. Idade ou ano isolado não foram usados para estimar a data.,,2026-10-08,,2008-09-06
3070,MICHELLE MAHER,118463dd8db16e7f,Michelle Maher,,,,,,145 lbs.,,,,,145.0,,,http://ufcstats.com/fighter-details/118463dd8db16e7f,0.0,0%,0.0,0.0,0%,0.0,0%,0.0,0%,0.0,"fighter_tott, raw_fighter_details",145 lbs.,145.0,,,,,,,,,,,,,nao_preenchido_data_completa_nao_encontrada,Não foi localizada data de nascimento completa em perfil correspondente. Idade ou ano isolado não foram usados para estimar a data.,,2026-10-08,,
3076,MICHIYOSHI OHARA,6a8a06b542e1516d,Michiyoshi Ohara,,,,,"5' 10""",205 lbs.,,Orthodox,1967-11-15,177.8,205.0,,,http://ufcstats.com/fighter-details/6a8a06b542e1516d,0.28,29%,29.0,3.13,48%,0.0,0%,0.0,33%,0.0,"fighter_tott, raw_fighter_details",205 lbs.,205.0,,,,,,,,,,,Sherdog,https://www.sherdog.com/fighter/Michiyoshi-Ohara-3158,preenchido_verificado,Data completa explicitamente publicada no perfil citado. Correspondência por nome; altura compatível.,Michiyoshi Ohara,2026-10-08,https://www.sherdog.com/fighter/Michiyoshi-Ohara-3158,
3083,MIGUEL COSIO,d150c6fbdb7687f4,Miguel Cosio,,,,,"6' 4""",205 lbs.,,,1981-02-18,193.04,205.0,,,http://ufcstats.com/fighter-details/d150c6fbdb7687f4,0.0,0%,0.0,0.0,0%,0.0,0%,0.0,0%,0.0,"fighter_tott, raw_fighter_details",205 lbs.,205.0,,,,,,,,,,,Sherdog,https://www.sherdog.com/fighter/Miguel-Cosio-12994,preenchido_verificado,Data completa explicitamente publicada no perfil citado. Correspondência por nome; altura compatível; peso compatível.,Miguel Cosio,2026-10-08,https://www.sherdog.com/fighter/Miguel-Cosio-12994,
3084,MIGUEL LINARES,18c49685296c60e6,Miguel Linares,,,,,,135 lbs.,,,,,135.0,,,http://ufcstats.com/fighter-details/18c49685296c60e6,6.51,50%,50.0,8.84,36%,0.0,0%,0.0,0%,0.0,"fighter_tott, raw_fighter_details",,,Sherdog,https://www.sherdog.com/videos/misc.video/Strikeforce-Fighters-Ready-for-Mansion-Party-1287,pesagem_evento,,preenchido_verificado,weight;weight_lbs,"Lista de pesagem para Strikeforce at the Mansion, evento de 29/09/2007. Data exata da pesagem não confirmada.",2026-10-07,https://www.sherdog.com/videos/misc.video/Strikeforce-Fighters-Ready-for-Mansion-Party-1287,,,,nao_preenchido_data_completa_nao_encontrada,Não foi localizada data de nascimento completa em perfil correspondente. Idade ou ano isolado não foram usados para estimar a data.,,2026-10-08,,
3086,MIIKA MEHMET,41dca66f9dadfc86,Miika Mehmet,,,,,,205 lbs.,,Orthodox,,,205.0,,,http://ufcstats.com/fighter-details/41dca66f9dadfc86,0.33,12%,12.0,7.29,24%,0.0,0%,0.0,0%,0.0,"fighter_tott, raw_fighter_details",205 lbs.,205.0,,,,,,,,,,,,,nao_preenchido_data_completa_nao_encontrada,Não foi localizada data de nascimento completa em perfil correspondente. Idade ou ano isolado não foram usados para estimar a data.,,2026-10-08,,
3087,MIKE AINA,9e3dbb9c68ed5d1a,Mike Aina,,,,,"5' 9""",155 lbs.,,Orthodox,1980-12-25,175.26,155.0,,,http://ufcstats.com/fighter-details/9e3dbb9c68ed5d1a,2.87,33%,33.0,6.33,59%,0.0,0%,0.0,71%,0.0,"fighter_tott, raw_fighter_details",155 lbs.,155.0,,,,,,,,,,,Sherdog,https://www.sherdog.com/fighter/Mike-Aina-9383,preenchido_verificado,Data completa explicitamente publicada no perfil citado. Correspondência por nome; altura compatível; peso compatível.,Mike Aina,2026-10-08,https://www.sherdog.com/fighter/Mike-Aina-9383,
3088,MIKE ALTMAN,c11036da9162cb5f,Mike Altman,,,,,"5' 10""",185 lbs.,,Orthodox,,177.8,185.0,,,http://ufcstats.com/fighter-details/c11036da9162cb5f,1.56,20%,20.0,2.08,75%,0.0,0%,0.0,0%,0.0,"fighter_tott, raw_fighter_details",185 lbs.,185.0,,,,,,,,,,,,,nao_preenchido_data_completa_nao_encontrada,Não foi localizada data de nascimento completa em perfil correspondente. Idade ou ano isolado não foram usados para estimar a data.,,2026-10-08,,
3089,MIKE BENCIC,a71feb7ea7592a71,Mike Bencic,,,,,"6' 0""",215 lbs.,,Orthodox,1966-07-03,182.88,215.0,,,http://ufcstats.com/fighter-details/a71feb7ea7592a71,0.0,0%,0.0,3.32,53%,0.0,0%,0.0,0%,0.0,"fighter_tott, raw_fighter_details",215 lbs.,215.0,,,,,,,,,,,Sherdog,https://www.sherdog.com/fighter/Mike-Bencic-7723,preenchido_verificado,Data completa explicitamente publicada no perfil citado. Correspondência por nome; altura compatível; peso compatível.,Mike Bencic,2026-10-08,https://www.sherdog.com/fighter/Mike-Bencic-7723,
3090,MIKE BOURKE,dfdd0c5dd0d4bc23,Mike Bourke,,,,,"6' 0""",275 lbs.,,Orthodox,1968-11-25,182.88,275.0,,,http://ufcstats.com/fighter-details/dfdd0c5dd0d4bc23,0.0,0%,0.0,0.0,0%,0.0,0%,0.0,0%,0.0,"fighter_tott, raw_fighter_details",275 lbs.,275.0,,,,,,,,,,,Sherdog,https://www.sherdog.com/fighter/Mike-Bourke-70,preenchido_verificado,Data completa explicitamente publicada no perfil citado. Correspondência por nome; altura compatível; peso compatível.,Mike Bourke,2026-10-08,https://www.sherdog.com/fighter/Mike-Bourke-70 | https://www.tapology.com/fightcenter/fighters/mike-bourke-the-rhino,
3095,MIKE CAMPBELL,f5585e675af7afd4,Mike Campbell,,,,,"5' 9""",155 lbs.,,Southpaw,1982-11-15,175.26,155.0,,,http://ufcstats.com/fighter-details/f5585e675af7afd4,1.4,26%,26.0,1.4,63%,5.26,100%,100.0,0%,0.0,"fighter_tott, raw_fighter_details",155 lbs.,155.0,,,,,,,,,,,Sherdog,https://www.sherdog.com/fighter/Mike-Campbell-16670,preenchido_verificado,Data completa explicitamente publicada no perfil citado. Correspondência por nome; altura compatível; peso compatível.,Mike Campbell,2026-10-08,https://www.sherdog.com/fighter/Mike-Campbell-16670 | https://www.tapology.com/fightcenter/fighters/mike-campbell-the-beast,
3097,MIKE COOK,3ab0df1ddd5f1dc2,Mike Cook,,,,,"6' 1""",205 lbs.,,Orthodox,1981-10-07,185.42,205.0,,,http://ufcstats.com/fighter-details/3ab0df1ddd5f1dc2,1.72,49%,49.0,2.4,46%,1.03,33%,33.0,55%,2.1,"fighter_tott, raw_fighter_details",205 lbs.,205.0,,,,,,,,,,,Sherdog,https://www.sherdog.com/fighter/Mike-Cook-18704,preenchido_verificado,Data completa explicitamente publicada no perfil citado. Correspondência por nome; altura compatível; peso compatível.,Mike Cook,2026-10-08,https://www.sherdog.com/fighter/Mike-Cook-18704 | https://www.tapology.com/fightcenter/fighters/mike-cook-the-animal,
3106,MIKE HAYES,0cfbbfa0ba6d9855,Mike Hayes,,,,,"6' 4""",230 lbs.,,Orthodox,1980-10-16,193.04,230.0,,,http://ufcstats.com/fighter-details/0cfbbfa0ba6d9855,4.87,55%,55.0,1.47,77%,0.0,0%,0.0,75%,4.0,"fighter_tott, raw_fighter_details",230 lbs.,230.0,,,,,,,,,,,Sherdog,https://www.sherdog.com/fighter/Mike-Hayes-29144,preenchido_verificado,Data completa explicitamente publicada no perfil citado. Correspondência por nome; altura compatível; peso compatível.,Mike Hayes,2026-10-08,https://www.sherdog.com/fighter/Mike-Hayes-29144,
3114,MIKE MINNIGER,c8aa3541bec4042e,Mike Minniger,,,,,,145 lbs.,,,,,145.0,,,http://ufcstats.com/fighter-details/c8aa3541bec4042e,0.0,0%,0.0,0.0,0%,0.0,0%,0.0,0%,0.0,"fighter_tott, raw_fighter_details",,,Sherdog,https://www.sherdog.com/fighter/Mike-Minniger-65656,perfil,,preenchido_verificado,weight;weight_lbs,Peso explicitamente informado no perfil; não representa necessariamente o peso atual nem uma pesagem de evento.,2026-10-07,https://www.sherdog.com/fighter/Mike-Minniger-65656,,,,nao_preenchido_data_completa_nao_encontrada,Não foi localizada data de nascimento completa em perfil correspondente. Idade ou ano isolado não foram usados para estimar a data.,,2026-10-08,,
3115,MIKE MORENO,bb2eee4fb3259c01,Mike Moreno,,,,,"6' 0""",185 lbs.,,,,182.88,185.0,,,http://ufcstats.com/fighter-details/bb2eee4fb3259c01,1.27,51%,51.0,1.07,58%,0.0,0%,0.0,44%,0.0,"fighter_tott, raw_fighter_details",185 lbs.,185.0,,,,,,,,,,,,,nao_preenchido_data_completa_nao_encontrada,Não foi localizada data de nascimento completa em perfil correspondente. Idade ou ano isolado não foram usados para estimar a data.,,2026-10-08,,
3128,MIKE SEAL,0c01568b1ac77bff,Mike Seal,,,,,"6' 4""",185 lbs.,,Orthodox,1977-07-30,193.04,185.0,,,http://ufcstats.com/fighter-details/0c01568b1ac77bff,5.5,68%,68.0,3.33,50%,0.0,0%,0.0,33%,0.0,"fighter_tott, raw_fighter_details",185 lbs.,185.0,,,,,,,,,,,Sherdog; Tapology,https://www.sherdog.com/fighter/Mike-Seal-5411,preenchido_verificado,"Data completa concordante em Sherdog e Tapology; perfil identificado pelo nome, peso e histórico. Altura diverge do CSV e foi preservada sem correção.",Mike Seal,2026-10-08,https://www.sherdog.com/fighter/Mike-Seal-5411 | https://www.tapology.com/fightcenter/fighters/mike-seal-crazy-boy,
3135,MIKE ZICHELLE,6d3398b910461f2f,Mike Zichelle,,,,,,205 lbs.,,,,,205.0,,,http://ufcstats.com/fighter-details/6d3398b910461f2f,0.87,35%,35.0,0.87,40%,0.0,0%,0.0,0%,2.0,"fighter_tott, raw_fighter_details",205 lbs.,205.0,,,,,,,,,,,,,nao_preenchido_data_completa_nao_encontrada,Não foi localizada data de nascimento completa em perfil correspondente. Idade ou ano isolado não foram usados para estimar a data.,,2026-10-08,,
3142,MILCO VOORN,277ffed20cf07aea,Milco Voorn,,,,,,220 lbs.,,Orthodox,,,220.0,,,http://ufcstats.com/fighter-details/277ffed20cf07aea,0.0,0%,0.0,0.0,100%,0.0,0%,0.0,0%,0.0,"fighter_tott, raw_fighter_details",220 lbs.,220.0,,,,,,,,,,,,,nao_preenchido_data_completa_nao_encontrada,Não foi localizada data de nascimento completa em perfil correspondente. Idade ou ano isolado não foram usados para estimar a data.,,2026-10-08,,
3147,MINOKI ICHIHARA,4565d435005319c0,Minoki Ichihara,,0.0,1.0,0.0,"5' 7""",178 lbs.,,Orthodox,1968-06-30,170.18,178.0,,,http://ufcstats.com/fighter-details/4565d435005319c0,0.0,0%,0.0,0.0,0%,0.0,0%,0.0,0%,0.0,"fighter_tott, raw_fighter_details, ufc_dataset",178 lbs.,178.0,,,,,,,,,,,Sherdog,https://www.sherdog.com/fighter/Minoki-Ichihara-35,preenchido_verificado,Data completa explicitamente publicada no perfil citado. Correspondência por nome; altura compatível; peso compatível.,Minoki Ichihara,2026-10-08,https://www.sherdog.com/fighter/Minoki-Ichihara-35,1994-03-11
3148,MINORU TOYONAGA,04076783ca83d6ae,Minoru Toyonaga,,,,,"5' 11""",195 lbs.,,Southpaw,1978-06-12,180.34,195.0,,,http://ufcstats.com/fighter-details/04076783ca83d6ae,0.0,0%,0.0,0.0,0%,0.0,0%,0.0,0%,0.0,"fighter_tott, raw_fighter_details",195 lbs.,195.0,,,,,,,,,,,Sherdog,https://www.sherdog.com/fighter/Minoru-Toyonaga-320,preenchido_verificado,Data completa explicitamente publicada no perfil citado. Correspondência por nome; altura compatível; peso compatível.,Minoru Toyonaga,2026-10-08,https://www.sherdog.com/fighter/Minoru-Toyonaga-320,
3178,MOTI HORENSTEIN,baf942f4bcb09894,Moti Horenstein,,1.0,6.0,0.0,"6' 4""",230 lbs.,,Orthodox,1964-03-23,193.04,230.0,,,http://ufcstats.com/fighter-details/baf942f4bcb09894,0.0,0%,0.0,0.0,0%,0.0,0%,0.0,0%,0.0,"fighter_tott, raw_fighter_details, ufc_dataset",230 lbs.,230.0,,,,,,,,,,,Sherdog,https://www.sherdog.com/fighter/Moti-Horenstein-139,preenchido_verificado,Data completa explicitamente publicada no perfil citado. Correspondência por nome.,Moti Horenstein,2026-10-08,https://www.sherdog.com/fighter/Moti-Horenstein-139,1996-07-12
3179,MOTOKI MIYAZAWA,9649d75defe0dedb,Motoki Miyazawa,,,,,"5' 11""",168 lbs.,,Southpaw,1985-04-23,180.34,168.0,,,http://ufcstats.com/fighter-details/9649d75defe0dedb,1.23,28%,28.0,3.91,61%,0.0,0%,0.0,0%,0.0,"fighter_tott, raw_fighter_details",168 lbs.,168.0,,,,,,,,,,,Sherdog,https://www.sherdog.com/fighter/Motoki-Miyazawa-13678,preenchido_verificado,Data completa explicitamente publicada no perfil citado. Correspondência por nome; altura compatível; peso compatível.,Motoki Miyazawa,2026-10-08,https://www.sherdog.com/fighter/Motoki-Miyazawa-13678,
3190,MURAD CHUNKAIEV,d4a12dfa4067742f,Murad Chunkaiev,,,,,"5' 11""",185 lbs.,,Orthodox,1979-12-29,180.34,185.0,,,http://ufcstats.com/fighter-details/d4a12dfa4067742f,0.85,16%,16.0,3.41,66%,8.53,100%,100.0,0%,0.0,"fighter_tott, raw_fighter_details",185 lbs.,185.0,,,,,,,,,,,Sherdog,https://www.sherdog.com/fighter/Murad-Chunkaiev-4016,preenchido_verificado,Data completa explicitamente publicada no perfil citado. Correspondência por nome; altura compatível; peso compatível.,Murad Chunkaiev,2026-10-08,https://www.sherdog.com/fighter/Murad-Chunkaiev-4016,
3196,MYCHAL CLARK,69108cb8b32efe04,Mychal Clark,,,,,"6' 3""",224 lbs.,,Orthodox,,190.5,224.0,,,http://ufcstats.com/fighter-details/69108cb8b32efe04,5.8,56%,56.0,2.9,59%,0.0,0%,0.0,0%,0.0,"fighter_tott, raw_fighter_details",224 lbs.,224.0,,,,,,,,,,,,,nao_preenchido_data_completa_nao_encontrada,Não foi localizada data de nascimento completa em perfil correspondente. Idade ou ano isolado não foram usados para estimar a data.,,2026-10-08,,
3209,NAOKI MATSUSHITA,990060b2a68a7b82,Naoki Matsushita,,,,,"5' 6""",155 lbs.,,Orthodox,1976-03-31,167.64,155.0,,,http://ufcstats.com/fighter-details/990060b2a68a7b82,3.3,32%,32.0,2.2,63%,1.5,100%,100.0,0%,0.0,"fighter_tott, raw_fighter_details",155 lbs.,155.0,,,,,,,,,,,Sherdog,https://www.sherdog.com/fighter/Naoki-Matsushita-2212,preenchido_verificado,Data completa explicitamente publicada no perfil citado. Correspondência por nome; altura compatível; peso compatível.,Naoki Matsushita,2026-10-08,https://www.sherdog.com/fighter/Naoki-Matsushita-2212,
3225,NATE MOORE,518e5202a91980d4,Nate Moore,,,,,"6' 0""",170 lbs.,,,1983-04-06,182.88,170.0,,,http://ufcstats.com/fighter-details/518e5202a91980d4,2.21,25%,25.0,2.87,42%,1.23,16%,16.0,25%,0.0,"fighter_tott, raw_fighter_details",170 lbs.,170.0,,,,,,,,,,,Sherdog,https://www.sherdog.com/fighter/Nate-Moore-30463,preenchido_verificado,Data completa explicitamente publicada no perfil citado. Correspondência por nome; altura compatível; peso compatível.,Nate Moore,2026-10-08,https://www.sherdog.com/fighter/Nate-Moore-30463,
3227,NATE SCHROEDER,040426baba8a45e8,Nate Schroeder,,11.0,10.0,0.0,"6' 1""",230 lbs.,,,1973-06-02,185.42,230.0,,,http://ufcstats.com/fighter-details/040426baba8a45e8,0.0,0%,0.0,0.0,0%,0.0,0%,0.0,0%,0.0,"fighter_tott, raw_fighter_details, ufc_dataset",230 lbs.,230.0,,,,,,,,,,,Sherdog,https://www.sherdog.com/fighter/Nate-Schroeder-255,preenchido_verificado,Data completa explicitamente publicada no perfil citado. Correspondência por nome; altura compatível; peso compatível.,Nate Schroeder,2026-10-08,https://www.sherdog.com/fighter/Nate-Schroeder-255,2000-06-09
3242,NEIL WAIN,6b7bc7eaf2465387,Neil Wain,Old School,13.0,4.0,0.0,"5' 10""",242 lbs.,,Orthodox,,177.8,242.0,,,http://ufcstats.com/fighter-details/6b7bc7eaf2465387,2.64,50%,50.0,8.57,43%,0.0,0%,0.0,50%,0.0,"fighter_tott, raw_fighter_details, ufc_dataset",242 lbs.,242.0,,,,,,,,,,,,,nao_preenchido_data_completa_nao_encontrada,Não foi localizada data de nascimento completa em perfil correspondente. Idade ou ano isolado não foram usados para estimar a data.,,2026-10-08,,2008-10-18
3243,NEIMAN GRACIE,12d855d12a624da2,Neiman Gracie,,,,,"6' 0""",170 lbs.,,,1988-12-12,182.88,170.0,,,http://ufcstats.com/fighter-details/12d855d12a624da2,0.77,100%,100.0,0.38,75%,5.77,100%,100.0,0%,5.8,"fighter_tott, raw_fighter_details",170 lbs.,170.0,,,,,,,,,,,Sherdog,https://www.sherdog.com/fighter/Neiman-Gracie-143527,preenchido_verificado,Data completa explicitamente publicada no perfil citado. Correspondência por nome; altura compatível; peso compatível.,Neiman Gracie,2026-10-08,https://www.sherdog.com/fighter/Neiman-Gracie-143527,
3248,NICHOLAS SERGIACOMI,efab191f204ffa17,Nicholas Sergiacomi,,,,,,170 lbs.,,,,,170.0,,,http://ufcstats.com/fighter-details/efab191f204ffa17,4.38,55%,55.0,3.94,59%,0.0,0%,0.0,0%,0.0,"fighter_tott, raw_fighter_details",170 lbs.,170.0,,,,,,,,,,,,,nao_preenchido_data_completa_nao_encontrada,Não foi localizada data de nascimento completa em perfil correspondente. Idade ou ano isolado não foram usados para estimar a data.,,2026-10-08,,
3251,NICK BARNES,78a5eea49638685d,Nick Barnes,,,,,"5' 11""",170 lbs.,,,1990-08-16,180.34,170.0,,,http://ufcstats.com/fighter-details/78a5eea49638685d,2.86,29%,29.0,8.93,51%,5.36,100%,100.0,100%,5.4,"fighter_tott, raw_fighter_details",170 lbs.,170.0,,,,,,,,,,,Sherdog,https://www.sherdog.com/fighter/Nick-Barnes-79934,preenchido_verificado,Data completa explicitamente publicada no perfil citado. Correspondência por nome; altura compatível; peso compatível.,Nick Barnes,2026-10-08,https://www.sherdog.com/fighter/Nick-Barnes-79934,
3252,NICK BUSTAMANTE,51b1ca2a4b064101,Nick Bustamante,,,,,"5' 9""",170 lbs.,,,,175.26,170.0,,,http://ufcstats.com/fighter-details/51b1ca2a4b064101,0.0,0%,0.0,0.0,0%,0.0,0%,0.0,0%,0.0,"fighter_tott, raw_fighter_details",170 lbs.,170.0,,,,,,,,,,,,,nao_preenchido_data_completa_nao_encontrada,Não foi localizada data de nascimento completa em perfil correspondente. Idade ou ano isolado não foram usados para estimar a data.,,2026-10-08,,
3256,NICK ERTL,74061adb224be3cc,Nick Ertl,,,,,"5' 9""",155 lbs.,,,1968-10-29,175.26,155.0,,,http://ufcstats.com/fighter-details/74061adb224be3cc,1.34,69%,69.0,1.59,41%,1.88,50%,50.0,0%,0.0,"fighter_tott, raw_fighter_details",155 lbs.,155.0,,,,,,,,,,,Sherdog,https://www.sherdog.com/fighter/Nick-Ertl-520,preenchido_verificado,Data completa explicitamente publicada no perfil citado. Correspondência por nome; altura compatível; peso compatível.,Nick Ertl,2026-10-08,https://www.sherdog.com/fighter/Nick-Ertl-520,
3258,NICK GARCIA,8a04d94dfcfab159,Nick Garcia,,,,,"5' 4""",125 lbs.,,,,162.56,125.0,,,http://ufcstats.com/fighter-details/8a04d94dfcfab159,0.67,25%,25.0,3.03,50%,0.0,0%,0.0,83%,5.1,"fighter_tott, raw_fighter_details",125 lbs.,125.0,,,,,,,,,,,,,nao_preenchido_identidade_nao_confirmada,"Perfil com data encontrado, mas altura/peso divergem do registro original; correspondência não confirmada.",,2026-10-08,https://www.tapology.com/fightcenter/fighters/303617-nicholas-garcia,
3259,NICK GIBBONS,96a221341035b701,Nick Gibbons,,,,,"5' 10""",155 lbs.,,,,177.8,155.0,,,http://ufcstats.com/fighter-details/96a221341035b701,0.0,0%,0.0,0.0,0%,0.0,0%,0.0,0%,0.0,"fighter_tott, raw_fighter_details",155 lbs.,155.0,,,,,,,,,,,,,nao_preenchido_data_completa_nao_encontrada,Não foi localizada data de nascimento completa em perfil correspondente. Idade ou ano isolado não foram usados para estimar a data.,,2026-10-08,,
3264,NICK MEREGALI,2f6dc878d653c442,Nick Meregali,,,,,,229 lbs.,,,1994-05-27,,229.0,,,http://ufcstats.com/fighter-details/2f6dc878d653c442,,,,,,,,,,,fighter_tott,,,Tapology,https://www.tapology.com/fightcenter/fighters/214311-nicholas-meregali,ultima_pesagem_perfil,2023-12-10,preenchido_verificado,weight;weight_lbs,"Nicholas Meregali (Nick). Pesagem de 229 lbs registrada no histórico do UFC Fight Pass Invitational 5, em 10/12/2023; valor histórico de grappling.",2026-10-07,https://www.tapology.com/fightcenter/fighters/214311-nicholas-meregali,,Tapology,https://www.tapology.com/fightcenter/fighters/214311-nicholas-meregali,preenchido_verificado,Data completa explicitamente publicada no perfil citado. Correspondência por nome; peso compatível. Variante do nome: Nicholas Meregali.,Nicholas Meregali,2026-10-08,https://www.tapology.com/fightcenter/fighters/214311-nicholas-meregali,
3266,NICK NOLTE,d665de9b4da87c22,Nick Nolte,,,,,"6' 0""",170 lbs.,,,1981-03-04,182.88,170.0,,,http://ufcstats.com/fighter-details/d665de9b4da87c22,0.0,0%,0.0,0.0,0%,0.0,0%,0.0,0%,0.0,"fighter_tott, raw_fighter_details",170 lbs.,170.0,,,,,,,,,,,Sherdog,https://www.sherdog.com/fighter/Nick-Nolte-35214,preenchido_verificado,Data completa explicitamente publicada no perfil citado. Correspondência por nome; altura compatível; peso compatível.,Nick Nolte,2026-10-08,https://www.sherdog.com/fighter/Nick-Nolte-35214,
3270,NICK PICA,7922e8269adcc25a,Nick Pica,,,,,"5' 10""",185 lbs.,,,,177.8,185.0,,,http://ufcstats.com/fighter-details/7922e8269adcc25a,0.0,0%,0.0,0.0,0%,0.0,0%,0.0,0%,0.0,"fighter_tott, raw_fighter_details",185 lbs.,185.0,,,,,,,,,,,,,nao_preenchido_data_completa_nao_encontrada,Não foi localizada data de nascimento completa em perfil correspondente. Idade ou ano isolado não foram usados para estimar a data.,,2026-10-08,,
3272,NICK PIEDMONT,df7d386a54e07446,Nick Piedmont,,,,,"5' 10""",145 lbs.,,,1989-04-10,177.8,145.0,,,http://ufcstats.com/fighter-details/df7d386a54e07446,0.0,0%,0.0,0.0,0%,0.0,0%,0.0,0%,0.0,"fighter_tott, raw_fighter_details",145 lbs.,145.0,,,,,,,,,,,Sherdog,https://www.sherdog.com/fighter/Nick-Piedmont-53297,preenchido_verificado,Data completa explicitamente publicada no perfil citado. Correspondência por nome; altura compatível; peso compatível.,Nick Piedmont,2026-10-08,https://www.sherdog.com/fighter/Nick-Piedmont-53297,
3276,NICK SANZO,1d147d4163a6989b,Nick Sanzo,,1.0,1.0,0.0,"5' 9""",190 lbs.,,,1963-01-16,175.26,190.0,,,http://ufcstats.com/fighter-details/1d147d4163a6989b,0.0,0%,0.0,0.0,0%,0.0,0%,0.0,0%,0.0,"fighter_tott, raw_fighter_details, ufc_dataset",190 lbs.,190.0,,,,,,,,,,,Sherdog,https://www.sherdog.com/fighter/Nick-Sanzo-148,preenchido_verificado,Data completa explicitamente publicada no perfil citado. Correspondência por nome; altura compatível; peso compatível.,Nick Sanzo,2026-10-08,https://www.sherdog.com/fighter/Nick-Sanzo-148 | https://www.tapology.com/fightcenter/fighters/nick-sanzo,1997-02-07
3278,NICK SPERLING,7d68f3bec89e08ec,Nick Sperling,,,,,,135 lbs.,,,,,135.0,,,http://ufcstats.com/fighter-details/7d68f3bec89e08ec,1.4,25%,25.0,1.4,66%,0.0,0%,0.0,0%,0.0,"fighter_tott, raw_fighter_details",135 lbs.,135.0,,,,,,,,,,,,,nao_preenchido_data_completa_nao_encontrada,Não foi localizada data de nascimento completa em perfil correspondente. Idade ou ano isolado não foram usados para estimar a data.,,2026-10-08,,
3285,NIK THEOTIKOS,ca936c67687789e9,Nik Theotikos,,,,,,185 lbs.,,Orthodox,,,185.0,,,http://ufcstats.com/fighter-details/ca936c67687789e9,0.0,0%,0.0,5.48,19%,0.0,0%,0.0,0%,4.8,"fighter_tott, raw_fighter_details",185 lbs.,185.0,,,,,,,,,,,,,nao_preenchido_data_completa_nao_encontrada,Não foi localizada data de nascimento completa em perfil correspondente. Idade ou ano isolado não foram usados para estimar a data.,,2026-10-08,,
3292,NIKOLAJUS CILKINAS,3f3550bf126a5721,Nikolajus Cilkinas,,,,,,205 lbs.,,Orthodox,,,205.0,,,http://ufcstats.com/fighter-details/3f3550bf126a5721,0.0,0%,0.0,5.88,16%,0.0,0%,0.0,0%,0.0,"fighter_tott, raw_fighter_details",,,Sherdog,https://www.sherdog.com/fighter/Nikolajus-Cilkinas-20319,perfil,,preenchido_verificado,weight;weight_lbs,Peso explicitamente informado no perfil; não representa necessariamente o peso atual nem uma pesagem de evento.,2026-10-07,https://www.sherdog.com/fighter/Nikolajus-Cilkinas-20319,,,,nao_preenchido_data_completa_nao_encontrada,Não foi localizada data de nascimento completa em perfil correspondente. Idade ou ano isolado não foram usados para estimar a data.,,2026-10-08,,
3302,NOE HERNANDEZ,df2cf66d8c0123db,Noe Hernandez,,5.0,5.0,0.0,,,,Orthodox,,,,,,http://ufcstats.com/fighter-details/df2cf66d8c0123db,0.0,0%,0.0,0.0,0%,0.0,0%,0.0,0%,0.0,"fighter_tott, raw_fighter_details, ufc_dataset",,,,,,,nao_preenchido_sem_peso_verificavel,,Perfil pertinente ao UFC antigo sem peso válido (0); homônimo mais recente descartado.,2026-10-07,https://www.sherdog.com/fighter/Noe-Hernandez-193,,,,nao_preenchido_data_completa_nao_encontrada,Não foi localizada data de nascimento completa em perfil correspondente. Idade ou ano isolado não foram usados para estimar a data.,,2026-10-08,,1998-05-15
3315,OJ DOMINGUEZ,1a50e734bb54861a,OJ Dominguez,,,,,,,,,,,,,,http://ufcstats.com/fighter-details/1a50e734bb54861a,0.0,0%,0.0,0.0,0%,0.0,0%,0.0,0%,0.0,"fighter_tott, raw_fighter_details",,,,,,,nao_preenchido_sem_peso_verificavel,,Pesquisa nominal não encontrou peso individual verificável com correspondência suficiente ao registro original.,2026-10-07,,,,,nao_preenchido_data_completa_nao_encontrada,Não foi localizada data de nascimento completa em perfil correspondente. Idade ou ano isolado não foram usados para estimar a data.,,2026-10-08,,
3327,ONASSIS PARUNGAO,96d173b7f92aa520,Onassis Parungao,,2.0,1.0,0.0,"5' 11""",200 lbs.,,,,180.34,200.0,,,http://ufcstats.com/fighter-details/96d173b7f92aa520,0.0,0%,0.0,0.0,0%,0.0,0%,0.0,0%,0.0,"fighter_tott, raw_fighter_details, ufc_dataset",200 lbs.,200.0,,,,,,,,,,,,,nao_preenchido_data_completa_nao_encontrada,Não foi localizada data de nascimento completa em perfil correspondente. Idade ou ano isolado não foram usados para estimar a data.,,2026-10-08,,
3329,ORLANDO WIET,a6c2f5381d575920,Orlando Wiet,The Gladiator,1.0,5.0,0.0,"5' 10""",170 lbs.,,Southpaw,1965-10-24,177.8,170.0,,,http://ufcstats.com/fighter-details/a6c2f5381d575920,0.0,0%,0.0,0.0,0%,0.0,0%,0.0,0%,0.0,"fighter_tott, raw_fighter_details, ufc_dataset",170 lbs.,170.0,,,,,,,,,,,Sherdog,https://www.sherdog.com/fighter/Orlando-Wiet-31,preenchido_verificado,Data completa explicitamente publicada no perfil citado. Correspondência por nome; altura compatível; peso compatível.,Orlando Wiet,2026-10-08,https://www.sherdog.com/fighter/Orlando-Wiet-31 | https://www.tapology.com/fightcenter/fighters/orlando-weit-the-gladiator,1994-03-11
3331,OSAMU TACHIHIKARI,e7bc606d269896aa,Osamu Tachihikari,,,,,"6' 5""",300 lbs.,,Orthodox,,195.58,300.0,,,http://ufcstats.com/fighter-details/e7bc606d269896aa,0.0,0%,0.0,0.0,0%,0.0,0%,0.0,0%,0.0,"fighter_tott, raw_fighter_details",300 lbs.,300.0,,,,,,,,,,,,,nao_preenchido_data_completa_nao_encontrada,Não foi localizada data de nascimento completa em perfil correspondente. Idade ou ano isolado não foram usados para estimar a data.,,2026-10-08,,
3353,PAT BENSON,a25f3dc0df974597,Pat Benson,,,,,"5' 9""",155 lbs.,,,1974-07-14,175.26,155.0,,,http://ufcstats.com/fighter-details/a25f3dc0df974597,0.0,0%,0.0,0.0,0%,0.0,0%,0.0,0%,0.0,"fighter_tott, raw_fighter_details",155 lbs.,155.0,,,,,,,,,,,Sherdog,https://www.sherdog.com/fighter/Pat-Benson-2356,preenchido_verificado,Data completa explicitamente publicada no perfil citado. Correspondência por nome; altura compatível; peso compatível.,Pat Benson,2026-10-08,https://www.sherdog.com/fighter/Pat-Benson-2356,
3366,PATRICK KAASE,b180f05acb24d430,Patrick Kaase,,,,,"5' 9""",185 lbs.,,,,175.26,185.0,,,http://ufcstats.com/fighter-details/b180f05acb24d430,4.4,67%,67.0,0.53,50%,0.0,0%,0.0,50%,0.0,"fighter_tott, raw_fighter_details",185 lbs.,185.0,,,,,,,,,,,,,nao_preenchido_data_completa_nao_encontrada,Não foi localizada data de nascimento completa em perfil correspondente. Idade ou ano isolado não foram usados para estimar a data.,,2026-10-08,,
3367,PATRICK MURPHY,eca7e064746c161a,Patrick Murphy,,,,,"6' 0""",170 lbs.,,,,182.88,170.0,,,http://ufcstats.com/fighter-details/eca7e064746c161a,3.4,66%,66.0,0.8,42%,0.0,0%,0.0,50%,1.0,"fighter_tott, raw_fighter_details",170 lbs.,170.0,,,,,,,,,,,,,nao_preenchido_data_completa_nao_encontrada,Não foi localizada data de nascimento completa em perfil correspondente. Idade ou ano isolado não foram usados para estimar a data.,,2026-10-08,,
3370,PATRICK SPEIGHT,ae4650eb56ab6a11,Patrick Speight,,,,,"6' 1""",170 lbs.,,Orthodox,,185.42,170.0,,,http://ufcstats.com/fighter-details/ae4650eb56ab6a11,0.0,0%,0.0,0.0,0%,0.0,0%,0.0,0%,0.0,"fighter_tott, raw_fighter_details",170 lbs.,170.0,,,,,,,,,,,,,nao_preenchido_data_completa_nao_encontrada,Não foi localizada data de nascimento completa em perfil correspondente. Idade ou ano isolado não foram usados para estimar a data.,,2026-10-08,,
3384,PAUL HERRERA,440c9dbab63528fb,Paul Herrera,The Bone Crusher,1.0,1.0,0.0,"5' 10""",185 lbs.,,Orthodox,1964-02-21,177.8,185.0,,,http://ufcstats.com/fighter-details/440c9dbab63528fb,0.0,0%,0.0,0.0,0%,0.0,0%,0.0,0%,0.0,"fighter_tott, raw_fighter_details, ufc_dataset",185 lbs.,185.0,,,,,,,,,,,Sherdog,https://www.sherdog.com/fighter/Paul-Herrera-130,preenchido_verificado,Data completa explicitamente publicada no perfil citado. Correspondência por nome; altura compatível; peso compatível.,Paul Herrera,2026-10-08,https://www.sherdog.com/fighter/Paul-Herrera-130,1996-02-16
3388,PAUL RODRIGUEZ,26eddcda9d6b2ffe,Paul Rodriguez,,10.0,9.0,2.0,"5' 7""",155 lbs.,,Orthodox,1975-05-18,170.18,155.0,,,http://ufcstats.com/fighter-details/26eddcda9d6b2ffe,0.84,100%,100.0,1.68,68%,0.0,0%,0.0,50%,0.0,"fighter_tott, raw_fighter_details, ufc_dataset",155 lbs.,155.0,,,,,,,,,,,Tapology,https://www.tapology.com/fightcenter/fighters/paul-rodriguez,preenchido_verificado,Data completa explicitamente publicada no perfil citado. Correspondência por nome; altura compatível; peso compatível.,Paul Rodriguez,2026-10-08,https://www.tapology.com/fightcenter/fighters/paul-rodriguez,2001-06-29
3391,PAUL SONG,9775eabcb1be1a00,Paul Song,,,,,,185 lbs.,,,1987-01-20,,185.0,,,http://ufcstats.com/fighter-details/9775eabcb1be1a00,0.0,0%,0.0,0.0,0%,0.0,0%,0.0,0%,0.0,"fighter_tott, raw_fighter_details",185 lbs.,185.0,,,,,,,,,,,Sherdog,https://www.sherdog.com/fighter/Paul-Song-55980,preenchido_verificado,Data completa explicitamente publicada no perfil citado. Correspondência por nome; peso compatível.,Paul Song,2026-10-08,https://www.sherdog.com/fighter/Paul-Song-55980,
3393,PAUL VARELANS,07a18ae55dfc3cd9,Paul Varelans,The Polar Bear,9.0,9.0,0.0,"6' 8""",300 lbs.,,Orthodox,1969-09-17,203.2,300.0,,,http://ufcstats.com/fighter-details/07a18ae55dfc3cd9,0.0,0%,0.0,0.0,0%,0.0,0%,0.0,0%,0.0,"fighter_tott, raw_fighter_details, ufc_dataset",300 lbs.,300.0,,,,,,,,,,,Sherdog,https://www.sherdog.com/fighter/Paul-Varelans-112,preenchido_verificado,Data completa explicitamente publicada no perfil citado. Correspondência por nome; altura compatível; peso compatível.,Paul Varelans,2026-10-08,https://www.sherdog.com/fighter/Paul-Varelans-112,1995-07-14
3401,PAULO SANTOS,7ca4c3f8aa8bacae,Paulo Santos,,0.0,3.0,0.0,,,,,1991-05-22,,,,,http://ufcstats.com/fighter-details/7ca4c3f8aa8bacae,0.0,0%,0.0,0.0,0%,0.0,0%,0.0,0%,0.0,"fighter_tott, raw_fighter_details, ufc_dataset",,,,,,,nao_preenchido_sem_peso_verificavel,,Perfil pertinente ao UFC Brazil 1998 informa peso 0; homônimos descartados.,2026-10-07,https://www.sherdog.com/fighter/Paulo-Santos-204,,Tapology,https://www.tapology.com/fightcenter/fighters/409739-paulo-santos,preenchido_verificado,Data completa explicitamente publicada no perfil citado. Correspondência por nome.,Paulo Santos,2026-10-08,https://www.tapology.com/fightcenter/fighters/409739-paulo-santos,
3411,PEDRO OTAVIO,4512e46543b960ad,Pedro Otavio,,,,,"6' 3""",245 lbs.,,Orthodox,1967-12-17,190.5,245.0,,,http://ufcstats.com/fighter-details/4512e46543b960ad,0.0,0%,0.0,0.0,0%,0.0,0%,0.0,0%,0.0,"fighter_tott, raw_fighter_details",245 lbs.,245.0,,,,,,,,,,,Sherdog,https://www.sherdog.com/fighter/Pedro-Otavio-298,preenchido_verificado,Data completa explicitamente publicada no perfil citado. Correspondência por nome; altura compatível; peso compatível.,Pedro Otavio,2026-10-08,https://www.sherdog.com/fighter/Pedro-Otavio-298,
3413,PEDRO ROCHA,5921fd3f889afa3b,Pedro Rocha,,,,,,,,,,,,,,http://ufcstats.com/fighter-details/5921fd3f889afa3b,,,,,,,,,,,fighter_tott,,,,,,,nao_preenchido_identidade_ambigua,,"Nome compartilhado por diferentes atletas; encontrados dados de categoria, sem pesagem individual confirmada.",2026-10-07,,,,,nao_preenchido_data_completa_nao_encontrada,Não foi localizada data de nascimento completa em perfil correspondente. Idade ou ano isolado não foram usados para estimar a data.,,2026-10-08,,
3415,PER EKLUND,58bc81376286b3d3,Per Eklund,,14.0,5.0,1.0,"5' 10""",155 lbs.,"72""",Orthodox,1980-11-12,177.8,155.0,72.0,182.88,http://ufcstats.com/fighter-details/58bc81376286b3d3,2.07,61%,61.0,2.38,67%,2.07,11%,11.0,50%,3.6,"fighter_tott, raw_fighter_details, ufc_dataset",155 lbs.,155.0,,,,,,,,,,,Sherdog,https://www.sherdog.com/fighter/Per-Eklund-3707,preenchido_verificado,Data completa explicitamente publicada no perfil citado. Correspondência por nome; altura compatível; peso compatível.,Per Eklund,2026-10-08,https://www.sherdog.com/fighter/Per-Eklund-3707,2008-01-19
3417,PETE ROGERS JR.,36f3d235493d35ad,Pete Rogers Jr.,,,,,"6' 0""",145 lbs.,,,,182.88,145.0,,,http://ufcstats.com/fighter-details/36f3d235493d35ad,0.66,15%,15.0,1.71,65%,0.0,0%,0.0,0%,0.0,"fighter_tott, raw_fighter_details",145 lbs.,145.0,,,,,,,,,,,,,nao_preenchido_data_completa_nao_encontrada,Não foi localizada data de nascimento completa em perfil correspondente. Idade ou ano isolado não foram usados para estimar a data.,,2026-10-08,,
3418,PETE SABALA,7956f026e2672c47,Pete Sabala,,,,,,135 lbs.,,,,,135.0,,,http://ufcstats.com/fighter-details/7956f026e2672c47,0.0,0%,0.0,0.0,0%,0.0,0%,0.0,0%,0.0,"fighter_tott, raw_fighter_details",135 lbs.,135.0,,,,,,,,,,,,,nao_preenchido_data_completa_nao_encontrada,Não foi localizada data de nascimento completa em perfil correspondente. Idade ou ano isolado não foram usados para estimar a data.,,2026-10-08,,
3436,PHILIP PEREZ,eee8efec7b951d84,Philip Perez,,,,,"5' 5""",155 lbs.,,Southpaw,,165.1,155.0,,,http://ufcstats.com/fighter-details/eee8efec7b951d84,1.36,100%,100.0,0.68,66%,10.23,100%,100.0,0%,10.2,"fighter_tott, raw_fighter_details",155 lbs.,155.0,,,,,,,,,,,,,nao_preenchido_data_completa_nao_encontrada,Não foi localizada data de nascimento completa em perfil correspondente. Idade ou ano isolado não foram usados para estimar a data.,,2026-10-08,,
3437,PHILIP PREECE,6597b611f1c32555,Philip Preece,,,,,"5' 8""",205 lbs.,,Orthodox,1974-06-04,172.72,205.0,,,http://ufcstats.com/fighter-details/6597b611f1c32555,0.8,72%,72.0,0.7,63%,0.0,0%,0.0,0%,0.0,"fighter_tott, raw_fighter_details",205 lbs.,205.0,,,,,,,,,,,Sherdog,https://www.sherdog.com/fighter/Philip-Preece-1625,preenchido_verificado,Data completa explicitamente publicada no perfil citado. Correspondência por nome; altura compatível; peso compatível.,Philip Preece,2026-10-08,https://www.sherdog.com/fighter/Philip-Preece-1625,
3453,PRO ESCOBEDO,b36874652ed7715d,Pro Escobedo,,,,,,205 lbs.,,,,,205.0,,,http://ufcstats.com/fighter-details/b36874652ed7715d,0.0,0%,0.0,0.0,0%,0.0,0%,0.0,0%,0.0,"fighter_tott, raw_fighter_details",205 lbs.,205.0,,,,,,,,,,,,,nao_preenchido_data_completa_nao_encontrada,Não foi localizada data de nascimento completa em perfil correspondente. Idade ou ano isolado não foram usados para estimar a data.,,2026-10-08,,
3459,QUENTIN PASLEY,15b1f83a90302adf,Quentin Pasley,,,,,,205 lbs.,,,2001-10-15,,205.0,,,http://ufcstats.com/fighter-details/15b1f83a90302adf,,,,,,,,,,,fighter_tott,205 lbs.,205.0,,,,,,,,,,,Sherdog,https://www.sherdog.com/fighter/Quentin-Pasley-400375,preenchido_verificado,Data completa explicitamente publicada no perfil citado. Correspondência por nome; peso compatível.,Quentin Pasley,2026-10-08,https://www.sherdog.com/fighter/Quentin-Pasley-400375,
3468,RAFAEL CARINO,08a7080ff5904661,Rafael Carino,,2.0,1.0,1.0,"6' 8""",245 lbs.,,Orthodox,1973-07-16,203.2,245.0,,,http://ufcstats.com/fighter-details/08a7080ff5904661,0.0,0%,0.0,0.0,0%,0.0,0%,0.0,0%,0.0,"fighter_tott, raw_fighter_details, ufc_dataset",245 lbs.,245.0,,,,,,,,,,,Sherdog,https://www.sherdog.com/fighter/Rafael-Carino-131,preenchido_verificado,Data completa explicitamente publicada no perfil citado. Correspondência por nome; altura compatível; peso compatível.,Rafael Carino,2026-10-08,https://www.sherdog.com/fighter/Rafael-Carino-131,1996-05-17
3472,RAFAEL DEL REAL,6993a479f38e7ba9,Rafael  Del Real,,,,,"5' 11""",225 lbs.,,,,,225.0,,,,5.58,40%,40.0,0.0,0%,20.93,100%,100.0,100%,0.0,raw_fighter_details,225 lbs.,225.0,,,,,,,,,,,,,nao_preenchido_data_completa_nao_encontrada,Não foi localizada data de nascimento completa em perfil correspondente. Idade ou ano isolado não foram usados para estimar a data.,,2026-10-08,,
3477,RAFAEL FREITAS,14b9e0f2679a2205,Rafael Freitas,,,,,,205 lbs.,,Orthodox,,,205.0,,,http://ufcstats.com/fighter-details/14b9e0f2679a2205,2.0,29%,29.0,8.0,51%,11.25,50%,50.0,0%,0.0,"fighter_tott, raw_fighter_details",205 lbs.,205.0,,,,,,,,,,,,,nao_preenchido_data_completa_nao_encontrada,Não foi localizada data de nascimento completa em perfil correspondente. Idade ou ano isolado não foram usados para estimar a data.,,2026-10-08,,
3481,RAFAEL RIOS,2f5754b48eab1486,Rafael Rios,,,,,,150 lbs.,,,,,150.0,,,http://ufcstats.com/fighter-details/2f5754b48eab1486,0.0,0%,0.0,0.0,0%,0.0,0%,0.0,0%,0.0,"fighter_tott, raw_fighter_details",150 lbs.,150.0,,,,,,,,,,,,,nao_preenchido_data_completa_nao_encontrada,Não foi localizada data de nascimento completa em perfil correspondente. Idade ou ano isolado não foram usados para estimar a data.,,2026-10-08,,
3484,RAFAELDEL REAL,e82b2adcaeff71ec,RafaelDel Real,,,,,"5' 11""",225 lbs.,,,,180.34,225.0,,,http://ufcstats.com/fighter-details/e82b2adcaeff71ec,,,,,,,,,,,fighter_tott,225 lbs.,225.0,,,,,,,,,,,,,nao_preenchido_data_completa_nao_encontrada,Não foi localizada data de nascimento completa em perfil correspondente. Idade ou ano isolado não foram usados para estimar a data.,,2026-10-08,,
3489,RAINY MARTINEZ,577ec7e108b94be3,Rainy Martinez,,0.0,2.0,0.0,"6' 0""",199 lbs.,,Orthodox,,182.88,199.0,,,http://ufcstats.com/fighter-details/577ec7e108b94be3,0.0,0%,0.0,0.0,0%,0.0,0%,0.0,0%,0.0,"fighter_tott, raw_fighter_details, ufc_dataset",199 lbs.,199.0,,,,,,,,,,,,,nao_preenchido_data_completa_nao_encontrada,Não foi localizada data de nascimento completa em perfil correspondente. Idade ou ano isolado não foram usados para estimar a data.,,2026-10-08,,1997-02-07
3492,RALPH DILLON,b4f7a2d8ecc5e0c3,Ralph Dillon,,,,,"6' 2""",205 lbs.,,Orthodox,,187.96,205.0,,,http://ufcstats.com/fighter-details/b4f7a2d8ecc5e0c3,0.34,14%,14.0,0.69,60%,0.0,0%,0.0,0%,0.0,"fighter_tott, raw_fighter_details",205 lbs.,205.0,,,,,,,,,,,,,nao_preenchido_data_completa_nao_encontrada,Não foi localizada data de nascimento completa em perfil correspondente. Idade ou ano isolado não foram usados para estimar a data.,,2026-10-08,,
3493,RALPH GRACIE,a9c45a8b21eabadc,Ralph Gracie,,,,,"5' 9""",183 lbs.,,Orthodox,1971-05-25,175.26,183.0,,,http://ufcstats.com/fighter-details/a9c45a8b21eabadc,0.86,37%,37.0,1.72,31%,0.0,0%,0.0,25%,4.0,"fighter_tott, raw_fighter_details",183 lbs.,183.0,,,,,,,,,,,Sherdog,https://www.sherdog.com/fighter/Ralph-Gracie-403,preenchido_verificado,Data completa explicitamente publicada no perfil citado. Correspondência por nome; altura compatível; peso compatível.,Ralph Gracie,2026-10-08,https://www.sherdog.com/fighter/Ralph-Gracie-403,
3514,RAOU RAOU,ed069a95aaaf4f56,Raou Raou,,,,,"5' 8""",195 lbs.,,Orthodox,,172.72,195.0,,,http://ufcstats.com/fighter-details/ed069a95aaaf4f56,2.01,16%,16.0,6.75,60%,0.0,0%,0.0,0%,0.0,"fighter_tott, raw_fighter_details",195 lbs.,195.0,,,,,,,,,,,,,nao_preenchido_data_completa_nao_encontrada,Não foi localizada data de nascimento completa em perfil correspondente. Idade ou ano isolado não foram usados para estimar a data.,,2026-10-08,,
3519,RAQUEL PA'ALUHI,373be586f370d400,Raquel Pa'aluhi,,,,,"5' 7""",135 lbs.,,,,170.18,135.0,,,http://ufcstats.com/fighter-details/373be586f370d400,1.71,56%,56.0,3.42,46%,0.0,0%,0.0,18%,0.0,"fighter_tott, raw_fighter_details",135 lbs.,135.0,,,,,,,,,,,,,nao_preenchido_data_completa_nao_encontrada,Não foi localizada data de nascimento completa em perfil correspondente. Idade ou ano isolado não foram usados para estimar a data.,,2026-10-08,,
3523,RASHARD LOVELACE,e601d71cf8e5be22,Rashard Lovelace,,,,,,155 lbs.,,,1989-04-05,,155.0,,,http://ufcstats.com/fighter-details/e601d71cf8e5be22,0.0,0%,0.0,0.0,0%,0.0,0%,0.0,0%,0.0,"fighter_tott, raw_fighter_details",155 lbs.,155.0,,,,,,,,,,,Sherdog,https://www.sherdog.com/fighter/Rashard-Lovelace-77808,preenchido_verificado,Data completa explicitamente publicada no perfil citado. Correspondência por nome; peso compatível.,Rashard Lovelace,2026-10-08,https://www.sherdog.com/fighter/Rashard-Lovelace-77808,
3526,RAUL CASTILLO,feeae92f951f49a9,Raul Castillo,,,,,"5' 11""",185 lbs.,,Orthodox,,180.34,185.0,,,http://ufcstats.com/fighter-details/feeae92f951f49a9,1.47,48%,48.0,3.27,60%,0.0,0%,0.0,0%,0.0,"fighter_tott, raw_fighter_details",185 lbs.,185.0,,,,,,,,,,,,,nao_preenchido_identidade_nao_confirmada,"Perfil com data encontrado, mas altura/peso divergem do registro original; correspondência não confirmada.",,2026-10-08,https://www.sherdog.com/fighter/Raul-Castillo-306689,
3528,RAUL SANDOVAL,f9ad10f6a49e5452,Raul Sandoval,,,,,,130 lbs.,,,,,130.0,,,http://ufcstats.com/fighter-details/f9ad10f6a49e5452,0.0,0%,0.0,0.0,0%,0.0,0%,0.0,0%,0.0,"fighter_tott, raw_fighter_details",130 lbs.,130.0,,,,,,,,,,,,,nao_preenchido_data_completa_nao_encontrada,Não foi localizada data de nascimento completa em perfil correspondente. Idade ou ano isolado não foram usados para estimar a data.,,2026-10-08,,
3532,RAY PERALES,9a70f67ad2187fa3,Ray Perales,,,,,"5' 10""",170 lbs.,,Orthodox,1975-07-02,177.8,170.0,,,http://ufcstats.com/fighter-details/9a70f67ad2187fa3,0.18,25%,25.0,2.39,32%,0.0,0%,0.0,33%,0.0,"fighter_tott, raw_fighter_details",170 lbs.,170.0,,,,,,,,,,,Sherdog,https://www.sherdog.com/fighter/Ray-Perales-2588,preenchido_verificado,Data completa explicitamente publicada no perfil citado. Correspondência por nome; altura compatível; peso compatível.,Ray Perales,2026-10-08,https://www.sherdog.com/fighter/Ray-Perales-2588,
3534,RAY ROUTH,cba3a2dfbc06ce79,Ray Routh,,,,,"5' 8""",185 lbs.,,Orthodox,,172.72,185.0,,,http://ufcstats.com/fighter-details/cba3a2dfbc06ce79,0.54,21%,21.0,3.22,28%,2.69,33%,33.0,0%,0.0,"fighter_tott, raw_fighter_details",185 lbs.,185.0,,,,,,,,,,,,,nao_preenchido_data_completa_nao_encontrada,Não foi localizada data de nascimento completa em perfil correspondente. Idade ou ano isolado não foram usados para estimar a data.,,2026-10-08,,
3536,RAY SERAILLE,2f04c4183523be2e,Ray Seraille,,,,,"6' 3""",246 lbs.,,,1979-06-23,190.5,246.0,,,http://ufcstats.com/fighter-details/2f04c4183523be2e,5.29,27%,27.0,17.65,41%,0.0,0%,0.0,0%,0.0,"fighter_tott, raw_fighter_details",246 lbs.,246.0,,,,,,,,,,,Sherdog,https://www.sherdog.com/fighter/Ray-Seraile-5307,preenchido_verificado,Data completa explicitamente publicada no perfil citado. Correspondência por nome; altura compatível; peso compatível. Variante do nome: Ray Seraile.,Ray Seraile,2026-10-08,https://www.sherdog.com/fighter/Ray-Seraile-5307,
3539,RAY WIZARD,ea0ad155451ed1f5,Ray Wizard,,0.0,1.0,0.0,,180 lbs.,,,,,180.0,,,http://ufcstats.com/fighter-details/ea0ad155451ed1f5,0.0,0%,0.0,0.0,0%,0.0,0%,0.0,0%,0.0,"fighter_tott, raw_fighter_details, ufc_dataset",,,Sherdog,https://www.sherdog.com/fighter/Ray-Wizard-26,perfil,,preenchido_verificado,weight;weight_lbs,Peso explicitamente informado no perfil; não representa necessariamente o peso atual nem uma pesagem de evento.,2026-10-07,https://www.sherdog.com/fighter/Ray-Wizard-26,,,,nao_preenchido_data_completa_nao_encontrada,Não foi localizada data de nascimento completa em perfil correspondente. Idade ou ano isolado não foram usados para estimar a data.,,2026-10-08,,1994-03-11
3541,RAYMOND DANIELS,fccb0fee256b7b4d,Raymond Daniels,,,,,"6' 2""",185 lbs.,,Southpaw,1980-04-29,187.96,185.0,,,http://ufcstats.com/fighter-details/fccb0fee256b7b4d,0.0,0%,0.0,2.61,38%,0.0,0%,0.0,33%,3.0,"fighter_tott, raw_fighter_details",185 lbs.,185.0,,,,,,,,,,,Sherdog,https://www.sherdog.com/fighter/Raymond-Daniels-34397,preenchido_verificado,Data completa explicitamente publicada no perfil citado. Correspondência por nome; altura compatível; peso compatível.,Raymond Daniels,2026-10-08,https://www.sherdog.com/fighter/Raymond-Daniels-34397,
3549,REMCO PARDOEL,749685d24e2cac50,Remco Pardoel,Grizzly,9.0,6.0,1.0,"6' 3""",260 lbs.,,Southpaw,1969-05-23,190.5,260.0,,,http://ufcstats.com/fighter-details/749685d24e2cac50,0.0,0%,0.0,0.0,0%,0.0,0%,0.0,0%,0.0,"fighter_tott, raw_fighter_details, ufc_dataset",260 lbs.,260.0,,,,,,,,,,,Sherdog,https://www.sherdog.com/fighter/Remco-Pardoel-33,preenchido_verificado,Data completa explicitamente publicada no perfil citado. Correspondência por nome; altura compatível; peso compatível.,Remco Pardoel,2026-10-08,https://www.sherdog.com/fighter/Remco-Pardoel-33,1994-03-11
3550,REMO CARDARELLI,e5512a6aed150d8f,Remo Cardarelli,,,,,,135 lbs.,,,,,135.0,,,http://ufcstats.com/fighter-details/e5512a6aed150d8f,2.27,47%,47.0,1.47,59%,0.0,0%,0.0,100%,0.0,"fighter_tott, raw_fighter_details",135 lbs.,135.0,,,,,,,,,,,,,nao_preenchido_data_completa_nao_encontrada,Não foi localizada data de nascimento completa em perfil correspondente. Idade ou ano isolado não foram usados para estimar a data.,,2026-10-08,,
3557,RENE KRONVOLD,db05271715bb4874,Rene Kronvold,,,,,"5' 8""",170 lbs.,,Orthodox,1970-01-03,172.72,170.0,,,http://ufcstats.com/fighter-details/db05271715bb4874,0.82,100%,100.0,2.47,60%,0.0,0%,0.0,66%,4.1,"fighter_tott, raw_fighter_details",170 lbs.,170.0,,,,,,,,,,,Sherdog,https://www.sherdog.com/fighter/Rene-Kronvold-2918,preenchido_verificado,Data completa explicitamente publicada no perfil citado. Correspondência por nome; peso compatível.,Rene Kronvold,2026-10-08,https://www.sherdog.com/fighter/Rene-Kronvold-2918,
3561,REX HOLMAN,b5ea750025697880,Rex Holman,Big Dog,4.0,2.0,0.0,"6' 3""",205 lbs.,,Southpaw,,190.5,205.0,,,http://ufcstats.com/fighter-details/b5ea750025697880,2.75,34%,34.0,7.25,40%,0.0,0%,0.0,100%,0.0,"fighter_tott, raw_fighter_details, ufc_dataset",205 lbs.,205.0,,,,,,,,,,,,,nao_preenchido_data_completa_nao_encontrada,Não foi localizada data de nascimento completa em perfil correspondente. Idade ou ano isolado não foram usados para estimar a data.,,2026-10-08,,2007-03-03
3562,REX RICHARDS,ad23903ef3af7406,Rex Richards,,,,,"6' 5""",265 lbs.,,,1980-10-17,195.58,265.0,,,http://ufcstats.com/fighter-details/ad23903ef3af7406,17.65,58%,58.0,5.29,72%,0.0,0%,0.0,0%,0.0,"fighter_tott, raw_fighter_details",265 lbs.,265.0,,,,,,,,,,,Sherdog,https://www.sherdog.com/fighter/Rex-Richards-19452,preenchido_verificado,Data completa explicitamente publicada no perfil citado. Correspondência por nome; altura compatível.,Rex Richards,2026-10-08,https://www.sherdog.com/fighter/Rex-Richards-19452,
3565,REZA ARIANTO,90063913321e7670,Reza Arianto,,,,,,155 lbs.,,,2000-07-08,,155.0,,,http://ufcstats.com/fighter-details/90063913321e7670,,,,,,,,,,,fighter_tott,155 lbs.,155.0,,,,,,,,,,,Tapology,https://www.tapology.com/fightcenter/fighters/245410-reza-arianto,preenchido_verificado,Data completa explicitamente publicada no perfil citado. Correspondência por nome; peso compatível.,Reza Arianto,2026-10-08,https://www.tapology.com/fightcenter/fighters/245410-reza-arianto,
3567,REZA NASRI,d41937647eae9a34,Reza Nasri,,0.0,1.0,0.0,"5' 11""",205 lbs.,,Orthodox,,180.34,205.0,,,http://ufcstats.com/fighter-details/d41937647eae9a34,0.0,0%,0.0,0.0,0%,0.0,0%,0.0,0%,0.0,"fighter_tott, raw_fighter_details, ufc_dataset",205 lbs.,205.0,,,,,,,,,,,,,nao_preenchido_data_completa_nao_encontrada,Não foi localizada data de nascimento completa em perfil correspondente. Idade ou ano isolado não foram usados para estimar a data.,,2026-10-08,,1996-09-20
3568,RHADI FERGUSON,15f4550e017f6c7d,Rhadi Ferguson,,,,,"5' 7""",205 lbs.,,,1973-04-03,170.18,205.0,,,http://ufcstats.com/fighter-details/15f4550e017f6c7d,0.0,0%,0.0,0.0,0%,0.0,0%,0.0,0%,0.0,"fighter_tott, raw_fighter_details",205 lbs.,205.0,,,,,,,,,,,Sherdog,https://www.sherdog.com/fighter/Rhadi-Ferguson-74677,preenchido_verificado,Data completa explicitamente publicada no perfil citado. Correspondência por nome; altura compatível; peso compatível.,Rhadi Ferguson,2026-10-08,https://www.sherdog.com/fighter/Rhadi-Ferguson-74677,
3582,RICH BOUPHANOUVONG,611b9c068c9e2c44,Rich Bouphanouvong,,,,,"5' 7""",170 lbs.,,,,170.18,170.0,,,http://ufcstats.com/fighter-details/611b9c068c9e2c44,0.0,0%,0.0,0.0,0%,0.0,0%,0.0,0%,0.0,"fighter_tott, raw_fighter_details",170 lbs.,170.0,,,,,,,,,,,,,nao_preenchido_data_completa_nao_encontrada,Não foi localizada data de nascimento completa em perfil correspondente. Idade ou ano isolado não foram usados para estimar a data.,,2026-10-08,,
3586,RICHARD DALTON,6cd3dfc54f01287f,Richard Dalton,,,,,"6' 1""",205 lbs.,,Orthodox,1977-07-19,185.42,205.0,,,http://ufcstats.com/fighter-details/6cd3dfc54f01287f,1.2,69%,69.0,3.27,25%,1.0,11%,11.0,0%,0.0,"fighter_tott, raw_fighter_details",205 lbs.,205.0,,,,,,,,,,,Sherdog,https://www.sherdog.com/fighter/Richard-Dalton-9852,preenchido_verificado,Data completa explicitamente publicada no perfil citado. Correspondência por nome; altura compatível; peso compatível.,Richard Dalton,2026-10-08,https://www.sherdog.com/fighter/Richard-Dalton-9852,
3595,RICK DAVIS,2549d63da9c456cb,Rick Davis,The Flying Squirrel,3.0,1.0,1.0,"5' 9""",155 lbs.,,Orthodox,,175.26,155.0,,,http://ufcstats.com/fighter-details/2549d63da9c456cb,3.09,50%,50.0,6.19,64%,0.0,0%,0.0,0%,0.0,"fighter_tott, raw_fighter_details, ufc_dataset",155 lbs.,155.0,,,,,,,,,,,,,nao_preenchido_data_completa_nao_encontrada,Não foi localizada data de nascimento completa em perfil correspondente. Idade ou ano isolado não foram usados para estimar a data.,,2026-10-08,,2006-05-27
3597,RICK ROUFUS,872b018076f831b0,Rick Roufus,,,,,"6' 0""",207 lbs.,,Southpaw,1966-06-03,182.88,207.0,,,http://ufcstats.com/fighter-details/872b018076f831b0,0.53,33%,33.0,1.06,33%,0.0,0%,0.0,50%,0.0,"fighter_tott, raw_fighter_details",207 lbs.,207.0,,,,,,,,,,,Sherdog,https://www.sherdog.com/fighter/Rick-Roufus-27343,preenchido_verificado,Data completa explicitamente publicada no perfil citado. Correspondência por nome; altura compatível; peso compatível.,Rick Roufus,2026-10-08,https://www.sherdog.com/fighter/Rick-Roufus-27343,
3602,RICKY CAMP,4a99978a0366bb29,Ricky Camp,,,,,"5' 7""",135 lbs.,,,1992-08-20,170.18,135.0,,,http://ufcstats.com/fighter-details/4a99978a0366bb29,,,,,,,,,,,fighter_tott,135 lbs.,135.0,,,,,,,,,,,Sherdog,https://www.sherdog.com/fighter/Ricky-Camp-73906,preenchido_verificado,Data completa explicitamente publicada no perfil citado. Correspondência por nome; altura compatível; peso compatível.,Ricky Camp,2026-10-08,https://www.sherdog.com/fighter/Ricky-Camp-73906,
3604,RICKY JOHNSON,fa2fca260beeb9c0,Ricky Johnson,,,,,"5' 8""",145 lbs.,,Orthodox,,172.72,145.0,,,http://ufcstats.com/fighter-details/fa2fca260beeb9c0,1.83,25%,25.0,6.3,36%,0.0,0%,0.0,0%,0.0,"fighter_tott, raw_fighter_details",145 lbs.,145.0,,,,,,,,,,,,,nao_preenchido_data_completa_nao_encontrada,Não foi localizada data de nascimento completa em perfil correspondente. Idade ou ano isolado não foram usados para estimar a data.,,2026-10-08,,
3605,RICKY LEGERE JR.,5817df778cc27274,Ricky Legere Jr.,,,,,"5' 8""",170 lbs.,,,1985-12-21,172.72,170.0,,,http://ufcstats.com/fighter-details/5817df778cc27274,1.07,41%,41.0,1.53,60%,5.0,41%,41.0,0%,0.0,"fighter_tott, raw_fighter_details",170 lbs.,170.0,,,,,,,,,,,Sherdog,https://www.sherdog.com/fighter/Ricky-Legere-Jr-24727,preenchido_verificado,Data completa explicitamente publicada no perfil citado. Correspondência por nome; altura compatível; peso compatível.,Ricky Legere Jr.,2026-10-08,https://www.sherdog.com/fighter/Ricky-Legere-Jr-24727,
3611,RICO ALTAMIRANO,c61b49cec6abd6b9,Rico Altamirano,,,,,"5' 10""",170 lbs.,,,,177.8,170.0,,,http://ufcstats.com/fighter-details/c61b49cec6abd6b9,0.0,0%,0.0,0.0,0%,0.0,0%,0.0,0%,0.0,"fighter_tott, raw_fighter_details",170 lbs.,170.0,,,,,,,,,,,,,nao_preenchido_data_completa_nao_encontrada,Não foi localizada data de nascimento completa em perfil correspondente. Idade ou ano isolado não foram usados para estimar a data.,,2026-10-08,,
3621,RJ CLIFFORD,8e32bfcff3ec1717,RJ Clifford,,,,,,160 lbs.,,,,,160.0,,,http://ufcstats.com/fighter-details/8e32bfcff3ec1717,0.0,0%,0.0,0.0,0%,0.0,0%,0.0,0%,0.0,"fighter_tott, raw_fighter_details",160 lbs.,160.0,,,,,,,,,,,,,nao_preenchido_data_completa_nao_encontrada,Não foi localizada data de nascimento completa em perfil correspondente. Idade ou ano isolado não foram usados para estimar a data.,,2026-10-08,,
3635,ROBERT BRESLIN,e319d6697d41f3cf,Robert Breslin,,,,,"5' 11""",155 lbs.,,,,180.34,155.0,,,http://ufcstats.com/fighter-details/e319d6697d41f3cf,2.21,46%,46.0,3.5,66%,1.38,100%,100.0,50%,0.0,"fighter_tott, raw_fighter_details",155 lbs.,155.0,,,,,,,,,,,,,nao_preenchido_data_completa_nao_encontrada,Não foi localizada data de nascimento completa em perfil correspondente. Idade ou ano isolado não foram usados para estimar a data.,,2026-10-08,,
3637,ROBERT DENSLEY,b72f3cafa6376e35,Robert Densley,,,,,"5' 9""",155 lbs.,,,,175.26,155.0,,,http://ufcstats.com/fighter-details/b72f3cafa6376e35,1.81,47%,47.0,0.4,60%,0.0,0%,0.0,50%,0.0,"fighter_tott, raw_fighter_details",155 lbs.,155.0,,,,,,,,,,,,,nao_preenchido_data_completa_nao_encontrada,Não foi localizada data de nascimento completa em perfil correspondente. Idade ou ano isolado não foram usados para estimar a data.,,2026-10-08,,
3639,ROBERT LUCARELLI,96087e90d900f0ef,Robert Lucarelli,,0.0,1.0,0.0,"6' 2""",245 lbs.,,,,187.96,245.0,,,http://ufcstats.com/fighter-details/96087e90d900f0ef,0.0,0%,0.0,0.0,0%,0.0,0%,0.0,0%,0.0,"fighter_tott, raw_fighter_details, ufc_dataset",245 lbs.,245.0,,,,,,,,,,,,,nao_preenchido_data_completa_nao_encontrada,Não foi localizada data de nascimento completa em perfil correspondente. Idade ou ano isolado não foram usados para estimar a data.,,2026-10-08,,1994-03-11
3647,ROBERTA ROVEL,9d7fbf438766791f,Roberta Rovel,,,,,"5' 8""",145 lbs.,,,,172.72,145.0,,,http://ufcstats.com/fighter-details/9d7fbf438766791f,0.87,46%,46.0,3.0,26%,0.0,0%,0.0,100%,0.0,"fighter_tott, raw_fighter_details",145 lbs.,145.0,,,,,,,,,,,,,nao_preenchido_data_completa_nao_encontrada,Não foi localizada data de nascimento completa em perfil correspondente. Idade ou ano isolado não foram usados para estimar a data.,,2026-10-08,,
3652,RODNEY FAVERUS,5af26b3201690d29,Rodney Faverus,,,,,"6' 0""",215 lbs.,,Southpaw,,182.88,215.0,,,http://ufcstats.com/fighter-details/5af26b3201690d29,2.3,53%,53.0,1.6,54%,4.5,100%,100.0,25%,0.0,"fighter_tott, raw_fighter_details",215 lbs.,215.0,,,,,,,,,,,,,nao_preenchido_data_completa_nao_encontrada,Não foi localizada data de nascimento completa em perfil correspondente. Idade ou ano isolado não foram usados para estimar a data.,,2026-10-08,,
3661,RODRIGO GRIPP DE SOUSA,dde70a112e053a6c,Rodrigo Gripp de Sousa,,,,,"5' 11""",205 lbs.,,Orthodox,,180.34,205.0,,,http://ufcstats.com/fighter-details/dde70a112e053a6c,0.48,23%,23.0,4.81,52%,0.0,0%,0.0,0%,9.6,"fighter_tott, raw_fighter_details",205 lbs.,205.0,,,,,,,,,,,,,nao_preenchido_data_completa_nao_encontrada,Não foi localizada data de nascimento completa em perfil correspondente. Idade ou ano isolado não foram usados para estimar a data.,,2026-10-08,,
3668,ROGER CARROLL,572a89dbe1f76761,Roger Carroll,,,,,"5' 10""",170 lbs.,,,1982-05-20,177.8,170.0,,,http://ufcstats.com/fighter-details/572a89dbe1f76761,7.62,61%,61.0,10.48,43%,0.0,0%,0.0,100%,0.0,"fighter_tott, raw_fighter_details",170 lbs.,170.0,,,,,,,,,,,Sherdog,https://www.sherdog.com/fighter/Roger-Carroll-29226,preenchido_verificado,Data completa explicitamente publicada no perfil citado. Correspondência por nome; altura compatível; peso compatível.,Roger Carroll,2026-10-08,https://www.sherdog.com/fighter/Roger-Carroll-29226,
3677,ROLAND PAYNE,2e04a3b4a2011b97,Roland Payne,,0.0,1.0,0.0,"5' 9""",205 lbs.,,Orthodox,1964-07-16,175.26,205.0,,,http://ufcstats.com/fighter-details/2e04a3b4a2011b97,0.0,0%,0.0,0.0,0%,0.0,0%,0.0,0%,0.0,"fighter_tott, raw_fighter_details, ufc_dataset",205 lbs.,205.0,,,,,,,,,,,Sherdog,https://www.sherdog.com/fighter/Roland-Payne-42,preenchido_verificado,Data completa explicitamente publicada no perfil citado. Correspondência por nome; altura compatível; peso compatível.,Roland Payne,2026-10-08,https://www.sherdog.com/fighter/Roland-Payne-42,1994-09-09
3681,ROLANDO PEREZ,4a9e305633f3ef47,Rolando Perez,,,,,"5' 8""",135 lbs.,,Orthodox,,172.72,135.0,,,http://ufcstats.com/fighter-details/4a9e305633f3ef47,4.23,36%,36.0,4.83,63%,0.0,0%,0.0,100%,0.0,"fighter_tott, raw_fighter_details",135 lbs.,135.0,,,,,,,,,,,,,nao_preenchido_data_completa_nao_encontrada,Não foi localizada data de nascimento completa em perfil correspondente. Idade ou ano isolado não foram usados para estimar a data.,,2026-10-08,,
3685,ROMAN BRAVO-YOUNG,37ce890a4670b287,Roman Bravo-Young,,,,,,205 lbs.,,,,,205.0,,,http://ufcstats.com/fighter-details/37ce890a4670b287,,,,,,,,,,,fighter_tott,205 lbs.,205.0,,,,,,,,,,,,,nao_preenchido_data_completa_nao_encontrada,Não foi localizada data de nascimento completa em perfil correspondente. Idade ou ano isolado não foram usados para estimar a data.,,2026-10-08,,
3694,RON HENDERSON,498f0d066396ec59,Ron Henderson,,,,,"5' 10""",125 lbs.,,,,177.8,125.0,,,http://ufcstats.com/fighter-details/498f0d066396ec59,2.53,25%,25.0,3.6,48%,1.0,20%,20.0,0%,0.0,"fighter_tott, raw_fighter_details",125 lbs.,125.0,,,,,,,,,,,,,nao_preenchido_data_completa_nao_encontrada,Não foi localizada data de nascimento completa em perfil correspondente. Idade ou ano isolado não foram usados para estimar a data.,,2026-10-08,,
3695,RON KESLAR,b84f34b425dfd24b,Ron Keslar,,,,,,185 lbs.,,,1980-04-17,,185.0,,,http://ufcstats.com/fighter-details/b84f34b425dfd24b,0.0,0%,0.0,2.05,60%,0.0,0%,0.0,100%,7.7,"fighter_tott, raw_fighter_details",185 lbs.,185.0,,,,,,,,,,,Sherdog,https://www.sherdog.com/fighter/Ron-Keslar-8927,preenchido_verificado,Data completa explicitamente publicada no perfil citado. Correspondência por nome; peso compatível.,Ron Keslar,2026-10-08,https://www.sherdog.com/fighter/Ron-Keslar-8927 | https://www.tapology.com/fightcenter/fighters/ron-keslar,
3696,RON SPARKS,743fd9080892501d,Ron Sparks,,,,,"6' 5""",265 lbs.,,,1974-11-23,195.58,265.0,,,http://ufcstats.com/fighter-details/743fd9080892501d,0.0,0%,0.0,0.0,0%,0.0,0%,0.0,0%,0.0,"fighter_tott, raw_fighter_details",265 lbs.,265.0,,,,,,,,,,,Sherdog,https://www.sherdog.com/fighter/Ron-Sparks-40449,preenchido_verificado,Data completa explicitamente publicada no perfil citado. Correspondência por nome; altura compatível; peso compatível.,Ron Sparks,2026-10-08,https://www.sherdog.com/fighter/Ron-Sparks-40449,
3701,RONALD CARILLO,cbd022eaf2ac546a,Ronald Carillo,,,,,,125 lbs.,,,,,125.0,,,http://ufcstats.com/fighter-details/cbd022eaf2ac546a,0.0,0%,0.0,0.0,0%,0.0,0%,0.0,0%,0.0,"fighter_tott, raw_fighter_details",125 lbs.,125.0,,,,,,,,,,,,,nao_preenchido_data_completa_nao_encontrada,Não foi localizada data de nascimento completa em perfil correspondente. Idade ou ano isolado não foram usados para estimar a data.,,2026-10-08,,
3711,RONY SEFO,d6b68eaf4b68b160,Rony Sefo,,,,,"5' 9""",225 lbs.,,Orthodox,,175.26,225.0,,,http://ufcstats.com/fighter-details/d6b68eaf4b68b160,0.0,0%,0.0,0.43,0%,0.0,0%,0.0,0%,0.0,"fighter_tott, raw_fighter_details",225 lbs.,225.0,,,,,,,,,,,,,nao_preenchido_identidade_nao_confirmada,"Perfil com data encontrado, mas altura/peso divergem do registro original; correspondência não confirmada.",,2026-10-08,https://www.sherdog.com/fighter/Rony-Sefo-9392,
3721,ROSHAN MAINAM,b301292b1bc92bdb,Roshan Mainam,,,,,,135 lbs.,,,,,135.0,,,http://ufcstats.com/fighter-details/b301292b1bc92bdb,,,,,,,,,,,fighter_tott,135 lbs.,135.0,,,,,,,,,,,,,nao_preenchido_data_completa_nao_encontrada,Não foi localizada data de nascimento completa em perfil correspondente. Idade ou ano isolado não foram usados para estimar a data.,,2026-10-08,,
3722,ROSHAUN JONES,8a9f54b9056b07f5,Roshaun Jones,,,,,"5' 8""",135 lbs.,,,1983-05-28,172.72,135.0,,,http://ufcstats.com/fighter-details/8a9f54b9056b07f5,0.0,0%,0.0,0.0,0%,0.0,0%,0.0,0%,0.0,"fighter_tott, raw_fighter_details",135 lbs.,135.0,,,,,,,,,,,Sherdog,https://www.sherdog.com/fighter/Roshaun-Jones-81655,preenchido_verificado,Data completa explicitamente publicada no perfil citado. Correspondência por nome; altura compatível; peso compatível.,Roshaun Jones,2026-10-08,https://www.sherdog.com/fighter/Roshaun-Jones-81655,
3730,ROY BOUGHTON,2aaf0181432adf0b,Roy Boughton,,,,,"6' 0""",205 lbs.,,,1992-05-26,182.88,205.0,,,http://ufcstats.com/fighter-details/2aaf0181432adf0b,0.0,0%,0.0,0.0,0%,0.0,0%,0.0,0%,0.0,"fighter_tott, raw_fighter_details",205 lbs.,205.0,,,,,,,,,,,Sherdog,https://www.sherdog.com/fighter/Roy-Boughton-62589,preenchido_verificado,Data completa explicitamente publicada no perfil citado. Correspondência por nome; altura compatível.,Roy Boughton,2026-10-08,https://www.sherdog.com/fighter/Roy-Boughton-62589,
3734,ROYCE ALGER,669a3cb6e394f515,Royce Alger,,3.0,2.0,0.0,"5' 10""",199 lbs.,,Orthodox,1965-03-06,177.8,199.0,,,http://ufcstats.com/fighter-details/669a3cb6e394f515,0.0,0%,0.0,0.0,0%,0.0,0%,0.0,0%,0.0,"fighter_tott, raw_fighter_details, ufc_dataset",199 lbs.,199.0,,,,,,,,,,,Sherdog,https://www.sherdog.com/fighter/Royce-Alger-163,preenchido_verificado,Data completa explicitamente publicada no perfil citado. Correspondência por nome; altura compatível; peso compatível.,Royce Alger,2026-10-08,https://www.sherdog.com/fighter/Royce-Alger-163,1997-05-30
3740,RUBENS XAVIER,e6dac752a2418a88,Rubens Xavier,,,,,"6' 3""",220 lbs.,,Orthodox,1974-09-08,190.5,220.0,,,http://ufcstats.com/fighter-details/e6dac752a2418a88,0.77,42%,42.0,1.82,21%,2.1,40%,40.0,25%,1.1,"fighter_tott, raw_fighter_details",220 lbs.,220.0,,,,,,,,,,,Sherdog,https://www.sherdog.com/fighter/Rubens-Xavier-12528,preenchido_verificado,Data completa explicitamente publicada no perfil citado. Correspondência por nome; altura compatível; peso compatível.,Rubens Xavier,2026-10-08,https://www.sherdog.com/fighter/Rubens-Xavier-12528,
3742,RUDY BEARS,74f13066b1417ef3,Rudy Bears,,,,,"5' 11""",170 lbs.,,Southpaw,1978-11-12,180.34,170.0,,,http://ufcstats.com/fighter-details/74f13066b1417ef3,1.27,29%,29.0,2.53,50%,0.0,0%,0.0,0%,0.0,"fighter_tott, raw_fighter_details",170 lbs.,170.0,,,,,,,,,,,Sherdog,https://www.sherdog.com/fighter/Rudy-Bears-23364,preenchido_verificado,Data completa explicitamente publicada no perfil citado. Correspondência por nome; altura compatível; peso compatível.,Rudy Bears,2026-10-08,https://www.sherdog.com/fighter/Rudy-Bears-23364,
3743,RUDYARD MONCAYO,02d276b7d62b3472,Rudyard Moncayo,,0.0,3.0,0.0,"5' 10""",195 lbs.,,Orthodox,1973-05-17,177.8,195.0,,,http://ufcstats.com/fighter-details/02d276b7d62b3472,0.0,0%,0.0,0.0,0%,0.0,0%,0.0,0%,0.0,"fighter_tott, raw_fighter_details, ufc_dataset",195 lbs.,195.0,,,,,,,,,,,Sherdog,https://www.sherdog.com/fighter/Rudyard-Moncayo-114,preenchido_verificado,Data completa explicitamente publicada no perfil citado. Correspondência por nome; altura compatível; peso compatível.,Rudyard Moncayo,2026-10-08,https://www.sherdog.com/fighter/Rudyard-Moncayo-114,1995-07-14
3749,RUSSELL PATRICK,eafedba0617ced81,Russell Patrick,,,,,"5' 9""",145 lbs.,,,1984-09-30,175.26,145.0,,,http://ufcstats.com/fighter-details/eafedba0617ced81,0.0,0%,0.0,0.0,0%,0.0,0%,0.0,0%,0.0,"fighter_tott, raw_fighter_details",145 lbs.,145.0,,,,,,,,,,,Sherdog,https://www.sherdog.com/fighter/Russell-Patrick-34981,preenchido_verificado,Data completa explicitamente publicada no perfil citado. Correspondência por nome; altura compatível; peso compatível.,Russell Patrick,2026-10-08,https://www.sherdog.com/fighter/Russell-Patrick-34981,
3752,RYAN BASTIANELLI,29508aff4d93cbbe,Ryan Bastianelli,,,,,"5' 5""",135 lbs.,,,1979-09-07,165.1,135.0,,,http://ufcstats.com/fighter-details/29508aff4d93cbbe,0.0,0%,0.0,0.0,0%,0.0,0%,0.0,0%,0.0,"fighter_tott, raw_fighter_details",135 lbs.,135.0,,,,,,,,,,,Sherdog,https://www.sherdog.com/fighter/Ryan-Bastianelli-26103,preenchido_verificado,Data completa explicitamente publicada no perfil citado. Correspondência por nome; altura compatível; peso compatível.,Ryan Bastianelli,2026-10-08,https://www.sherdog.com/fighter/Ryan-Bastianelli-26103,
3755,RYAN DIAZ,ceee5dd37253199a,Ryan Diaz,,,,,,145 lbs.,,,1979-02-06,,145.0,,,http://ufcstats.com/fighter-details/ceee5dd37253199a,0.0,0%,0.0,0.0,0%,0.0,0%,0.0,0%,0.0,"fighter_tott, raw_fighter_details",145 lbs.,145.0,,,,,,,,,,,Sherdog,https://www.sherdog.com/fighter/Ryan-Diaz-1320,preenchido_verificado,Data completa explicitamente publicada no perfil citado. Correspondência por nome; peso compatível.,Ryan Diaz,2026-10-08,https://www.sherdog.com/fighter/Ryan-Diaz-1320,
3759,RYAN HAYES,a620638435de0628,Ryan Hayes,,,,,,,,,1989-03-10,,,,,http://ufcstats.com/fighter-details/a620638435de0628,0.0,0%,0.0,0.0,0%,0.0,0%,0.0,0%,0.0,"fighter_tott, raw_fighter_details",,,,,,,nao_preenchido_identidade_ambigua,,Encontrados perfis homônimos de 145 e 203 lbs; não foi possível confirmar o vínculo ao registro original.,2026-10-07,,,Sherdog,https://www.sherdog.com/fighter/Ryan-Hayes-71719,preenchido_verificado,Data completa explicitamente publicada no perfil citado. Correspondência por nome.,Ryan Hayes,2026-10-08,https://www.sherdog.com/fighter/Ryan-Hayes-71719,
3769,RYAN MADIGAN,a8d521d913df4e31,Ryan Madigan,,5.0,3.0,0.0,"6' 0""",170 lbs.,,Orthodox,,182.88,170.0,,,http://ufcstats.com/fighter-details/a8d521d913df4e31,0.0,0%,0.0,3.35,47%,0.0,0%,0.0,0%,0.0,"fighter_tott, raw_fighter_details, ufc_dataset",170 lbs.,170.0,,,,,,,,,,,,,nao_preenchido_data_completa_nao_encontrada,Não foi localizada data de nascimento completa em perfil correspondente. Idade ou ano isolado não foram usados para estimar a data.,,2026-10-08,,2009-03-07
3772,RYAN PARKER,6a0b80a24f22e152,Ryan Parker,,0.0,1.0,0.0,"6' 3""",235 lbs.,,Southpaw,,190.5,235.0,,,http://ufcstats.com/fighter-details/6a0b80a24f22e152,0.0,0%,0.0,0.0,0%,0.0,0%,0.0,0%,0.0,"fighter_tott, raw_fighter_details, ufc_dataset",235 lbs.,235.0,,,,,,,,,,,,,nao_preenchido_identidade_nao_confirmada,Data de perfil homônimo incompatível com a cronologia das lutas na base: primeira luta registrada em 1995-09-08. Valor não aplicado.,,2026-10-08,https://www.sherdog.com/fighter/Ryan-Parker-127945 | https://www.sherdog.com/fighter/Ryan-Parker-96215 | https://www.sherdog.com/fighter/Ryan-Parker-253537,1995-09-08
3773,RYAN QUINN,cc23ed51619421a3,Ryan Quinn,,,,,"5' 8""",145 lbs.,,,1987-01-22,172.72,145.0,,,http://ufcstats.com/fighter-details/cc23ed51619421a3,2.31,41%,41.0,1.67,48%,0.0,0%,0.0,0%,1.9,"fighter_tott, raw_fighter_details",145 lbs.,145.0,,,,,,,,,,,Tapology,https://www.tapology.com/fightcenter/fighters/ryan-quinn,preenchido_verificado,Data completa explicitamente publicada no perfil citado. Correspondência por nome; altura compatível; peso compatível.,Ryan Quinn,2026-10-08,https://www.tapology.com/fightcenter/fighters/ryan-quinn,
3778,RYAN TOBAR,57481f1f10530c61,Ryan Tobar,,,,,,155 lbs.,,,,,155.0,,,http://ufcstats.com/fighter-details/57481f1f10530c61,0.0,0%,0.0,0.0,0%,0.0,0%,0.0,0%,0.0,"fighter_tott, raw_fighter_details",155 lbs.,155.0,,,,,,,,,,,,,nao_preenchido_data_completa_nao_encontrada,Não foi localizada data de nascimento completa em perfil correspondente. Idade ou ano isolado não foram usados para estimar a data.,,2026-10-08,,
3784,RYUICHI MURATA,e3a6c6d6d0ac0815,Ryuichi Murata,,,,,"5' 8""",183 lbs.,,Orthodox,1976-08-27,172.72,183.0,,,http://ufcstats.com/fighter-details/e3a6c6d6d0ac0815,0.84,36%,36.0,1.89,50%,4.74,50%,50.0,100%,3.2,"fighter_tott, raw_fighter_details",183 lbs.,183.0,,,,,,,,,,,Sherdog,https://www.sherdog.com/fighter/Ryuichi-Murata-13413,preenchido_verificado,Data completa explicitamente publicada no perfil citado. Correspondência por nome; altura compatível; peso compatível.,Ryuichi Murata,2026-10-08,https://www.sherdog.com/fighter/Ryuichi-Murata-13413,
3786,RYUTA SAKURAI,ff9578cdbfabd323,Ryuta Sakurai,,,,,"5' 7""",183 lbs.,,Orthodox,,170.18,183.0,,,http://ufcstats.com/fighter-details/ff9578cdbfabd323,1.8,48%,48.0,3.44,58%,0.52,100%,100.0,36%,1.6,"fighter_tott, raw_fighter_details",183 lbs.,183.0,,,,,,,,,,,,,nao_preenchido_identidade_nao_confirmada,"Perfil com data encontrado, mas altura/peso divergem do registro original; correspondência não confirmada.",,2026-10-08,https://www.sherdog.com/fighter/Ryuta-Sakurai-1270,
3790,SAEED HOSSEINI,21f2974fd08085e3,Saeed Hosseini,,0.0,1.0,0.0,,265 lbs.,,,,,265.0,,,http://ufcstats.com/fighter-details/21f2974fd08085e3,0.0,0%,0.0,0.0,0%,0.0,0%,0.0,0%,0.0,"fighter_tott, raw_fighter_details, ufc_dataset",,,Sherdog,https://www.sherdog.com/fighter/Saeed-Hosseini-160,perfil,,preenchido_verificado,weight;weight_lbs,Peso explicitamente informado no perfil; não representa necessariamente o peso atual nem uma pesagem de evento.,2026-10-07,https://www.sherdog.com/fighter/Saeed-Hosseini-160,,,,nao_preenchido_data_completa_nao_encontrada,Não foi localizada data de nascimento completa em perfil correspondente. Idade ou ano isolado não foram usados para estimar a data.,,2026-10-08,,1997-05-30
3798,SALVADOR BECERRA,4fd76e7ba8313457,Salvador Becerra,,,,,"5' 9""",155 lbs.,,,,175.26,155.0,,,http://ufcstats.com/fighter-details/4fd76e7ba8313457,4.57,31%,31.0,3.83,58%,0.0,0%,0.0,66%,0.0,"fighter_tott, raw_fighter_details",155 lbs.,155.0,,,,,,,,,,,,,nao_preenchido_data_completa_nao_encontrada,Não foi localizada data de nascimento completa em perfil correspondente. Idade ou ano isolado não foram usados para estimar a data.,,2026-10-08,,
3802,SAM FULTON,1f5f75658551f2d3,Sam Fulton,,0.0,2.0,0.0,,250 lbs.,,,,,250.0,,,http://ufcstats.com/fighter-details/1f5f75658551f2d3,0.0,0%,0.0,0.0,0%,0.0,0%,0.0,0%,0.0,"fighter_tott, raw_fighter_details, ufc_dataset",,,Sherdog,https://www.sherdog.com/fighter/Sam-Fulton-141,perfil,,preenchido_verificado,weight;weight_lbs,Peso explicitamente informado no perfil; não representa necessariamente o peso atual nem uma pesagem de evento.,2026-10-07,https://www.sherdog.com/fighter/Sam-Fulton-141,,,,nao_preenchido_data_completa_nao_encontrada,Não foi localizada data de nascimento completa em perfil correspondente. Idade ou ano isolado não foram usados para estimar a data.,,2026-10-08,,1997-07-27
3806,SAM LIERA,421ccfc6ddb17958,Sam Liera,,,,,,170 lbs.,,,1983-11-26,,170.0,,,http://ufcstats.com/fighter-details/421ccfc6ddb17958,0.82,60%,60.0,7.36,51%,0.0,0%,0.0,66%,0.0,"fighter_tott, raw_fighter_details",,,Sherdog,https://www.sherdog.com/fighter/Sam-Liera-16022,perfil,,preenchido_verificado,weight;weight_lbs,Peso explicitamente informado no perfil; não representa necessariamente o peso atual nem uma pesagem de evento.,2026-10-07,https://www.sherdog.com/fighter/Sam-Liera-16022,,Sherdog,https://www.sherdog.com/fighter/Sam-Liera-16022,preenchido_verificado,Data completa explicitamente publicada no perfil citado. Correspondência por nome; peso compatível.,Sam Liera,2026-10-08,https://www.sherdog.com/fighter/Sam-Liera-16022 | https://www.tapology.com/fightcenter/fighters/sam-liera,
3807,SAM OROPEZA,6b8db407d49c6e4b,Sam Oropeza,,,,,"6' 2""",170 lbs.,,,1985-06-17,187.96,170.0,,,http://ufcstats.com/fighter-details/6b8db407d49c6e4b,7.68,56%,56.0,1.44,70%,3.6,33%,33.0,100%,0.0,"fighter_tott, raw_fighter_details",170 lbs.,170.0,,,,,,,,,,,Sherdog,https://www.sherdog.com/fighter/Sam-Oropeza-51885,preenchido_verificado,Data completa explicitamente publicada no perfil citado. Correspondência por nome; altura compatível; peso compatível.,Sam Oropeza,2026-10-08,https://www.sherdog.com/fighter/Sam-Oropeza-51885,
3810,SAM SPENGLER,221b2a3070c7ce3e,Sam Spengler,,,,,"5' 11""",185 lbs.,,Orthodox,1976-04-04,180.34,185.0,,,http://ufcstats.com/fighter-details/221b2a3070c7ce3e,3.27,62%,62.0,3.27,54%,1.75,11%,11.0,75%,1.8,"fighter_tott, raw_fighter_details",185 lbs.,185.0,,,,,,,,,,,Sherdog,https://www.sherdog.com/fighter/Sam-Spengler-15052,preenchido_verificado,Data completa explicitamente publicada no perfil citado. Correspondência por nome; altura compatível; peso compatível.,Sam Spengler,2026-10-08,https://www.sherdog.com/fighter/Sam-Spengler-15052 | https://www.tapology.com/fightcenter/fighters/sam-spengler-the-ram,
3812,SAM WATFORD,1836639ecf9b6e7f,Sam Watford,,,,,,155 lbs.,,,1999-01-09,,155.0,,,http://ufcstats.com/fighter-details/1836639ecf9b6e7f,0.13,18%,18.0,0.73,62%,2.0,40%,40.0,60%,1.0,"fighter_tott, raw_fighter_details",155 lbs.,155.0,,,,,,,,,,,Tapology,https://www.tapology.com/fightcenter/fighters/62801-sam-watford,preenchido_verificado,Data completa explicitamente publicada no perfil citado. Correspondência por nome; peso compatível.,Sam Watford,2026-10-08,https://www.tapology.com/fightcenter/fighters/62801-sam-watford,
3834,SARAH PAYANT,748d4e35f846a029,Sarah Payant,,,,,"5' 4""",115 lbs.,,,,162.56,115.0,,,http://ufcstats.com/fighter-details/748d4e35f846a029,0.29,16%,16.0,2.06,30%,0.0,0%,0.0,0%,0.0,"fighter_tott, raw_fighter_details",115 lbs.,115.0,,,,,,,,,,,,,nao_preenchido_data_completa_nao_encontrada,Não foi localizada data de nascimento completa em perfil correspondente. Idade ou ano isolado não foram usados para estimar a data.,,2026-10-08,,
3841,SCOTT ADAMS,2620f3eb21c79614,Scott Adams,,8.0,1.0,0.0,"6' 0""",225 lbs.,,Southpaw,1974-07-16,182.88,225.0,,,http://ufcstats.com/fighter-details/2620f3eb21c79614,0.0,0%,0.0,0.0,0%,0.0,0%,0.0,0%,0.0,"fighter_tott, raw_fighter_details, ufc_dataset",225 lbs.,225.0,,,,,,,,,,,Sherdog,https://www.sherdog.com/fighter/Scott-Adams-241,preenchido_verificado,Data completa explicitamente publicada no perfil citado. Correspondência por nome; altura compatível; peso compatível.,Scott Adams,2026-10-08,https://www.sherdog.com/fighter/Scott-Adams-241,2000-03-10
3843,SCOTT BAKER,7d5b12de1625984e,Scott Baker,,1.0,1.0,0.0,"6' 0""",210 lbs.,,,,182.88,210.0,,,http://ufcstats.com/fighter-details/7d5b12de1625984e,0.0,0%,0.0,0.0,0%,0.0,0%,0.0,0%,0.0,"fighter_tott, raw_fighter_details, ufc_dataset",210 lbs.,210.0,,,,,,,,,,,,,nao_preenchido_data_completa_nao_encontrada,Não foi localizada data de nascimento completa em perfil correspondente. Idade ou ano isolado não foram usados para estimar a data.,,2026-10-08,,1994-03-11
3844,SCOTT BESSAC,3f24c96753dbd9f9,Scott Bessac,,4.0,6.0,0.0,"6' 4""",245 lbs.,,,1965-10-05,193.04,245.0,,,http://ufcstats.com/fighter-details/3f24c96753dbd9f9,0.0,0%,0.0,0.0,0%,0.0,0%,0.0,0%,0.0,"fighter_tott, raw_fighter_details, ufc_dataset",245 lbs.,245.0,,,,,,,,,,,Sherdog,https://www.sherdog.com/fighter/Scott-Bessac-121,preenchido_verificado,Data completa explicitamente publicada no perfil citado. Correspondência por nome; altura compatível; peso compatível.,Scott Bessac,2026-10-08,https://www.sherdog.com/fighter/Scott-Bessac-121 | https://www.tapology.com/fightcenter/fighters/scott-bessac,1995-09-08
3845,SCOTT BILLS,53f02bbc41d99432,Scott Bills,,,,,"5' 10""",170 lbs.,,,1972-12-29,177.8,170.0,,,http://ufcstats.com/fighter-details/53f02bbc41d99432,0.0,0%,0.0,0.0,0%,0.0,0%,0.0,0%,0.0,"fighter_tott, raw_fighter_details",170 lbs.,170.0,,,,,,,,,,,Sherdog,https://www.sherdog.com/fighter/Scott-Bills-522,preenchido_verificado,Data completa explicitamente publicada no perfil citado. Correspondência por nome; altura compatível; peso compatível.,Scott Bills,2026-10-08,https://www.sherdog.com/fighter/Scott-Bills-522,
3846,SCOTT CARSON,1e3302f9ab6f549a,Scott Carson,,,,,"6' 2""",215 lbs.,,,,187.96,215.0,,,http://ufcstats.com/fighter-details/1e3302f9ab6f549a,0.62,66%,66.0,6.22,23%,0.0,0%,0.0,0%,0.0,"fighter_tott, raw_fighter_details",215 lbs.,215.0,,,,,,,,,,,,,nao_preenchido_data_completa_nao_encontrada,Não foi localizada data de nascimento completa em perfil correspondente. Idade ou ano isolado não foram usados para estimar a data.,,2026-10-08,,
3847,SCOTT ETTLING,74b5736f1df40be3,Scott Ettling,,,,,,135 lbs.,,,1992-07-17,,135.0,,,http://ufcstats.com/fighter-details/74b5736f1df40be3,0.0,0%,0.0,0.54,83%,8.04,100%,100.0,0%,0.0,"fighter_tott, raw_fighter_details",135 lbs.,135.0,,,,,,,,,,,Tapology,https://www.tapology.com/fightcenter/fighters/94041-scott-ettling,preenchido_verificado,Data completa explicitamente publicada no perfil citado. Correspondência por nome; peso compatível.,Scott Ettling,2026-10-08,https://www.tapology.com/fightcenter/fighters/94041-scott-ettling,
3849,SCOTT FIEDLER,0ec821423baa26bd,Scott Fiedler,,0.0,1.0,0.0,"6' 4""",235 lbs.,,Orthodox,,193.04,235.0,,,http://ufcstats.com/fighter-details/0ec821423baa26bd,0.0,0%,0.0,0.0,0%,0.0,0%,0.0,0%,0.0,"fighter_tott, raw_fighter_details, ufc_dataset",235 lbs.,235.0,,,,,,,,,,,,,nao_preenchido_data_completa_nao_encontrada,Não foi localizada data de nascimento completa em perfil correspondente. Idade ou ano isolado não foram usados para estimar a data.,,2026-10-08,,1996-07-12
3850,SCOTT GRAHAM,6e4acc2c115215b5,Scott Graham,,,,,"6' 4""",185 lbs.,,Orthodox,,193.04,185.0,,,http://ufcstats.com/fighter-details/6e4acc2c115215b5,0.91,42%,42.0,2.27,28%,0.0,0%,0.0,0%,0.0,"fighter_tott, raw_fighter_details",185 lbs.,185.0,,,,,,,,,,,,,nao_preenchido_data_completa_nao_encontrada,Não foi localizada data de nascimento completa em perfil correspondente. Idade ou ano isolado não foram usados para estimar a data.,,2026-10-08,,
3857,SCOTT MCDONALD,08ae3100bf2100ed,Scott McDonald,,,,,,,,,,,,,,http://ufcstats.com/fighter-details/08ae3100bf2100ed,0.0,0%,0.0,0.0,0%,0.0,0%,0.0,0%,0.0,"fighter_tott, raw_fighter_details",,,,,,,nao_preenchido_apenas_categoria,,Encontrada referência ao limite de título/categoria; não utilizada como peso individual.,2026-10-07,,,,,nao_preenchido_data_completa_nao_encontrada,Não foi localizada data de nascimento completa em perfil correspondente. Idade ou ano isolado não foram usados para estimar a data.,,2026-10-08,,
3858,SCOTT MORRIS,be9d259be012e8a4,Scott Morris,,2.0,1.0,0.0,"5' 10""",210 lbs.,,Orthodox,,177.8,210.0,,,http://ufcstats.com/fighter-details/be9d259be012e8a4,0.0,0%,0.0,0.0,0%,0.0,0%,0.0,0%,0.0,"fighter_tott, raw_fighter_details, ufc_dataset",210 lbs.,210.0,,,,,,,,,,,,,nao_preenchido_data_completa_nao_encontrada,Não foi localizada data de nascimento completa em perfil correspondente. Idade ou ano isolado não foram usados para estimar a data.,,2026-10-08,,1994-03-11
3860,SCOTT SHAFFER,5c38639f860a5542,Scott Shaffer,,,,,"5' 7""",145 lbs.,,Orthodox,,170.18,145.0,,,http://ufcstats.com/fighter-details/5c38639f860a5542,2.4,67%,67.0,0.53,50%,0.0,0%,0.0,72%,3.0,"fighter_tott, raw_fighter_details",145 lbs.,145.0,,,,,,,,,,,,,nao_preenchido_data_completa_nao_encontrada,Não foi localizada data de nascimento completa em perfil correspondente. Idade ou ano isolado não foram usados para estimar a data.,,2026-10-08,,
3864,SEAN BASSETT,2c733e059462c1dc,Sean Bassett,,,,,,155 lbs.,,,,,155.0,,,http://ufcstats.com/fighter-details/2c733e059462c1dc,0.0,0%,0.0,0.0,0%,0.0,0%,0.0,0%,0.0,"fighter_tott, raw_fighter_details",155 lbs.,155.0,,,,,,,,,,,,,nao_preenchido_data_completa_nao_encontrada,Não foi localizada data de nascimento completa em perfil correspondente. Idade ou ano isolado não foram usados para estimar a data.,,2026-10-08,,
3867,SEAN GANNON,6d7886b094b471ac,Sean Gannon,The Cannon,2.0,1.0,0.0,"6' 3""",265 lbs.,,Southpaw,,190.5,265.0,,,http://ufcstats.com/fighter-details/6d7886b094b471ac,0.0,0%,0.0,6.38,28%,0.0,0%,0.0,50%,0.0,"fighter_tott, raw_fighter_details, ufc_dataset",265 lbs.,265.0,,,,,,,,,,,,,nao_preenchido_data_completa_nao_encontrada,Não foi localizada data de nascimento completa em perfil correspondente. Idade ou ano isolado não foram usados para estimar a data.,,2026-10-08,,2005-10-07
3895,SERGEY IGNATOV,df9e9c1f65805d29,Sergey Ignatov,,,,,"5' 9""",210 lbs.,,Orthodox,,175.26,210.0,,,http://ufcstats.com/fighter-details/df9e9c1f65805d29,0.35,50%,50.0,3.25,42%,0.0,0%,0.0,0%,0.0,"fighter_tott, raw_fighter_details",210 lbs.,210.0,,,,,,,,,,,,,nao_preenchido_data_completa_nao_encontrada,Não foi localizada data de nascimento completa em perfil correspondente. Idade ou ano isolado não foram usados para estimar a data.,,2026-10-08,,
3954,SHINGO KOHARA,44c233770075cea1,Shingo Kohara,,,,,"5' 6""",135 lbs.,,,,167.64,135.0,,,http://ufcstats.com/fighter-details/44c233770075cea1,0.0,0%,0.0,0.0,0%,0.0,0%,0.0,0%,0.0,"fighter_tott, raw_fighter_details",135 lbs.,135.0,,,,,,,,,,,,,nao_preenchido_data_completa_nao_encontrada,Não foi localizada data de nascimento completa em perfil correspondente. Idade ou ano isolado não foram usados para estimar a data.,,2026-10-08,,
3974,SIONE LATU,5898357a45a73674,Sione Latu,,1.0,0.0,0.0,"6' 0""",215 lbs.,,,,182.88,215.0,,,http://ufcstats.com/fighter-details/5898357a45a73674,0.0,0%,0.0,0.0,0%,0.0,0%,0.0,0%,0.0,"fighter_tott, raw_fighter_details, ufc_dataset",215 lbs.,215.0,,,,,,,,,,,,,nao_preenchido_data_completa_nao_encontrada,Não foi localizada data de nascimento completa em perfil correspondente. Idade ou ano isolado não foram usados para estimar a data.,,2026-10-08,,1999-03-05
3982,SOICHI NISHIDA,6810d8d2dd557cf9,Soichi Nishida,,,,,"5' 11""",320 lbs.,,Orthodox,1967-03-02,180.34,320.0,,,http://ufcstats.com/fighter-details/6810d8d2dd557cf9,0.0,0%,0.0,0.0,0%,0.0,0%,0.0,0%,0.0,"fighter_tott, raw_fighter_details",320 lbs.,320.0,,,,,,,,,,,Sherdog,https://www.sherdog.com/fighter/Soichi-Nishida-303,preenchido_verificado,Data completa explicitamente publicada no perfil citado. Correspondência por nome; altura compatível; peso compatível.,Soichi Nishida,2026-10-08,https://www.sherdog.com/fighter/Soichi-Nishida-303,
3983,SOKUN KOH,6d8ef8706781c49e,Sokun Koh,,,,,"6' 1""",205 lbs.,,,1979-06-17,185.42,205.0,,,http://ufcstats.com/fighter-details/6d8ef8706781c49e,0.0,0%,0.0,0.0,0%,0.0,0%,0.0,0%,0.0,"fighter_tott, raw_fighter_details",205 lbs.,205.0,,,,,,,,,,,Sherdog,https://www.sherdog.com/fighter/Sokun-Koh-1710,preenchido_verificado,Data completa explicitamente publicada no perfil citado. Correspondência por nome; altura compatível; peso compatível.,Sokun Koh,2026-10-08,https://www.sherdog.com/fighter/Sokun-Koh-1710,
3991,SPENCER HEARNS,d85cf12439945941,Spencer Hearns,,,,,"5' 11""",185 lbs.,,,,180.34,185.0,,,http://ufcstats.com/fighter-details/d85cf12439945941,0.0,0%,0.0,0.0,0%,0.0,0%,0.0,0%,0.0,"fighter_tott, raw_fighter_details",185 lbs.,185.0,,,,,,,,,,,,,nao_preenchido_data_completa_nao_encontrada,Não foi localizada data de nascimento completa em perfil correspondente. Idade ou ano isolado não foram usados para estimar a data.,,2026-10-08,,
3994,STEFAN KLEVER,bc3876891e155bb5,Stefan Klever,,,,,,185 lbs.,,Orthodox,,,185.0,,,http://ufcstats.com/fighter-details/bc3876891e155bb5,0.82,50%,50.0,3.84,58%,0.0,0%,0.0,0%,0.0,"fighter_tott, raw_fighter_details",185 lbs.,185.0,,,,,,,,,,,,,nao_preenchido_data_completa_nao_encontrada,Não foi localizada data de nascimento completa em perfil correspondente. Idade ou ano isolado não foram usados para estimar a data.,,2026-10-08,,
4002,STEPHANIE WEBBER,d44a84409bf0da64,Stephanie Webber,,,,,"5' 6""",135 lbs.,,,,167.64,135.0,,,http://ufcstats.com/fighter-details/d44a84409bf0da64,0.91,80%,80.0,3.85,15%,6.79,40%,40.0,0%,0.0,"fighter_tott, raw_fighter_details",135 lbs.,135.0,,,,,,,,,,,,,nao_preenchido_data_completa_nao_encontrada,Não foi localizada data de nascimento completa em perfil correspondente. Idade ou ano isolado não foram usados para estimar a data.,,2026-10-08,,
4013,STEVE BYRNES,43612456979e5d5e,Steve Byrnes,The Sergeant,6.0,1.0,0.0,"6' 0""",170 lbs.,,Orthodox,1979-08-26,182.88,170.0,,,http://ufcstats.com/fighter-details/43612456979e5d5e,1.2,51%,51.0,2.67,27%,3.0,60%,60.0,0%,4.0,"fighter_tott, raw_fighter_details, ufc_dataset",170 lbs.,170.0,,,,,,,,,,,Sherdog,https://www.sherdog.com/fighter/Steve-Byrnes-12079,preenchido_verificado,Data completa explicitamente publicada no perfil citado. Correspondência por nome; peso compatível.,Steve Byrnes,2026-10-08,https://www.sherdog.com/fighter/Steve-Byrnes-12079,2006-12-13
4017,STEVE HADSEL,99793cf88c5adeee,Steve Hadsel,,,,,"5' 8""",170 lbs.,,,,172.72,170.0,,,http://ufcstats.com/fighter-details/99793cf88c5adeee,0.0,0%,0.0,0.0,0%,0.0,0%,0.0,0%,0.0,"fighter_tott, raw_fighter_details",170 lbs.,170.0,,,,,,,,,,,,,nao_preenchido_data_completa_nao_encontrada,Não foi localizada data de nascimento completa em perfil correspondente. Idade ou ano isolado não foram usados para estimar a data.,,2026-10-08,,
4018,STEVE JENNUM,ad047e3073a775f3,Steve Jennum,,2.0,3.0,0.0,"5' 10""",215 lbs.,,Orthodox,1963-09-23,177.8,215.0,,,http://ufcstats.com/fighter-details/ad047e3073a775f3,0.0,0%,0.0,0.0,0%,0.0,0%,0.0,0%,0.0,"fighter_tott, raw_fighter_details, ufc_dataset",215 lbs.,215.0,,,,,,,,,,,Sherdog,https://www.sherdog.com/fighter/Steve-Jennum-44,preenchido_verificado,Data completa explicitamente publicada no perfil citado. Correspondência por nome; altura compatível; peso compatível.,Steve Jennum,2026-10-08,https://www.sherdog.com/fighter/Steve-Jennum-44 | https://www.tapology.com/fightcenter/fighters/steve-jennum,1994-09-09
4019,STEVE JUDSON,6ece1d2ab1bed31d,Steve Judson,,0.0,2.0,0.0,"5' 11""",230 lbs.,,Orthodox,,180.34,230.0,,,http://ufcstats.com/fighter-details/6ece1d2ab1bed31d,0.0,0%,0.0,0.0,0%,0.0,0%,0.0,0%,0.0,"fighter_tott, raw_fighter_details, ufc_dataset",230 lbs.,230.0,,,,,,,,,,,,,nao_preenchido_data_completa_nao_encontrada,Não foi localizada data de nascimento completa em perfil correspondente. Idade ou ano isolado não foram usados para estimar a data.,,2026-10-08,,1999-09-24
4021,STEVE KOZOLA,fc36e2352dccf2a4,Steve Kozola,,,,,,155 lbs.,,,1989-12-17,,155.0,,,http://ufcstats.com/fighter-details/fc36e2352dccf2a4,3.9,39%,39.0,4.36,50%,2.34,100%,100.0,100%,0.0,"fighter_tott, raw_fighter_details",155 lbs.,155.0,,,,,,,,,,,Sherdog,https://www.sherdog.com/fighter/Steve-Kozola-141187,preenchido_verificado,Data completa explicitamente publicada no perfil citado. Correspondência por nome; peso compatível.,Steve Kozola,2026-10-08,https://www.sherdog.com/fighter/Steve-Kozola-141187,
4023,STEVE MANN,0eef1bf99afd4ff2,Steve Mann,,,,,"6' 1""",170 lbs.,,,,185.42,170.0,,,http://ufcstats.com/fighter-details/0eef1bf99afd4ff2,3.18,70%,70.0,0.66,57%,1.64,100%,100.0,60%,0.0,"fighter_tott, raw_fighter_details",170 lbs.,170.0,,,,,,,,,,,,,nao_preenchido_data_completa_nao_encontrada,Não foi localizada data de nascimento completa em perfil correspondente. Idade ou ano isolado não foram usados para estimar a data.,,2026-10-08,,
4026,STEVE NELMARK,13e62d766b709aa6,Steve Nelmark,The Sandman,2.0,1.0,0.0,"6' 0""",240 lbs.,,Orthodox,,182.88,240.0,,,http://ufcstats.com/fighter-details/13e62d766b709aa6,0.0,0%,0.0,0.0,0%,0.0,0%,0.0,0%,0.0,"fighter_tott, raw_fighter_details, ufc_dataset",240 lbs.,240.0,,,,,,,,,,,,,nao_preenchido_data_completa_nao_encontrada,Não foi localizada data de nascimento completa em perfil correspondente. Idade ou ano isolado não foram usados para estimar a data.,,2026-10-08,,1996-05-17
4027,STEVE RAMIREZ,4311e9d23604205c,Steve Ramirez,,,,,"5' 7""",125 lbs.,,,1987-01-22,170.18,125.0,,,http://ufcstats.com/fighter-details/4311e9d23604205c,0.0,0%,0.0,0.0,0%,0.0,0%,0.0,0%,0.0,"fighter_tott, raw_fighter_details",125 lbs.,125.0,,,,,,,,,,,Sherdog,https://www.sherdog.com/fighter/Steve-Ramirez-76306,preenchido_verificado,Data completa explicitamente publicada no perfil citado. Correspondência por nome; altura compatível; peso compatível.,Steve Ramirez,2026-10-08,https://www.sherdog.com/fighter/Steve-Ramirez-76306,
4030,STEVE WHITE,d181689653115b6a,Steve White,,,,,"5' 11""",175 lbs.,,,1974-05-04,180.34,175.0,,,http://ufcstats.com/fighter-details/d181689653115b6a,0.0,0%,0.0,0.0,0%,0.0,0%,0.0,0%,0.0,"fighter_tott, raw_fighter_details",175 lbs.,175.0,,,,,,,,,,,Sherdog,https://www.sherdog.com/fighter/Steve-White-559,preenchido_verificado,Data completa explicitamente publicada no perfil citado. Correspondência por nome; altura compatível; peso compatível.,Steve White,2026-10-08,https://www.sherdog.com/fighter/Steve-White-559,
4032,STEVEN CIACCIO,eaebaa6801338ea1,Steven Ciaccio,,,,,"6' 0""",170 lbs.,,,1990-01-23,182.88,170.0,,,http://ufcstats.com/fighter-details/eaebaa6801338ea1,0.0,0%,0.0,0.0,0%,0.0,0%,0.0,0%,0.0,"fighter_tott, raw_fighter_details",170 lbs.,170.0,,,,,,,,,,,Tapology,https://www.tapology.com/fightcenter/fighters/47729-steven-ciaccio,preenchido_verificado,Data completa explicitamente publicada no perfil citado. Correspondência por nome; altura compatível; peso compatível.,Steven Ciaccio,2026-10-08,https://www.tapology.com/fightcenter/fighters/47729-steven-ciaccio,
4033,STEVEN GRAHAM,3e514f437c51ce0a,Steven Graham,,2.0,1.0,0.0,"6' 1""",290 lbs.,,Orthodox,,185.42,290.0,,,http://ufcstats.com/fighter-details/3e514f437c51ce0a,0.0,0%,0.0,0.0,0%,0.0,0%,0.0,0%,0.0,"fighter_tott, raw_fighter_details, ufc_dataset",290 lbs.,290.0,,,,,,,,,,,,,nao_preenchido_identidade_nao_confirmada,"Perfil com data encontrado, mas altura/peso divergem do registro original; correspondência não confirmada.",,2026-10-08,https://www.sherdog.com/fighter/Steven-Graham-110749,1997-05-30
4038,STEVIE LYNCH,710d93f1508f7104,Stevie Lynch,,5.0,2.0,0.0,"5' 10""",170 lbs.,,Orthodox,,177.8,170.0,,,http://ufcstats.com/fighter-details/710d93f1508f7104,2.47,25%,25.0,7.06,41%,0.0,0%,0.0,0%,0.0,"fighter_tott, raw_fighter_details, ufc_dataset",170 lbs.,170.0,,,,,,,,,,,,,nao_preenchido_data_completa_nao_encontrada,Não foi localizada data de nascimento completa em perfil correspondente. Idade ou ano isolado não foram usados para estimar a data.,,2026-10-08,,2007-06-16
4059,TAI BOWDEN,2efbc83a6b9b7f86,Tai Bowden,,1.0,1.0,0.0,"5' 11""",230 lbs.,,,,180.34,230.0,,,http://ufcstats.com/fighter-details/2efbc83a6b9b7f86,0.0,0%,0.0,0.0,0%,0.0,0%,0.0,0%,0.0,"fighter_tott, raw_fighter_details, ufc_dataset",230 lbs.,230.0,,,,,,,,,,,,,nao_preenchido_data_completa_nao_encontrada,Não foi localizada data de nascimento completa em perfil correspondente. Idade ou ano isolado não foram usados para estimar a data.,,2026-10-08,,1996-05-17
4066,TAKAFUMI OTSUKA,6b8f28da9a483049,Takafumi Otsuka,,,,,"5' 6""",139 lbs.,,Orthodox,1986-08-22,167.64,139.0,,,http://ufcstats.com/fighter-details/6b8f28da9a483049,1.29,27%,27.0,2.12,67%,1.64,27%,27.0,65%,0.0,"fighter_tott, raw_fighter_details",139 lbs.,139.0,,,,,,,,,,,Sherdog,https://www.sherdog.com/fighter/Takafumi-Otsuka-19056,preenchido_verificado,Data completa explicitamente publicada no perfil citado. Correspondência por nome; altura compatível; peso compatível.,Takafumi Otsuka,2026-10-08,https://www.sherdog.com/fighter/Takafumi-Otsuka-19056,
4067,TAKAHIRO OBA,7139cd2ae4bf6a29,Takahiro Oba,,,,,"5' 8""",200 lbs.,,Southpaw,1976-08-14,172.72,200.0,,,http://ufcstats.com/fighter-details/7139cd2ae4bf6a29,0.23,25%,25.0,1.82,69%,0.0,0%,0.0,0%,0.0,"fighter_tott, raw_fighter_details",200 lbs.,200.0,,,,,,,,,,,Sherdog,https://www.sherdog.com/fighter/Takahiro-Oba-9494,preenchido_verificado,Data completa explicitamente publicada no perfil citado. Correspondência por nome; altura compatível; peso compatível.,Takahiro Oba,2026-10-08,https://www.sherdog.com/fighter/Takahiro-Oba-9494,
4073,TAKAYUKI OKADA,32541eb5d12668b4,Takayuki Okada,,,,,"6' 1""",290 lbs.,,Orthodox,1973-05-08,185.42,290.0,,,http://ufcstats.com/fighter-details/32541eb5d12668b4,0.0,0%,0.0,0.0,0%,0.0,0%,0.0,0%,0.0,"fighter_tott, raw_fighter_details",290 lbs.,290.0,,,,,,,,,,,Sherdog,https://www.sherdog.com/fighter/Takayuki-Okada-322,preenchido_verificado,Data completa explicitamente publicada no perfil citado. Correspondência por nome; altura compatível; peso compatível.,Takayuki Okada,2026-10-08,https://www.sherdog.com/fighter/Takayuki-Okada-322,
4077,TAKESHI YAMAZAKI,d1d20e651e6cbc02,Takeshi Yamazaki,,,,,"5' 8""",139 lbs.,,Southpaw,1977-05-25,172.72,139.0,,,http://ufcstats.com/fighter-details/d1d20e651e6cbc02,0.57,25%,25.0,1.57,47%,4.5,50%,50.0,100%,1.0,"fighter_tott, raw_fighter_details",139 lbs.,139.0,,,,,,,,,,,Sherdog,https://www.sherdog.com/fighter/Takeshi-Yamazaki-1359,preenchido_verificado,Data completa explicitamente publicada no perfil citado. Correspondência por nome; altura compatível; peso compatível.,Takeshi Yamazaki,2026-10-08,https://www.sherdog.com/fighter/Takeshi-Yamazaki-1359,
4092,TATSUYA IWASAKI,243b07fc65ccbb16,Tatsuya Iwasaki,,,,,"5' 9""",205 lbs.,,Orthodox,1969-06-20,175.26,205.0,,,http://ufcstats.com/fighter-details/243b07fc65ccbb16,0.79,100%,100.0,8.68,38%,0.0,0%,0.0,0%,0.0,"fighter_tott, raw_fighter_details",205 lbs.,205.0,,,,,,,,,,,Sherdog,https://www.sherdog.com/fighter/Tatsuya-Iwasaki-5218,preenchido_verificado,Data completa explicitamente publicada no perfil citado. Correspondência por nome; altura compatível; peso compatível.,Tatsuya Iwasaki,2026-10-08,https://www.sherdog.com/fighter/Tatsuya-Iwasaki-5218,
4100,TAYLOR ROBERTS,c5ec23983dc2d8f4,Taylor Roberts,,,,,"5' 11""",170 lbs.,,,,180.34,170.0,,,http://ufcstats.com/fighter-details/c5ec23983dc2d8f4,0.0,0%,0.0,0.0,0%,0.0,0%,0.0,0%,0.0,"fighter_tott, raw_fighter_details",170 lbs.,170.0,,,,,,,,,,,,,nao_preenchido_data_completa_nao_encontrada,Não foi localizada data de nascimento completa em perfil correspondente. Idade ou ano isolado não foram usados para estimar a data.,,2026-10-08,,
4118,TETSUJI KATO,542db012217ecb83,Tetsuji Kato,,,,,,155 lbs.,,Orthodox,1977-12-05,,155.0,,,http://ufcstats.com/fighter-details/542db012217ecb83,1.2,29%,29.0,2.1,70%,2.0,57%,57.0,80%,0.5,"fighter_tott, raw_fighter_details",155 lbs.,155.0,,,,,,,,,,,Sherdog,https://www.sherdog.com/fighter/Tetsuji-Kato-423,preenchido_verificado,Data completa explicitamente publicada no perfil citado. Correspondência por nome; peso compatível.,Tetsuji Kato,2026-10-08,https://www.sherdog.com/fighter/Tetsuji-Kato-423,
4120,THADDEUS LUSTER,505934897b8b4824,Thaddeus Luster,,0.0,1.0,0.0,"6' 3""",210 lbs.,,,,190.5,210.0,,,http://ufcstats.com/fighter-details/505934897b8b4824,0.0,0%,0.0,0.0,0%,0.0,0%,0.0,0%,0.0,"fighter_tott, raw_fighter_details, ufc_dataset",210 lbs.,210.0,,,,,,,,,,,,,nao_preenchido_data_completa_nao_encontrada,Não foi localizada data de nascimento completa em perfil correspondente. Idade ou ano isolado não foram usados para estimar a data.,,2026-10-08,,1994-03-11
4135,THOMAS CAMPBELL,d060014a5a039829,Thomas Campbell,,,,,,135 lbs.,,,,,135.0,,,http://ufcstats.com/fighter-details/d060014a5a039829,0.0,0%,0.0,0.0,0%,0.0,0%,0.0,0%,0.0,"fighter_tott, raw_fighter_details",,,Sherdog,https://www.sherdog.com/fighter/Thomas-Campbell-60989,perfil,,preenchido_verificado,weight;weight_lbs,Peso explicitamente informado no perfil; não representa necessariamente o peso atual nem uma pesagem de evento.,2026-10-07,https://www.sherdog.com/fighter/Thomas-Campbell-60989,,,,nao_preenchido_data_completa_nao_encontrada,Não foi localizada data de nascimento completa em perfil correspondente. Idade ou ano isolado não foram usados para estimar a data.,,2026-10-08,,
4139,THOMAS LONGACRE,989be26791d0aad4,Thomas Longacre,,,,,"5' 9""",145 lbs.,,Orthodox,,175.26,145.0,,,http://ufcstats.com/fighter-details/989be26791d0aad4,0.0,0%,0.0,0.0,0%,0.0,0%,0.0,0%,0.0,"fighter_tott, raw_fighter_details",145 lbs.,145.0,,,,,,,,,,,,,nao_preenchido_data_completa_nao_encontrada,Não foi localizada data de nascimento completa em perfil correspondente. Idade ou ano isolado não foram usados para estimar a data.,,2026-10-08,,
4142,THOMAS RAMIREZ,ea398c802d9998ee,Thomas Ramirez,,0.0,1.0,0.0,"6' 1""",410 lbs.,,Sideways,,185.42,410.0,,,http://ufcstats.com/fighter-details/ea398c802d9998ee,0.0,0%,0.0,0.0,0%,0.0,0%,0.0,0%,0.0,"fighter_tott, raw_fighter_details, ufc_dataset",410 lbs.,410.0,,,,,,,,,,,,,nao_preenchido_data_completa_nao_encontrada,Não foi localizada data de nascimento completa em perfil correspondente. Idade ou ano isolado não foram usados para estimar a data.,,2026-10-08,,1996-02-16
4143,TI HAITAO,3848cd6cac73e091,Ti Haitao,,,,,,135 lbs.,,,,,135.0,,,http://ufcstats.com/fighter-details/3848cd6cac73e091,,,,,,,,,,,fighter_tott,135 lbs.,135.0,,,,,,,,,,,,,nao_preenchido_data_completa_nao_encontrada,Não foi localizada data de nascimento completa em perfil correspondente. Idade ou ano isolado não foram usados para estimar a data.,,2026-10-08,,
4149,TIM CATALFO,6ca68b636fbc1f18,Tim Catalfo,,,,,"5' 11""",235 lbs.,,Orthodox,1958-07-16,180.34,235.0,,,http://ufcstats.com/fighter-details/6ca68b636fbc1f18,0.39,100%,100.0,0.77,33%,0.0,0%,0.0,0%,0.0,"fighter_tott, raw_fighter_details",235 lbs.,235.0,,,,,,,,,,,Sherdog,https://www.sherdog.com/fighter/Tim-Catalfo-1397,preenchido_verificado,Data completa explicitamente publicada no perfil citado. Correspondência por nome; altura compatível; peso compatível.,Tim Catalfo,2026-10-08,https://www.sherdog.com/fighter/Tim-Catalfo-1397,
4173,TJ HEPBURN,e1acbb6352ca3551,TJ Hepburn,,,,,"5' 7""",155 lbs.,,,1989-03-14,170.18,155.0,,,http://ufcstats.com/fighter-details/e1acbb6352ca3551,0.73,37%,37.0,0.13,81%,2.0,40%,40.0,60%,0.0,"fighter_tott, raw_fighter_details",155 lbs.,155.0,,,,,,,,,,,Tapology,https://www.tapology.com/fightcenter/fighters/24833-tj-hepburn,preenchido_verificado,Data completa explicitamente publicada no perfil citado. Correspondência por nome; altura compatível; peso compatível.,TJ Hepburn,2026-10-08,https://www.tapology.com/fightcenter/fighters/24833-tj-hepburn,
4180,TODD BUTLER,3fed746acfd026dd,Todd Butler,,1.0,4.0,0.0,"6' 1""",200 lbs.,,Southpaw,,185.42,200.0,,,http://ufcstats.com/fighter-details/3fed746acfd026dd,0.0,0%,0.0,0.0,0%,0.0,0%,0.0,0%,0.0,"fighter_tott, raw_fighter_details, ufc_dataset",200 lbs.,200.0,,,,,,,,,,,,,nao_preenchido_data_completa_nao_encontrada,Não foi localizada data de nascimento completa em perfil correspondente. Idade ou ano isolado não foram usados para estimar a data.,,2026-10-08,,1997-07-27
4183,TODD LALLY,7d06092326c52528,Todd Lally,,,,,"5' 7""",145 lbs.,,Orthodox,,170.18,145.0,,,http://ufcstats.com/fighter-details/7d06092326c52528,0.0,0%,0.0,0.0,0%,0.0,0%,0.0,0%,0.0,"fighter_tott, raw_fighter_details",145 lbs.,145.0,,,,,,,,,,,,,nao_preenchido_data_completa_nao_encontrada,Não foi localizada data de nascimento completa em perfil correspondente. Idade ou ano isolado não foram usados para estimar a data.,,2026-10-08,,
4184,TODD MEDINA,b60391da771deefe,Todd Medina,El Tiburon,11.0,9.0,0.0,"5' 10""",193 lbs.,,Southpaw,1970-04-30,177.8,193.0,,,http://ufcstats.com/fighter-details/b60391da771deefe,0.0,0%,0.0,0.0,0%,0.0,0%,0.0,0%,0.0,"fighter_tott, raw_fighter_details, ufc_dataset",193 lbs.,193.0,,,,,,,,,,,Sherdog,https://www.sherdog.com/fighter/Todd-Medina-61,preenchido_verificado,Data completa explicitamente publicada no perfil citado. Correspondência por nome; altura compatível; peso compatível.,Todd Medina,2026-10-08,https://www.sherdog.com/fighter/Todd-Medina-61 | https://www.tapology.com/fightcenter/fighters/todd-medina-el-tiburon,1995-04-07
4192,TOM BLACKLEDGE,2adb11835acd815b,Tom Blackledge,,10.0,7.0,0.0,,205 lbs.,,Orthodox,,,205.0,,,http://ufcstats.com/fighter-details/2adb11835acd815b,2.91,61%,61.0,2.55,46%,0.0,0%,0.0,75%,0.0,"fighter_tott, raw_fighter_details, ufc_dataset",205 lbs.,205.0,,,,,,,,,,,,,nao_preenchido_data_completa_nao_encontrada,Não foi localizada data de nascimento completa em perfil correspondente. Idade ou ano isolado não foram usados para estimar a data.,,2026-10-08,,2011-02-26
4196,TOM EGAN,eae4aec1a5a8ff01,Tom Egan,,7.0,5.0,0.0,"5' 11""",170 lbs.,,Orthodox,,180.34,170.0,,,http://ufcstats.com/fighter-details/eae4aec1a5a8ff01,0.0,0%,0.0,3.91,50%,0.0,0%,0.0,28%,0.0,"fighter_tott, raw_fighter_details, ufc_dataset",170 lbs.,170.0,,,,,,,,,,,,,nao_preenchido_data_completa_nao_encontrada,Não foi localizada data de nascimento completa em perfil correspondente. Idade ou ano isolado não foram usados para estimar a data.,,2026-10-08,,2009-01-17
4197,TOM ERIKSON,7b9a85e5ff31ef47,Tom Erikson,,,,,"6' 3""",280 lbs.,,Orthodox,1964-07-06,190.5,280.0,,,http://ufcstats.com/fighter-details/7b9a85e5ff31ef47,0.94,47%,47.0,1.87,25%,4.68,60%,60.0,100%,6.2,"fighter_tott, raw_fighter_details",280 lbs.,280.0,,,,,,,,,,,Sherdog,https://www.sherdog.com/fighter/Tom-Erikson-312,preenchido_verificado,Data completa explicitamente publicada no perfil citado. Correspondência por nome; altura compatível; peso compatível.,Tom Erikson,2026-10-08,https://www.sherdog.com/fighter/Tom-Erikson-312,
4204,TOM TUGGLE,b9aa7d230865b5fe,Tom Tuggle,,,,,"6' 2""",250 lbs.,,Orthodox,,187.96,250.0,,,http://ufcstats.com/fighter-details/b9aa7d230865b5fe,0.0,0%,0.0,2.14,0%,32.14,100%,100.0,0%,0.0,"fighter_tott, raw_fighter_details",250 lbs.,250.0,,,,,,,,,,,,,nao_preenchido_data_completa_nao_encontrada,Não foi localizada data de nascimento completa em perfil correspondente. Idade ou ano isolado não foram usados para estimar a data.,,2026-10-08,,
4212,TOMMY PETERSEN,7aabd61419f747d1,Tommy Petersen,,,,,,155 lbs.,,,,,155.0,,,http://ufcstats.com/fighter-details/7aabd61419f747d1,0.0,0%,0.0,0.0,0%,0.0,0%,0.0,0%,0.0,"fighter_tott, raw_fighter_details",155 lbs.,155.0,,,,,,,,,,,,,nao_preenchido_data_completa_nao_encontrada,Não foi localizada data de nascimento completa em perfil correspondente. Idade ou ano isolado não foram usados para estimar a data.,,2026-10-08,,
4214,TOMOHIKO HASHIMOTO,a890f9a791ed615d,Tomohiko Hashimoto,,,,,"6' 0""",250 lbs.,,Orthodox,1977-08-16,182.88,250.0,,,http://ufcstats.com/fighter-details/a890f9a791ed615d,0.0,0%,0.0,11.67,30%,0.0,0%,0.0,0%,0.0,"fighter_tott, raw_fighter_details",250 lbs.,250.0,,,,,,,,,,,Sherdog,https://www.sherdog.com/fighter/Tomohiko-Hashimoto-4503,preenchido_verificado,Data completa explicitamente publicada no perfil citado. Correspondência por nome; altura compatível; peso compatível.,Tomohiko Hashimoto,2026-10-08,https://www.sherdog.com/fighter/Tomohiko-Hashimoto-4503,
4215,TOMOMI IWAMA,ac5f67109accb482,Tomomi Iwama,,,,,"5' 3""",155 lbs.,,Orthodox,1977-02-07,160.02,155.0,,,http://ufcstats.com/fighter-details/ac5f67109accb482,1.0,20%,20.0,3.0,70%,0.0,0%,0.0,0%,0.0,"fighter_tott, raw_fighter_details",155 lbs.,155.0,,,,,,,,,,,Sherdog,https://www.sherdog.com/fighter/Tomomi-Iwama-6077,preenchido_verificado,Data completa explicitamente publicada no perfil citado. Correspondência por nome; altura compatível; peso compatível.,Tomomi Iwama,2026-10-08,https://www.sherdog.com/fighter/Tomomi-Iwama-6077,
4216,TOMOYA MIYASHITA,c9885b1b7c7055a0,Tomoya Miyashita,,,,,"5' 7""",139 lbs.,,Southpaw,1981-07-20,170.18,139.0,,,http://ufcstats.com/fighter-details/c9885b1b7c7055a0,1.67,65%,65.0,0.93,33%,4.0,80%,80.0,0%,2.0,"fighter_tott, raw_fighter_details",139 lbs.,139.0,,,,,,,,,,,Sherdog,https://www.sherdog.com/fighter/Tomoya-Miyashita-6959,preenchido_verificado,Data completa explicitamente publicada no perfil citado. Correspondência por nome; altura compatível; peso compatível.,Tomoya Miyashita,2026-10-08,https://www.sherdog.com/fighter/Tomoya-Miyashita-6959,
4217,TONY BONELLO,702a72aa7a266d86,Tony Bonello,,,,,"6' 2""",185 lbs.,,,1972-10-20,187.96,185.0,,,http://ufcstats.com/fighter-details/702a72aa7a266d86,0.62,33%,33.0,12.62,10%,0.0,0%,0.0,0%,0.0,"fighter_tott, raw_fighter_details",185 lbs.,185.0,,,,,,,,,,,Sherdog,https://www.sherdog.com/fighter/Tony-Bonello-7136,preenchido_verificado,Data completa explicitamente publicada no perfil citado. Correspondência por nome; altura compatível; peso compatível.,Tony Bonello,2026-10-08,https://www.sherdog.com/fighter/Tony-Bonello-7136 | https://www.tapology.com/fightcenter/fighters/tony-bonello-the-gun,
4224,TONY JUAREZ,97f3692d5444a80a,Tony Juarez,,,,,,155 lbs.,,,,,155.0,,,http://ufcstats.com/fighter-details/97f3692d5444a80a,0.89,25%,25.0,10.34,38%,4.43,100%,100.0,66%,0.0,"fighter_tott, raw_fighter_details",155 lbs.,155.0,,,,,,,,,,,,,nao_preenchido_data_completa_nao_encontrada,Não foi localizada data de nascimento completa em perfil correspondente. Idade ou ano isolado não foram usados para estimar a data.,,2026-10-08,,
4226,TONY PETARRA,c61f66d8c3fd5f07,Tony Petarra,,2.0,3.0,1.0,"5' 11""",196 lbs.,,Orthodox,1966-11-08,180.34,196.0,,,http://ufcstats.com/fighter-details/c61f66d8c3fd5f07,0.0,0%,0.0,0.0,0%,0.0,0%,0.0,0%,0.0,"fighter_tott, raw_fighter_details, ufc_dataset",196 lbs.,196.0,,,,,,,,,,,Sherdog,https://www.sherdog.com/fighter/Tony-Petarra-221,preenchido_verificado,Data completa explicitamente publicada no perfil citado. Correspondência por nome; altura compatível; peso compatível.,Tony Petarra,2026-10-08,https://www.sherdog.com/fighter/Tony-Petarra-221,1999-05-07
4232,TORRANCE TAYLOR,88e53ec16b801740,Torrance Taylor,,,,,"5' 7""",155 lbs.,,,1987-10-11,170.18,155.0,,,http://ufcstats.com/fighter-details/88e53ec16b801740,0.0,0%,0.0,0.0,0%,0.0,0%,0.0,0%,0.0,"fighter_tott, raw_fighter_details",155 lbs.,155.0,,,,,,,,,,,Sherdog,https://www.sherdog.com/fighter/Torrance-Taylor-14494,preenchido_verificado,Data completa explicitamente publicada no perfil citado. Correspondência por nome; altura compatível; peso compatível.,Torrance Taylor,2026-10-08,https://www.sherdog.com/fighter/Torrance-Taylor-14494,
4235,TOWNSEND SAUNDERS,20bd6c3e03c46ee6,Townsend Saunders,,0.0,2.0,0.0,"5' 5""",170 lbs.,,Orthodox,1968-07-16,165.1,170.0,,,http://ufcstats.com/fighter-details/20bd6c3e03c46ee6,0.0,0%,0.0,0.0,0%,0.0,0%,0.0,0%,0.0,"fighter_tott, raw_fighter_details, ufc_dataset",170 lbs.,170.0,,,,,,,,,,,Sherdog,https://www.sherdog.com/fighter/Townsend-Saunders-189,preenchido_verificado,Data completa explicitamente publicada no perfil citado. Correspondência por nome; altura compatível; peso compatível.,Townsend Saunders,2026-10-08,https://www.sherdog.com/fighter/Townsend-Saunders-189,1998-03-13
4239,TRAVIS CALANOC,90d28fee0af74f2d,Travis Calanoc,,,,,"5' 8""",145 lbs.,,Orthodox,,172.72,145.0,,,http://ufcstats.com/fighter-details/90d28fee0af74f2d,0.0,0%,0.0,0.0,0%,0.0,0%,0.0,0%,0.0,"fighter_tott, raw_fighter_details",145 lbs.,145.0,,,,,,,,,,,,,nao_preenchido_data_completa_nao_encontrada,Não foi localizada data de nascimento completa em perfil correspondente. Idade ou ano isolado não foram usados para estimar a data.,,2026-10-08,,
4242,TRAVIS JOHNSON,443835675e8fc6ca,Travis Johnson,,,,,,205 lbs.,,,,,205.0,,,http://ufcstats.com/fighter-details/443835675e8fc6ca,0.0,0%,0.0,0.0,0%,0.0,0%,0.0,0%,0.0,"fighter_tott, raw_fighter_details",205 lbs.,205.0,,,,,,,,,,,,,nao_preenchido_data_completa_nao_encontrada,Não foi localizada data de nascimento completa em perfil correspondente. Idade ou ano isolado não foram usados para estimar a data.,,2026-10-08,,
4247,TRENT JENKINS,02fc8f50f56eb307,Trent Jenkins,,0.0,4.0,0.0,"6' 2""",185 lbs.,,,,187.96,185.0,,,http://ufcstats.com/fighter-details/02fc8f50f56eb307,0.0,0%,0.0,0.0,0%,0.0,0%,0.0,0%,0.0,"fighter_tott, raw_fighter_details, ufc_dataset",185 lbs.,185.0,,,,,,,,,,,,,nao_preenchido_data_completa_nao_encontrada,Não foi localizada data de nascimento completa em perfil correspondente. Idade ou ano isolado não foram usados para estimar a data.,,2026-10-08,,
4250,TRESTON THOMISON,ed5f04f833459877,Treston Thomison,,,,,"5' 8""",145 lbs.,,,,172.72,145.0,,,http://ufcstats.com/fighter-details/ed5f04f833459877,0.0,0%,0.0,0.0,0%,0.0,0%,0.0,0%,0.0,"fighter_tott, raw_fighter_details",145 lbs.,145.0,,,,,,,,,,,,,nao_preenchido_data_completa_nao_encontrada,Não foi localizada data de nascimento completa em perfil correspondente. Idade ou ano isolado não foram usados para estimar a data.,,2026-10-08,,
4253,TREVOR HARRIS,0e98b05d3cf6d271,Trevor Harris,,,,,"5' 6""",145 lbs.,,,,167.64,145.0,,,http://ufcstats.com/fighter-details/0e98b05d3cf6d271,1.73,50%,50.0,0.43,75%,0.0,0%,0.0,50%,6.5,"fighter_tott, raw_fighter_details",145 lbs.,145.0,,,,,,,,,,,,,nao_preenchido_identidade_nao_confirmada,"Perfil com data encontrado, mas altura/peso divergem do registro original; correspondência não confirmada.",,2026-10-08,https://www.sherdog.com/fighter/Trevor-Harris-370721,
4257,TREY HOUSTON,c6668eeb261588d3,Trey Houston,,,,,"5' 11""",185 lbs.,,,1988-06-08,180.34,185.0,,,http://ufcstats.com/fighter-details/c6668eeb261588d3,0.0,0%,0.0,0.0,0%,0.0,0%,0.0,0%,0.0,"fighter_tott, raw_fighter_details",185 lbs.,185.0,,,,,,,,,,,Sherdog,https://www.sherdog.com/fighter/Trey-Houston-52314,preenchido_verificado,Data completa explicitamente publicada no perfil citado. Correspondência por nome; altura compatível; peso compatível.,Trey Houston,2026-10-08,https://www.sherdog.com/fighter/Trey-Houston-52314,
4260,TRISTAN ARENAL,9c9455912d917e4e,Tristan Arenal,,,,,,155 lbs.,,,1985-03-06,,155.0,,,http://ufcstats.com/fighter-details/9c9455912d917e4e,0.0,0%,0.0,0.0,0%,0.0,0%,0.0,0%,0.0,"fighter_tott, raw_fighter_details",155 lbs.,155.0,,,,,,,,,,,Tapology,https://www.tapology.com/fightcenter/fighters/tristan-arenal,preenchido_verificado,Data completa explicitamente publicada no perfil citado. Correspondência por nome; peso compatível.,Tristan Arenal,2026-10-08,https://www.tapology.com/fightcenter/fighters/tristan-arenal,
4265,TSUYOSHI TAMAKAIRIKI,eaa0a728cc91ef60,Tsuyoshi Tamakairiki,,,,,"6' 0""",220 lbs.,,Orthodox,,182.88,220.0,,,http://ufcstats.com/fighter-details/eaa0a728cc91ef60,0.0,0%,0.0,26.67,50%,0.0,0%,0.0,0%,0.0,"fighter_tott, raw_fighter_details",220 lbs.,220.0,,,,,,,,,,,,,nao_preenchido_data_completa_nao_encontrada,Não foi localizada data de nascimento completa em perfil correspondente. Idade ou ano isolado não foram usados para estimar a data.,,2026-10-08,,
4268,TULIO PALHARES,e8c170a64dc920ac,Tulio Palhares,,2.0,16.0,0.0,,180 lbs.,,,,,180.0,,,http://ufcstats.com/fighter-details/e8c170a64dc920ac,0.0,0%,0.0,0.0,0%,0.0,0%,0.0,0%,0.0,"fighter_tott, raw_fighter_details, ufc_dataset",180 lbs.,180.0,,,,,,,,,,,,,nao_preenchido_data_completa_nao_encontrada,Não foi localizada data de nascimento completa em perfil correspondente. Idade ou ano isolado não foram usados para estimar a data.,,2026-10-08,,1998-10-16
4269,TURRELL GALLOWAY,7e654edcddd71550,Turrell Galloway,,,,,"5' 3""",145 lbs.,,,1976-08-11,160.02,145.0,,,http://ufcstats.com/fighter-details/7e654edcddd71550,0.0,0%,0.0,0.0,0%,0.0,0%,0.0,0%,0.0,"fighter_tott, raw_fighter_details",145 lbs.,145.0,,,,,,,,,,,Sherdog,https://www.sherdog.com/fighter/Turrell-Galloway-38969,preenchido_verificado,Data completa explicitamente publicada no perfil citado. Correspondência por nome; altura compatível; peso compatível.,Turrell Galloway,2026-10-08,https://www.sherdog.com/fighter/Turrell-Galloway-38969 | https://www.tapology.com/fightcenter/fighters/turrell-galloway,
4276,TYRA PARKER,64be3dc99eaa42b6,Tyra Parker,,,,,"5' 5""",115 lbs.,,Orthodox,1989-09-18,165.1,115.0,,,http://ufcstats.com/fighter-details/64be3dc99eaa42b6,1.5,22%,22.0,9.0,14%,0.0,0%,0.0,0%,0.0,"fighter_tott, raw_fighter_details",115 lbs.,115.0,,,,,,,,,,,Sherdog,https://www.sherdog.com/fighter/Tyra-Parker-36284,preenchido_verificado,Data completa explicitamente publicada no perfil citado. Correspondência por nome; altura compatível; peso compatível.,Tyra Parker,2026-10-08,https://www.sherdog.com/fighter/Tyra-Parker-36284,
4278,TYRONE ROBERTS,d1e6a6536ee62517,Tyrone Roberts,Native Warrior,43.0,12.0,1.0,"5' 9""",185 lbs.,,Orthodox,1972-07-14,175.26,185.0,,,http://ufcstats.com/fighter-details/d1e6a6536ee62517,0.0,0%,0.0,0.0,0%,0.0,0%,0.0,0%,0.0,"fighter_tott, raw_fighter_details, ufc_dataset",185 lbs.,185.0,,,,,,,,,,,Sherdog,https://www.sherdog.com/fighter/Tyrone-Roberts-260,preenchido_verificado,Data completa explicitamente publicada no perfil citado. Correspondência por nome; altura compatível; peso compatível.,Tyrone Roberts,2026-10-08,https://www.sherdog.com/fighter/Tyrone-Roberts-260,2000-06-09
4293,VALERI IGNATOV,7b6ce3a9460565b5,Valeri Ignatov,,1.0,2.0,0.0,"5' 9""",170 lbs.,,Orthodox,,175.26,170.0,,,http://ufcstats.com/fighter-details/7b6ce3a9460565b5,0.0,0%,0.0,0.0,0%,0.0,0%,0.0,0%,0.0,"fighter_tott, raw_fighter_details, ufc_dataset",170 lbs.,170.0,,,,,,,,,,,,,nao_preenchido_data_completa_nao_encontrada,Não foi localizada data de nascimento completa em perfil correspondente. Idade ou ano isolado não foram usados para estimar a data.,,2026-10-08,,1999-03-05
4306,VETA ARTEAGA,91e3388e69060e69,Veta Arteaga,,,,,"5' 7""",125 lbs.,,,1987-11-07,170.18,125.0,,,http://ufcstats.com/fighter-details/91e3388e69060e69,3.2,36%,36.0,1.92,65%,0.0,0%,0.0,40%,0.0,"fighter_tott, raw_fighter_details",125 lbs.,125.0,,,,,,,,,,,Sherdog; Tapology,https://www.sherdog.com/fighter/Veta-Arteaga-171215,preenchido_verificado,"Data completa concordante em Sherdog e Tapology; perfil identificado pelo nome, peso e histórico. Altura diverge do CSV e foi preservada sem correção.",Veta Arteaga,2026-10-08,https://www.sherdog.com/fighter/Veta-Arteaga-171215 | https://www.tapology.com/fightcenter/fighters/73108-veta-arteaga,
4313,VICTOR JONES,04f0471f221db717,Victor Jones,,,,,,145 lbs.,,,1982-08-31,,145.0,,,http://ufcstats.com/fighter-details/04f0471f221db717,0.0,0%,0.0,0.0,0%,0.0,0%,0.0,0%,0.0,"fighter_tott, raw_fighter_details",145 lbs.,145.0,,,,,,,,,,,Sherdog,https://www.sherdog.com/fighter/Victor-Jones-73267,preenchido_verificado,Data completa explicitamente publicada no perfil citado. Correspondência por nome; peso compatível.,Victor Jones,2026-10-08,https://www.sherdog.com/fighter/Victor-Jones-73267 | https://www.sherdog.com/fighter/Victor-Jones-175367,
4319,VICTOR VALIMAKI,663b76da637402c3,Victor Valimaki,The Matrix,18.0,10.0,0.0,"6' 0""",205 lbs.,,Orthodox,1981-12-17,182.88,205.0,,,http://ufcstats.com/fighter-details/663b76da637402c3,3.94,30%,30.0,2.99,67%,0.9,14%,14.0,0%,0.0,"fighter_tott, raw_fighter_details, ufc_dataset",205 lbs.,205.0,,,,,,,,,,,Sherdog,https://www.sherdog.com/fighter/Victor-Valimaki-4391,preenchido_verificado,Data completa explicitamente publicada no perfil citado. Correspondência por nome; altura compatível; peso compatível.,Victor Valimaki,2026-10-08,https://www.sherdog.com/fighter/Victor-Valimaki-4391,2006-12-13
4345,VITOR VIANNA,744f50016c39c26c,Vitor Vianna,,,,,,205 lbs.,,Orthodox,1979-11-02,,205.0,,,http://ufcstats.com/fighter-details/744f50016c39c26c,3.1,30%,30.0,8.28,52%,0.0,0%,0.0,0%,0.0,"fighter_tott, raw_fighter_details",205 lbs.,205.0,,,,,,,,,,,Sherdog,https://www.sherdog.com/fighter/Vitor-Vianna-11505,preenchido_verificado,Data completa explicitamente publicada no perfil citado. Correspondência por nome; peso compatível.,Vitor Vianna,2026-10-08,https://www.sherdog.com/fighter/Vitor-Vianna-11505,
4351,WAACHIIM SPIRITWOLF,71caa995674203aa,Waachiim Spiritwolf,,,,,"5' 8""",170 lbs.,,,1976-02-06,172.72,170.0,,,http://ufcstats.com/fighter-details/71caa995674203aa,10.0,100%,100.0,10.0,0%,0.0,0%,0.0,0%,0.0,"fighter_tott, raw_fighter_details",170 lbs.,170.0,,,,,,,,,,,Sherdog,https://www.sherdog.com/fighter/Waachiim-Spiritwolf-16561,preenchido_verificado,Data completa explicitamente publicada no perfil citado. Correspondência por nome; altura compatível; peso compatível.,Waachiim Spiritwolf,2026-10-08,https://www.sherdog.com/fighter/Waachiim-Spiritwolf-16561,
4364,WALTER SMITH-COTITO,625b65b45c1c6888,Walter Smith-Cotito,,,,,"5' 8""",135 lbs.,,,,172.72,135.0,,,http://ufcstats.com/fighter-details/625b65b45c1c6888,2.95,36%,36.0,3.53,68%,2.16,33%,33.0,57%,0.0,"fighter_tott, raw_fighter_details",135 lbs.,135.0,,,,,,,,,,,,,nao_preenchido_data_completa_nao_encontrada,Não foi localizada data de nascimento completa em perfil correspondente. Idade ou ano isolado não foram usados para estimar a data.,,2026-10-08,,
4372,WAYLON KENNELL,9b8a73b59be8d786,Waylon Kennell,,,,,"6' 0""",185 lbs.,,,,182.88,185.0,,,http://ufcstats.com/fighter-details/9b8a73b59be8d786,0.0,0%,0.0,0.0,0%,0.0,0%,0.0,0%,0.0,"fighter_tott, raw_fighter_details",185 lbs.,185.0,,,,,,,,,,,,,nao_preenchido_data_completa_nao_encontrada,Não foi localizada data de nascimento completa em perfil correspondente. Idade ou ano isolado não foram usados para estimar a data.,,2026-10-08,,
4374,WAYNE COLE,2eab7a6c8b0ed8cc,Wayne Cole,,,,,"6' 1""",205 lbs.,,Orthodox,1971-01-06,185.42,205.0,,,http://ufcstats.com/fighter-details/2eab7a6c8b0ed8cc,0.57,20%,20.0,8.33,27%,4.31,25%,25.0,0%,4.3,"fighter_tott, raw_fighter_details",205 lbs.,205.0,,,,,,,,,,,Sherdog,https://www.sherdog.com/fighter/Wayne-Cole-14408,preenchido_verificado,Data completa explicitamente publicada no perfil citado. Correspondência por nome; altura compatível; peso compatível.,Wayne Cole,2026-10-08,https://www.sherdog.com/fighter/Wayne-Cole-14408,
4378,WES ALBRITTON,184b955181bdef52,Wes Albritton,,0.0,1.0,0.0,"5' 10""",188 lbs.,,Orthodox,,177.8,188.0,,,http://ufcstats.com/fighter-details/184b955181bdef52,0.0,0%,0.0,0.0,0%,0.0,0%,0.0,0%,0.0,"fighter_tott, raw_fighter_details, ufc_dataset",188 lbs.,188.0,,,,,,,,,,,,,nao_preenchido_data_completa_nao_encontrada,Não foi localizada data de nascimento completa em perfil correspondente. Idade ou ano isolado não foram usados para estimar a data.,,2026-10-08,,1997-05-30
4381,WES SHIVERS,ad863b0d57952c57,Wes Shivers,,,,,"6' 8""",265 lbs.,,,1977-03-08,203.2,265.0,,,http://ufcstats.com/fighter-details/ad863b0d57952c57,0.0,0%,0.0,0.0,0%,0.0,0%,0.0,0%,0.0,"fighter_tott, raw_fighter_details",,,Sherdog,https://www.sherdog.com/fighter/Wes-Shivers-49521,perfil,,preenchido_verificado,weight;weight_lbs,"Peso explicitamente informado no perfil; não representa necessariamente o peso atual nem uma pesagem de evento. Outras fontes/eventos apresentam pesos diferentes; foi mantido o valor do perfil citado, sem média ou inferência por categoria.",2026-10-07,https://www.sherdog.com/fighter/Wes-Shivers-49521,,Sherdog,https://www.sherdog.com/fighter/Wes-Shivers-49521,preenchido_verificado,Data completa explicitamente publicada no perfil citado. Correspondência por nome; altura compatível; peso compatível.,Wes Shivers,2026-10-08,https://www.sherdog.com/fighter/Wes-Shivers-49521,
4384,WESLEY LITTLE,008c6e1a25751575,Wesley Little,,,,,"6' 4""",205 lbs.,,,,193.04,205.0,,,http://ufcstats.com/fighter-details/008c6e1a25751575,0.0,0%,0.0,0.0,0%,0.0,0%,0.0,0%,0.0,"fighter_tott, raw_fighter_details",205 lbs.,205.0,,,,,,,,,,,,,nao_preenchido_data_completa_nao_encontrada,Não foi localizada data de nascimento completa em perfil correspondente. Idade ou ano isolado não foram usados para estimar a data.,,2026-10-08,,
4404,WON JIN EOH,bc7cf284c1c2f16e,Won Jin Eoh,,,,,"5' 7""",160 lbs.,,Orthodox,1978-06-15,170.18,160.0,,,http://ufcstats.com/fighter-details/bc7cf284c1c2f16e,3.74,44%,44.0,3.58,46%,0.0,0%,0.0,50%,0.0,"fighter_tott, raw_fighter_details",160 lbs.,160.0,,,,,,,,,,,Sherdog,https://www.sherdog.com/fighter/Won-Jin-Eoh-13364,preenchido_verificado,Data completa explicitamente publicada no perfil citado. Correspondência por nome; altura compatível; peso compatível.,Won Jin Eoh,2026-10-08,https://www.sherdog.com/fighter/Won-Jin-Eoh-13364,
4405,WON SIK PARK,9df394db5ca103eb,Won Sik Park,,,,,"5' 11""",154 lbs.,,Orthodox,1986-12-16,180.34,154.0,,,http://ufcstats.com/fighter-details/9df394db5ca103eb,2.6,43%,43.0,2.2,47%,0.0,0%,0.0,0%,0.0,"fighter_tott, raw_fighter_details",154 lbs.,154.0,,,,,,,,,,,Sherdog,https://www.sherdog.com/fighter/Won-Sik-Park-24865,preenchido_verificado,Data completa explicitamente publicada no perfil citado. Correspondência por nome; altura compatível; peso compatível.,Won Sik Park,2026-10-08,https://www.sherdog.com/fighter/Won-Sik-Park-24865,
4417,XUE DO WON,daa89f01e1c0f42a,Xue Do Won,,,,,"5' 7""",165 lbs.,,,,170.18,165.0,,,http://ufcstats.com/fighter-details/daa89f01e1c0f42a,0.0,0%,0.0,0.0,0%,0.0,0%,0.0,0%,0.0,"fighter_tott, raw_fighter_details",165 lbs.,165.0,,,,,,,,,,,,,nao_preenchido_data_completa_nao_encontrada,Não foi localizada data de nascimento completa em perfil correspondente. Idade ou ano isolado não foram usados para estimar a data.,,2026-10-08,,
4422,YAN PELLERIN,bfe95ec546692b13,Yan Pellerin,,,,,"5' 11""",205 lbs.,,Orthodox,1980-03-20,180.34,205.0,,,http://ufcstats.com/fighter-details/bfe95ec546692b13,0.59,25%,25.0,0.89,66%,4.43,100%,100.0,0%,0.0,"fighter_tott, raw_fighter_details",205 lbs.,205.0,,,,,,,,,,,Sherdog,https://www.sherdog.com/fighter/Yan-Pellerin-1695,preenchido_verificado,Data completa explicitamente publicada no perfil citado. Correspondência por nome; altura compatível; peso compatível.,Yan Pellerin,2026-10-08,https://www.sherdog.com/fighter/Yan-Pellerin-1695,
4444,YOHAN BANKS,c50ea21fe9ef478d,Yohan Banks,,,,,,,,,,,,,,http://ufcstats.com/fighter-details/c50ea21fe9ef478d,0.0,0%,0.0,0.0,0%,0.0,0%,0.0,0%,0.0,"fighter_tott, raw_fighter_details",,,,,,,nao_preenchido_sem_peso_verificavel,,Perfil encontrado sem peso válido (0).,2026-10-07,https://www.sherdog.com/fighter/Yohan-Banks-21217,,,,nao_preenchido_data_completa_nao_encontrada,Não foi localizada data de nascimento completa em perfil correspondente. Idade ou ano isolado não foram usados para estimar a data.,,2026-10-08,,
4462,YOUMIN SHIN,b94ac19bad67a389,Youmin Shin,,,,,,135 lbs.,,,,,135.0,,,http://ufcstats.com/fighter-details/b94ac19bad67a389,,,,,,,,,,,fighter_tott,135 lbs.,135.0,,,,,,,,,,,,,nao_preenchido_data_completa_nao_encontrada,Não foi localizada data de nascimento completa em perfil correspondente. Idade ou ano isolado não foram usados para estimar a data.,,2026-10-08,,
4468,YUDI CAHYADI,8c457cf7da551d4b,Yudi Cahyadi,,,,,,145 lbs.,,,1992-04-01,,145.0,,,http://ufcstats.com/fighter-details/8c457cf7da551d4b,,,,,,,,,,,fighter_tott,145 lbs.,145.0,,,,,,,,,,,Sherdog,https://www.sherdog.com/fighter/Yudi-Cahyadi-152205,preenchido_verificado,Data completa explicitamente publicada no perfil citado. Correspondência por nome; peso compatível.,Yudi Cahyadi,2026-10-08,https://www.sherdog.com/fighter/Yudi-Cahyadi-152205,
4476,YUKI ISHIKAWA,119ebea97e914dcf,Yuki Ishikawa,,,,,"5' 11""",205 lbs.,,Orthodox,1967-02-08,180.34,205.0,,,http://ufcstats.com/fighter-details/119ebea97e914dcf,1.07,28%,28.0,8.57,11%,0.0,0%,0.0,50%,0.0,"fighter_tott, raw_fighter_details",205 lbs.,205.0,,,,,,,,,,,Sherdog,https://www.sherdog.com/fighter/Yuki-Ishikawa-3157,preenchido_verificado,Data completa explicitamente publicada no perfil citado. Correspondência por nome; altura compatível; peso compatível.,Yuki Ishikawa,2026-10-08,https://www.sherdog.com/fighter/Yuki-Ishikawa-3157,
4480,YUKIYA NAITO,7be328bb3c2ea22e,Yukiya Naito,,,,,"6' 1""",205 lbs.,,Orthodox,1977-02-28,185.42,205.0,,,http://ufcstats.com/fighter-details/7be328bb3c2ea22e,1.54,33%,33.0,5.13,60%,0.0,0%,0.0,0%,0.0,"fighter_tott, raw_fighter_details",205 lbs.,205.0,,,,,,,,,,,Sherdog,https://www.sherdog.com/fighter/Yukiya-Naito-4737,preenchido_verificado,Data completa explicitamente publicada no perfil citado. Correspondência por nome; altura compatível; peso compatível.,Yukiya Naito,2026-10-08,https://www.sherdog.com/fighter/Yukiya-Naito-4737,
4487,YURI VAULIN,4679a38cced7c64a,Yuri Vaulin,,0.0,1.0,0.0,"6' 4""",197 lbs.,,Southpaw,1963-09-13,193.04,197.0,,,http://ufcstats.com/fighter-details/4679a38cced7c64a,0.0,0%,0.0,0.0,0%,0.0,0%,0.0,0%,0.0,"fighter_tott, raw_fighter_details, ufc_dataset",197 lbs.,197.0,,,,,,,,,,,Sherdog,https://www.sherdog.com/fighter/Yuri-Vaulin-171,preenchido_verificado,Data completa explicitamente publicada no perfil citado. Correspondência por nome; altura compatível; peso compatível.,Yuri Vaulin,2026-10-08,https://www.sherdog.com/fighter/Yuri-Vaulin-171,1997-07-27
4489,YURIJ KISELIOV,51d2aaaca56e5b40,Yurij Kiseliov,,,,,"5' 8""",185 lbs.,,Orthodox,,172.72,185.0,,,http://ufcstats.com/fighter-details/51d2aaaca56e5b40,4.88,87%,87.0,0.0,0%,0.0,0%,0.0,50%,0.0,"fighter_tott, raw_fighter_details",185 lbs.,185.0,,,,,,,,,,,,,nao_preenchido_data_completa_nao_encontrada,Não foi localizada data de nascimento completa em perfil correspondente. Idade ou ano isolado não foram usados para estimar a data.,,2026-10-08,,
4493,YUSUKE IMAMURA,2ce6541127b0e232,Yusuke Imamura,,,,,"5' 8""",220 lbs.,,Orthodox,1976-08-08,172.72,220.0,,,http://ufcstats.com/fighter-details/2ce6541127b0e232,0.18,50%,50.0,1.83,52%,2.75,50%,50.0,0%,0.0,"fighter_tott, raw_fighter_details",220 lbs.,220.0,,,,,,,,,,,Sherdog,https://www.sherdog.com/fighter/Yusuke-Imamura-341,preenchido_verificado,Data completa explicitamente publicada no perfil citado. Correspondência por nome; altura compatível; peso compatível.,Yusuke Imamura,2026-10-08,https://www.sherdog.com/fighter/Yusuke-Imamura-341,
4505,ZACH ROSOL,208b6926916867c7,Zach Rosol,,,,,,243 lbs.,,,1989-10-17,,243.0,,,http://ufcstats.com/fighter-details/208b6926916867c7,0.0,0%,0.0,14.21,25%,0.0,0%,0.0,0%,0.0,"fighter_tott, raw_fighter_details",243 lbs.,243.0,,,,,,,,,,,Sherdog,https://www.sherdog.com/fighter/Zach-Rosol-130933,preenchido_verificado,Data completa explicitamente publicada no perfil citado. Correspondência por nome; peso compatível.,Zach Rosol,2026-10-08,https://www.sherdog.com/fighter/Zach-Rosol-130933,
4506,ZACH SKINNER,c337c3c85b1871e0,Zach Skinner,,,,,"5' 6""",145 lbs.,,Orthodox,,167.64,145.0,,,http://ufcstats.com/fighter-details/c337c3c85b1871e0,0.53,50%,50.0,2.4,32%,5.0,27%,27.0,100%,1.0,"fighter_tott, raw_fighter_details",145 lbs.,145.0,,,,,,,,,,,,,nao_preenchido_data_completa_nao_encontrada,Não foi localizada data de nascimento completa em perfil correspondente. Idade ou ano isolado não foram usados para estimar a data.,,2026-10-08,,
4507,ZACH UNDERWOOD,1e310618d02ff93b,Zach Underwood,,,,,"6' 2""",185 lbs.,,,,187.96,185.0,,,http://ufcstats.com/fighter-details/1e310618d02ff93b,0.0,0%,0.0,0.0,0%,0.0,0%,0.0,0%,0.0,"fighter_tott, raw_fighter_details",185 lbs.,185.0,,,,,,,,,,,,,nao_preenchido_data_completa_nao_encontrada,Não foi localizada data de nascimento completa em perfil correspondente. Idade ou ano isolado não foram usados para estimar a data.,,2026-10-08,,
4513,ZAK BUCIA,6bbb8dc6e128779e,Zak Bucia,,,,,"5' 10""",170 lbs.,,,1984-09-27,177.8,170.0,,,http://ufcstats.com/fighter-details/6bbb8dc6e128779e,0.0,0%,0.0,0.0,0%,0.0,0%,0.0,0%,0.0,"fighter_tott, raw_fighter_details",170 lbs.,170.0,,,,,,,,,,,Sherdog,https://www.sherdog.com/fighter/Zak-Bucia-23430,preenchido_verificado,Data completa explicitamente publicada no perfil citado. Correspondência por nome; altura compatível; peso compatível.,Zak Bucia,2026-10-08,https://www.sherdog.com/fighter/Zak-Bucia-23430 | https://www.tapology.com/fightcenter/fighters/zak-bucia,
4516,ZANE FRAZIER,d3711d3784b76255,Zane Frazier,Nasty,4.0,11.0,0.0,"6' 5""",250 lbs.,,Orthodox,1966-07-16,195.58,250.0,,,http://ufcstats.com/fighter-details/d3711d3784b76255,0.0,0%,0.0,0.0,0%,0.0,0%,0.0,0%,0.0,"fighter_tott, raw_fighter_details, ufc_dataset",250 lbs.,250.0,,,,,,,,,,,Sherdog,https://www.sherdog.com/fighter/Zane-Frazier-18,preenchido_verificado,Data completa explicitamente publicada no perfil citado. Correspondência por nome; altura compatível; peso compatível.,Zane Frazier,2026-10-08,https://www.sherdog.com/fighter/Zane-Frazier-18,1996-05-17
4527,ZHANG ZHENYANG,286e1d61fb315355,Zhang Zhenyang,,,,,,155 lbs.,,,,,155.0,,,http://ufcstats.com/fighter-details/286e1d61fb315355,,,,,,,,,,,fighter_tott,155 lbs.,155.0,,,,,,,,,,,,,nao_preenchido_data_completa_nao_encontrada,Não foi localizada data de nascimento completa em perfil correspondente. Idade ou ano isolado não foram usados para estimar a data.,,2026-10-08,,
4528,ZHOU KUN,d027fff39a34a9df,Zhou Kun,,,,,,125 lbs.,,,,,125.0,,,http://ufcstats.com/fighter-details/d027fff39a34a9df,,,,,,,,,,,fighter_tott,125 lbs.,125.0,,,,,,,,,,,,,nao_preenchido_data_completa_nao_encontrada,Não foi localizada data de nascimento completa em perfil correspondente. Idade ou ano isolado não foram usados para estimar a data.,,2026-10-08,,
4530,ZOILA FRAUSTO,040d3b4c735541aa,Zoila Frausto,,,,,"5' 4""",135 lbs.,,Orthodox,1983-12-10,162.56,135.0,,,http://ufcstats.com/fighter-details/040d3b4c735541aa,0.77,31%,31.0,1.64,53%,0.0,0%,0.0,57%,0.0,"fighter_tott, raw_fighter_details",135 lbs.,135.0,,,,,,,,,,,Sherdog,https://www.sherdog.com/fighter/Zoila-Frausto-42572,preenchido_verificado,Data completa explicitamente publicada no perfil citado. Correspondência por nome; altura compatível; peso compatível.,Zoila Frausto,2026-10-08,https://www.sherdog.com/fighter/Zoila-Frausto-42572,
